latitude,longitude,historical_landslide,state
27.032817,94.935577,0,Assam
25.743297,90.067652,0,Meghalaya
26.041219,94.121612,0,Nagaland
26.374799,90.084598,0,Assam
27.194172,95.587488,0,Arunachal Pradesh
27.431934,95.599793,0,Assam
26.094646,91.570769,0,Assam
24.685733,93.988125,0,Manipur
23.51677,91.492242,0,Tripura
26.524303,94.10423,0,Assam
27.092383,93.247974,0,Arunachal Pradesh
27.780143,95.935616,0,Arunachal Pradesh
24.917529,94.173825,0,Manipur
23.917409,93.289509,0,Mizoram
23.590627,91.766922,0,Tripura
27.364125,88.12026,0,Sikkim
25.981229,94.420794,0,Nagaland
26.763859,90.520639,0,Assam
23.284557,92.718124,0,Mizoram
26.748714,90.817881,0,Assam
28.199078,96.272814,0,Arunachal Pradesh
27.664261,88.662968,0,Sikkim
26.077811,92.480254,0,Assam
27.433433,93.08202,0,Arunachal Pradesh
25.835268,92.13072,0,Meghalaya
26.367597,91.190527,0,Assam
25.454824,91.99421,0,Meghalaya
27.007719,94.866056,0,Assam
24.036345,91.978257,0,Tripura
22.320763,93.1857,0,Mizoram
23.548682,92.577633,0,Mizoram
25.123555,92.289667,0,Meghalaya
27.346714,93.236868,0,Arunachal Pradesh
27.569235,93.109273,0,Arunachal Pradesh
27.021627,93.605998,0,Arunachal Pradesh
26.601448,93.601148,0,Assam
26.332703,91.953283,0,Assam
28.557346,96.292952,0,Arunachal Pradesh
27.234816,95.850005,0,Arunachal Pradesh
29.00634,94.24856,0,Arunachal Pradesh
26.491933,90.572559,0,Assam
23.926758,93.974527,0,Manipur
24.022309,91.994183,0,Tripura
26.091935,94.980321,0,Nagaland
28.417608,95.496331,0,Arunachal Pradesh
28.593956,95.345865,0,Arunachal Pradesh
26.611081,91.832509,0,Assam
29.286876,96.140114,0,Arunachal Pradesh
28.573497,95.634044,0,Arunachal Pradesh
27.483356,88.245337,0,Sikkim
28.442906,95.553795,0,Arunachal Pradesh
28.401733,96.211192,0,Arunachal Pradesh
24.236878,92.339442,0,Mizoram
24.947982,94.042622,0,Manipur
25.788962,93.711037,0,Nagaland
26.279388,91.633386,0,Assam
27.354403,93.074085,0,Arunachal Pradesh
26.987128,94.987081,0,Assam
24.425095,94.256541,0,Manipur
24.165113,91.795123,0,Tripura
26.063764,90.84143,0,Assam
26.304951,92.053523,0,Assam
25.439498,94.166934,0,Manipur
24.462635,93.962333,0,Manipur
27.593036,95.705975,0,Assam
25.515872,90.31399,0,Meghalaya
26.679596,91.908311,0,Assam
23.776244,92.659756,0,Mizoram
27.735336,95.071822,0,Assam
22.317978,92.881427,0,Mizoram
25.738953,94.773913,0,Nagaland
27.536722,96.446595,0,Arunachal Pradesh
23.890691,92.474539,0,Mizoram
26.739021,90.336525,0,Assam
24.006635,93.904121,0,Manipur
22.98143,93.090068,0,Mizoram
26.023681,91.843996,0,Meghalaya
23.496656,91.920844,0,Tripura
27.174481,93.503008,0,Arunachal Pradesh
27.701834,96.066097,0,Arunachal Pradesh
29.115468,96.035224,0,Arunachal Pradesh
27.565774,91.951368,0,Arunachal Pradesh
26.480063,93.146284,0,Assam
26.187602,91.716345,0,Assam
28.201025,95.081649,0,Arunachal Pradesh
27.819527,94.124053,0,Arunachal Pradesh
27.616329,94.139194,0,Arunachal Pradesh
23.580421,93.313964,0,Mizoram
27.711644,94.587697,0,Arunachal Pradesh
29.200439,95.714225,0,Arunachal Pradesh
26.660608,94.504497,0,Nagaland
24.508114,92.768649,0,Assam
28.128826,95.998822,0,Arunachal Pradesh
28.176814,93.987191,0,Arunachal Pradesh
25.578797,93.071461,0,Assam
27.441675,92.106978,0,Arunachal Pradesh
26.53334,92.380854,0,Assam
27.359255,88.817142,0,Sikkim
27.645917,92.605239,0,Arunachal Pradesh
26.801045,94.50445,0,Assam
25.501754,93.479283,0,Nagaland
25.142342,93.003298,0,Assam
27.676208,93.049756,0,Arunachal Pradesh
27.393199,92.564072,0,Arunachal Pradesh
24.004481,93.033503,0,Mizoram
25.254967,92.424928,0,Meghalaya
24.226678,93.303342,0,Manipur
25.33057,92.924809,0,Assam
26.528066,93.850339,0,Assam
29.071516,94.969589,0,Arunachal Pradesh
24.13203,93.594492,0,Manipur
25.357037,94.620812,0,Manipur
28.893309,94.474138,0,Arunachal Pradesh
28.966742,94.227826,0,Arunachal Pradesh
26.038366,92.008878,0,Assam
28.77666,94.100464,0,Arunachal Pradesh
26.223839,95.052957,0,Nagaland
27.206171,94.486294,0,Assam
22.545437,92.654286,0,Mizoram
27.631649,88.390532,0,Sikkim
26.84324,92.435305,0,Assam
26.717371,93.514761,0,Assam
22.626721,92.634832,0,Mizoram
28.39526,94.311965,0,Arunachal Pradesh
24.307067,92.287952,0,Assam
25.812843,91.811806,0,Meghalaya
25.050103,93.113018,0,Assam
26.646808,95.123325,0,Nagaland
27.195005,92.13087,0,Arunachal Pradesh
25.769763,94.748808,0,Nagaland
24.826872,93.194535,0,Manipur
28.442627,96.278495,0,Arunachal Pradesh
28.115419,92.785353,0,Arunachal Pradesh
23.058355,92.615228,0,Mizoram
24.53741,93.075293,0,Manipur
26.029844,93.200667,0,Assam
24.361706,92.292828,0,Assam
23.697809,93.387552,0,Mizoram
27.24752,95.012981,0,Assam
28.11691,94.251382,0,Arunachal Pradesh
28.485324,93.560361,0,Arunachal Pradesh
25.378838,92.956569,0,Assam
28.350347,94.121163,0,Arunachal Pradesh
28.40737,96.024822,0,Arunachal Pradesh
27.655228,94.768681,0,Assam
28.739126,94.536335,0,Arunachal Pradesh
27.931742,88.444673,0,Sikkim
27.904468,93.332375,0,Arunachal Pradesh
26.36205,91.260844,0,Assam
25.133349,94.018716,0,Manipur
23.725228,92.55476,0,Mizoram
26.266021,93.388728,0,Assam
26.199169,90.592602,0,Assam
27.544349,94.459234,0,Assam
24.591575,93.719086,0,Manipur
26.612809,93.996899,0,Assam
27.36568,94.3837,0,Assam
28.249287,94.20901,0,Arunachal Pradesh
24.26504,94.088298,0,Manipur
26.301859,92.156319,0,Assam
27.558576,95.593779,0,Assam
27.995292,97.105214,0,Arunachal Pradesh
27.003684,92.287577,0,Arunachal Pradesh
26.339385,94.332715,0,Nagaland
29.01659,95.743519,0,Arunachal Pradesh
28.784007,95.757037,0,Arunachal Pradesh
25.647487,90.873531,0,Meghalaya
27.532844,94.315281,0,Assam
25.011482,92.61247,0,Assam
25.2769,91.495523,0,Meghalaya
26.769448,94.242732,0,Assam
27.698543,88.657306,0,Sikkim
27.885391,88.152027,0,Sikkim
25.899311,94.9849,0,Nagaland
28.464858,95.375108,0,Arunachal Pradesh
25.387225,92.914268,0,Assam
24.962574,92.515032,0,Assam
25.629758,94.462036,0,Nagaland
26.066919,93.96361,0,Assam
25.35466,92.999866,0,Assam
28.358079,94.609455,0,Arunachal Pradesh
27.727182,94.131316,0,Arunachal Pradesh
25.35303,91.19848,0,Meghalaya
23.088786,91.530973,0,Tripura
26.166487,93.525435,0,Assam
28.473221,95.065427,0,Arunachal Pradesh
24.586496,93.656526,0,Manipur
28.015113,93.409196,0,Arunachal Pradesh
29.274387,95.957268,0,Arunachal Pradesh
28.182485,96.746249,0,Arunachal Pradesh
25.595085,94.234929,0,Nagaland
23.995868,92.167797,0,Tripura
24.071726,92.053763,0,Tripura
25.602393,94.390486,0,Nagaland
26.450504,91.728031,0,Assam
27.561999,88.084997,0,Sikkim
25.704968,94.627239,0,Nagaland
28.007428,95.846332,0,Arunachal Pradesh
28.4282,96.671779,0,Arunachal Pradesh
26.255393,93.424793,0,Assam
25.083566,94.682023,0,Manipur
28.20179,93.823058,0,Arunachal Pradesh
25.883333,93.548054,0,Assam
28.103371,94.850106,0,Arunachal Pradesh
27.66135,93.675222,0,Arunachal Pradesh
27.658805,95.104549,0,Assam
26.721236,93.318873,0,Assam
28.444282,93.883189,0,Arunachal Pradesh
25.341102,90.930341,0,Meghalaya
25.422365,92.779056,0,Assam
27.899187,93.223219,0,Arunachal Pradesh
26.845708,95.625059,0,Arunachal Pradesh
25.51958,91.034865,0,Meghalaya
23.238702,92.755377,0,Mizoram
25.234568,90.341263,0,Meghalaya
25.874193,92.143145,0,Meghalaya
26.439673,91.193174,0,Assam
26.8116,95.431511,0,Arunachal Pradesh
26.88128,94.815837,0,Assam
26.325683,91.146123,0,Assam
27.196735,97.109225,0,Arunachal Pradesh
26.418265,91.696958,0,Assam
26.983274,95.656728,0,Arunachal Pradesh
27.49999,95.805014,0,Assam
25.901627,94.455615,0,Nagaland
25.126557,94.08533,0,Manipur
28.59055,95.86293,0,Arunachal Pradesh
23.161097,91.553711,0,Tripura
27.743251,95.827445,0,Arunachal Pradesh
24.084381,92.18805,0,Tripura
24.269066,93.032338,0,Manipur
24.060628,92.352384,0,Mizoram
25.909653,91.602148,0,Meghalaya
28.087888,97.095798,0,Arunachal Pradesh
26.765494,90.362503,0,Assam
25.335187,90.099614,0,Meghalaya
28.255603,96.762621,0,Arunachal Pradesh
27.895897,94.122329,0,Arunachal Pradesh
27.178613,95.812559,0,Arunachal Pradesh
25.911999,94.848749,0,Nagaland
26.56704,92.04742,0,Assam
25.758141,92.957588,0,Assam
25.478233,91.682817,0,Meghalaya
26.668243,94.902391,0,Nagaland
27.472989,95.26488,0,Assam
28.062432,93.145169,0,Arunachal Pradesh
27.173475,92.380049,0,Arunachal Pradesh
28.047296,93.951005,0,Arunachal Pradesh
27.781577,88.605512,0,Sikkim
24.148461,92.314778,0,Tripura
23.846456,93.117127,0,Mizoram
27.534105,96.374007,0,Arunachal Pradesh
27.969406,92.893818,0,Arunachal Pradesh
28.128904,93.675733,0,Arunachal Pradesh
24.357447,93.140099,0,Manipur
26.475314,90.893566,0,Assam
29.110645,94.399175,0,Arunachal Pradesh
27.799074,88.644363,0,Sikkim
26.493927,93.344752,0,Assam
29.080798,94.395899,0,Arunachal Pradesh
25.924706,93.407521,0,Assam
26.828574,91.754077,0,Assam
25.695798,94.928091,0,Nagaland
26.167137,91.650232,0,Assam
22.862997,92.629891,0,Mizoram
27.297049,96.015616,0,Arunachal Pradesh
26.545506,93.198124,0,Assam
27.728701,92.954168,0,Arunachal Pradesh
27.058477,92.242346,0,Arunachal Pradesh
26.75507,95.347244,0,Arunachal Pradesh
28.306459,96.425141,0,Arunachal Pradesh
26.719421,90.368163,0,Assam
25.954946,90.859054,0,Assam
23.209178,92.736803,0,Mizoram
27.363455,94.204793,0,Assam
28.280843,93.700979,0,Arunachal Pradesh
28.150692,93.31066,0,Arunachal Pradesh
26.280767,94.042359,0,Assam
27.712102,94.133321,0,Arunachal Pradesh
26.749028,91.928483,0,Assam
26.660018,92.694171,0,Assam
25.584469,92.144872,0,Meghalaya
26.505709,89.930263,0,Assam
28.418171,94.914224,0,Arunachal Pradesh
26.166975,91.495619,0,Assam
25.450669,91.012201,0,Meghalaya
26.571313,91.623557,0,Assam
24.293503,93.442916,0,Manipur
25.693659,92.851036,0,Assam
25.481633,94.162746,0,Manipur
27.688755,94.851318,0,Assam
23.404997,93.373301,0,Mizoram
27.692874,92.752618,0,Arunachal Pradesh
27.621838,96.838979,0,Arunachal Pradesh
25.771649,89.883588,0,Assam
22.280988,92.713346,0,Mizoram
25.379293,92.465794,0,Meghalaya
25.819688,93.711523,0,Nagaland
26.553934,91.095396,0,Assam
27.27395,93.016627,0,Arunachal Pradesh
27.398763,95.502277,0,Assam
27.781363,95.372071,0,Assam
27.36923,93.442421,0,Arunachal Pradesh
26.604114,93.925524,0,Assam
24.301313,92.952114,0,Mizoram
27.365651,95.269472,0,Assam
27.157852,94.059801,0,Assam
26.140148,90.329751,0,Assam
27.926187,96.789643,0,Arunachal Pradesh
24.797583,94.372963,0,Manipur
28.099073,97.226394,0,Arunachal Pradesh
27.995504,96.986194,0,Arunachal Pradesh
23.870013,92.170917,0,Tripura
23.460785,92.515947,0,Mizoram
26.356472,93.800044,0,Assam
26.741152,93.004422,0,Assam
25.967546,93.409509,0,Assam
28.989327,94.810046,0,Arunachal Pradesh
25.668253,91.744305,0,Meghalaya
25.657179,93.119663,0,Assam
28.345037,96.835331,0,Arunachal Pradesh
23.39112,92.411991,0,Mizoram
23.876191,92.326387,0,Mizoram
28.691101,96.060592,0,Arunachal Pradesh
29.120018,95.09807,0,Arunachal Pradesh
25.721962,91.823477,0,Meghalaya
26.498775,95.041461,0,Nagaland
26.073528,91.921515,0,Assam
25.985348,92.438382,0,Assam
27.236518,92.212015,0,Arunachal Pradesh
26.25014,92.764196,0,Assam
22.814851,92.903836,0,Mizoram
26.328755,89.943222,0,Assam
25.377863,92.837151,0,Assam
27.383379,95.597792,0,Assam
26.292357,95.023315,0,Nagaland
27.727252,91.855912,0,Arunachal Pradesh
25.103645,94.083976,0,Manipur
28.764287,96.187254,0,Arunachal Pradesh
25.998764,94.233555,0,Nagaland
24.557324,94.155921,0,Manipur
27.417833,92.98375,0,Arunachal Pradesh
26.037485,94.343611,0,Nagaland
28.136574,93.012808,0,Arunachal Pradesh
28.59111,95.213667,0,Arunachal Pradesh
27.232907,93.631847,0,Arunachal Pradesh
27.513283,88.469917,0,Sikkim
23.703655,91.793853,0,Tripura
27.001453,93.633096,0,Arunachal Pradesh
28.800489,96.282139,0,Arunachal Pradesh
25.155112,93.897021,0,Manipur
28.824297,95.587083,0,Arunachal Pradesh
28.880628,94.091732,0,Arunachal Pradesh
28.514827,93.680139,0,Arunachal Pradesh
26.145897,94.82121,0,Nagaland
26.48871,90.292845,0,Assam
27.776485,93.202189,0,Arunachal Pradesh
25.956241,91.590767,0,Meghalaya
23.908528,91.389574,0,Tripura
25.682503,92.833097,0,Assam
26.173549,91.903509,0,Assam
25.082694,93.456602,0,Manipur
26.866559,92.706048,0,Assam
29.213892,95.73576,0,Arunachal Pradesh
25.632217,94.044622,0,Nagaland
26.770238,93.108724,0,Assam
29.053438,95.971765,0,Arunachal Pradesh
27.692383,94.293935,0,Arunachal Pradesh
26.589811,91.520629,0,Assam
26.579907,94.280203,0,Assam
25.611587,92.554724,0,Meghalaya
28.007183,94.348622,0,Arunachal Pradesh
26.192194,91.829219,0,Assam
28.321009,94.442709,0,Arunachal Pradesh
28.398918,94.157817,0,Arunachal Pradesh
26.09962,91.577628,0,Assam
28.39697,93.331704,0,Arunachal Pradesh
28.619691,96.173121,0,Arunachal Pradesh
27.601437,93.530803,0,Arunachal Pradesh
25.70896,94.819878,0,Nagaland
24.617842,92.624281,0,Assam
26.912195,94.401847,0,Assam
27.306829,95.514501,0,Assam
26.710719,94.702499,0,Nagaland
25.010942,93.227201,0,Assam
22.984937,91.591428,0,Tripura
25.651245,90.843136,0,Meghalaya
25.58432,91.970932,0,Meghalaya
26.643985,90.330418,0,Assam
27.991445,93.842489,0,Arunachal Pradesh
28.408621,95.678262,0,Arunachal Pradesh
26.274054,92.628078,0,Assam
26.046394,93.5796,0,Assam
26.080035,94.420815,0,Nagaland
27.92808,95.711071,0,Assam
25.697749,91.858494,0,Meghalaya
27.322843,94.204136,0,Assam
25.75276,91.780126,0,Meghalaya
27.890932,93.122904,0,Arunachal Pradesh
26.742926,93.059551,0,Assam
27.727117,88.81121,0,Sikkim
24.611803,94.194159,0,Manipur
27.604661,91.768964,0,Arunachal Pradesh
25.844464,92.812977,0,Assam
26.269208,93.469532,0,Assam
24.536232,92.716993,0,Assam
25.523595,92.552109,0,Meghalaya
27.183816,92.131339,0,Arunachal Pradesh
24.866382,93.579376,0,Manipur
28.026465,95.084616,0,Arunachal Pradesh
25.383522,91.076774,0,Meghalaya
26.749912,92.973151,0,Assam
26.54069,93.624195,0,Assam
24.558488,93.530508,0,Manipur
27.253243,95.661931,0,Assam
26.564593,90.808481,0,Assam
25.087668,92.814374,0,Assam
26.796207,94.530993,0,Assam
22.995898,92.615243,0,Mizoram
25.334231,90.969562,0,Meghalaya
29.193728,95.675822,0,Arunachal Pradesh
25.665137,92.763735,0,Assam
25.068036,94.448867,0,Manipur
25.986032,90.596104,0,Assam
27.704279,94.992423,0,Assam
26.051844,94.771152,0,Nagaland
27.594596,95.815465,0,Assam
24.563398,92.24007,0,Assam
24.578855,93.539148,0,Manipur
26.702213,94.69382,0,Nagaland
25.994762,90.65469,0,Assam
29.356734,96.078175,0,Arunachal Pradesh
27.853078,97.062932,0,Arunachal Pradesh
28.175117,94.699845,0,Arunachal Pradesh
27.029318,95.170614,0,Assam
26.285691,92.61352,0,Assam
26.708664,92.261309,0,Assam
24.03394,92.85939,0,Mizoram
27.440966,94.900351,0,Assam
26.938325,92.322014,0,Arunachal Pradesh
23.579408,93.036224,0,Mizoram
26.289515,91.187421,0,Assam
25.592648,93.334387,0,Assam
22.938726,92.494584,0,Mizoram
27.175039,88.099634,0,Sikkim
22.00382,92.999409,0,Mizoram
25.252187,94.122889,0,Manipur
26.666912,94.803601,0,Nagaland
28.412038,94.466441,0,Arunachal Pradesh
26.377118,95.085746,0,Nagaland
26.455643,93.214573,0,Assam
27.802493,93.72405,0,Arunachal Pradesh
28.321197,94.503197,0,Arunachal Pradesh
24.210225,94.201714,0,Manipur
25.774659,92.879466,0,Assam
25.915875,93.595607,0,Assam
25.710888,93.921251,0,Nagaland
24.028236,93.803522,0,Manipur
25.788072,90.925631,0,Meghalaya
24.880649,93.054702,0,Assam
28.220609,93.975056,0,Arunachal Pradesh
27.433639,94.58028,0,Assam
26.522056,92.274283,0,Assam
27.219461,94.666997,0,Assam
27.832728,92.928878,0,Arunachal Pradesh
27.300919,88.612764,0,Sikkim
24.650299,92.291448,0,Assam
26.206372,92.708948,0,Assam
23.86002,91.468804,0,Tripura
22.271465,92.795573,0,Mizoram
24.822308,92.447185,0,Assam
27.514222,96.603956,0,Arunachal Pradesh
25.718353,91.516939,0,Meghalaya
24.064655,92.38448,0,Mizoram
26.183197,89.898754,0,Assam
26.626554,90.869251,0,Assam
26.393051,92.373505,0,Assam
27.754656,92.650201,0,Arunachal Pradesh
28.541755,95.904802,0,Arunachal Pradesh
28.32958,94.191359,0,Arunachal Pradesh
23.732467,92.992887,0,Mizoram
22.390804,92.637681,0,Mizoram
24.74338,94.600688,0,Manipur
25.213681,93.350167,0,Assam
27.213636,95.540462,0,Arunachal Pradesh
25.973358,91.833779,0,Meghalaya
28.15935,94.461635,0,Arunachal Pradesh
25.80429,91.356515,0,Meghalaya
25.343264,91.813847,0,Meghalaya
29.33475,95.818301,0,Arunachal Pradesh
26.683601,91.511596,0,Assam
26.322555,94.072735,0,Assam
26.687039,92.955281,0,Assam
27.921979,95.553165,0,Arunachal Pradesh
26.03803,91.388188,0,Assam
24.862961,92.735112,0,Assam
28.84325,95.685873,0,Arunachal Pradesh
28.301094,95.901495,0,Arunachal Pradesh
27.190313,95.591163,0,Arunachal Pradesh
29.071279,94.597999,0,Arunachal Pradesh
26.177945,93.310551,0,Assam
25.631019,90.917605,0,Meghalaya
25.902042,90.069259,0,Meghalaya
28.854699,94.75195,0,Arunachal Pradesh
27.76785,96.634757,0,Arunachal Pradesh
28.417359,95.96973,0,Arunachal Pradesh
27.899373,96.930587,0,Arunachal Pradesh
28.930443,94.532191,0,Arunachal Pradesh
27.275651,88.846406,0,Sikkim
28.612912,94.020258,0,Arunachal Pradesh
23.936004,92.210905,0,Tripura
26.049366,91.572444,0,Assam
26.057059,94.893405,0,Nagaland
26.558273,93.596554,0,Assam
27.433757,94.799898,0,Assam
28.260707,93.387291,0,Arunachal Pradesh
24.156792,92.032069,0,Tripura
26.457206,94.235696,0,Nagaland
26.914966,92.610118,0,Assam
25.294903,91.484916,0,Meghalaya
25.440023,90.487462,0,Meghalaya
27.601292,88.591777,0,Sikkim
26.014935,91.244165,0,Assam
28.267801,93.216502,0,Arunachal Pradesh
27.315838,96.498947,0,Arunachal Pradesh
27.039105,95.537017,0,Arunachal Pradesh
28.21746,93.908612,0,Arunachal Pradesh
25.097864,92.92471,0,Assam
27.647518,93.539245,0,Arunachal Pradesh
25.971168,90.701766,0,Assam
25.594506,91.613157,0,Meghalaya
27.16047,93.734035,0,Arunachal Pradesh
28.870159,95.022801,0,Arunachal Pradesh
25.63992,90.647749,0,Meghalaya
26.798426,91.930231,0,Assam
27.516322,95.75811,0,Assam
28.466424,95.151998,0,Arunachal Pradesh
22.960928,92.776494,0,Mizoram
28.557816,96.014989,0,Arunachal Pradesh
28.239049,95.842344,0,Arunachal Pradesh
25.37523,90.357681,0,Meghalaya
26.722075,92.760805,0,Assam
26.410757,91.51373,0,Assam
24.5723,93.529338,0,Manipur
27.124265,95.052989,0,Assam
27.040311,94.098068,0,Assam
27.812533,88.200835,0,Sikkim
25.12957,94.054454,0,Manipur
25.452366,90.381262,0,Meghalaya
28.143727,94.378358,0,Arunachal Pradesh
26.924866,92.82085,0,Assam
26.523694,94.097713,0,Assam
28.423546,94.034284,0,Arunachal Pradesh
28.00163,96.469898,0,Arunachal Pradesh
27.063345,94.22169,0,Assam
26.872524,94.792801,0,Assam
27.268901,88.34435,0,Sikkim
23.369323,93.389854,0,Mizoram
27.847102,93.038204,0,Arunachal Pradesh
28.536458,95.91481,0,Arunachal Pradesh
27.681692,95.611221,0,Assam
26.225318,91.858966,0,Assam
27.686591,92.614633,0,Arunachal Pradesh
24.975942,93.967472,0,Manipur
24.482556,93.618546,0,Manipur
23.358116,91.389493,0,Tripura
23.659094,91.804441,0,Tripura
26.378013,94.913067,0,Nagaland
22.3057,93.039128,0,Mizoram
25.076654,94.496369,0,Manipur
26.058836,91.586932,0,Assam
23.09246,92.471925,0,Mizoram
26.683705,94.547529,0,Nagaland
25.877189,90.484623,0,Meghalaya
23.503125,92.678346,0,Mizoram
28.22592,96.537516,0,Arunachal Pradesh
25.234239,91.373291,0,Meghalaya
28.551365,93.857669,0,Arunachal Pradesh
26.385972,91.923227,0,Assam
27.045564,95.554074,0,Arunachal Pradesh
28.250788,94.446681,0,Arunachal Pradesh
27.04207,94.635671,0,Assam
24.486059,94.309247,0,Manipur
27.212541,92.929797,0,Arunachal Pradesh
24.836585,94.369892,0,Manipur
28.351143,95.99196,0,Arunachal Pradesh
23.752969,92.6341,0,Mizoram
23.708628,91.803363,0,Tripura
26.857264,92.687922,0,Assam
24.232416,93.831903,0,Manipur
23.496783,92.790994,0,Mizoram
29.092325,94.32457,0,Arunachal Pradesh
25.360263,90.107888,0,Meghalaya
26.604281,93.278066,0,Assam
26.885819,92.460056,0,Assam
27.22395,92.919286,0,Arunachal Pradesh
22.305585,92.998056,0,Mizoram
28.252892,96.804758,0,Arunachal Pradesh
25.765706,92.552165,0,Assam
27.437675,93.45107,0,Arunachal Pradesh
28.583127,93.657803,0,Arunachal Pradesh
24.834975,92.751252,0,Assam
28.417645,94.606774,0,Arunachal Pradesh
28.980617,94.704353,0,Arunachal Pradesh
24.126914,93.87986,0,Manipur
26.23461,92.52808,0,Assam
25.08194,94.283987,0,Manipur
28.272258,95.04272,0,Arunachal Pradesh
27.137393,95.902995,0,Arunachal Pradesh
28.448757,94.963979,0,Arunachal Pradesh
26.16411,94.991431,0,Nagaland
28.912679,94.258947,0,Arunachal Pradesh
26.61033,90.37508,0,Assam
28.488468,95.353467,0,Arunachal Pradesh
28.799802,95.814645,0,Arunachal Pradesh
26.814061,94.636243,0,Assam
26.053815,95.110771,0,Nagaland
27.781248,93.68451,0,Arunachal Pradesh
24.778799,92.842782,0,Assam
26.128949,92.040547,0,Assam
26.921364,93.799401,0,Assam
26.249954,92.623788,0,Assam
25.0703,92.760936,0,Assam
22.632013,93.060773,0,Mizoram
29.323957,95.755468,0,Arunachal Pradesh
26.614619,93.781469,0,Assam
24.068584,93.090868,0,Mizoram
28.127157,96.579404,0,Arunachal Pradesh
28.44958,95.284442,0,Arunachal Pradesh
27.228818,93.067525,0,Arunachal Pradesh
24.436499,92.329308,0,Assam
23.65328,93.417302,0,Mizoram
25.198946,93.93673,0,Manipur
26.767328,93.040077,0,Assam
27.629329,93.825165,0,Arunachal Pradesh
27.214813,93.517378,0,Arunachal Pradesh
25.954869,92.468084,0,Assam
28.81999,94.379231,0,Arunachal Pradesh
27.428869,95.485942,0,Assam
26.117443,93.215772,0,Assam
25.982596,93.621225,0,Assam
28.740046,95.046742,0,Arunachal Pradesh
25.797464,94.084453,0,Nagaland
28.347505,96.023974,0,Arunachal Pradesh
26.076765,92.348485,0,Assam
24.429993,92.592197,0,Assam
26.578576,92.248658,0,Assam
26.336449,90.885854,0,Assam
24.683183,93.32884,0,Manipur
23.26287,93.198358,0,Mizoram
28.275296,93.714974,0,Arunachal Pradesh
23.921119,93.075645,0,Mizoram
22.174804,92.780094,0,Mizoram
24.989044,93.482431,0,Manipur
26.03014,93.197627,0,Assam
25.781353,92.380785,0,Assam
25.719304,91.742336,0,Meghalaya
28.321873,94.241884,0,Arunachal Pradesh
24.640302,92.557537,0,Assam
25.609989,90.069355,0,Meghalaya
25.361644,92.427535,0,Meghalaya
28.183888,92.913531,0,Arunachal Pradesh
23.248417,93.12953,0,Mizoram
24.689229,94.157249,0,Manipur
28.227703,94.154064,0,Arunachal Pradesh
24.772255,92.869255,0,Assam
25.568356,92.589105,0,Assam
25.716818,93.692256,0,Nagaland
27.360617,95.637813,0,Assam
25.543554,92.53886,0,Meghalaya
26.181677,93.646631,0,Assam
27.355286,88.187371,0,Sikkim
24.073293,94.233109,0,Manipur
27.920247,93.660555,0,Arunachal Pradesh
26.38481,92.275207,0,Assam
28.690545,95.791504,0,Arunachal Pradesh
26.826098,95.296551,0,Arunachal Pradesh
24.727466,92.919842,0,Assam
27.519703,93.549716,0,Arunachal Pradesh
27.183397,95.171231,0,Assam
23.68991,92.497729,0,Mizoram
27.116109,94.165435,0,Assam
26.116251,91.492543,0,Assam
28.374683,94.929102,0,Arunachal Pradesh
27.56802,94.209963,0,Arunachal Pradesh
27.202993,92.210576,0,Arunachal Pradesh
27.186029,93.188059,0,Arunachal Pradesh
25.861079,93.783955,0,Nagaland
26.436563,94.701828,0,Nagaland
28.113005,96.902595,0,Arunachal Pradesh
25.243703,94.031432,0,Manipur
23.683574,92.861271,0,Mizoram
26.350825,91.7269,0,Assam
27.486073,92.879406,0,Arunachal Pradesh
29.140146,95.560442,0,Arunachal Pradesh
28.059711,96.248289,0,Arunachal Pradesh
27.164463,93.416659,0,Arunachal Pradesh
27.640714,95.250458,0,Assam
26.356442,92.343364,0,Assam
28.119372,94.345473,0,Arunachal Pradesh
24.600733,92.492222,0,Assam
26.932908,94.365347,0,Assam
27.691671,93.782652,0,Arunachal Pradesh
22.258108,93.102493,0,Mizoram
26.611126,92.54615,0,Assam
26.279969,90.100129,0,Assam
27.955271,88.521355,0,Sikkim
26.009809,92.508811,0,Assam
24.903117,92.735882,0,Assam
27.126975,92.337255,0,Arunachal Pradesh
24.389242,93.474137,0,Manipur
23.724727,93.169137,0,Mizoram
26.554053,92.443244,0,Assam
25.693737,91.452225,0,Meghalaya
27.36291,92.872489,0,Arunachal Pradesh
26.21351,93.296751,0,Assam
28.064759,88.576708,0,Sikkim
26.680324,92.492071,0,Assam
24.458634,92.241221,0,Assam
26.157182,91.405579,0,Assam
29.188366,96.166086,0,Arunachal Pradesh
26.274168,89.88265,0,Assam
25.608872,94.340725,0,Nagaland
28.635331,94.936094,0,Arunachal Pradesh
26.690945,91.183972,0,Assam
28.328788,93.386048,0,Arunachal Pradesh
23.981428,94.072352,0,Manipur
26.357144,91.426286,0,Assam
26.92236,94.853803,0,Assam
28.604015,94.168129,0,Arunachal Pradesh
26.654875,90.68374,0,Assam
23.990205,93.094128,0,Mizoram
26.689245,93.629961,0,Assam
26.184535,93.989692,0,Assam
26.75307,92.93315,0,Assam
27.996196,93.085517,0,Arunachal Pradesh
24.144548,92.058667,0,Tripura
24.910907,93.281859,0,Manipur
28.017774,96.566417,0,Arunachal Pradesh
28.027059,94.996264,0,Arunachal Pradesh
26.589014,93.999483,0,Assam
26.626827,90.570546,0,Assam
23.386461,92.431977,0,Mizoram
28.090593,95.923276,0,Arunachal Pradesh
27.742484,92.344438,0,Arunachal Pradesh
27.068512,92.457159,0,Arunachal Pradesh
26.745482,90.393615,0,Assam
27.836402,88.407093,0,Sikkim
26.427078,92.480145,0,Assam
27.896541,94.605212,0,Arunachal Pradesh
28.002349,95.125716,0,Arunachal Pradesh
24.635575,94.491671,0,Manipur
25.232624,92.574446,0,Meghalaya
24.792686,94.010137,0,Manipur
27.780269,96.067011,0,Arunachal Pradesh
25.996177,94.200624,0,Nagaland
25.88414,91.654964,0,Meghalaya
26.090335,92.689575,0,Assam
24.367898,93.775247,0,Manipur
22.441866,92.930712,0,Mizoram
22.68325,92.575087,0,Mizoram
28.233953,93.380169,0,Arunachal Pradesh
25.897323,94.197163,0,Nagaland
26.500391,91.456266,0,Assam
25.638312,89.974588,0,Assam
28.138701,94.672009,0,Arunachal Pradesh
23.365901,93.010246,0,Mizoram
23.812207,92.958834,0,Mizoram
25.392328,91.37739,0,Meghalaya
28.584092,94.265986,0,Arunachal Pradesh
26.518902,94.835898,0,Nagaland
23.550043,93.30621,0,Mizoram
28.910136,95.210421,0,Arunachal Pradesh
25.83552,93.612839,0,Assam
27.130802,95.739031,0,Arunachal Pradesh
26.106857,90.606485,0,Assam
26.32129,91.463118,0,Assam
27.466057,96.640939,0,Arunachal Pradesh
27.907363,94.814397,0,Arunachal Pradesh
26.276712,94.494915,0,Nagaland
27.741773,88.538037,0,Sikkim
26.472906,94.148825,0,Assam
26.41895,92.201376,0,Assam
23.611435,92.757073,0,Mizoram
27.763776,92.729752,0,Arunachal Pradesh
25.611637,93.270032,0,Assam
27.476607,93.80305,0,Arunachal Pradesh
25.127567,94.327138,0,Manipur
28.357864,95.135457,0,Arunachal Pradesh
28.112292,96.179094,0,Arunachal Pradesh
27.161478,88.141432,0,Sikkim
23.47383,93.069887,0,Mizoram
23.886676,92.931327,0,Mizoram
27.433377,92.553052,0,Arunachal Pradesh
28.444548,94.217648,0,Arunachal Pradesh
24.450454,92.989135,0,Assam
23.121647,91.710512,0,Tripura
28.641124,96.272394,0,Arunachal Pradesh
24.048753,93.229075,0,Mizoram
26.64768,93.769693,0,Assam
23.496076,93.109635,0,Mizoram
28.431795,95.533771,0,Arunachal Pradesh
22.957937,92.936399,0,Mizoram
27.411973,96.281427,0,Arunachal Pradesh
28.563831,95.207853,0,Arunachal Pradesh
28.963593,96.41766,0,Arunachal Pradesh
26.207554,90.520991,0,Assam
24.643807,94.474072,0,Manipur
25.526904,94.481248,0,Manipur
26.491044,92.734467,0,Assam
27.693888,88.315308,0,Sikkim
27.527023,91.895179,0,Arunachal Pradesh
24.385174,92.618072,0,Assam
23.797312,92.313512,0,Mizoram
26.542169,90.953745,0,Assam
26.408967,94.991949,0,Nagaland
24.917373,92.88843,0,Assam
26.137245,94.923346,0,Nagaland
26.686242,92.864214,0,Assam
24.232086,91.754131,0,Tripura
26.554432,91.983715,0,Assam
27.378613,92.258549,0,Arunachal Pradesh
27.30326,93.561631,0,Arunachal Pradesh
25.361943,89.910607,0,Meghalaya
27.934321,96.540171,0,Arunachal Pradesh
25.88224,91.424205,0,Assam
28.80557,95.234413,0,Arunachal Pradesh
26.903604,93.328272,0,Assam
24.269446,91.956637,0,Tripura
25.520204,93.54797,0,Nagaland
26.604342,93.157652,0,Assam
28.150814,93.253604,0,Arunachal Pradesh
26.539045,94.330362,0,Assam
26.417721,94.51295,0,Nagaland
26.297286,92.292764,0,Assam
26.082834,92.029417,0,Assam
25.888479,92.966925,0,Assam
26.5463,94.553522,0,Nagaland
27.122788,92.559037,0,Arunachal Pradesh
26.522148,90.712055,0,Assam
25.894085,90.987503,0,Assam
26.695342,92.89786,0,Assam
23.294005,92.642152,0,Mizoram
27.2728,93.74109,0,Arunachal Pradesh
26.737832,93.280554,0,Assam
25.753339,90.905567,0,Meghalaya
26.575949,94.822069,0,Nagaland
28.834998,94.333957,0,Arunachal Pradesh
26.660293,92.538662,0,Assam
27.528663,91.903724,0,Arunachal Pradesh
23.507404,93.049958,0,Mizoram
27.957269,94.456356,0,Arunachal Pradesh
28.279908,93.901888,0,Arunachal Pradesh
24.871879,93.379882,0,Manipur
28.446892,93.607471,0,Arunachal Pradesh
27.247808,95.077234,0,Assam
25.680825,91.902939,0,Meghalaya
25.341045,90.246303,0,Meghalaya
27.793618,95.391248,0,Assam
23.371555,92.713125,0,Mizoram
27.452323,96.695039,0,Arunachal Pradesh
27.776631,92.93473,0,Arunachal Pradesh
28.99952,95.740898,0,Arunachal Pradesh
25.871159,94.721302,0,Nagaland
26.412593,94.471012,0,Nagaland
24.291741,94.207156,0,Manipur
24.289198,93.44172,0,Manipur
25.259835,91.01252,0,Meghalaya
25.808813,93.868366,0,Nagaland
24.489357,93.777349,0,Manipur
27.02376,92.437512,0,Arunachal Pradesh
26.401068,93.616209,0,Assam
27.2034,95.872843,0,Arunachal Pradesh
24.291439,93.806044,0,Manipur
27.305249,95.696748,0,Assam
25.954998,94.318891,0,Nagaland
22.931919,92.390131,0,Mizoram
28.861534,95.65359,0,Arunachal Pradesh
25.368724,92.41439,0,Meghalaya
27.285059,94.446811,0,Assam
23.683749,92.387322,0,Mizoram
27.876315,94.265405,0,Arunachal Pradesh
25.411302,91.316074,0,Meghalaya
27.903802,94.117542,0,Arunachal Pradesh
24.956547,93.020441,0,Assam
26.612686,91.898919,0,Assam
25.602374,93.410026,0,Nagaland
25.423846,93.579,0,Nagaland
28.126509,93.23047,0,Arunachal Pradesh
27.745099,95.665019,0,Assam
25.660059,91.574309,0,Meghalaya
28.617488,95.692909,0,Arunachal Pradesh
26.289498,91.678389,0,Assam
26.231887,90.988529,0,Assam
26.070898,91.483235,0,Assam
27.233418,88.511758,0,Sikkim
28.455065,96.108548,0,Arunachal Pradesh
26.92586,93.136756,0,Assam
23.356617,92.476391,0,Mizoram
27.368772,88.159994,0,Sikkim
25.226868,92.587599,0,Meghalaya
25.069729,94.049778,0,Manipur
25.14385,93.694311,0,Manipur
25.327042,93.201914,0,Assam
23.338286,91.35242,0,Tripura
26.289551,93.695662,0,Assam
25.031967,92.728866,0,Assam
24.701822,93.146603,0,Manipur
27.136658,92.539013,0,Arunachal Pradesh
29.168005,94.9846,0,Arunachal Pradesh
25.471439,92.831654,0,Assam
27.947394,97.042338,0,Arunachal Pradesh
27.580145,96.687779,0,Arunachal Pradesh
26.182441,94.846276,0,Nagaland
28.027715,97.32232,0,Arunachal Pradesh
24.098588,93.881264,0,Manipur
26.738368,92.150319,0,Assam
26.773637,91.256238,0,Assam
23.032424,92.473742,0,Mizoram
29.178177,94.390553,0,Arunachal Pradesh
28.399945,96.642445,0,Arunachal Pradesh
27.758703,91.689398,0,Arunachal Pradesh
27.466415,95.054209,0,Assam
28.199258,94.337049,0,Arunachal Pradesh
28.227628,94.184794,0,Arunachal Pradesh
28.712583,94.182812,0,Arunachal Pradesh
25.454304,90.393831,0,Meghalaya
25.640692,92.153984,0,Meghalaya
23.826005,93.383293,0,Mizoram
25.221769,92.624996,0,Meghalaya
27.8173,95.94687,0,Arunachal Pradesh
26.698464,91.778337,0,Assam
26.815267,95.217941,0,Arunachal Pradesh
23.377512,91.623687,0,Tripura
28.68672,94.554018,0,Arunachal Pradesh
24.643806,93.940488,0,Manipur
25.621959,93.586354,0,Nagaland
25.958423,90.905176,0,Assam
27.868788,88.539275,0,Sikkim
26.962201,95.599562,0,Arunachal Pradesh
27.043191,92.321272,0,Arunachal Pradesh
25.486395,94.158717,0,Manipur
28.094728,93.568465,0,Arunachal Pradesh
27.691548,95.467935,0,Assam
24.46501,93.587668,0,Manipur
25.241363,93.214677,0,Assam
27.792649,93.769628,0,Arunachal Pradesh
27.754275,95.602459,0,Assam
25.876743,94.027055,0,Nagaland
24.0204,94.210379,0,Manipur
23.267036,92.47208,0,Mizoram
24.085409,94.074388,0,Manipur
27.647748,95.581231,0,Assam
27.512349,88.41954,0,Sikkim
26.400695,94.793928,0,Nagaland
25.484669,90.086686,0,Meghalaya
24.855052,92.289503,0,Assam
27.882097,93.686851,0,Arunachal Pradesh
26.542344,94.009885,0,Assam
27.480454,94.874911,0,Assam
28.651814,93.459649,0,Arunachal Pradesh
27.7245,92.436732,0,Arunachal Pradesh
26.143161,90.273276,0,Assam
27.447396,88.129115,0,Sikkim
27.56405,96.077284,0,Arunachal Pradesh
28.519181,95.268017,0,Arunachal Pradesh
25.434287,91.494493,0,Meghalaya
28.4152,93.966671,0,Arunachal Pradesh
23.97045,92.016053,0,Tripura
27.868136,95.480881,0,Assam
26.599581,91.449092,0,Assam
23.95215,91.328021,0,Tripura
25.903804,92.583139,0,Assam
25.950261,94.388813,0,Nagaland
26.613262,90.759782,0,Assam
29.054772,95.53188,0,Arunachal Pradesh
29.020985,95.61547,0,Arunachal Pradesh
26.660862,92.90709,0,Assam
22.933665,93.102126,0,Mizoram
25.280489,91.27151,0,Meghalaya
24.133968,94.07273,0,Manipur
25.038394,94.072613,0,Manipur
26.802161,91.234775,0,Assam
26.405592,91.079796,0,Assam
28.276161,94.563243,0,Arunachal Pradesh
24.228535,92.197992,0,Tripura
25.371301,91.331868,0,Meghalaya
28.256772,97.161019,0,Arunachal Pradesh
26.954973,94.5256,0,Assam
26.173267,89.746704,0,Assam
23.163734,93.087383,0,Mizoram
25.698605,91.815446,0,Meghalaya
24.121252,92.46736,0,Mizoram
27.126496,92.168373,0,Arunachal Pradesh
28.71467,94.890166,0,Arunachal Pradesh
26.330891,94.041033,0,Assam
25.292516,93.073711,0,Assam
23.403453,92.823423,0,Mizoram
26.493799,90.999435,0,Assam
24.082292,91.517155,0,Tripura
27.988503,97.343306,0,Arunachal Pradesh
25.511934,89.965617,0,Meghalaya
26.123043,91.908998,0,Assam
27.623934,94.689055,0,Assam
26.108391,91.601181,0,Assam
25.427935,93.26989,0,Assam
28.658316,94.158543,0,Arunachal Pradesh
25.641932,91.933841,0,Meghalaya
26.313087,95.021069,0,Nagaland
28.475131,93.329052,0,Arunachal Pradesh
25.522678,93.915849,0,Manipur
26.269421,92.830364,0,Assam
27.708215,92.842967,0,Arunachal Pradesh
26.031968,95.087465,0,Nagaland
28.162626,96.21379,0,Arunachal Pradesh
27.120473,94.45589,0,Assam
24.74731,92.883429,0,Assam
24.501204,92.570656,0,Assam
28.197201,93.778905,0,Arunachal Pradesh
25.944542,92.953765,0,Assam
27.631934,93.193104,0,Arunachal Pradesh
28.636038,95.692957,0,Arunachal Pradesh
27.686744,93.630566,0,Arunachal Pradesh
27.639666,95.294877,0,Assam
27.618715,94.288021,0,Arunachal Pradesh
28.864613,95.367059,0,Arunachal Pradesh
27.42307,92.718578,0,Arunachal Pradesh
26.231578,90.2856,0,Assam
25.734567,90.024197,0,Meghalaya
25.248924,93.552842,0,Nagaland
26.132964,94.6372,0,Nagaland
24.288175,93.656332,0,Manipur
24.126988,93.219454,0,Manipur
27.051118,92.483962,0,Arunachal Pradesh
22.731553,92.634104,0,Mizoram
26.896213,92.130328,0,Arunachal Pradesh
26.384519,91.778426,0,Assam
26.319505,94.719576,0,Nagaland
24.952175,94.064708,0,Manipur
26.479407,92.485368,0,Assam
25.586589,91.81433,0,Meghalaya
26.669102,92.686986,0,Assam
27.716716,95.077888,0,Assam
25.629619,94.236382,0,Nagaland
25.39937,91.550108,0,Meghalaya
25.63887,94.649687,0,Nagaland
22.763238,92.594683,0,Mizoram
26.90773,94.357944,0,Assam
26.246441,94.455236,0,Nagaland
24.885566,92.775457,0,Assam
24.594907,93.811913,0,Manipur
26.399378,94.104676,0,Assam
28.023431,93.394518,0,Arunachal Pradesh
25.723829,91.170616,0,Meghalaya
24.67446,93.792061,0,Manipur
25.680052,92.110895,0,Meghalaya
27.864055,95.977751,0,Arunachal Pradesh
27.969689,88.644706,0,Sikkim
23.518517,92.480123,0,Mizoram
26.843445,95.491908,0,Arunachal Pradesh
26.003635,92.081935,0,Meghalaya
25.350996,93.887345,0,Manipur
27.233249,88.187213,0,Sikkim
27.728359,93.788248,0,Arunachal Pradesh
26.20058,92.089587,0,Assam
25.870592,93.904215,0,Nagaland
25.216735,90.835093,0,Meghalaya
24.994549,93.664255,0,Manipur
26.153231,92.375695,0,Assam
26.808715,92.112227,0,Assam
26.897135,95.566044,0,Arunachal Pradesh
28.717683,96.164236,0,Arunachal Pradesh
27.390561,96.878589,0,Arunachal Pradesh
28.961226,94.916862,0,Arunachal Pradesh
28.178878,92.919028,0,Arunachal Pradesh
24.874772,93.505328,0,Manipur
23.853922,92.143649,0,Tripura
25.630433,93.553786,0,Nagaland
29.189862,94.430459,0,Arunachal Pradesh
28.991607,96.279504,0,Arunachal Pradesh
24.267566,93.208286,0,Manipur
28.394613,96.162179,0,Arunachal Pradesh
27.710461,96.279821,0,Arunachal Pradesh
28.13535,96.1574,0,Arunachal Pradesh
28.538464,94.756165,0,Arunachal Pradesh
28.144404,95.723063,0,Arunachal Pradesh
25.750666,94.578459,0,Nagaland
26.471509,91.31998,0,Assam
27.492545,95.659015,0,Assam
27.893178,93.936157,0,Arunachal Pradesh
24.301081,93.918672,0,Manipur
27.683532,95.820642,0,Arunachal Pradesh
27.472877,92.509237,0,Arunachal Pradesh
27.957219,95.784424,0,Assam
25.167927,91.782286,0,Meghalaya
27.009567,92.277442,0,Arunachal Pradesh
22.919908,92.657791,0,Mizoram
25.08836,94.378288,0,Manipur
27.109228,94.527145,0,Assam
27.271793,94.718093,0,Assam
27.571239,93.636051,0,Arunachal Pradesh
24.216682,93.837466,0,Manipur
25.93196,90.995294,0,Assam
28.222698,96.206612,0,Arunachal Pradesh
28.910814,95.042294,0,Arunachal Pradesh
27.671499,93.774235,0,Arunachal Pradesh
27.947371,94.192446,0,Arunachal Pradesh
25.650226,92.573481,0,Assam
28.464093,95.96369,0,Arunachal Pradesh
26.331763,93.51803,0,Assam
25.07397,93.37806,0,Manipur
27.721844,88.734628,0,Sikkim
28.618287,94.375654,0,Arunachal Pradesh
24.906525,94.410727,0,Manipur
25.357219,94.212374,0,Manipur
29.145365,94.91535,0,Arunachal Pradesh
23.530767,93.362742,0,Mizoram
26.862467,95.086807,0,Nagaland
26.177555,92.491134,0,Assam
27.633318,91.989434,0,Arunachal Pradesh
23.627575,92.369727,0,Mizoram
26.678047,92.668641,0,Assam
24.127844,92.944599,0,Mizoram
23.058439,92.502148,0,Mizoram
23.846957,93.356348,0,Mizoram
22.797508,92.744995,0,Mizoram
26.359316,90.810386,0,Assam
26.984353,92.289571,0,Arunachal Pradesh
26.486086,95.034829,0,Nagaland
27.146509,92.497528,0,Arunachal Pradesh
29.20859,96.179359,0,Arunachal Pradesh
25.603068,93.670414,0,Nagaland
24.912752,94.501479,0,Manipur
26.829922,94.109756,0,Assam
26.651703,92.108989,0,Assam
25.427738,90.84113,0,Meghalaya
29.194013,94.617151,0,Arunachal Pradesh
28.215431,93.3653,0,Arunachal Pradesh
27.30671,93.938541,0,Arunachal Pradesh
26.424273,94.941284,0,Nagaland
24.128382,93.223107,0,Manipur
25.598391,92.595074,0,Assam
26.542097,93.568435,0,Assam
28.086367,94.392193,0,Arunachal Pradesh
27.315723,92.598881,0,Arunachal Pradesh
25.116007,92.978733,0,Assam
25.663774,92.461976,0,Meghalaya
23.686826,91.244691,0,Tripura
26.47139,91.200561,0,Assam
29.163431,94.699754,0,Arunachal Pradesh
27.930456,94.917842,0,Arunachal Pradesh
28.295904,95.530481,0,Arunachal Pradesh
24.065786,93.858001,0,Manipur
26.960245,95.055745,0,Assam
25.818798,94.499996,0,Nagaland
27.256378,94.305877,0,Assam
27.826475,93.752058,0,Arunachal Pradesh
28.138454,96.918272,0,Arunachal Pradesh
28.494123,93.933993,0,Arunachal Pradesh
25.262863,90.758453,0,Meghalaya
27.453158,92.768046,0,Arunachal Pradesh
25.740794,91.220933,0,Assam
26.908465,95.149169,0,Nagaland
28.732255,94.042472,0,Arunachal Pradesh
26.90986,94.718408,0,Assam
24.165634,92.898542,0,Mizoram
24.230347,93.216582,0,Manipur
28.782827,94.994108,0,Arunachal Pradesh
25.298017,94.595501,0,Manipur
26.037334,89.940703,0,Assam
26.847211,95.423188,0,Arunachal Pradesh
28.620599,94.568953,0,Arunachal Pradesh
27.509604,94.828669,0,Assam
25.863565,93.19943,0,Assam
27.935168,88.274525,0,Sikkim
27.407681,95.289852,0,Assam
24.607773,93.906387,0,Manipur
28.001312,97.252622,0,Arunachal Pradesh
26.422086,93.025546,0,Assam
27.319968,95.389794,0,Assam
27.316179,94.333589,0,Assam
23.803705,92.897492,0,Mizoram
26.322895,91.094278,0,Assam
25.297829,92.48938,0,Meghalaya
25.900591,91.483906,0,Assam
25.845572,93.542115,0,Assam
23.924574,91.72351,0,Tripura
25.126676,92.70159,0,Assam
25.50247,90.011292,0,Meghalaya
29.04502,95.029819,0,Arunachal Pradesh
25.015275,93.667713,0,Manipur
25.59707,90.863148,0,Meghalaya
28.631002,96.418814,0,Arunachal Pradesh
22.860668,92.607268,0,Mizoram
26.252829,91.937774,0,Assam
26.498555,94.781053,0,Nagaland
25.326167,92.345392,0,Meghalaya
25.022865,94.259029,0,Manipur
27.478451,96.37924,0,Arunachal Pradesh
28.457126,94.084312,0,Arunachal Pradesh
26.24482,94.660492,0,Nagaland
27.263858,95.496674,0,Assam
23.388225,93.270564,0,Mizoram
26.281401,93.828499,0,Assam
27.861101,88.190694,0,Sikkim
24.388147,93.788748,0,Manipur
26.35044,95.082814,0,Nagaland
27.602457,92.646617,0,Arunachal Pradesh
25.58387,91.83908,0,Meghalaya
23.699149,91.843003,0,Tripura
26.114717,90.327842,0,Assam
25.129161,93.06547,0,Assam
28.257947,93.632626,0,Arunachal Pradesh
26.343893,93.955434,0,Assam
22.282353,92.809707,0,Mizoram
26.17774,94.961069,0,Nagaland
24.043217,93.243549,0,Mizoram
26.534195,92.073023,0,Assam
24.518681,94.424466,0,Manipur
23.790873,92.268137,0,Mizoram
26.451924,92.334705,0,Assam
27.146802,88.161562,0,Sikkim
25.049466,94.336152,0,Manipur
26.825086,95.413446,0,Arunachal Pradesh
24.596645,94.331823,0,Manipur
28.167479,95.652934,0,Arunachal Pradesh
23.27353,91.377412,0,Tripura
27.185824,95.231644,0,Assam
24.221733,93.77904,0,Manipur
24.671938,92.654412,0,Assam
25.657923,93.362214,0,Assam
26.905923,93.199424,0,Assam
27.075596,93.330297,0,Arunachal Pradesh
26.229079,90.452948,0,Assam
25.876691,90.155333,0,Meghalaya
25.950908,94.52679,0,Nagaland
26.155421,90.389933,0,Assam
24.660443,92.39851,0,Assam
28.591455,95.147565,0,Arunachal Pradesh
25.31813,91.961152,0,Meghalaya
27.489976,88.250842,0,Sikkim
26.653494,93.582456,0,Assam
27.778259,96.882212,0,Arunachal Pradesh
27.690575,93.836607,0,Arunachal Pradesh
26.297047,93.890963,0,Assam
24.208883,92.166614,0,Tripura
26.148964,94.38182,0,Nagaland
26.452392,90.203716,0,Assam
27.881115,88.647288,0,Sikkim
26.253981,89.832418,0,Assam
23.769983,92.192051,0,Tripura
25.220192,90.942176,0,Meghalaya
27.044866,93.525198,0,Arunachal Pradesh
28.402553,95.863448,0,Arunachal Pradesh
27.168902,94.290594,0,Assam
26.293105,91.125286,0,Assam
26.635604,90.177037,0,Assam
27.701368,93.518115,0,Arunachal Pradesh
27.349938,96.335425,0,Arunachal Pradesh
26.113193,91.206808,0,Assam
28.7935,95.935893,0,Arunachal Pradesh
26.913978,95.621974,0,Arunachal Pradesh
27.882404,93.046037,0,Arunachal Pradesh
28.509039,95.491533,0,Arunachal Pradesh
29.228011,96.016937,0,Arunachal Pradesh
27.594315,92.793589,0,Arunachal Pradesh
25.77192,94.076369,0,Nagaland
25.434072,92.699338,0,Assam
27.325954,94.541115,0,Assam
23.959507,92.663656,0,Mizoram
26.083443,91.529152,0,Assam
25.441492,93.501906,0,Nagaland
25.146846,93.851265,0,Manipur
23.291435,91.606834,0,Tripura
26.796921,90.210093,0,Assam
27.854449,94.063047,0,Arunachal Pradesh
27.084293,95.679101,0,Arunachal Pradesh
27.507864,95.08516,0,Assam
26.304718,91.826691,0,Assam
25.492298,94.172602,0,Manipur
27.668464,92.831503,0,Arunachal Pradesh
25.822094,92.472319,0,Assam
27.641828,95.400937,0,Assam
26.142859,92.242322,0,Assam
26.286315,91.534725,0,Assam
27.800038,91.804225,0,Arunachal Pradesh
24.394084,93.066113,0,Manipur
27.85057,88.230799,0,Sikkim
26.478183,93.933177,0,Assam
28.464586,93.726345,0,Arunachal Pradesh
25.962566,91.684532,0,Assam
25.338253,93.366094,0,Assam
23.345067,92.605573,0,Mizoram
26.483501,92.475532,0,Assam
27.094052,92.735881,0,Arunachal Pradesh
27.488821,93.428305,0,Arunachal Pradesh
27.210557,92.301872,0,Arunachal Pradesh
28.03591,93.775137,0,Arunachal Pradesh
27.458366,96.472507,0,Arunachal Pradesh
26.219386,89.736812,0,Assam
26.666936,90.585983,0,Assam
27.376826,94.574339,0,Assam
25.653982,90.05465,0,Meghalaya
25.333742,91.077039,0,Meghalaya
25.748635,90.388481,0,Meghalaya
27.582485,94.54089,0,Assam
27.554046,91.595409,0,Arunachal Pradesh
25.963795,90.777458,0,Assam
27.037963,95.1905,0,Assam
28.23547,94.562103,0,Arunachal Pradesh
28.690853,94.746994,0,Arunachal Pradesh
27.713271,95.273419,0,Assam
27.937617,96.306319,0,Arunachal Pradesh
23.366557,93.295958,0,Mizoram
26.016844,89.95937,0,Assam
27.041856,94.558089,0,Assam
26.721651,91.133757,0,Assam
26.519805,91.16251,0,Assam
24.817731,93.512009,0,Manipur
26.578623,90.198959,0,Assam
27.639001,94.949133,0,Assam
26.783729,90.626877,0,Assam
25.99885,90.289609,0,Assam
26.516267,94.776059,0,Nagaland
28.952776,95.826277,0,Arunachal Pradesh
25.313687,90.69481,0,Meghalaya
23.986039,93.987366,0,Manipur
27.471041,92.762367,0,Arunachal Pradesh
28.108302,95.159811,0,Arunachal Pradesh
28.875408,95.146029,0,Arunachal Pradesh
25.353815,92.370915,0,Meghalaya
26.50093,91.538924,0,Assam
23.104481,92.423626,0,Mizoram
27.398922,92.719193,0,Arunachal Pradesh
25.624356,91.520104,0,Meghalaya
26.367599,94.038552,0,Assam
23.401783,93.329372,0,Mizoram
23.861091,92.113779,0,Tripura
27.375591,96.595856,0,Arunachal Pradesh
25.617362,92.802938,0,Assam
27.181499,94.484521,0,Assam
28.912934,94.131219,0,Arunachal Pradesh
27.030756,93.943644,0,Assam
26.79676,94.568957,0,Assam
25.367871,90.468988,0,Meghalaya
26.789715,95.259906,0,Arunachal Pradesh
23.361106,92.886873,0,Mizoram
27.785345,93.992785,0,Arunachal Pradesh
28.939261,95.050817,0,Arunachal Pradesh
28.084111,97.290929,0,Arunachal Pradesh
25.890855,94.558102,0,Nagaland
27.456848,94.165201,0,Assam
26.65756,91.855211,0,Assam
28.475252,93.882246,0,Arunachal Pradesh
24.022926,91.563193,0,Tripura
26.34756,91.228753,0,Assam
27.003505,92.504835,0,Arunachal Pradesh
27.39798,94.576824,0,Assam
28.480093,93.670618,0,Arunachal Pradesh
26.89868,93.825187,0,Assam
25.049192,92.479475,0,Assam
28.055736,97.013816,0,Arunachal Pradesh
25.283847,91.072452,0,Meghalaya
24.951646,93.716247,0,Manipur
28.752512,96.069556,0,Arunachal Pradesh
26.244051,92.901137,0,Assam
26.90522,95.093331,0,Nagaland
25.524647,90.434186,0,Meghalaya
28.502184,94.515497,0,Arunachal Pradesh
27.707424,96.77159,0,Arunachal Pradesh
26.786623,93.659058,0,Assam
26.168847,94.048455,0,Nagaland
28.024341,96.060541,0,Arunachal Pradesh
28.9934,94.974213,0,Arunachal Pradesh
25.991183,91.728491,0,Meghalaya
28.240855,96.876029,0,Arunachal Pradesh
25.370232,92.711041,0,Meghalaya
27.970487,94.267004,0,Arunachal Pradesh
26.447157,94.620617,0,Nagaland
25.539551,94.65404,0,Nagaland
28.039176,94.899732,0,Arunachal Pradesh
24.888749,92.595151,0,Assam
29.39869,95.988882,0,Arunachal Pradesh
24.479357,93.163305,0,Manipur
24.070171,92.974368,0,Mizoram
27.998936,93.468266,0,Arunachal Pradesh
27.28033,96.001023,0,Arunachal Pradesh
26.27257,94.836742,0,Nagaland
26.405856,94.123618,0,Assam
25.617393,90.276509,0,Meghalaya
29.123935,94.479771,0,Arunachal Pradesh
24.765052,94.148992,0,Manipur
27.925584,94.515594,0,Arunachal Pradesh
27.79317,94.202781,0,Arunachal Pradesh
25.77636,94.299356,0,Nagaland
27.918197,95.01913,0,Arunachal Pradesh
25.203698,94.071904,0,Manipur
25.977063,93.239611,0,Assam
26.3406,92.890295,0,Assam
27.886016,94.721977,0,Arunachal Pradesh
26.037348,91.429998,0,Assam
26.900799,95.371111,0,Arunachal Pradesh
26.283026,92.194834,0,Assam
25.873578,94.546678,0,Nagaland
23.519272,93.071805,0,Mizoram
25.973206,94.541168,0,Nagaland
27.454083,88.675617,0,Sikkim
28.115109,94.191493,0,Arunachal Pradesh
25.098561,93.699153,0,Manipur
22.436444,93.167308,0,Mizoram
24.670585,94.030362,0,Manipur
25.920945,92.615023,0,Assam
28.452948,94.597009,0,Arunachal Pradesh
26.51178,93.19714,0,Assam
28.334277,93.602067,0,Arunachal Pradesh
22.900136,92.495103,0,Mizoram
27.399478,88.509289,0,Sikkim
26.521082,90.354122,0,Assam
27.949243,97.283604,0,Arunachal Pradesh
24.015858,92.73357,0,Mizoram
28.066303,96.297874,0,Arunachal Pradesh
27.433599,88.75944,0,Sikkim
27.534871,88.552032,0,Sikkim
25.649187,93.221747,0,Assam
29.181215,96.231743,0,Arunachal Pradesh
25.768336,91.998017,0,Meghalaya
26.578156,91.823992,0,Assam
27.553744,96.575178,0,Arunachal Pradesh
27.22768,94.72584,0,Assam
29.096187,94.959191,0,Arunachal Pradesh
28.565336,95.752413,0,Arunachal Pradesh
26.524774,92.976877,0,Assam
28.577368,94.353221,0,Arunachal Pradesh
23.633885,92.933682,0,Mizoram
27.708,93.080361,0,Arunachal Pradesh
26.221092,94.95019,0,Nagaland
26.589159,92.365329,0,Assam
24.617337,92.602312,0,Assam
24.41269,93.798664,0,Manipur
22.577813,92.637843,0,Mizoram
23.096852,92.847217,0,Mizoram
25.163698,90.825779,0,Meghalaya
25.205984,91.337667,0,Meghalaya
28.720866,95.005637,0,Arunachal Pradesh
26.946596,92.517975,0,Assam
27.959412,93.183805,0,Arunachal Pradesh
28.576133,95.198055,0,Arunachal Pradesh
27.715308,92.712623,0,Arunachal Pradesh
25.597098,90.733481,0,Meghalaya
27.216792,95.626342,0,Arunachal Pradesh
23.303646,92.734554,0,Mizoram
26.579516,92.01982,0,Assam
25.546419,91.172593,0,Meghalaya
26.78577,92.805338,0,Assam
24.347133,91.942465,0,Tripura
27.544995,88.502389,0,Sikkim
25.492706,90.00504,0,Meghalaya
28.427178,93.199265,0,Arunachal Pradesh
24.736609,92.983934,0,Assam
24.520658,93.150483,0,Manipur
23.840523,93.187302,0,Mizoram
28.362937,96.257335,0,Arunachal Pradesh
28.795006,94.7556,0,Arunachal Pradesh
27.161539,95.48005,0,Arunachal Pradesh
28.489504,94.448845,0,Arunachal Pradesh
28.556479,94.56191,0,Arunachal Pradesh
25.891692,94.665619,0,Nagaland
26.095476,94.670326,0,Nagaland
26.774781,95.444619,0,Arunachal Pradesh
26.494414,91.27867,0,Assam
26.073833,94.64407,0,Nagaland
24.383214,93.760608,0,Manipur
28.487773,94.158653,0,Arunachal Pradesh
26.085895,93.975162,0,Assam
26.317588,90.539142,0,Assam
27.606278,95.605478,0,Assam
27.430039,92.623482,0,Arunachal Pradesh
26.514452,91.718009,0,Assam
27.409603,92.964348,0,Arunachal Pradesh
27.685662,95.782484,0,Assam
26.176006,92.528602,0,Assam
25.789861,90.801841,0,Meghalaya
28.132243,96.324536,0,Arunachal Pradesh
27.053392,93.649018,0,Arunachal Pradesh
28.041439,96.781948,0,Arunachal Pradesh
27.851987,94.793368,0,Arunachal Pradesh
25.681186,91.947969,0,Meghalaya
25.947393,93.030077,0,Assam
25.114774,93.473721,0,Manipur
27.159249,93.444697,0,Arunachal Pradesh
27.231455,95.046619,0,Assam
28.103837,96.160483,0,Arunachal Pradesh
29.253864,96.033948,0,Arunachal Pradesh
28.491169,95.884714,0,Arunachal Pradesh
28.063955,93.362975,0,Arunachal Pradesh
27.570225,95.002196,0,Assam
27.172405,95.357904,0,Assam
28.532558,94.403809,0,Arunachal Pradesh
28.182917,93.22171,0,Arunachal Pradesh
25.128543,94.680649,0,Manipur
28.274694,93.270014,0,Arunachal Pradesh
26.770851,90.956491,0,Assam
26.01583,90.665236,0,Assam
26.744496,93.198542,0,Assam
27.887205,93.3118,0,Arunachal Pradesh
23.406716,91.755039,0,Tripura
27.401501,95.080074,0,Assam
24.815777,93.532113,0,Manipur
28.352317,93.52443,0,Arunachal Pradesh
28.01703,96.326211,0,Arunachal Pradesh
27.726151,94.162371,0,Arunachal Pradesh
27.424324,92.865851,0,Arunachal Pradesh
27.766409,96.385226,0,Arunachal Pradesh
23.511604,91.656313,0,Tripura
23.86687,92.461252,0,Mizoram
28.842351,96.068625,0,Arunachal Pradesh
29.105042,95.954264,0,Arunachal Pradesh
23.918055,92.768476,0,Mizoram
26.785722,93.846451,0,Assam
26.775318,92.391844,0,Assam
25.524023,94.614262,0,Nagaland
24.349734,94.030727,0,Manipur
25.177006,91.410568,0,Meghalaya
29.109558,96.172216,0,Arunachal Pradesh
27.124114,92.482295,0,Arunachal Pradesh
24.376421,93.807896,0,Manipur
27.484521,94.995413,0,Assam
21.967711,92.907128,0,Mizoram
26.049834,91.962224,0,Assam
26.823689,94.586308,0,Assam
26.022596,91.323316,0,Assam
27.69797,92.930424,0,Arunachal Pradesh
26.024823,93.604651,0,Assam
25.232577,94.485097,0,Manipur
26.608936,90.675026,0,Assam
28.389722,96.709129,0,Arunachal Pradesh
28.005468,97.369308,0,Arunachal Pradesh
25.035292,93.805527,0,Manipur
27.597466,92.678818,0,Arunachal Pradesh
26.31435,92.187154,0,Assam
24.808011,92.286109,0,Assam
25.474012,89.850708,0,Assam
27.237037,95.724724,0,Arunachal Pradesh
23.625366,91.534195,0,Tripura
28.111543,95.689839,0,Arunachal Pradesh
24.461895,93.65216,0,Manipur
27.970788,95.801169,0,Arunachal Pradesh
25.231884,92.875028,0,Assam
26.692207,92.752633,0,Assam
28.284611,95.385019,0,Arunachal Pradesh
26.673039,92.124337,0,Assam
28.868348,94.663945,0,Arunachal Pradesh
26.692664,92.277427,0,Assam
23.744164,91.378875,0,Tripura
23.785802,93.045556,0,Mizoram
27.855766,95.345044,0,Arunachal Pradesh
26.901552,95.254448,0,Arunachal Pradesh
26.744478,93.910603,0,Assam
26.424686,92.328392,0,Assam
24.659882,92.658514,0,Assam
22.105286,92.628356,0,Mizoram
28.025105,96.550887,0,Arunachal Pradesh
26.560985,92.561368,0,Assam
23.132055,93.149578,0,Mizoram
28.913419,94.984701,0,Arunachal Pradesh
29.01325,94.853535,0,Arunachal Pradesh
25.564328,90.527834,0,Meghalaya
24.155071,93.196716,0,Manipur
24.949967,92.831593,0,Assam
28.61789,94.47106,0,Arunachal Pradesh
27.708263,93.498955,0,Arunachal Pradesh
28.080369,95.035299,0,Arunachal Pradesh
26.510491,93.868047,0,Assam
26.208298,92.048116,0,Assam
26.70167,91.527771,0,Assam
24.148694,93.529234,0,Manipur
24.739408,94.188076,0,Manipur
25.442421,91.10389,0,Meghalaya
28.703904,95.488031,0,Arunachal Pradesh
24.841961,93.29207,0,Manipur
25.908167,93.66961,0,Assam
28.588126,93.726976,0,Arunachal Pradesh
24.085201,93.430947,0,Manipur
28.382992,94.063161,0,Arunachal Pradesh
24.296963,93.243278,0,Manipur
24.900186,93.768492,0,Manipur
25.36118,94.55942,0,Manipur
29.21874,95.990331,0,Arunachal Pradesh
25.218946,94.47615,0,Manipur
28.054731,93.772534,0,Arunachal Pradesh
28.621529,95.091284,0,Arunachal Pradesh
26.289147,92.971966,0,Assam
27.473601,94.211823,0,Assam
25.911044,93.563582,0,Assam
27.663402,96.08233,0,Arunachal Pradesh
25.356967,90.943667,0,Meghalaya
27.547036,96.249071,0,Arunachal Pradesh
25.346573,94.234429,0,Manipur
22.340095,92.787131,0,Mizoram
27.449016,94.109742,0,Arunachal Pradesh
24.152701,91.984901,0,Tripura
26.410799,91.797865,0,Assam
25.65495,92.990521,0,Assam
27.066391,92.088091,0,Arunachal Pradesh
26.607764,90.141231,0,Assam
27.46317,93.618014,0,Arunachal Pradesh
25.528079,94.597157,0,Nagaland
28.360314,94.397223,0,Arunachal Pradesh
25.614996,93.494354,0,Nagaland
28.226875,97.322774,0,Arunachal Pradesh
23.19916,92.950159,0,Mizoram
27.470189,92.267181,0,Arunachal Pradesh
24.681647,92.585644,0,Assam
28.648426,94.68821,0,Arunachal Pradesh
28.389413,95.293316,0,Arunachal Pradesh
23.779129,92.692236,0,Mizoram
24.523491,92.901356,0,Assam
25.202217,93.768931,0,Manipur
25.449502,94.45667,0,Manipur
26.939653,93.876358,0,Assam
25.178609,90.887227,0,Meghalaya
27.7266,94.266772,0,Arunachal Pradesh
26.344388,89.86168,0,Assam
24.608969,92.46047,0,Assam
27.049553,93.313382,0,Arunachal Pradesh
26.291274,91.043825,0,Assam
26.668709,93.339304,0,Assam
24.769525,93.143448,0,Manipur
27.628546,91.969204,0,Arunachal Pradesh
24.215799,93.79564,0,Manipur
25.794861,90.293338,0,Meghalaya
24.147713,93.329052,0,Manipur
28.524538,95.603109,0,Arunachal Pradesh
24.449805,94.12157,0,Manipur
24.43343,92.538402,0,Assam
27.512771,88.584495,0,Sikkim
27.50442,94.352195,0,Assam
23.622408,92.668475,0,Mizoram
28.354037,94.364112,0,Arunachal Pradesh
27.116168,92.571184,0,Arunachal Pradesh
28.113323,97.250232,0,Arunachal Pradesh
27.067594,95.736649,0,Arunachal Pradesh
26.728001,92.076701,0,Assam
26.054311,94.984399,0,Nagaland
24.122825,92.48849,0,Mizoram
26.965086,92.646473,0,Assam
26.186225,92.309163,0,Assam
28.662338,94.076721,0,Arunachal Pradesh
27.381762,92.410923,0,Arunachal Pradesh
24.565333,92.742749,0,Assam
24.879842,94.651242,0,Manipur
24.773715,94.076956,0,Manipur
26.899401,92.44707,0,Assam
24.978804,93.816946,0,Manipur
27.659047,92.490883,0,Arunachal Pradesh
28.025154,97.237373,0,Arunachal Pradesh
27.628225,96.402081,0,Arunachal Pradesh
28.890598,95.915192,0,Arunachal Pradesh
25.232736,90.385927,0,Meghalaya
26.674706,93.484475,0,Assam
28.662865,95.626872,0,Arunachal Pradesh
25.505309,93.374132,0,Nagaland
26.594654,91.322327,0,Assam
27.828215,88.746928,0,Sikkim
26.466795,90.179853,0,Assam
28.361108,93.421002,0,Arunachal Pradesh
28.89529,94.911149,0,Arunachal Pradesh
28.54982,94.248066,0,Arunachal Pradesh
27.701681,94.621783,0,Arunachal Pradesh
25.187586,94.125867,0,Manipur
27.762181,88.532714,0,Sikkim
26.098073,94.94923,0,Nagaland
27.702488,88.502481,0,Sikkim
25.174062,94.549865,0,Manipur
28.625569,95.039025,0,Arunachal Pradesh
28.055757,94.779111,0,Arunachal Pradesh
25.542702,93.710238,0,Nagaland
26.031471,90.364342,0,Assam
27.473227,92.664946,0,Arunachal Pradesh
27.811816,96.862277,0,Arunachal Pradesh
23.953485,92.964965,0,Mizoram
25.728923,94.57178,0,Nagaland
26.620189,94.644446,0,Nagaland
25.355018,94.121835,0,Manipur
25.668054,93.744305,0,Nagaland
24.557584,93.1032,0,Manipur
28.884185,96.408628,0,Arunachal Pradesh
28.037859,96.54287,0,Arunachal Pradesh
27.63905,93.567677,0,Arunachal Pradesh
27.474701,94.867469,0,Assam
28.401137,94.385628,0,Arunachal Pradesh
26.217036,93.395119,0,Assam
23.163367,92.890406,0,Mizoram
27.551611,91.596683,0,Arunachal Pradesh
26.025137,90.361839,0,Assam
24.662122,93.798824,0,Manipur
27.828508,94.209466,0,Arunachal Pradesh
25.45042,92.147727,0,Meghalaya
26.533316,90.611077,0,Assam
27.338807,88.406738,0,Sikkim
27.317674,88.584007,0,Sikkim
28.393433,94.38956,0,Arunachal Pradesh
24.572073,93.658112,0,Manipur
23.723519,92.816354,0,Mizoram
28.531629,94.046432,0,Arunachal Pradesh
26.846767,91.849055,0,Assam
28.021231,93.737634,0,Arunachal Pradesh
27.816823,92.814104,0,Arunachal Pradesh
26.316253,92.789532,0,Assam
23.557122,91.246622,0,Tripura
25.729303,90.12352,0,Meghalaya
26.065991,93.412385,0,Assam
25.259096,92.94244,0,Assam
25.370508,91.415007,0,Meghalaya
25.745465,91.321186,0,Meghalaya
25.318931,93.701728,0,Manipur
26.224857,91.94976,0,Assam
27.783518,93.066225,0,Arunachal Pradesh
26.340854,91.844166,0,Assam
27.754894,93.959409,0,Arunachal Pradesh
26.113748,90.488216,0,Assam
27.53069,96.756034,0,Arunachal Pradesh
27.133266,92.067922,0,Arunachal Pradesh
28.853512,96.161493,0,Arunachal Pradesh
26.131524,91.794343,0,Assam
28.700968,96.448646,0,Arunachal Pradesh
26.580737,93.572559,0,Assam
25.530696,90.731832,0,Meghalaya
28.836344,95.212748,0,Arunachal Pradesh
25.240805,91.578667,0,Meghalaya
26.365882,92.794091,0,Assam
28.292398,93.463044,0,Arunachal Pradesh
24.369403,92.023454,0,Tripura
25.847001,89.992849,0,Assam
26.572066,93.418952,0,Assam
27.621082,95.897431,0,Arunachal Pradesh
27.449677,93.381607,0,Arunachal Pradesh
28.194353,92.909029,0,Arunachal Pradesh
28.297506,94.652159,0,Arunachal Pradesh
25.193233,92.18999,0,Meghalaya
27.910495,88.755607,0,Sikkim
24.018003,92.778984,0,Mizoram
25.799657,93.940553,0,Nagaland
27.259425,95.316999,0,Assam
27.46075,95.663159,0,Assam
27.580301,96.07009,0,Arunachal Pradesh
23.509545,93.255376,0,Mizoram
26.739421,93.501312,0,Assam
26.884117,92.564396,0,Assam
22.66654,92.533618,0,Mizoram
24.340096,92.381112,0,Assam
27.762697,94.638027,0,Arunachal Pradesh
25.040735,92.610847,0,Assam
26.248665,91.864792,0,Assam
24.421212,93.777735,0,Manipur
27.978925,94.80169,0,Arunachal Pradesh
27.711222,96.587795,0,Arunachal Pradesh
26.868994,93.209849,0,Assam
24.665154,92.887925,0,Assam
23.121197,92.570665,0,Mizoram
26.871586,95.382878,0,Arunachal Pradesh
27.374594,88.706942,0,Sikkim
27.905225,94.929957,0,Arunachal Pradesh
22.116386,92.828764,0,Mizoram
24.131875,92.443761,0,Mizoram
25.577683,93.286013,0,Assam
24.902577,92.68474,0,Assam
26.053561,91.516276,0,Assam
26.777833,93.30629,0,Assam
23.821284,92.616836,0,Mizoram
27.381515,92.463637,0,Arunachal Pradesh
23.689284,93.33906,0,Mizoram
24.999579,93.326587,0,Manipur
27.920847,95.110115,0,Arunachal Pradesh
24.29577,93.141174,0,Manipur
24.362162,94.141581,0,Manipur
25.811601,94.676093,0,Nagaland
29.411425,96.084154,0,Arunachal Pradesh
24.767418,94.585729,0,Manipur
27.576895,92.592225,0,Arunachal Pradesh
24.94593,93.15524,0,Assam
25.217417,90.801959,0,Meghalaya
25.872177,94.373536,0,Nagaland
24.736906,93.794624,0,Manipur
23.4788,92.931189,0,Mizoram
27.317111,93.784277,0,Arunachal Pradesh
23.830844,92.894795,0,Mizoram
28.182088,92.941785,0,Arunachal Pradesh
24.431379,93.067311,0,Manipur
23.641117,93.268715,0,Mizoram
26.639976,90.886557,0,Assam
23.85726,91.803282,0,Tripura
26.902379,93.098197,0,Assam
23.20514,92.462623,0,Mizoram
25.249099,92.82265,0,Assam
24.401684,94.262224,0,Manipur
22.822802,92.71614,0,Mizoram
24.779636,93.278012,0,Manipur
25.510917,91.63653,0,Meghalaya
25.868456,90.943069,0,Meghalaya
29.129992,95.929405,0,Arunachal Pradesh
28.213673,96.900471,0,Arunachal Pradesh
28.26087,94.699402,0,Arunachal Pradesh
25.628438,93.281215,0,Assam
27.098053,95.429049,0,Arunachal Pradesh
25.21692,93.256955,0,Assam
25.447684,91.449998,0,Meghalaya
27.422599,94.311078,0,Assam
26.152998,90.021984,0,Assam
23.287219,91.607647,0,Tripura
25.898687,92.168139,0,Meghalaya
25.542954,90.59703,0,Meghalaya
27.174301,88.42518,0,Sikkim
26.645767,90.391031,0,Assam
28.136313,97.141603,0,Arunachal Pradesh
28.920882,96.126761,0,Arunachal Pradesh
25.503169,92.621433,0,Assam
27.588883,96.237232,0,Arunachal Pradesh
28.75644,94.680236,0,Arunachal Pradesh
24.013619,92.180532,0,Tripura
25.744129,89.880068,0,Assam
26.216059,91.222178,0,Assam
26.201128,94.557872,0,Nagaland
27.252683,88.513714,0,Sikkim
26.295253,92.617534,0,Assam
26.770362,91.291805,0,Assam
26.689086,92.239513,0,Assam
23.525468,93.069354,0,Mizoram
27.932705,95.635328,0,Assam
24.741805,93.528778,0,Manipur
26.368214,91.564901,0,Assam
27.21787,88.330539,0,Sikkim
28.48253,93.929725,0,Arunachal Pradesh
25.453444,90.891496,0,Meghalaya
25.213572,93.42673,0,Manipur
27.683609,96.260695,0,Arunachal Pradesh
27.971977,95.211501,0,Arunachal Pradesh
24.534309,92.499636,0,Assam
27.108731,92.438124,0,Arunachal Pradesh
28.809937,94.581256,0,Arunachal Pradesh
28.19668,94.296016,0,Arunachal Pradesh
27.68273,94.651237,0,Arunachal Pradesh
28.698465,95.281417,0,Arunachal Pradesh
27.436753,95.718831,0,Assam
26.35345,94.972784,0,Nagaland
26.519722,90.096381,0,Assam
27.597147,93.752002,0,Arunachal Pradesh
24.084653,92.014259,0,Tripura
28.218396,94.426711,0,Arunachal Pradesh
27.987485,96.120004,0,Arunachal Pradesh
24.829915,93.414669,0,Manipur
25.59868,92.286694,0,Meghalaya
26.712347,90.443779,0,Assam
27.978966,93.686851,0,Arunachal Pradesh
24.461697,92.463944,0,Assam
24.685956,93.041861,0,Assam
24.826013,93.010721,0,Assam
27.416107,95.653441,0,Assam
24.702831,92.61505,0,Assam
23.285131,93.114474,0,Mizoram
26.726387,91.064061,0,Assam
24.628629,93.61299,0,Manipur
27.499279,88.356508,0,Sikkim
25.184462,93.962137,0,Manipur
28.223555,95.773169,0,Arunachal Pradesh
25.880294,94.900011,0,Nagaland
27.578954,96.730797,0,Arunachal Pradesh
28.584854,94.149918,0,Arunachal Pradesh
25.49918,91.530365,0,Meghalaya
27.797521,95.03333,0,Arunachal Pradesh
26.448656,90.522783,0,Assam
24.414197,93.979553,0,Manipur
25.284425,91.268371,0,Meghalaya
27.528562,92.3549,0,Arunachal Pradesh
24.538729,93.289111,0,Manipur
25.633431,93.243177,0,Assam
27.59411,91.852615,0,Arunachal Pradesh
26.449929,91.94346,0,Assam
25.971119,90.999597,0,Assam
25.431413,92.664043,0,Assam
25.948833,90.723528,0,Assam
25.432222,91.152636,0,Meghalaya
26.597643,93.99501,0,Assam
29.055703,94.894936,0,Arunachal Pradesh
25.491617,93.364131,0,Assam
28.589273,94.996626,0,Arunachal Pradesh
26.094772,94.161392,0,Nagaland
28.339387,96.129139,0,Arunachal Pradesh
23.78424,92.34768,0,Mizoram
22.776599,92.714635,0,Mizoram
24.433066,93.690337,0,Manipur
28.465474,94.375314,0,Arunachal Pradesh
25.96016,94.095337,0,Nagaland
25.789991,94.749008,0,Nagaland
25.165557,94.119219,0,Manipur
23.781843,92.633432,0,Mizoram
26.216495,94.588607,0,Nagaland
27.669684,93.600292,0,Arunachal Pradesh
25.516989,93.971299,0,Manipur
24.159276,92.147286,0,Tripura
27.171166,95.003844,0,Assam
26.732254,91.624279,0,Assam
26.336937,90.860295,0,Assam
26.594512,91.8275,0,Assam
27.880045,95.326106,0,Arunachal Pradesh
24.623037,94.122667,0,Manipur
28.26163,96.532083,0,Arunachal Pradesh
27.833483,95.962821,0,Arunachal Pradesh
23.658741,92.93934,0,Mizoram
25.964548,93.213518,0,Assam
28.507264,94.980575,0,Arunachal Pradesh
23.806254,93.339652,0,Mizoram
26.837955,94.495892,0,Assam
26.094157,93.73857,0,Assam
26.314627,93.51803,0,Assam
25.980953,92.376744,0,Assam
26.021857,89.867968,0,Assam
25.606893,90.033396,0,Meghalaya
26.317962,93.364348,0,Assam
27.790649,96.346097,0,Arunachal Pradesh
25.373768,93.788164,0,Manipur
25.64734,93.6654,0,Nagaland
24.26407,93.288533,0,Manipur
23.167747,92.435357,0,Mizoram
26.740688,92.178646,0,Assam
23.314689,93.075383,0,Mizoram
27.681198,95.333414,0,Assam
25.716387,90.016687,0,Meghalaya
25.931777,91.020662,0,Assam
26.237396,93.742227,0,Assam
27.853982,95.2169,0,Arunachal Pradesh
27.808403,95.427014,0,Assam
27.676458,91.933529,0,Arunachal Pradesh
27.240829,88.195451,0,Sikkim
26.154339,91.073956,0,Assam
25.550087,91.072056,0,Meghalaya
27.116366,94.211236,0,Assam
26.506044,90.64583,0,Assam
24.017538,94.025202,0,Manipur
27.680705,93.396347,0,Arunachal Pradesh
25.936503,90.463239,0,Meghalaya
27.293991,95.400242,0,Assam
25.408006,92.414864,0,Meghalaya
25.600321,91.737851,0,Meghalaya
27.886542,95.516598,0,Arunachal Pradesh
26.266048,92.637499,0,Assam
27.467321,93.975804,0,Arunachal Pradesh
28.30921,95.519538,0,Arunachal Pradesh
27.713278,95.080685,0,Assam
24.023699,92.063474,0,Tripura
26.835219,94.958753,0,Nagaland
25.911566,91.206735,0,Assam
28.112853,94.523033,0,Arunachal Pradesh
24.398146,94.353373,0,Manipur
26.947793,92.315471,0,Arunachal Pradesh
28.297161,93.670733,0,Arunachal Pradesh
23.980147,92.000838,0,Tripura
27.538881,92.185736,0,Arunachal Pradesh
26.492073,92.610227,0,Assam
28.235722,96.902745,0,Arunachal Pradesh
25.487462,91.675602,0,Meghalaya
24.372947,94.097878,0,Manipur
28.460073,95.555159,0,Arunachal Pradesh
24.73745,94.225656,0,Manipur
26.646084,90.889514,0,Assam
26.444352,91.55669,0,Assam
23.130432,92.949552,0,Mizoram
22.951562,93.057871,0,Mizoram
26.732953,93.683421,0,Assam
25.473355,90.939958,0,Meghalaya
24.691381,94.182621,0,Manipur
27.330962,93.780608,0,Arunachal Pradesh
27.574829,92.503826,0,Arunachal Pradesh
25.852886,94.295259,0,Nagaland
28.589802,93.438029,0,Arunachal Pradesh
26.245512,91.044318,0,Assam
24.528213,92.560747,0,Assam
28.088627,93.922588,0,Arunachal Pradesh
25.342533,93.438352,0,Assam
26.615981,90.031913,0,Assam
26.931583,93.172309,0,Assam
24.516722,94.292028,0,Manipur
22.415058,92.89191,0,Mizoram
26.773875,91.447507,0,Assam
25.382641,90.147435,0,Meghalaya
25.22257,90.898591,0,Meghalaya
27.459633,88.169502,0,Sikkim
26.462631,91.339535,0,Assam
27.962722,92.948053,0,Arunachal Pradesh
23.674186,91.421504,0,Tripura
28.286177,93.823613,0,Arunachal Pradesh
22.964465,92.411835,0,Mizoram
26.122618,90.374969,0,Assam
28.013359,95.199937,0,Arunachal Pradesh
26.802413,95.404117,0,Arunachal Pradesh
23.395334,91.687949,0,Tripura
29.047064,94.965506,0,Arunachal Pradesh
27.664129,94.331749,0,Arunachal Pradesh
25.485565,93.921017,0,Manipur
24.188948,94.220666,0,Manipur
26.342534,92.397937,0,Assam
27.648136,95.480663,0,Assam
24.668553,93.643712,0,Manipur
29.189328,95.87787,0,Arunachal Pradesh
26.74202,91.976307,0,Assam
25.761873,90.378179,0,Meghalaya
25.665184,90.294264,0,Meghalaya
26.949498,93.568859,0,Assam
26.159596,94.672905,0,Nagaland
26.468095,91.608868,0,Assam
27.9126,93.56189,0,Arunachal Pradesh
27.541646,91.713758,0,Arunachal Pradesh
26.975386,95.3225,0,Arunachal Pradesh
27.426858,95.5506,0,Assam
24.362487,93.157051,0,Manipur
28.297323,95.678205,0,Arunachal Pradesh
27.508153,93.806865,0,Arunachal Pradesh
26.752494,94.798982,0,Nagaland
25.681866,90.953997,0,Meghalaya
27.620375,96.433172,0,Arunachal Pradesh
27.635425,93.28121,0,Arunachal Pradesh
24.935134,93.072227,0,Assam
24.925994,93.021214,0,Assam
28.070441,96.999976,0,Arunachal Pradesh
28.246229,93.76755,0,Arunachal Pradesh
26.088517,91.909109,0,Assam
25.043149,93.352658,0,Manipur
28.627592,93.908884,0,Arunachal Pradesh
29.32985,94.656143,0,Arunachal Pradesh
22.909111,93.072425,0,Mizoram
25.520398,92.782684,0,Assam
27.359493,93.691134,0,Arunachal Pradesh
26.793994,94.757844,0,Assam
26.261861,92.386287,0,Assam
25.222722,92.685662,0,Meghalaya
26.146992,93.27626,0,Assam
26.227953,94.770104,0,Nagaland
27.417098,96.917967,0,Arunachal Pradesh
25.633829,94.720689,0,Nagaland
29.035075,94.632377,0,Arunachal Pradesh
25.991956,92.262437,0,Assam
24.427602,94.354588,0,Manipur
28.532499,93.369313,0,Arunachal Pradesh
27.067604,93.084995,0,Arunachal Pradesh
27.299342,93.742864,0,Arunachal Pradesh
27.436815,92.992488,0,Arunachal Pradesh
27.650856,93.667011,0,Arunachal Pradesh
25.665176,94.117124,0,Nagaland
28.555798,94.661003,0,Arunachal Pradesh
23.329069,92.709623,0,Mizoram
23.645713,91.785979,0,Tripura
22.093574,92.93698,0,Mizoram
29.132638,96.090788,0,Arunachal Pradesh
28.64891,93.408115,0,Arunachal Pradesh
28.560369,94.652586,0,Arunachal Pradesh
25.311161,91.667702,0,Meghalaya
28.042854,96.671424,0,Arunachal Pradesh
26.933574,92.899157,0,Assam
25.908733,91.025712,0,Assam
25.943263,93.418472,0,Assam
26.052053,91.717893,0,Assam
26.528309,93.288427,0,Assam
27.741331,95.25773,0,Assam
25.910333,94.582402,0,Nagaland
26.361284,90.899432,0,Assam
27.50362,94.037459,0,Arunachal Pradesh
22.295319,93.03498,0,Mizoram
28.515464,95.771504,0,Arunachal Pradesh
25.883498,94.955026,0,Nagaland
28.793599,94.585048,0,Arunachal Pradesh
27.301576,96.400983,0,Arunachal Pradesh
29.348558,95.827059,0,Arunachal Pradesh
28.160746,97.291493,0,Arunachal Pradesh
28.440493,93.375727,0,Arunachal Pradesh
27.483876,96.27243,0,Arunachal Pradesh
26.6553,93.653889,0,Assam
26.929438,92.23439,0,Arunachal Pradesh
26.738536,90.108419,0,Assam
23.319979,92.604854,0,Mizoram
24.082702,93.053479,0,Mizoram
25.687695,93.227295,0,Assam
25.237204,93.796695,0,Manipur
23.092237,91.690884,0,Tripura
25.242947,94.198018,0,Manipur
25.917908,90.322766,0,Meghalaya
23.01898,93.247066,0,Mizoram
25.025091,94.449489,0,Manipur
26.595462,93.034807,0,Assam
26.174956,91.595953,0,Assam
27.72517,95.661628,0,Assam
26.181933,93.918581,0,Assam
24.065871,94.073723,0,Manipur
25.324224,93.803541,0,Manipur
27.07934,95.044607,0,Assam
24.537578,93.771198,0,Manipur
24.650383,93.055309,0,Assam
27.288596,92.335953,0,Arunachal Pradesh
23.648312,93.102724,0,Mizoram
26.597645,94.210368,0,Assam
24.200222,94.143732,0,Manipur
27.76944,95.841948,0,Arunachal Pradesh
26.092031,90.053929,0,Assam
23.297075,92.877132,0,Mizoram
27.162791,92.176597,0,Arunachal Pradesh
23.112995,93.308272,0,Mizoram
27.473972,93.768532,0,Arunachal Pradesh
28.173407,93.497077,0,Arunachal Pradesh
27.235292,92.478421,0,Arunachal Pradesh
26.593225,93.016301,0,Assam
28.740838,94.49838,0,Arunachal Pradesh
28.095869,94.481062,0,Arunachal Pradesh
28.605013,93.340412,0,Arunachal Pradesh
26.974148,95.447873,0,Arunachal Pradesh
29.080333,94.69997,0,Arunachal Pradesh
25.318653,90.894884,0,Meghalaya
27.657961,95.062733,0,Assam
27.184514,94.328608,0,Assam
27.841257,96.036904,0,Arunachal Pradesh
27.352049,96.876183,0,Arunachal Pradesh
25.618932,93.205041,0,Assam
24.337899,94.2752,0,Manipur
22.79442,92.795257,0,Mizoram
28.007627,95.633887,0,Arunachal Pradesh
23.099075,91.522393,0,Tripura
27.801794,95.546481,0,Assam
27.856394,96.222799,0,Arunachal Pradesh
25.522704,92.988365,0,Assam
26.397696,93.984482,0,Assam
25.753074,93.667279,0,Nagaland
27.474917,95.762802,0,Assam
26.868321,92.999809,0,Assam
26.604939,94.902139,0,Nagaland
27.329415,95.198441,0,Assam
27.541337,88.125129,0,Sikkim
27.044077,94.414876,0,Assam
27.685411,92.709746,0,Arunachal Pradesh
26.359472,89.801119,0,Assam
25.414301,92.383076,0,Meghalaya
28.310582,96.693246,0,Arunachal Pradesh
26.920475,95.451705,0,Arunachal Pradesh
23.068172,91.690694,0,Tripura
25.601655,90.15321,0,Meghalaya
25.527642,91.05137,0,Meghalaya
27.988025,96.880242,0,Arunachal Pradesh
27.088194,93.939003,0,Assam
28.014382,94.825455,0,Arunachal Pradesh
27.86147,97.154643,0,Arunachal Pradesh
26.284142,93.229605,0,Assam
26.401659,90.164372,0,Assam
25.475354,92.605334,0,Assam
26.47515,92.627449,0,Assam
25.322822,90.512951,0,Meghalaya
27.895152,95.320643,0,Arunachal Pradesh
26.704465,90.330376,0,Assam
23.039727,92.548604,0,Mizoram
28.142414,93.05395,0,Arunachal Pradesh
27.475306,94.906893,0,Assam
27.677593,94.138068,0,Arunachal Pradesh
26.118908,93.89605,0,Assam
27.648151,93.594811,0,Arunachal Pradesh
24.71576,93.20685,0,Manipur
26.67301,93.183837,0,Assam
24.91682,94.088183,0,Manipur
26.218741,93.32945,0,Assam
25.888728,93.136687,0,Assam
24.920225,94.04579,0,Manipur
26.137122,94.073427,0,Nagaland
24.370533,92.718103,0,Mizoram
26.984377,95.118812,0,Assam
27.701398,88.193346,0,Sikkim
26.979704,92.639546,0,Assam
26.079523,94.565698,0,Nagaland
26.325681,89.975514,0,Assam
27.221904,88.079568,0,Sikkim
24.710463,93.479542,0,Manipur
25.975657,90.012568,0,Assam
27.541226,96.615735,0,Arunachal Pradesh
26.126421,90.657812,0,Assam
23.143156,92.814889,0,Mizoram
26.51292,89.907353,0,Assam
26.842481,93.68433,0,Assam
24.993231,92.823589,0,Assam
27.530385,95.576363,0,Assam
27.563947,93.372599,0,Arunachal Pradesh
27.014054,95.842341,0,Arunachal Pradesh
28.095181,96.347363,0,Arunachal Pradesh
26.206075,93.898191,0,Assam
24.27233,92.816955,0,Mizoram
25.699928,91.151481,0,Meghalaya
27.358462,94.780194,0,Assam
24.880821,92.316703,0,Assam
28.870038,95.099029,0,Arunachal Pradesh
26.431053,92.526253,0,Assam
26.960003,95.485811,0,Arunachal Pradesh
29.174005,94.862977,0,Arunachal Pradesh
27.906297,96.965665,0,Arunachal Pradesh
28.954511,96.28756,0,Arunachal Pradesh
27.282695,96.250759,0,Arunachal Pradesh
28.038688,94.495668,0,Arunachal Pradesh
28.389729,93.306842,0,Arunachal Pradesh
27.230353,93.266725,0,Arunachal Pradesh
27.325348,95.457238,0,Assam
26.009802,94.839009,0,Nagaland
26.751459,91.027198,0,Assam
26.30666,91.838377,0,Assam
28.633801,94.335696,0,Arunachal Pradesh
25.009299,94.364394,0,Manipur
25.998098,92.249812,0,Assam
28.636148,94.40789,0,Arunachal Pradesh
26.701662,91.224034,0,Assam
28.345324,95.013815,0,Arunachal Pradesh
28.146547,95.460191,0,Arunachal Pradesh
25.850267,93.126208,0,Assam
27.087841,94.966035,0,Assam
28.106474,92.929965,0,Arunachal Pradesh
27.596252,91.847748,0,Arunachal Pradesh
22.751339,92.755021,0,Mizoram
23.508803,91.657375,0,Tripura
26.377998,92.040698,0,Assam
26.566992,92.509933,0,Assam
27.212928,88.304128,0,Sikkim
22.67763,93.079399,0,Mizoram
26.607846,94.485477,0,Nagaland
22.145708,92.621508,0,Mizoram
27.325643,94.82096,0,Assam
28.980814,95.352621,0,Arunachal Pradesh
25.718592,92.190224,0,Assam
27.186584,92.366485,0,Arunachal Pradesh
27.194753,93.517876,0,Arunachal Pradesh
28.011962,95.304727,0,Arunachal Pradesh
27.753522,96.523697,0,Arunachal Pradesh
27.214045,92.192447,0,Arunachal Pradesh
27.161605,92.949275,0,Arunachal Pradesh
24.039032,92.464984,0,Mizoram
25.117893,93.251093,0,Assam
26.942066,93.374608,0,Assam
23.919404,91.521721,0,Tripura
27.885493,88.640467,0,Sikkim
23.687919,93.273514,0,Mizoram
27.87111,88.576309,0,Sikkim
28.416728,96.667729,0,Arunachal Pradesh
25.54295,92.47534,0,Meghalaya
26.014587,93.966617,0,Nagaland
23.799449,93.334531,0,Mizoram
28.260078,95.094846,0,Arunachal Pradesh
23.635943,91.412728,0,Tripura
28.945004,94.326277,0,Arunachal Pradesh
26.504025,91.685849,0,Assam
27.573998,96.162014,0,Arunachal Pradesh
28.628646,95.443174,0,Arunachal Pradesh
27.625337,94.085482,0,Arunachal Pradesh
24.721021,94.041855,0,Manipur
25.435877,91.709267,0,Meghalaya
28.842131,95.596814,0,Arunachal Pradesh
25.96859,90.865374,0,Assam
27.172424,94.484166,0,Assam
26.259821,94.226188,0,Nagaland
24.516986,92.615558,0,Assam
26.691641,92.872401,0,Assam
24.296037,92.83969,0,Mizoram
28.767676,96.527465,0,Arunachal Pradesh
24.562918,93.333192,0,Manipur
25.037246,92.878739,0,Assam
27.7223,94.208349,0,Arunachal Pradesh
24.660557,94.471492,0,Manipur
24.356928,93.114732,0,Manipur
25.680082,94.098984,0,Nagaland
25.585163,90.321428,0,Meghalaya
26.21618,90.557445,0,Assam
23.04138,93.064276,0,Mizoram
28.059464,97.098106,0,Arunachal Pradesh
26.210643,90.61715,0,Assam
25.525142,93.608223,0,Nagaland
23.960101,93.168454,0,Mizoram
28.907132,95.381158,0,Arunachal Pradesh
24.026024,93.881669,0,Manipur
23.674673,92.052719,0,Tripura
26.234451,93.824813,0,Assam
26.098975,90.519799,0,Assam
24.323628,93.217521,0,Manipur
22.660146,92.583423,0,Mizoram
26.302338,90.912352,0,Assam
24.850333,93.650004,0,Manipur
27.301684,88.783151,0,Sikkim
27.502923,92.172341,0,Arunachal Pradesh
26.568871,91.626619,0,Assam
26.013547,91.586075,0,Meghalaya
27.882404,92.632896,0,Arunachal Pradesh
24.363984,92.93762,0,Mizoram
26.573273,92.703516,0,Assam
27.200114,93.661634,0,Arunachal Pradesh
23.812227,91.820522,0,Tripura
25.475056,93.656766,0,Nagaland
25.63494,91.593674,0,Meghalaya
28.782505,94.820019,0,Arunachal Pradesh
26.44885,94.07578,0,Assam
28.306224,95.628126,0,Arunachal Pradesh
24.146281,92.271735,0,Tripura
25.857334,90.941532,0,Meghalaya
27.666204,92.360442,0,Arunachal Pradesh
26.757645,90.345691,0,Assam
24.9129,94.381453,0,Manipur
24.979742,93.102446,0,Assam
27.346319,93.704535,0,Arunachal Pradesh
27.596747,95.056582,0,Assam
25.008189,92.933249,0,Assam
25.700937,92.74225,0,Assam
24.70582,93.650774,0,Manipur
26.488666,90.817857,0,Assam
26.744983,92.106631,0,Assam
27.57864,95.443707,0,Assam
24.212654,94.113969,0,Manipur
25.244109,90.146932,0,Meghalaya
25.449739,92.588299,0,Meghalaya
25.069312,92.367607,0,Meghalaya
28.884546,96.445004,0,Arunachal Pradesh
24.849231,92.384435,0,Assam
25.201635,94.154962,0,Manipur
24.610039,93.636092,0,Manipur
25.530711,92.830699,0,Assam
24.59279,92.519513,0,Assam
25.861723,90.068177,0,Meghalaya
24.084375,93.857346,0,Manipur
27.687121,92.595265,0,Arunachal Pradesh
27.805039,88.352218,0,Sikkim
26.202342,94.862189,0,Nagaland
25.250396,94.222498,0,Manipur
26.2245,89.84068,0,Assam
25.904004,94.263157,0,Nagaland
28.226872,94.289576,0,Arunachal Pradesh
27.077235,93.556593,0,Arunachal Pradesh
27.797424,95.590963,0,Assam
23.988505,92.090986,0,Tripura
24.671891,93.109405,0,Manipur
26.535154,90.705289,0,Assam
25.647667,93.092119,0,Assam
26.8166,95.608914,0,Arunachal Pradesh
28.162139,94.457939,0,Arunachal Pradesh
26.244838,91.370688,0,Assam
28.122044,93.787694,0,Arunachal Pradesh
25.899325,93.797769,0,Assam
26.78269,90.456311,0,Assam
27.125631,93.71362,0,Arunachal Pradesh
27.169859,94.263788,0,Assam
24.150047,92.796052,0,Mizoram
24.958636,94.64591,0,Manipur
27.737748,88.702729,0,Sikkim
26.299574,94.477343,0,Nagaland
25.501512,89.984306,0,Meghalaya
26.894566,92.690212,0,Assam
24.309108,91.982645,0,Tripura
25.60436,91.921096,0,Meghalaya
27.364596,96.541529,0,Arunachal Pradesh
27.293709,93.949145,0,Arunachal Pradesh
27.483213,94.204161,0,Assam
25.935311,92.75944,0,Assam
26.547585,93.769837,0,Assam
26.057638,94.772346,0,Nagaland
27.627922,93.077283,0,Arunachal Pradesh
26.659105,91.841523,0,Assam
28.931972,96.268231,0,Arunachal Pradesh
25.321214,93.567066,0,Nagaland
25.934361,90.506921,0,Meghalaya
25.716178,91.930065,0,Meghalaya
27.92035,96.967284,0,Arunachal Pradesh
24.244504,94.028878,0,Manipur
24.104168,94.228818,0,Manipur
26.042135,91.101239,0,Assam
26.888002,90.439494,0,Assam
25.067624,94.327733,0,Manipur
26.06936,93.110442,0,Assam
28.359867,96.221104,0,Arunachal Pradesh
27.91882,95.332221,0,Arunachal Pradesh
23.364695,91.658629,0,Tripura
27.398695,96.895308,0,Arunachal Pradesh
25.869216,91.228276,0,Assam
27.635318,91.671767,0,Arunachal Pradesh
27.567419,95.283324,0,Assam
25.067308,94.110636,0,Manipur
29.237037,95.885484,0,Arunachal Pradesh
26.64333,91.215135,0,Assam
23.09178,91.580609,0,Tripura
28.483853,94.703657,0,Arunachal Pradesh
26.013861,93.184601,0,Assam
28.047894,96.089791,0,Arunachal Pradesh
26.285212,93.172645,0,Assam
24.179344,93.204891,0,Manipur
27.601794,96.4289,0,Arunachal Pradesh
25.471369,92.496186,0,Meghalaya
26.018814,91.407141,0,Assam
26.386751,90.496734,0,Assam
27.916416,93.287839,0,Arunachal Pradesh
26.222396,94.108464,0,Nagaland
22.386865,93.15974,0,Mizoram
26.819369,91.962676,0,Assam
23.378729,91.824683,0,Tripura
27.088273,94.886518,0,Assam
27.337895,94.140118,0,Assam
28.478557,95.397392,0,Arunachal Pradesh
27.060024,94.212194,0,Assam
23.837406,92.124616,0,Tripura
28.214314,95.357868,0,Arunachal Pradesh
27.679548,92.460998,0,Arunachal Pradesh
29.191313,95.903805,0,Arunachal Pradesh
25.555111,90.547095,0,Meghalaya
26.795908,95.354246,0,Arunachal Pradesh
26.770833,93.199061,0,Assam
23.857725,91.498381,0,Tripura
24.274705,92.86754,0,Mizoram
26.108432,94.495316,0,Nagaland
26.672684,93.522871,0,Assam
24.625942,93.325678,0,Manipur
26.640866,91.583809,0,Assam
25.182375,92.648225,0,Meghalaya
27.130879,93.299541,0,Arunachal Pradesh
28.661448,96.376969,0,Arunachal Pradesh
26.442967,90.36545,0,Assam
29.001386,95.02908,0,Arunachal Pradesh
25.522465,90.279842,0,Meghalaya
27.423902,95.131628,0,Assam
27.928572,97.340108,0,Arunachal Pradesh
23.66595,92.7474,0,Mizoram
28.974166,94.558688,0,Arunachal Pradesh
26.126603,95.094035,0,Nagaland
26.595914,92.237575,0,Assam
27.401921,88.308364,0,Sikkim
27.667952,95.124699,0,Assam
28.213784,94.479141,0,Arunachal Pradesh
25.210938,91.914063,0,Meghalaya
27.311448,94.721487,0,Assam
25.349691,91.114981,0,Meghalaya
26.502857,90.980374,0,Assam
27.947988,96.719258,0,Arunachal Pradesh
27.935191,93.477844,0,Arunachal Pradesh
25.955434,94.940582,0,Nagaland
28.086481,94.709754,0,Arunachal Pradesh
27.95281,96.245338,0,Arunachal Pradesh
28.17232,93.172372,0,Arunachal Pradesh
27.19896,95.439042,0,Assam
26.492241,95.048389,0,Nagaland
24.101358,93.088762,0,Manipur
27.71984,92.921515,0,Arunachal Pradesh
26.618557,90.728881,0,Assam
25.929036,92.861996,0,Assam
26.177137,91.821284,0,Assam
27.315706,88.405963,0,Sikkim
27.859341,93.822737,0,Arunachal Pradesh
22.422946,92.97885,0,Mizoram
27.182922,88.628356,0,Sikkim
24.16132,93.831983,0,Manipur
27.438105,94.305965,0,Assam
25.916135,94.82989,0,Nagaland
28.126614,96.2232,0,Arunachal Pradesh
27.642104,95.065509,0,Assam
23.664067,91.803384,0,Tripura
24.498327,94.364772,0,Manipur
28.071562,93.424325,0,Arunachal Pradesh
27.439823,95.269915,0,Assam
26.125124,91.475235,0,Assam
23.283073,92.721731,0,Mizoram
23.609879,91.722923,0,Tripura
27.368113,92.959016,0,Arunachal Pradesh
26.687936,93.589853,0,Assam
27.383986,96.048062,0,Arunachal Pradesh
25.739768,93.764304,0,Nagaland
25.41485,91.672354,0,Meghalaya
25.00457,92.719039,0,Assam
28.442543,93.206612,0,Arunachal Pradesh
27.229538,92.451965,0,Arunachal Pradesh
27.749043,92.956666,0,Arunachal Pradesh
25.99823,90.708754,0,Assam
27.633548,93.5263,0,Arunachal Pradesh
29.026435,94.808508,0,Arunachal Pradesh
25.747039,93.714417,0,Nagaland
28.391829,94.549645,0,Arunachal Pradesh
25.851105,90.775613,0,Meghalaya
27.562986,91.840692,0,Arunachal Pradesh
24.91651,92.64094,0,Assam
27.160659,88.448127,0,Sikkim
23.32032,92.797932,0,Mizoram
25.593011,93.389845,0,Nagaland
26.113387,90.870162,0,Assam
27.484061,96.592455,0,Arunachal Pradesh
25.006525,92.981545,0,Assam
26.439406,91.799397,0,Assam
26.639848,91.967506,0,Assam
28.484418,95.608647,0,Arunachal Pradesh
28.188667,94.186352,0,Arunachal Pradesh
27.655926,94.045138,0,Arunachal Pradesh
27.026865,95.025332,0,Assam
28.368686,95.166955,0,Arunachal Pradesh
26.732365,93.457887,0,Assam
24.155723,93.326846,0,Manipur
28.618067,95.272383,0,Arunachal Pradesh
27.902805,93.36578,0,Arunachal Pradesh
29.114401,96.067061,0,Arunachal Pradesh
28.01403,95.901158,0,Arunachal Pradesh
25.083639,92.310096,0,Meghalaya
26.506242,90.156698,0,Assam
26.163227,94.190939,0,Nagaland
27.840924,95.575888,0,Assam
27.683099,91.831132,0,Arunachal Pradesh
26.251732,93.188414,0,Assam
26.684017,91.25287,0,Assam
28.026558,93.293513,0,Arunachal Pradesh
27.70858,96.306327,0,Arunachal Pradesh
28.335282,95.28033,0,Arunachal Pradesh
28.205583,96.046401,0,Arunachal Pradesh
26.458538,92.843269,0,Assam
28.136306,95.754266,0,Arunachal Pradesh
25.276377,93.487808,0,Nagaland
25.271721,92.668138,0,Meghalaya
24.533095,93.618001,0,Manipur
27.396234,96.213839,0,Arunachal Pradesh
28.885165,95.777255,0,Arunachal Pradesh
27.793238,88.640234,0,Sikkim
25.456089,91.784894,0,Meghalaya
23.587243,91.582944,0,Tripura
26.050034,92.409236,0,Assam
26.399554,90.899229,0,Assam
24.083122,92.065477,0,Tripura
28.201598,94.423975,0,Arunachal Pradesh
25.960243,91.757137,0,Meghalaya
25.700422,94.977365,0,Nagaland
28.549152,94.01988,0,Arunachal Pradesh
27.46818,93.146216,0,Arunachal Pradesh
27.443198,92.630884,0,Arunachal Pradesh
28.322582,96.253272,0,Arunachal Pradesh
27.209014,92.276181,0,Arunachal Pradesh
24.403966,93.376466,0,Manipur
25.377315,91.753103,0,Meghalaya
27.754337,93.564613,0,Arunachal Pradesh
25.175887,90.536548,0,Meghalaya
24.113552,93.736912,0,Manipur
26.92455,94.87133,0,Assam
27.143501,93.635965,0,Arunachal Pradesh
24.136608,92.781814,0,Mizoram
26.677719,92.827354,0,Assam
24.074131,94.097042,0,Manipur
26.04687,92.260105,0,Meghalaya
24.008912,93.799158,0,Manipur
24.833558,93.015287,0,Assam
25.657139,93.434618,0,Assam
27.88948,95.060541,0,Arunachal Pradesh
27.069418,93.014755,0,Arunachal Pradesh
27.903608,94.426701,0,Arunachal Pradesh
27.626368,96.170025,0,Arunachal Pradesh
25.376636,91.132162,0,Meghalaya
27.504399,94.437858,0,Assam
27.882008,95.972195,0,Arunachal Pradesh
27.376912,95.170845,0,Assam
27.106105,93.727288,0,Arunachal Pradesh
27.058432,92.59763,0,Arunachal Pradesh
26.282222,92.828337,0,Assam
25.584453,92.536047,0,Meghalaya
26.319944,94.636779,0,Nagaland
24.399264,92.277149,0,Assam
28.092761,96.342162,0,Arunachal Pradesh
23.732326,92.943161,0,Mizoram
26.781547,94.565709,0,Assam
25.376617,91.338811,0,Meghalaya
23.984693,92.505932,0,Mizoram
28.031447,95.618309,0,Arunachal Pradesh
27.902783,92.773148,0,Arunachal Pradesh
25.268007,92.240515,0,Meghalaya
24.482972,92.644101,0,Assam
26.014186,94.304268,0,Nagaland
26.367691,91.204164,0,Assam
27.935196,97.079509,0,Arunachal Pradesh
28.581578,96.012336,0,Arunachal Pradesh
27.972969,88.41538,0,Sikkim
23.667788,91.514076,0,Tripura
28.586049,96.260122,0,Arunachal Pradesh
27.955589,95.787315,0,Assam
26.121028,93.962938,0,Assam
24.822971,92.945672,0,Assam
25.699866,92.624525,0,Assam
29.394173,96.006027,0,Arunachal Pradesh
25.319205,90.100061,0,Meghalaya
25.259445,94.003517,0,Manipur
25.818245,91.455703,0,Meghalaya
23.514089,91.479583,0,Tripura
28.08386,93.120267,0,Arunachal Pradesh
22.595485,92.888229,0,Mizoram
26.664312,91.426498,0,Assam
24.791678,92.560638,0,Assam
29.030481,96.122554,0,Arunachal Pradesh
26.595653,91.071597,0,Assam
27.776517,92.815345,0,Arunachal Pradesh
25.35359,94.308682,0,Manipur
23.30714,93.176758,0,Mizoram
27.421184,95.412566,0,Assam
26.567037,93.341273,0,Assam
28.574569,94.978099,0,Arunachal Pradesh
26.886421,95.527171,0,Arunachal Pradesh
26.759311,93.513324,0,Assam
26.084248,90.233423,0,Assam
27.226766,94.153906,0,Assam
26.287043,90.310969,0,Assam
24.258481,93.238521,0,Manipur
25.620985,91.940596,0,Meghalaya
27.487499,94.071997,0,Arunachal Pradesh
27.772098,95.633966,0,Assam
27.396547,93.758078,0,Arunachal Pradesh
28.416943,95.766567,0,Arunachal Pradesh
25.685691,92.96643,0,Assam
26.141846,93.460697,0,Assam
28.434734,95.444284,0,Arunachal Pradesh
23.244026,93.163648,0,Mizoram
26.505104,93.222219,0,Assam
25.747512,92.88769,0,Assam
24.568936,93.360513,0,Manipur
23.329745,92.847367,0,Mizoram
24.907849,94.004507,0,Manipur
28.376088,95.670715,0,Arunachal Pradesh
28.702367,94.855546,0,Arunachal Pradesh
27.432198,95.337445,0,Assam
24.560918,93.529331,0,Manipur
26.860137,92.505508,0,Assam
23.523619,92.431505,0,Mizoram
25.404552,94.596506,0,Manipur
26.908514,92.398192,0,Assam
27.381266,92.209599,0,Arunachal Pradesh
28.905498,94.232852,0,Arunachal Pradesh
28.957214,95.15631,0,Arunachal Pradesh
26.628485,89.873186,0,Assam
25.187082,93.388363,0,Manipur
25.975043,91.183266,0,Assam
25.366911,94.219875,0,Manipur
28.045502,96.255429,0,Arunachal Pradesh
27.080548,95.437246,0,Arunachal Pradesh
27.212884,93.571837,0,Arunachal Pradesh
28.259138,94.795537,0,Arunachal Pradesh
27.525106,88.632934,0,Sikkim
28.001121,94.171172,0,Arunachal Pradesh
25.67709,94.541593,0,Nagaland
27.799117,96.360995,0,Arunachal Pradesh
25.664288,90.182046,0,Meghalaya
27.34997,88.590641,0,Sikkim
27.091137,95.793815,0,Arunachal Pradesh
25.675803,91.824637,0,Meghalaya
27.035594,92.175017,0,Arunachal Pradesh
25.54925,90.325788,0,Meghalaya
25.207675,90.372809,0,Meghalaya
27.940138,95.242841,0,Arunachal Pradesh
22.231521,92.845943,0,Mizoram
25.829819,93.129742,0,Assam
26.983861,95.64875,0,Arunachal Pradesh
27.357132,88.29888,0,Sikkim
23.411247,92.369074,0,Mizoram
25.416604,90.329599,0,Meghalaya
25.933995,91.407074,0,Assam
23.307692,93.324884,0,Mizoram
25.914639,93.010534,0,Assam
23.849819,92.049732,0,Tripura
28.503896,94.320588,0,Arunachal Pradesh
28.859782,95.7451,0,Arunachal Pradesh
23.853284,92.143657,0,Tripura
25.888251,93.513046,0,Assam
27.204241,95.821315,0,Arunachal Pradesh
24.277596,92.012869,0,Tripura
26.375164,91.117637,0,Assam
27.923914,95.110661,0,Arunachal Pradesh
26.346945,94.170672,0,Assam
27.320332,88.65105,0,Sikkim
28.396669,95.131259,0,Arunachal Pradesh
23.968695,93.944789,0,Manipur
25.716811,93.751926,0,Nagaland
28.124166,95.816032,0,Arunachal Pradesh
26.81703,94.01818,0,Assam
26.382712,89.879883,0,Assam
28.06361,94.453182,0,Arunachal Pradesh
26.128523,91.605427,0,Assam
26.32662,93.606808,0,Assam
28.796675,94.70071,0,Arunachal Pradesh
28.109882,92.858993,0,Arunachal Pradesh
23.230945,93.09381,0,Mizoram
27.954638,96.883778,0,Arunachal Pradesh
26.241566,95.071457,0,Nagaland
28.600099,93.610123,0,Arunachal Pradesh
25.985229,94.883738,0,Nagaland
28.347602,95.67679,0,Arunachal Pradesh
25.801924,91.359411,0,Meghalaya
25.754531,92.151904,0,Meghalaya
25.501865,92.471091,0,Meghalaya
27.896519,93.562707,0,Arunachal Pradesh
25.12707,93.651747,0,Manipur
24.448477,93.259611,0,Manipur
28.598718,94.02868,0,Arunachal Pradesh
26.529525,90.673067,0,Assam
23.811394,91.619617,0,Tripura
26.54442,90.501896,0,Assam
28.152825,95.157224,0,Arunachal Pradesh
26.023745,91.834892,0,Meghalaya
27.880571,93.407037,0,Arunachal Pradesh
25.963556,90.099281,0,Assam
25.716606,93.020045,0,Assam
28.565354,93.785033,0,Arunachal Pradesh
25.137906,93.424709,0,Manipur
27.394598,95.125632,0,Assam
28.072626,93.649757,0,Arunachal Pradesh
26.126655,90.404893,0,Assam
24.965942,93.344514,0,Manipur
27.626657,88.606256,0,Sikkim
27.75305,95.039459,0,Assam
27.60711,93.072093,0,Arunachal Pradesh
26.054486,93.939265,0,Assam
28.259805,95.413179,0,Arunachal Pradesh
26.579522,93.144241,0,Assam
27.996637,93.073631,0,Arunachal Pradesh
26.595153,91.733334,0,Assam
27.054067,94.803127,0,Assam
24.659271,92.503515,0,Assam
24.811097,94.56444,0,Manipur
28.017239,95.262916,0,Arunachal Pradesh
24.206337,94.135177,0,Manipur
27.513426,95.396636,0,Assam
25.213117,93.246118,0,Assam
22.316353,92.689145,0,Mizoram
27.889292,88.147278,0,Sikkim
27.829189,93.38203,0,Arunachal Pradesh
27.834926,96.246151,0,Arunachal Pradesh
26.517599,91.15214,0,Assam
27.022041,94.543774,0,Assam
27.947158,97.067698,0,Arunachal Pradesh
25.506932,94.53585,0,Manipur
27.688395,91.784178,0,Arunachal Pradesh
24.876224,93.777445,0,Manipur
25.831457,93.026677,0,Assam
24.920908,92.865565,0,Assam
28.860275,94.878945,0,Arunachal Pradesh
23.655765,92.512587,0,Mizoram
26.370859,91.262288,0,Assam
27.603729,91.639722,0,Arunachal Pradesh
23.932351,91.4764,0,Tripura
24.271287,92.844749,0,Mizoram
29.08983,95.085518,0,Arunachal Pradesh
24.239228,92.047404,0,Tripura
27.733114,92.218609,0,Arunachal Pradesh
27.482712,93.791579,0,Arunachal Pradesh
28.078162,93.848109,0,Arunachal Pradesh
27.691017,95.284173,0,Assam
27.526231,94.042941,0,Arunachal Pradesh
22.171123,92.611889,0,Mizoram
23.217306,91.579912,0,Tripura
26.869922,94.726373,0,Assam
24.852753,93.716035,0,Manipur
26.721562,91.10466,0,Assam
25.725882,94.773092,0,Nagaland
28.436575,96.076498,0,Arunachal Pradesh
27.511516,95.418466,0,Assam
27.322233,92.850823,0,Arunachal Pradesh
25.508604,91.738142,0,Meghalaya
25.157346,90.472015,0,Meghalaya
24.661647,93.042388,0,Assam
27.627005,94.463379,0,Arunachal Pradesh
26.978771,95.537043,0,Arunachal Pradesh
26.423647,90.277149,0,Assam
26.915195,92.734604,0,Assam
27.474149,96.22968,0,Arunachal Pradesh
26.352674,92.013071,0,Assam
23.106582,92.848851,0,Mizoram
26.295848,90.968829,0,Assam
25.322289,90.590351,0,Meghalaya
26.442168,94.864398,0,Nagaland
28.198897,96.515693,0,Arunachal Pradesh
26.398334,94.110454,0,Assam
25.702761,94.212295,0,Nagaland
22.31164,92.850651,0,Mizoram
27.145446,88.165349,0,Sikkim
25.206062,91.640384,0,Meghalaya
26.69174,92.787097,0,Assam
26.140312,94.324557,0,Nagaland
26.102111,90.223643,0,Assam
22.296502,92.809767,0,Mizoram
25.109502,92.54893,0,Assam
28.383831,95.072862,0,Arunachal Pradesh
28.202028,93.546459,0,Arunachal Pradesh
25.232887,93.542931,0,Manipur
25.22067,94.489618,0,Manipur
22.053262,92.926879,0,Mizoram
27.661301,95.279021,0,Assam
26.066004,92.053602,0,Assam
26.210752,93.035014,0,Assam
27.847212,93.717847,0,Arunachal Pradesh
26.003545,92.975402,0,Assam
25.853805,93.258129,0,Assam
27.073673,92.986534,0,Arunachal Pradesh
27.822208,94.036578,0,Arunachal Pradesh
28.194347,93.439393,0,Arunachal Pradesh
24.465843,92.345856,0,Assam
25.378763,92.341956,0,Meghalaya
26.989654,94.649754,0,Assam
27.84079,93.67263,0,Arunachal Pradesh
26.519943,90.6476,0,Assam
26.362525,91.154634,0,Assam
28.814301,96.300259,0,Arunachal Pradesh
25.598433,90.772793,0,Meghalaya
27.285742,95.819543,0,Assam
27.466444,88.182123,0,Sikkim
23.530054,92.330558,0,Mizoram
23.276831,92.430623,0,Mizoram
28.087405,96.898872,0,Arunachal Pradesh
27.921942,96.700296,0,Arunachal Pradesh
25.563541,91.520074,0,Meghalaya
27.193236,93.299757,0,Arunachal Pradesh
28.290705,93.75061,0,Arunachal Pradesh
27.538323,96.285881,0,Arunachal Pradesh
23.442283,93.366065,0,Mizoram
24.302498,92.056342,0,Tripura
27.849439,92.751909,0,Arunachal Pradesh
24.402733,93.293328,0,Manipur
26.403641,92.414853,0,Assam
28.451489,93.399648,0,Arunachal Pradesh
29.159915,94.900149,0,Arunachal Pradesh
28.043075,95.577657,0,Arunachal Pradesh
26.165689,91.319403,0,Assam
27.4217,95.379287,0,Assam
25.88375,92.128373,0,Meghalaya
24.992785,92.994064,0,Assam
26.046702,90.578766,0,Assam
26.063888,89.833749,0,Assam
28.946275,96.388195,0,Arunachal Pradesh
26.057934,92.744386,0,Assam
25.292952,91.15205,0,Meghalaya
24.02246,92.189318,0,Tripura
24.592465,93.839503,0,Manipur
24.448473,93.096553,0,Manipur
27.20695,92.650425,0,Arunachal Pradesh
26.952914,94.880571,0,Assam
28.634208,93.653502,0,Arunachal Pradesh
27.228474,88.519806,0,Sikkim
28.502051,93.33202,0,Arunachal Pradesh
29.214675,96.270801,0,Arunachal Pradesh
27.105775,94.166659,0,Assam
26.709332,90.452997,0,Assam
27.697246,92.640349,0,Arunachal Pradesh
28.295855,94.632063,0,Arunachal Pradesh
26.084892,92.371332,0,Assam
24.695707,93.557604,0,Manipur
27.133137,88.127064,0,Sikkim
27.198615,92.773551,0,Arunachal Pradesh
26.657738,93.114592,0,Assam
28.652449,93.797191,0,Arunachal Pradesh
26.207848,91.526261,0,Assam
26.787667,93.442183,0,Assam
28.143252,96.604515,0,Arunachal Pradesh
25.533665,94.753748,0,Nagaland
27.173946,88.426792,0,Sikkim
25.544814,90.283846,0,Meghalaya
29.137943,94.749307,0,Arunachal Pradesh
26.231884,94.237502,0,Nagaland
26.312992,90.72887,0,Assam
24.777133,92.625908,0,Assam
28.17482,93.96179,0,Arunachal Pradesh
23.859928,91.579686,0,Tripura
23.595318,91.702825,0,Tripura
27.616358,92.304052,0,Arunachal Pradesh
28.417617,96.070589,0,Arunachal Pradesh
25.127244,93.592476,0,Manipur
28.580188,94.320453,0,Arunachal Pradesh
28.598543,95.507773,0,Arunachal Pradesh
22.525086,92.906837,0,Mizoram
25.427299,92.354864,0,Meghalaya
23.301721,93.189512,0,Mizoram
27.379686,96.565537,0,Arunachal Pradesh
26.196267,94.464837,0,Nagaland
27.75608,92.089684,0,Arunachal Pradesh
23.531287,92.742065,0,Mizoram
26.081081,91.503968,0,Assam
25.480567,94.501235,0,Manipur
23.718661,91.205416,0,Tripura
28.023199,93.041427,0,Arunachal Pradesh
24.765549,93.159037,0,Manipur
23.205305,92.84341,0,Mizoram
25.978852,93.794073,0,Assam
28.251888,93.890242,0,Arunachal Pradesh
25.607224,90.620277,0,Meghalaya
22.765679,92.946694,0,Mizoram
26.473974,91.395609,0,Assam
25.688145,94.751968,0,Nagaland
25.068639,93.63589,0,Manipur
26.516683,91.566874,0,Assam
28.120149,94.986367,0,Arunachal Pradesh
24.701239,92.722835,0,Assam
24.713896,93.250139,0,Manipur
28.272599,95.920449,0,Arunachal Pradesh
28.645057,95.092301,0,Arunachal Pradesh
24.903113,92.826784,0,Assam
26.877239,90.406991,0,Assam
25.187357,92.157748,0,Meghalaya
25.353907,91.555675,0,Meghalaya
27.173754,94.165434,0,Assam
28.338193,94.396987,0,Arunachal Pradesh
25.650254,93.030362,0,Assam
27.508499,93.819054,0,Arunachal Pradesh
27.077964,93.660051,0,Arunachal Pradesh
23.741907,91.197577,0,Tripura
23.632713,93.009942,0,Mizoram
28.027873,95.676015,0,Arunachal Pradesh
28.324564,95.856669,0,Arunachal Pradesh
24.993058,92.985249,0,Assam
25.45392,91.488613,0,Meghalaya
28.834807,94.853726,0,Arunachal Pradesh
23.96122,93.311576,0,Mizoram
25.353275,91.122275,0,Meghalaya
28.724553,95.270401,0,Arunachal Pradesh
23.745724,91.401166,0,Tripura
25.493684,91.497298,0,Meghalaya
24.371634,93.614547,0,Manipur
25.350783,90.264041,0,Meghalaya
29.021607,96.447088,0,Arunachal Pradesh
23.59582,93.338421,0,Mizoram
28.125972,96.850242,0,Arunachal Pradesh
27.94203,96.527773,0,Arunachal Pradesh
27.047968,94.127275,0,Assam
28.080186,94.104882,0,Arunachal Pradesh
28.527558,95.501128,0,Arunachal Pradesh
25.349022,92.192853,0,Meghalaya
24.952698,93.439322,0,Manipur
27.683753,88.450787,0,Sikkim
28.075845,94.595227,0,Arunachal Pradesh
28.957414,95.661302,0,Arunachal Pradesh
27.150223,97.108878,0,Arunachal Pradesh
24.582118,93.863566,0,Manipur
28.381804,94.839533,0,Arunachal Pradesh
29.212777,94.772621,0,Arunachal Pradesh
27.741444,94.028097,0,Arunachal Pradesh
27.202986,92.173905,0,Arunachal Pradesh
25.504922,91.430288,0,Meghalaya
28.671226,94.531555,0,Arunachal Pradesh
27.824236,95.82981,0,Assam
25.757751,92.024695,0,Meghalaya
23.132105,92.765881,0,Mizoram
28.275458,94.275182,0,Arunachal Pradesh
27.264254,92.09915,0,Arunachal Pradesh
26.717038,92.791187,0,Assam
27.338786,93.333743,0,Arunachal Pradesh
27.097755,94.263745,0,Assam
27.888184,96.445473,0,Arunachal Pradesh
23.983745,93.009415,0,Mizoram
25.641103,94.439255,0,Nagaland
24.312622,92.576934,0,Assam
29.08798,96.066471,0,Arunachal Pradesh
26.855971,95.271168,0,Arunachal Pradesh
27.844453,88.551284,0,Sikkim
27.891182,94.879421,0,Arunachal Pradesh
27.955363,93.358216,0,Arunachal Pradesh
25.162024,91.474442,0,Meghalaya
26.057627,91.030294,0,Assam
23.3313,91.375409,0,Tripura
27.598753,93.385447,0,Arunachal Pradesh
25.943674,91.805776,0,Meghalaya
24.995433,94.097,0,Manipur
25.877744,93.336762,0,Assam
25.581621,92.623774,0,Assam
27.019652,94.141823,0,Assam
29.193771,94.549982,0,Arunachal Pradesh
25.516007,93.039426,0,Assam
24.592296,93.132788,0,Manipur
28.984059,95.915011,0,Arunachal Pradesh
26.733548,95.39777,0,Arunachal Pradesh
25.372567,93.305229,0,Assam
26.164049,91.968699,0,Assam
25.215754,94.267292,0,Manipur
26.247838,91.781147,0,Assam
26.579451,93.324086,0,Assam
27.351286,93.592173,0,Arunachal Pradesh
23.493162,91.899705,0,Tripura
26.229181,93.272804,0,Assam
24.186802,92.098048,0,Tripura
28.889055,96.48343,0,Arunachal Pradesh
27.606909,93.550094,0,Arunachal Pradesh
28.540813,96.293454,0,Arunachal Pradesh
25.897346,90.492148,0,Meghalaya
26.887441,94.367317,0,Assam
23.039606,93.289407,0,Mizoram
26.496516,91.961774,0,Assam
27.73903,93.024512,0,Arunachal Pradesh
26.34725,92.455204,0,Assam
25.197533,90.626983,0,Meghalaya
28.133564,93.338443,0,Arunachal Pradesh
26.666343,93.486753,0,Assam
29.193828,95.904885,0,Arunachal Pradesh
25.178017,93.233191,0,Assam
28.884179,95.590733,0,Arunachal Pradesh
24.732051,93.107812,0,Manipur
25.383288,89.844528,0,Meghalaya
25.332435,90.193175,0,Meghalaya
25.736369,93.459447,0,Assam
27.968263,94.5283,0,Arunachal Pradesh
27.289121,94.133275,0,Assam
25.607381,94.241749,0,Nagaland
28.222029,95.475809,0,Arunachal Pradesh
27.613759,94.873171,0,Assam
25.465521,90.396681,0,Meghalaya
25.159444,94.313789,0,Manipur
27.591272,93.746311,0,Arunachal Pradesh
26.31802,90.182267,0,Assam
28.081667,95.246842,0,Arunachal Pradesh
25.390312,93.090364,0,Assam
27.957416,96.910418,0,Arunachal Pradesh
27.939417,95.622084,0,Assam
28.068568,88.562168,0,Sikkim
28.835967,94.801536,0,Arunachal Pradesh
27.781558,92.36075,0,Arunachal Pradesh
27.14032,94.04931,0,Assam
28.42937,93.659441,0,Arunachal Pradesh
26.016252,91.394286,0,Assam
24.494923,93.924557,0,Manipur
24.839602,94.480791,0,Manipur
25.756677,90.406867,0,Meghalaya
29.068236,94.964027,0,Arunachal Pradesh
26.660297,92.576003,0,Assam
27.730631,92.25546,0,Arunachal Pradesh
28.016024,93.208954,0,Arunachal Pradesh
27.945245,94.532431,0,Arunachal Pradesh
26.363444,91.326236,0,Assam
26.441869,91.349153,0,Assam
28.693788,94.923802,0,Arunachal Pradesh
27.572717,96.899122,0,Arunachal Pradesh
26.136157,90.360342,0,Assam
27.096033,94.396511,0,Assam
27.509497,96.555298,0,Arunachal Pradesh
25.272652,90.780118,0,Meghalaya
25.842711,92.733327,0,Assam
26.305898,92.79322,0,Assam
25.759339,91.561263,0,Meghalaya
26.546478,91.296521,0,Assam
25.679175,94.422304,0,Nagaland
26.716438,91.746809,0,Assam
24.322233,93.631356,0,Manipur
23.096101,91.384246,0,Tripura
26.250162,94.161428,0,Nagaland
27.21669,95.132797,0,Assam
25.22052,91.793457,0,Meghalaya
27.36021,92.367353,0,Arunachal Pradesh
27.379163,95.783479,0,Assam
26.804087,92.84772,0,Assam
27.66186,94.166894,0,Arunachal Pradesh
27.826135,95.803855,0,Assam
28.588696,94.242521,0,Arunachal Pradesh
25.991434,94.698284,0,Nagaland
26.126491,91.083652,0,Assam
26.743683,92.692196,0,Assam
27.77968,92.907967,0,Arunachal Pradesh
27.773151,95.052737,0,Assam
25.943051,93.762979,0,Nagaland
28.996789,94.900491,0,Arunachal Pradesh
28.45628,96.114418,0,Arunachal Pradesh
26.526406,91.831323,0,Assam
27.569387,96.813575,0,Arunachal Pradesh
23.395488,93.081505,0,Mizoram
25.924708,90.308624,0,Meghalaya
27.714717,95.329293,0,Assam
25.192703,93.032063,0,Assam
27.631782,95.745565,0,Assam
28.577997,96.374467,0,Arunachal Pradesh
28.58364,94.340556,0,Arunachal Pradesh
27.561771,91.843147,0,Arunachal Pradesh
26.718989,92.765804,0,Assam
29.191064,96.315595,0,Arunachal Pradesh
27.58479,96.595526,0,Arunachal Pradesh
23.805201,92.288421,0,Mizoram
26.521615,90.133182,0,Assam
27.421331,94.942175,0,Assam
27.691743,94.670254,0,Arunachal Pradesh
26.674962,91.983995,0,Assam
26.320127,91.492741,0,Assam
22.696026,93.071963,0,Mizoram
23.944949,94.16208,0,Manipur
25.286018,92.403231,0,Meghalaya
25.406806,91.864228,0,Meghalaya
22.772924,92.742395,0,Mizoram
24.189598,93.098204,0,Manipur
23.225577,91.626588,0,Tripura
26.581588,89.931363,0,Assam
28.646445,93.588527,0,Arunachal Pradesh
26.991146,93.674705,0,Arunachal Pradesh
24.181718,92.189357,0,Tripura
27.696096,92.479288,0,Arunachal Pradesh
26.382325,91.885418,0,Assam
26.596589,92.128583,0,Assam
26.17288,92.566259,0,Assam
26.42013,93.213155,0,Assam
26.237172,93.820066,0,Assam
27.981294,92.797773,0,Arunachal Pradesh
28.314332,95.551422,0,Arunachal Pradesh
25.389431,90.728862,0,Meghalaya
26.316543,91.760036,0,Assam
23.936069,93.029453,0,Mizoram
28.531518,95.5911,0,Arunachal Pradesh
29.364989,95.86833,0,Arunachal Pradesh
26.469351,90.737348,0,Assam
25.85414,90.387503,0,Meghalaya
26.01048,94.280227,0,Nagaland
26.417988,90.239901,0,Assam
27.872734,97.038109,0,Arunachal Pradesh
27.658016,94.782655,0,Assam
26.396685,91.803552,0,Assam
26.139181,90.764665,0,Assam
26.014282,92.132363,0,Meghalaya
29.394658,95.952714,0,Arunachal Pradesh
26.22591,92.073312,0,Assam
25.551364,92.73756,0,Assam
26.777234,91.908352,0,Assam
25.22275,93.758726,0,Manipur
24.313909,92.502857,0,Assam
24.437024,93.737167,0,Manipur
26.720513,90.037729,0,Assam
25.248254,94.215826,0,Manipur
24.866095,92.528366,0,Assam
27.093287,93.099766,0,Arunachal Pradesh
26.435172,91.07391,0,Assam
24.395424,93.660024,0,Manipur
25.494536,94.75377,0,Nagaland
25.426901,93.965778,0,Manipur
26.046008,93.051709,0,Assam
23.226738,93.221597,0,Mizoram
24.237502,93.506548,0,Manipur
24.546076,94.416634,0,Manipur
24.252422,92.226011,0,Assam
27.694994,92.445788,0,Arunachal Pradesh
24.623944,94.015801,0,Manipur
27.534422,92.98452,0,Arunachal Pradesh
25.615169,91.146198,0,Meghalaya
23.612639,93.0352,0,Mizoram
27.866807,88.79395,0,Sikkim
28.852166,94.069207,0,Arunachal Pradesh
23.257695,93.041144,0,Mizoram
28.913412,94.225107,0,Arunachal Pradesh
25.572275,94.864766,0,Nagaland
24.141649,92.509244,0,Mizoram
23.163641,91.574205,0,Tripura
26.27189,93.536675,0,Assam
26.527768,91.222202,0,Assam
27.887739,93.418743,0,Arunachal Pradesh
26.110172,93.015933,0,Assam
26.285796,92.521694,0,Assam
23.700745,93.006774,0,Mizoram
25.022642,93.091481,0,Assam
28.720461,95.072932,0,Arunachal Pradesh
27.39028,94.310634,0,Assam
25.236691,93.491347,0,Manipur
28.539069,93.286425,0,Arunachal Pradesh
28.63684,95.757318,0,Arunachal Pradesh
25.852754,91.288706,0,Assam
27.52349,96.900076,0,Arunachal Pradesh
27.442442,93.500447,0,Arunachal Pradesh
28.251203,95.962656,0,Arunachal Pradesh
26.751335,93.092847,0,Assam
26.309578,91.097279,0,Assam
28.042687,96.711995,0,Arunachal Pradesh
27.921669,95.437909,0,Arunachal Pradesh
25.675447,89.949889,0,Meghalaya
25.878874,91.690008,0,Meghalaya
27.404748,88.79258,0,Sikkim
27.599413,92.738724,0,Arunachal Pradesh
24.010434,93.07708,0,Mizoram
26.882237,95.485093,0,Arunachal Pradesh
28.289723,96.157605,0,Arunachal Pradesh
28.306379,93.397527,0,Arunachal Pradesh
24.727685,93.437324,0,Manipur
25.737557,90.95547,0,Meghalaya
27.618669,95.070821,0,Assam
27.576961,92.380581,0,Arunachal Pradesh
26.97439,95.239507,0,Arunachal Pradesh
27.542425,88.20011,0,Sikkim
29.351244,96.029427,0,Arunachal Pradesh
27.942712,95.780505,0,Assam
27.337461,96.055316,0,Arunachal Pradesh
27.863063,94.566029,0,Arunachal Pradesh
24.793221,92.676792,0,Assam
26.452452,92.803395,0,Assam
23.512847,93.355142,0,Mizoram
26.596183,90.287217,0,Assam
26.656009,94.633286,0,Nagaland
28.273499,97.192662,0,Arunachal Pradesh
26.836858,90.327787,0,Assam
28.11438,96.104095,0,Arunachal Pradesh
25.607741,90.26291,0,Meghalaya
25.598828,90.268319,0,Meghalaya
25.11465,93.132841,0,Assam
25.862844,90.78536,0,Meghalaya
23.858299,91.563028,0,Tripura
27.244265,88.658038,0,Sikkim
28.09725,93.045518,0,Arunachal Pradesh
26.05568,94.303931,0,Nagaland
25.35144,94.371177,0,Manipur
26.297628,92.983995,0,Assam
27.917469,93.577256,0,Arunachal Pradesh
23.897737,92.668404,0,Mizoram
28.844629,95.120771,0,Arunachal Pradesh
25.359396,93.78114,0,Manipur
28.195259,94.657702,0,Arunachal Pradesh
25.353135,92.627633,0,Meghalaya
28.006253,97.110529,0,Arunachal Pradesh
27.641358,95.427837,0,Assam
28.117011,95.900757,0,Arunachal Pradesh
27.702376,95.303971,0,Assam
25.73217,89.970136,0,Meghalaya
22.429267,92.926171,0,Mizoram
26.067072,92.650736,0,Assam
27.565,92.178544,0,Arunachal Pradesh
26.493536,94.756862,0,Nagaland
28.512773,95.776302,0,Arunachal Pradesh
28.671503,96.189796,0,Arunachal Pradesh
27.39001,93.75808,0,Arunachal Pradesh
25.415694,91.359868,0,Meghalaya
27.128905,94.50005,0,Assam
23.140881,93.323897,0,Mizoram
26.034029,95.068892,0,Nagaland
26.36062,92.389386,0,Assam
25.188381,91.608724,0,Meghalaya
23.063727,92.476577,0,Mizoram
27.805979,93.601502,0,Arunachal Pradesh
23.419587,93.382322,0,Mizoram
26.571001,92.349704,0,Assam
24.804963,93.093674,0,Assam
23.337133,92.671386,0,Mizoram
27.535413,95.283424,0,Assam
29.198123,95.605573,0,Arunachal Pradesh
27.65654,95.768292,0,Assam
26.363115,90.030387,0,Assam
28.988197,94.898888,0,Arunachal Pradesh
26.33021,94.878743,0,Nagaland
24.597605,94.04329,0,Manipur
28.165179,96.924242,0,Arunachal Pradesh
26.004405,91.387983,0,Assam
24.985047,93.093267,0,Assam
25.972877,93.715187,0,Assam
25.54472,91.90063,0,Meghalaya
23.966272,92.714493,0,Mizoram
27.486461,91.807001,0,Arunachal Pradesh
28.963894,95.195221,0,Arunachal Pradesh
29.032362,95.236994,0,Arunachal Pradesh
26.515261,89.907486,0,Assam
26.006532,90.178797,0,Assam
23.975188,92.805318,0,Mizoram
27.796286,93.386985,0,Arunachal Pradesh
26.664621,95.090662,0,Nagaland
26.319909,94.989098,0,Nagaland
27.760083,93.012798,0,Arunachal Pradesh
27.509306,94.844246,0,Assam
24.861631,93.819774,0,Manipur
27.456946,93.105342,0,Arunachal Pradesh
23.881823,92.524875,0,Mizoram
28.080696,96.67363,0,Arunachal Pradesh
29.112924,95.86211,0,Arunachal Pradesh
26.119146,94.236942,0,Nagaland
23.890287,91.484713,0,Tripura
27.653931,92.724351,0,Arunachal Pradesh
27.238682,93.483504,0,Arunachal Pradesh
27.366352,96.296434,0,Arunachal Pradesh
27.255889,95.627854,0,Assam
22.629429,93.07994,0,Mizoram
25.803381,94.147312,0,Nagaland
27.712847,93.619426,0,Arunachal Pradesh
25.708992,93.002889,0,Assam
24.438758,93.198252,0,Manipur
27.107468,93.172791,0,Arunachal Pradesh
28.655063,94.268959,0,Arunachal Pradesh
25.87136,93.29129,0,Assam
27.551639,94.812759,0,Assam
24.756695,93.016737,0,Assam
25.171538,92.691543,0,Assam
28.64717,95.672821,0,Arunachal Pradesh
27.613967,96.599244,0,Arunachal Pradesh
24.445386,93.859852,0,Manipur
26.650667,95.001856,0,Nagaland
23.060653,92.6357,0,Mizoram
26.142012,90.220322,0,Assam
25.636532,91.978014,0,Meghalaya
27.636115,96.850755,0,Arunachal Pradesh
24.855778,94.626497,0,Manipur
23.088815,91.774338,0,Tripura
25.502089,93.87401,0,Manipur
26.749937,93.447561,0,Assam
25.707498,92.809063,0,Assam
24.207875,92.556307,0,Mizoram
28.048781,96.135307,0,Arunachal Pradesh
27.501089,91.953764,0,Arunachal Pradesh
23.08669,91.56954,0,Tripura
27.708008,95.705381,0,Assam
23.411842,92.647352,0,Mizoram
25.937775,93.186696,0,Assam
28.008115,96.13442,0,Arunachal Pradesh
25.915488,94.818488,0,Nagaland
24.039511,94.183911,0,Manipur
25.91291,95.006109,0,Nagaland
22.696244,92.681322,0,Mizoram
28.504852,94.874563,0,Arunachal Pradesh
22.818888,92.476132,0,Mizoram
26.378022,95.039616,0,Nagaland
26.848674,92.398962,0,Assam
29.013691,95.162022,0,Arunachal Pradesh
26.582313,94.439901,0,Nagaland
22.681508,92.78149,0,Mizoram
28.30245,94.104031,0,Arunachal Pradesh
28.122389,93.992337,0,Arunachal Pradesh
25.929592,90.112953,0,Meghalaya
28.240135,94.367073,0,Arunachal Pradesh
27.321507,95.161017,0,Assam
28.55618,94.375067,0,Arunachal Pradesh
25.63082,90.374827,0,Meghalaya
23.64605,91.197694,0,Tripura
28.710875,96.127756,0,Arunachal Pradesh
27.010518,93.154722,0,Arunachal Pradesh
26.975848,94.135219,0,Assam
27.685456,93.675841,0,Arunachal Pradesh
28.313851,93.196612,0,Arunachal Pradesh
24.623081,94.425775,0,Manipur
27.13362,92.119727,0,Arunachal Pradesh
28.543812,95.049292,0,Arunachal Pradesh
28.252241,94.929266,0,Arunachal Pradesh
28.137259,96.422539,0,Arunachal Pradesh
28.65908,95.221096,0,Arunachal Pradesh
27.169327,94.619202,0,Assam
28.455237,93.840708,0,Arunachal Pradesh
24.111703,93.444799,0,Manipur
27.498601,96.59387,0,Arunachal Pradesh
28.032183,93.659129,0,Arunachal Pradesh
24.684952,92.48955,0,Assam
24.128586,91.661018,0,Tripura
28.982168,94.289527,0,Arunachal Pradesh
23.89359,92.700101,0,Mizoram
25.647898,92.233562,0,Meghalaya
27.697937,93.580054,0,Arunachal Pradesh
22.681058,92.691468,0,Mizoram
28.051816,95.179578,0,Arunachal Pradesh
23.649043,92.354074,0,Mizoram
23.095329,91.616061,0,Tripura
25.263051,91.378703,0,Meghalaya
27.378713,92.535455,0,Arunachal Pradesh
25.602718,90.047676,0,Meghalaya
25.394572,91.061101,0,Meghalaya
24.44113,93.301301,0,Manipur
24.199749,92.864851,0,Mizoram
24.779165,94.148105,0,Manipur
25.539191,89.957068,0,Meghalaya
25.921349,90.060603,0,Assam
28.230913,94.799874,0,Arunachal Pradesh
24.998847,93.722061,0,Manipur
24.900614,92.931793,0,Assam
27.811543,94.535588,0,Arunachal Pradesh
28.218482,92.945995,0,Arunachal Pradesh
27.525796,93.443137,0,Arunachal Pradesh
25.328443,91.036202,0,Meghalaya
25.704436,94.938154,0,Nagaland
28.231071,95.171583,0,Arunachal Pradesh
26.506364,92.619509,0,Assam
26.294416,92.005985,0,Assam
28.87585,95.151809,0,Arunachal Pradesh
28.624342,95.330976,0,Arunachal Pradesh
29.024645,94.454077,0,Arunachal Pradesh
23.624915,91.553855,0,Tripura
26.175783,90.102006,0,Assam
27.631372,94.98222,0,Assam
26.491041,90.070903,0,Assam
22.594843,93.097268,0,Mizoram
25.170445,93.306845,0,Assam
26.353112,95.052589,0,Nagaland
27.37966,88.232257,0,Sikkim
26.050175,92.765873,0,Assam
28.310627,95.096008,0,Arunachal Pradesh
27.320073,88.108495,0,Sikkim
27.784882,96.511555,0,Arunachal Pradesh
26.248037,90.44753,0,Assam
28.75752,95.622911,0,Arunachal Pradesh
28.694257,94.761124,0,Arunachal Pradesh
26.112282,92.752977,0,Assam
27.171619,93.279112,0,Arunachal Pradesh
23.168353,91.717228,0,Tripura
24.550172,93.064229,0,Assam
25.991731,95.030991,0,Nagaland
27.875423,95.830342,0,Assam
27.594682,95.345484,0,Assam
26.566878,93.762925,0,Assam
25.675998,90.294101,0,Meghalaya
25.56092,89.87447,0,Assam
26.420194,91.621498,0,Assam
25.564649,90.165813,0,Meghalaya
28.374472,96.887914,0,Arunachal Pradesh
25.768438,94.289839,0,Nagaland
28.640778,94.604191,0,Arunachal Pradesh
25.315927,92.014372,0,Meghalaya
25.951695,94.985922,0,Nagaland
28.412771,94.508904,0,Arunachal Pradesh
27.894665,96.771504,0,Arunachal Pradesh
27.47876,93.565252,0,Arunachal Pradesh
25.647589,93.114315,0,Assam
26.711821,92.067943,0,Assam
24.606395,93.259633,0,Manipur
26.587372,91.377437,0,Assam
26.948623,94.747006,0,Assam
27.843271,92.745104,0,Arunachal Pradesh
25.931817,94.924011,0,Nagaland
28.524425,95.346083,0,Arunachal Pradesh
24.594192,93.025499,0,Assam
28.967929,95.493437,0,Arunachal Pradesh
27.636647,91.82647,0,Arunachal Pradesh
23.3602,93.205868,0,Mizoram
28.568949,95.161264,0,Arunachal Pradesh
27.907474,96.903047,0,Arunachal Pradesh
26.255378,90.714745,0,Assam
27.870914,93.596471,0,Arunachal Pradesh
26.870444,93.704228,0,Assam
23.913906,91.758475,0,Tripura
29.186533,95.900754,0,Arunachal Pradesh
23.401611,91.408817,0,Tripura
26.599983,89.899892,0,Assam
24.817356,93.576397,0,Manipur
28.193719,95.04736,0,Arunachal Pradesh
25.896572,90.065308,0,Meghalaya
23.657972,93.393618,0,Mizoram
28.392675,94.207631,0,Arunachal Pradesh
25.526953,92.932201,0,Assam
26.633765,90.760281,0,Assam
25.261827,92.821633,0,Assam
26.572204,92.660105,0,Assam
27.931645,95.353278,0,Arunachal Pradesh
24.865519,92.721856,0,Assam
26.231859,90.414443,0,Assam
27.75539,96.229802,0,Arunachal Pradesh
23.636338,91.487938,0,Tripura
27.463621,92.860369,0,Arunachal Pradesh
25.709464,91.198216,0,Meghalaya
25.956094,90.083977,0,Assam
27.486929,93.982546,0,Arunachal Pradesh
25.368924,90.772338,0,Meghalaya
25.379654,90.605077,0,Meghalaya
25.337026,93.109621,0,Assam
28.383263,94.139857,0,Arunachal Pradesh
25.457301,91.905048,0,Meghalaya
24.85783,94.399419,0,Manipur
26.105273,90.21056,0,Assam
29.2001,95.61866,0,Arunachal Pradesh
25.834917,91.516552,0,Meghalaya
24.457617,92.872642,0,Assam
26.830465,94.569266,0,Assam
23.530068,92.799062,0,Mizoram
26.791331,91.738321,0,Assam
28.797832,96.07446,0,Arunachal Pradesh
27.780908,94.051001,0,Arunachal Pradesh
27.743247,93.787177,0,Arunachal Pradesh
26.809623,92.262533,0,Assam
27.029456,95.156079,0,Assam
23.484703,92.437443,0,Mizoram
27.180898,95.656932,0,Arunachal Pradesh
28.475974,94.532559,0,Arunachal Pradesh
25.56435,92.747537,0,Assam
27.523443,91.770724,0,Arunachal Pradesh
26.162333,94.103068,0,Nagaland
27.696172,95.20371,0,Assam
24.961486,93.136251,0,Assam
23.346022,91.685641,0,Tripura
27.004252,93.80035,0,Assam
25.977748,93.339165,0,Assam
26.390548,94.761592,0,Nagaland
26.943779,94.470174,0,Assam
25.089984,93.751337,0,Manipur
27.52802,96.589997,0,Arunachal Pradesh
27.188417,95.642987,0,Arunachal Pradesh
27.161046,95.371188,0,Assam
27.64937,96.131576,0,Arunachal Pradesh
23.841067,94.127318,0,Manipur
28.871461,95.273317,0,Arunachal Pradesh
28.722783,94.199499,0,Arunachal Pradesh
25.802166,89.926165,0,Assam
25.835309,93.083196,0,Assam
27.737955,94.13475,0,Arunachal Pradesh
28.28022,95.842284,0,Arunachal Pradesh
24.490412,93.459523,0,Manipur
26.768556,93.323152,0,Assam
24.014256,92.401706,0,Mizoram
26.397908,91.988605,0,Assam
26.723526,92.301711,0,Assam
24.453752,94.046789,0,Manipur
28.12122,92.918681,0,Arunachal Pradesh
24.184691,94.19555,0,Manipur
24.75424,94.19442,0,Manipur
25.712267,92.006766,0,Meghalaya
25.836735,92.697695,0,Assam
27.776101,92.370365,0,Arunachal Pradesh
26.206835,93.478542,0,Assam
28.751584,96.355007,0,Arunachal Pradesh
26.491951,90.424256,0,Assam
23.187726,91.649895,0,Tripura
26.605219,91.873416,0,Assam
28.451164,94.919903,0,Arunachal Pradesh
25.814135,91.77084,0,Meghalaya
24.20615,92.090563,0,Tripura
25.892585,90.334826,0,Meghalaya
28.677329,95.603094,0,Arunachal Pradesh
25.912817,89.89378,0,Assam
28.938729,94.577641,0,Arunachal Pradesh
27.518176,95.461428,0,Assam
28.358939,94.229254,0,Arunachal Pradesh
27.442149,96.197546,0,Arunachal Pradesh
23.578634,93.314466,0,Mizoram
22.936434,93.122141,0,Mizoram
26.00513,93.572171,0,Assam
28.207791,94.070313,0,Arunachal Pradesh
23.142446,91.619746,0,Tripura
29.013051,95.400276,0,Arunachal Pradesh
26.231521,90.194461,0,Assam
25.150789,92.56671,0,Meghalaya
27.963773,93.733809,0,Arunachal Pradesh
25.958484,91.490743,0,Assam
26.243888,92.958836,0,Assam
28.828894,95.198888,0,Arunachal Pradesh
27.744351,94.047074,0,Arunachal Pradesh
22.847032,92.625683,0,Mizoram
24.316334,94.221181,0,Manipur
25.671897,92.676898,0,Assam
26.931529,93.423285,0,Assam
26.621258,91.147664,0,Assam
23.520233,92.56483,0,Mizoram
26.078914,92.228992,0,Assam
25.281027,92.066343,0,Meghalaya
24.358511,92.434696,0,Assam
29.277711,96.034135,0,Arunachal Pradesh
24.552382,93.071837,0,Manipur
28.019171,94.864589,0,Arunachal Pradesh
26.97545,93.832734,0,Assam
25.49825,92.636441,0,Assam
27.497287,95.224259,0,Assam
27.158302,93.919102,0,Assam
23.080604,93.093195,0,Mizoram
26.516397,91.036455,0,Assam
22.342087,92.780569,0,Mizoram
27.357446,88.412528,0,Sikkim
25.574812,93.700793,0,Nagaland
24.975072,93.596263,0,Manipur
25.362987,90.788023,0,Meghalaya
25.480104,93.658496,0,Nagaland
28.852841,95.274979,0,Arunachal Pradesh
28.132915,95.024193,0,Arunachal Pradesh
27.427891,93.392227,0,Arunachal Pradesh
25.110137,93.432501,0,Manipur
27.990166,95.463898,0,Arunachal Pradesh
23.807949,91.842547,0,Tripura
26.276603,94.622085,0,Nagaland
26.120862,92.582527,0,Assam
25.206078,91.733167,0,Meghalaya
28.616268,94.883524,0,Arunachal Pradesh
27.515081,88.564166,0,Sikkim
25.458333,91.500199,0,Meghalaya
27.333164,88.478026,0,Sikkim
22.875929,92.842292,0,Mizoram
26.419783,94.76538,0,Nagaland
27.675452,95.958331,0,Arunachal Pradesh
25.665677,92.649851,0,Assam
25.308974,91.989308,0,Meghalaya
27.053072,92.16004,0,Arunachal Pradesh
22.646643,92.684886,0,Mizoram
25.269032,91.08065,0,Meghalaya
27.166004,95.642305,0,Arunachal Pradesh
27.378877,88.523856,0,Sikkim
26.271792,92.944929,0,Assam
28.319092,96.818117,0,Arunachal Pradesh
23.556665,91.815948,0,Tripura
23.406149,93.217697,0,Mizoram
26.510322,91.041844,0,Assam
26.056249,92.336649,0,Assam
25.50768,92.508328,0,Meghalaya
26.01954,94.884488,0,Nagaland
26.182107,94.051151,0,Nagaland
23.760523,92.07795,0,Tripura
26.483463,94.500632,0,Nagaland
28.077245,95.185776,0,Arunachal Pradesh
26.585869,92.338371,0,Assam
24.147652,92.865521,0,Mizoram
26.490579,94.215228,0,Nagaland
25.224477,92.172698,0,Meghalaya
26.623681,94.496147,0,Nagaland
27.874989,95.836782,0,Assam
26.646869,92.078038,0,Assam
28.815791,95.336148,0,Arunachal Pradesh
25.457945,92.644583,0,Assam
24.229688,92.744796,0,Mizoram
26.924898,95.578379,0,Arunachal Pradesh
26.799434,93.605786,0,Assam
25.873972,89.975788,0,Assam
26.358309,90.057794,0,Assam
27.053075,95.251468,0,Assam
28.251588,95.049234,0,Arunachal Pradesh
28.277708,94.668566,0,Arunachal Pradesh
27.253825,93.640846,0,Arunachal Pradesh
26.374886,92.028717,0,Assam
24.310656,93.842758,0,Manipur
27.964045,93.626494,0,Arunachal Pradesh
26.38392,90.103316,0,Assam
26.838777,93.029107,0,Assam
28.790343,94.221714,0,Arunachal Pradesh
27.206694,88.165407,0,Sikkim
28.932691,95.783881,0,Arunachal Pradesh
25.733215,92.346887,0,Assam
26.778897,92.244948,0,Assam
27.189574,88.477433,0,Sikkim
26.271459,94.812105,0,Nagaland
26.267093,95.040132,0,Nagaland
25.818244,94.399528,0,Nagaland
26.632685,94.467686,0,Nagaland
27.936531,93.345921,0,Arunachal Pradesh
27.090649,94.897821,0,Assam
24.030609,91.83227,0,Tripura
22.691698,92.651816,0,Mizoram
25.935954,91.91286,0,Meghalaya
24.168507,92.452307,0,Assam
25.92338,89.908581,0,Assam
28.115666,95.87588,0,Arunachal Pradesh
27.43538,96.165094,0,Arunachal Pradesh
28.035199,93.861466,0,Arunachal Pradesh
25.034785,92.83195,0,Assam
25.963948,93.760434,0,Assam
27.559692,96.215738,0,Arunachal Pradesh
28.138923,94.00961,0,Arunachal Pradesh
25.588531,92.483526,0,Meghalaya
28.120835,95.952366,0,Arunachal Pradesh
25.604996,93.425707,0,Nagaland
25.774034,90.824559,0,Meghalaya
26.750286,92.696308,0,Assam
27.669275,95.799638,0,Arunachal Pradesh
23.974028,93.812398,0,Manipur
28.026559,94.129031,0,Arunachal Pradesh
27.680097,93.657038,0,Arunachal Pradesh
26.944677,95.007309,0,Assam
25.948266,92.441549,0,Assam
26.528303,92.339185,0,Assam
25.804483,90.914874,0,Meghalaya
23.951751,92.010963,0,Tripura
27.38811,92.91926,0,Arunachal Pradesh
28.516117,94.041739,0,Arunachal Pradesh
28.005777,94.55824,0,Arunachal Pradesh
26.233958,90.611153,0,Assam
27.485344,92.048585,0,Arunachal Pradesh
26.069025,91.402124,0,Assam
27.635225,94.747193,0,Assam
27.206624,92.181036,0,Arunachal Pradesh
23.308199,91.62167,0,Tripura
26.886091,93.562007,0,Assam
27.068059,94.049765,0,Assam
24.159438,92.71875,0,Mizoram
26.627608,90.949155,0,Assam
25.505492,90.081054,0,Meghalaya
25.722462,92.2455,0,Assam
26.253957,94.398226,0,Nagaland
28.509563,95.757664,0,Arunachal Pradesh
26.663957,94.728728,0,Nagaland
26.990667,92.223982,0,Arunachal Pradesh
28.035421,93.203222,0,Arunachal Pradesh
24.594746,92.845992,0,Assam
26.660195,95.176555,0,Nagaland
25.033375,92.822849,0,Assam
23.075983,91.759337,0,Tripura
27.06713,93.593239,0,Arunachal Pradesh
24.451733,93.953816,0,Manipur
23.104194,93.152775,0,Mizoram
27.878821,93.343133,0,Arunachal Pradesh
24.852314,92.928778,0,Assam
27.677927,94.175937,0,Arunachal Pradesh
22.94712,92.81361,0,Mizoram
26.82327,95.61195,0,Arunachal Pradesh
27.662929,91.659976,0,Arunachal Pradesh
26.505973,91.6562,0,Assam
26.927862,94.653268,0,Assam
25.357715,93.722911,0,Manipur
27.312395,88.446827,0,Sikkim
26.562327,92.338863,0,Assam
27.832378,96.117989,0,Arunachal Pradesh
27.507217,92.169818,0,Arunachal Pradesh
28.260781,95.212621,0,Arunachal Pradesh
28.561728,94.199785,0,Arunachal Pradesh
27.067783,93.95467,0,Assam
25.889618,94.063545,0,Nagaland
27.023804,93.820633,0,Assam
25.82776,94.960766,0,Nagaland
23.514735,92.798167,0,Mizoram
25.578043,90.913052,0,Meghalaya
22.501832,93.030494,0,Mizoram
27.993101,97.163995,0,Arunachal Pradesh
24.627996,93.911779,0,Manipur
23.922398,92.828975,0,Mizoram
28.106789,97.315843,0,Arunachal Pradesh
28.069165,96.978392,0,Arunachal Pradesh
25.692526,90.067575,0,Meghalaya
28.477073,94.234614,0,Arunachal Pradesh
26.926303,94.304693,0,Assam
25.771057,90.207565,0,Meghalaya
27.765267,97.053155,0,Arunachal Pradesh
26.775683,94.23446,0,Assam
27.482028,96.045457,0,Arunachal Pradesh
25.985547,94.958091,0,Nagaland
27.938918,93.493594,0,Arunachal Pradesh
25.484311,91.624975,0,Meghalaya
26.039923,93.392293,0,Assam
28.875751,94.125535,0,Arunachal Pradesh
27.514658,92.590935,0,Arunachal Pradesh
25.26614,92.004703,0,Meghalaya
24.98419,94.258108,0,Manipur
26.798242,93.199671,0,Assam
27.201029,92.520022,0,Arunachal Pradesh
25.324805,92.589029,0,Meghalaya
27.350908,93.572684,0,Arunachal Pradesh
26.800343,93.418953,0,Assam
25.34491,91.919358,0,Meghalaya
28.876814,95.639083,0,Arunachal Pradesh
24.404005,93.7868,0,Manipur
24.017778,93.987939,0,Manipur
24.004756,91.80645,0,Tripura
28.062788,95.617426,0,Arunachal Pradesh
22.905167,92.615001,0,Mizoram
26.211832,90.063397,0,Assam
24.460128,93.768679,0,Manipur
27.906676,96.080977,0,Arunachal Pradesh
28.904211,95.339955,0,Arunachal Pradesh
26.07422,90.417165,0,Assam
23.298977,92.535048,0,Mizoram
25.831375,92.317682,0,Assam
24.324361,93.555332,0,Manipur
25.217171,92.670754,0,Meghalaya
27.993813,94.577358,0,Arunachal Pradesh
22.389897,92.731871,0,Mizoram
25.973275,94.809755,0,Nagaland
25.562869,90.163557,0,Meghalaya
26.6912,91.890561,0,Assam
26.687847,94.323758,0,Assam
25.357867,91.120802,0,Meghalaya
28.126096,96.131833,0,Arunachal Pradesh
26.560565,94.247302,0,Assam
25.707489,90.872729,0,Meghalaya
25.162609,93.741148,0,Manipur
25.171655,92.82541,0,Assam
26.330227,94.871759,0,Nagaland
25.230859,91.36466,0,Meghalaya
26.982555,92.278468,0,Arunachal Pradesh
28.464773,93.888647,0,Arunachal Pradesh
26.644383,93.184019,0,Assam
23.126921,91.679367,0,Tripura
28.505171,95.415598,0,Arunachal Pradesh
26.603006,92.815052,0,Assam
24.198913,91.92819,0,Tripura
23.815598,91.485595,0,Tripura
27.192891,95.993374,0,Arunachal Pradesh
26.959243,94.777722,0,Assam
26.163526,91.190323,0,Assam
27.20599,94.580902,0,Assam
27.673948,91.84515,0,Arunachal Pradesh
27.568949,96.362162,0,Arunachal Pradesh
27.621936,96.574208,0,Arunachal Pradesh
23.119005,92.475918,0,Mizoram
26.793206,92.314656,0,Assam
26.057105,95.015251,0,Nagaland
25.704584,93.168812,0,Assam
27.846314,88.258008,0,Sikkim
25.991988,91.70954,0,Assam
25.480143,90.795229,0,Meghalaya
26.57533,94.018498,0,Assam
27.651579,95.082034,0,Assam
25.703694,94.346534,0,Nagaland
23.420643,92.856152,0,Mizoram
24.796419,92.468047,0,Assam
23.189688,92.444983,0,Mizoram
25.567328,91.994526,0,Meghalaya
27.295314,93.219215,0,Arunachal Pradesh
26.258713,94.892751,0,Nagaland
27.574425,95.893094,0,Arunachal Pradesh
25.745343,93.395635,0,Assam
24.824477,94.616378,0,Manipur
25.403196,90.758534,0,Meghalaya
25.337971,93.844648,0,Manipur
25.03841,94.33172,0,Manipur
26.456204,91.101701,0,Assam
27.670406,93.512613,0,Arunachal Pradesh
26.951418,92.489238,0,Assam
22.695572,93.027337,0,Mizoram
29.127382,94.859425,0,Arunachal Pradesh
26.037173,90.3723,0,Assam
26.889787,93.561625,0,Assam
28.361263,96.300812,0,Arunachal Pradesh
22.188247,93.128977,0,Mizoram
28.973264,96.428833,0,Arunachal Pradesh
28.925156,95.883739,0,Arunachal Pradesh
23.469892,92.670428,0,Mizoram
24.268834,93.492549,0,Manipur
27.187105,92.567647,0,Arunachal Pradesh
25.634203,92.807338,0,Assam
24.094466,93.442054,0,Manipur
27.244199,93.114991,0,Arunachal Pradesh
25.896498,90.60611,0,Meghalaya
25.753293,93.695058,0,Nagaland
25.739613,91.434717,0,Meghalaya
28.35014,96.346052,0,Arunachal Pradesh
27.662903,91.812109,0,Arunachal Pradesh
26.932251,92.490864,0,Assam
24.005558,94.15945,0,Manipur
28.539875,95.608239,0,Arunachal Pradesh
26.999826,93.648018,0,Arunachal Pradesh
27.992427,97.302679,0,Arunachal Pradesh
26.095953,90.168525,0,Assam
25.974303,90.681232,0,Assam
24.633681,92.957112,0,Assam
26.421684,93.709033,0,Assam
27.594324,88.379083,0,Sikkim
26.495769,90.531463,0,Assam
27.242275,95.361273,0,Assam
26.395743,94.058103,0,Assam
25.623031,91.390746,0,Meghalaya
23.748245,92.37759,0,Mizoram
26.621603,90.833459,0,Assam
28.499523,93.777364,0,Arunachal Pradesh
24.106833,94.177095,0,Manipur
27.959768,93.235945,0,Arunachal Pradesh
26.532673,93.234021,0,Assam
27.286207,93.269554,0,Arunachal Pradesh
26.344071,92.38039,0,Assam
27.349094,94.831364,0,Assam
24.034179,93.133113,0,Mizoram
27.483403,93.426235,0,Arunachal Pradesh
26.738805,92.053874,0,Assam
24.643994,94.493743,0,Manipur
25.399682,91.129178,0,Meghalaya
25.544277,90.647807,0,Meghalaya
26.559296,91.758158,0,Assam
28.328629,94.030082,0,Arunachal Pradesh
28.720537,95.00585,0,Arunachal Pradesh
27.279205,88.764532,0,Sikkim
24.313149,93.037659,0,Manipur
23.160377,91.573488,0,Tripura
27.024968,95.484166,0,Arunachal Pradesh
26.456293,94.500212,0,Nagaland
27.728205,93.103434,0,Arunachal Pradesh
26.486618,91.830091,0,Assam
24.213393,92.713664,0,Mizoram
28.121245,95.346982,0,Arunachal Pradesh
25.623287,93.831236,0,Nagaland
26.483451,92.592414,0,Assam
25.644513,90.651756,0,Meghalaya
24.713082,92.845376,0,Assam
26.300303,94.847427,0,Nagaland
28.702204,93.856184,0,Arunachal Pradesh
27.411046,95.341351,0,Assam
25.467606,94.131061,0,Manipur
25.001424,93.158577,0,Assam
27.368938,88.709657,0,Sikkim
26.057422,92.51013,0,Assam
25.536094,93.927163,0,Manipur
25.997641,92.583774,0,Assam
24.081039,92.870701,0,Mizoram
25.056406,92.831331,0,Assam
27.557811,88.284177,0,Sikkim
24.473652,92.276013,0,Assam
25.719587,94.204536,0,Nagaland
26.550454,91.585475,0,Assam
26.230745,91.892269,0,Assam
25.882057,89.989358,0,Assam
27.989578,95.669328,0,Arunachal Pradesh
25.184327,90.765166,0,Meghalaya
28.538939,96.151328,0,Arunachal Pradesh
25.261123,90.458149,0,Meghalaya
27.26957,93.443567,0,Arunachal Pradesh
25.957609,91.086232,0,Assam
26.435091,92.639196,0,Assam
28.461033,96.259783,0,Arunachal Pradesh
28.721141,94.186088,0,Arunachal Pradesh
25.653531,90.763947,0,Meghalaya
25.394096,94.173831,0,Manipur
22.644519,92.991809,0,Mizoram
27.06243,92.268753,0,Arunachal Pradesh
27.442506,92.192832,0,Arunachal Pradesh
27.231958,93.346081,0,Arunachal Pradesh
28.327295,94.319193,0,Arunachal Pradesh
28.021063,95.380714,0,Arunachal Pradesh
28.269415,95.736833,0,Arunachal Pradesh
27.359005,96.391443,0,Arunachal Pradesh
25.728429,92.881752,0,Assam
23.479786,93.118127,0,Mizoram
26.276898,92.25536,0,Assam
27.885383,88.22799,0,Sikkim
24.991582,93.091056,0,Assam
26.742603,94.816288,0,Nagaland
24.808845,94.567457,0,Manipur
23.559231,93.313549,0,Mizoram
25.516302,91.692695,0,Meghalaya
27.272007,94.507399,0,Assam
25.883033,90.049783,0,Meghalaya
26.74851,92.802588,0,Assam
28.213921,94.471493,0,Arunachal Pradesh
25.745784,91.017869,0,Meghalaya
24.331481,92.866028,0,Mizoram
27.887838,96.36546,0,Arunachal Pradesh
24.986515,94.189048,0,Manipur
27.162379,93.711982,0,Arunachal Pradesh
25.118946,92.875799,0,Assam
26.937209,92.912999,0,Assam
27.354307,96.188803,0,Arunachal Pradesh
26.365743,93.08035,0,Assam
25.249419,91.979201,0,Meghalaya
23.741858,91.44115,0,Tripura
25.999709,94.417119,0,Nagaland
26.49135,93.16434,0,Assam
26.15587,92.054551,0,Assam
26.186931,93.04324,0,Assam
28.296505,96.144095,0,Arunachal Pradesh
27.91078,96.9441,0,Arunachal Pradesh
26.850493,94.89813,0,Nagaland
28.327776,94.203984,0,Arunachal Pradesh
25.304386,94.515074,0,Manipur
27.640096,92.427317,0,Arunachal Pradesh
27.838118,95.854458,0,Assam
26.324364,94.384558,0,Nagaland
24.771273,92.475125,0,Assam
24.167675,92.292023,0,Tripura
27.384503,93.720878,0,Arunachal Pradesh
24.683453,94.424934,0,Manipur
27.157597,88.212105,0,Sikkim
23.770691,92.508065,0,Mizoram
26.760683,92.645323,0,Assam
28.785082,94.67582,0,Arunachal Pradesh
27.341894,93.281584,0,Arunachal Pradesh
28.29714,94.305301,0,Arunachal Pradesh
28.85269,96.12988,0,Arunachal Pradesh
27.311506,92.784059,0,Arunachal Pradesh
25.49222,93.374931,0,Assam
25.049501,92.762975,0,Assam
28.360119,93.96825,0,Arunachal Pradesh
22.983951,92.66425,0,Mizoram
25.125625,94.19226,0,Manipur
25.994442,90.93006,0,Assam
22.907387,92.694377,0,Mizoram
27.468853,94.491258,0,Assam
26.150622,93.55141,0,Assam
28.556127,94.871295,0,Arunachal Pradesh
28.785426,95.955957,0,Arunachal Pradesh
26.618426,94.43238,0,Nagaland
26.706628,94.651736,0,Nagaland
26.776919,93.030255,0,Assam
28.041854,92.823963,0,Arunachal Pradesh
25.852855,93.983471,0,Nagaland
27.188665,92.325912,0,Arunachal Pradesh
25.386894,90.422962,0,Meghalaya
23.536216,93.168355,0,Mizoram
24.124178,93.82878,0,Manipur
27.422462,88.282895,0,Sikkim
25.596289,91.8246,0,Meghalaya
25.542814,92.798038,0,Assam
28.039723,93.001873,0,Arunachal Pradesh
25.898401,92.077533,0,Meghalaya
24.630815,94.26184,0,Manipur
27.827684,96.276348,0,Arunachal Pradesh
25.213669,92.008645,0,Meghalaya
27.141419,92.851021,0,Arunachal Pradesh
27.202433,88.117553,0,Sikkim
26.762821,93.185434,0,Assam
27.314484,94.36691,0,Assam
26.333153,90.751975,0,Assam
25.554524,93.86406,0,Manipur
25.672932,93.683332,0,Nagaland
26.072099,90.798526,0,Assam
26.132299,89.779271,0,Assam
25.573894,91.655347,0,Meghalaya
26.242279,93.490157,0,Assam
25.424953,91.298588,0,Meghalaya
26.780161,91.78666,0,Assam
23.526656,91.848461,0,Tripura
26.261549,94.609169,0,Nagaland
25.474007,91.429249,0,Meghalaya
28.011638,94.502289,0,Arunachal Pradesh
27.877874,96.503092,0,Arunachal Pradesh
25.977382,93.172989,0,Assam
25.168349,93.154747,0,Assam
25.207612,92.661131,0,Meghalaya
28.046592,96.103179,0,Arunachal Pradesh
25.887566,92.456564,0,Assam
26.835224,95.28028,0,Arunachal Pradesh
24.4779,93.625061,0,Manipur
24.619496,93.047011,0,Assam
27.88886,95.186457,0,Arunachal Pradesh
27.455148,92.369316,0,Arunachal Pradesh
27.648345,95.139448,0,Assam
27.185168,93.343811,0,Arunachal Pradesh
23.007804,92.618819,0,Mizoram
24.285503,93.298523,0,Manipur
25.638804,90.116149,0,Meghalaya
27.647932,96.082458,0,Arunachal Pradesh
26.089529,90.49589,0,Assam
23.621662,91.429224,0,Tripura
28.139861,95.515734,0,Arunachal Pradesh
26.339688,93.895296,0,Assam
28.887653,94.268992,0,Arunachal Pradesh
23.443688,91.920458,0,Tripura
27.678518,94.772671,0,Assam
27.667636,95.036091,0,Assam
24.468949,93.826266,0,Manipur
27.544821,88.705658,0,Sikkim
26.381627,93.798805,0,Assam
29.071912,95.568778,0,Arunachal Pradesh
28.169871,95.360233,0,Arunachal Pradesh
26.124846,93.00418,0,Assam
26.833482,94.193868,0,Assam
25.487607,90.412782,0,Meghalaya
26.503588,92.398243,0,Assam
27.346167,88.613248,0,Sikkim
26.808525,94.660862,0,Assam
25.459903,94.34029,0,Manipur
28.02773,97.036353,0,Arunachal Pradesh
23.660372,92.744761,0,Mizoram
24.545938,94.061307,0,Manipur
26.596698,93.604322,0,Assam
26.552802,92.659663,0,Assam
27.545156,96.351144,0,Arunachal Pradesh
25.346183,92.740806,0,Meghalaya
23.729247,91.740603,0,Tripura
27.349862,93.695791,0,Arunachal Pradesh
27.053292,94.496594,0,Assam
26.075229,90.302186,0,Assam
27.587048,88.46796,0,Sikkim
24.661875,93.153547,0,Manipur
23.422544,93.184271,0,Mizoram
28.574006,94.886063,0,Arunachal Pradesh
25.875878,94.330624,0,Nagaland
26.735359,94.81519,0,Nagaland
26.194738,90.245521,0,Assam
27.577593,88.131064,0,Sikkim
24.244898,93.582269,0,Manipur
25.568601,92.581871,0,Assam
27.814337,94.755088,0,Arunachal Pradesh
25.204038,92.306059,0,Meghalaya
27.919041,95.478985,0,Arunachal Pradesh
28.246373,94.322854,0,Arunachal Pradesh
25.921894,92.325102,0,Assam
27.610622,95.354932,0,Assam
27.949835,93.861511,0,Arunachal Pradesh
26.497036,91.428202,0,Assam
25.353186,93.653045,0,Nagaland
23.718618,92.698666,0,Mizoram
27.090435,92.206368,0,Arunachal Pradesh
25.065351,92.722257,0,Assam
24.956363,93.508412,0,Manipur
28.891469,95.807103,0,Arunachal Pradesh
24.096178,92.504179,0,Mizoram
27.670452,96.732571,0,Arunachal Pradesh
23.481297,92.658458,0,Mizoram
24.759194,94.319568,0,Manipur
25.993853,90.95653,0,Assam
26.404071,93.327191,0,Assam
28.91635,96.495346,0,Arunachal Pradesh
26.088369,90.04709,0,Assam
26.480806,92.584967,0,Assam
24.962177,94.03524,0,Manipur
27.260456,95.339737,0,Assam
25.571698,94.064877,0,Nagaland
27.099736,94.995323,0,Assam
22.093735,92.887407,0,Mizoram
25.299229,93.055486,0,Assam
26.552081,92.225661,0,Assam
27.412721,95.439329,0,Assam
28.206342,94.18069,0,Arunachal Pradesh
24.083866,92.497006,0,Mizoram
26.638329,93.787103,0,Assam
27.889476,96.037287,0,Arunachal Pradesh
26.101053,94.94778,0,Nagaland
22.707723,93.037283,0,Mizoram
25.64667,92.079661,0,Meghalaya
27.093114,93.952009,0,Assam
27.257589,97.014019,0,Arunachal Pradesh
23.770747,91.832555,0,Tripura
27.609264,95.014309,0,Assam
26.818862,94.69169,0,Assam
25.146214,92.70877,0,Assam
23.358862,92.653876,0,Mizoram
25.1129,94.508621,0,Manipur
23.955183,92.965333,0,Mizoram
26.471022,90.930947,0,Assam
25.822569,90.793522,0,Meghalaya
28.741995,94.544263,0,Arunachal Pradesh
26.350196,93.631068,0,Assam
24.035641,92.541797,0,Mizoram
26.483856,94.898413,0,Nagaland
28.65297,95.31841,0,Arunachal Pradesh
25.108235,92.651802,0,Assam
24.994174,94.655414,0,Manipur
27.179678,88.363186,0,Sikkim
26.240707,91.727106,0,Assam
27.383739,95.766055,0,Assam
24.33583,93.228317,0,Manipur
24.48135,94.230594,0,Manipur
27.176292,93.53181,0,Arunachal Pradesh
25.438186,93.45803,0,Nagaland
28.459309,93.758699,0,Arunachal Pradesh
25.408747,94.61734,0,Manipur
28.653415,93.991572,0,Arunachal Pradesh
22.440833,92.789908,0,Mizoram
25.539072,92.269107,0,Meghalaya
27.471396,94.088286,0,Arunachal Pradesh
28.55952,93.809936,0,Arunachal Pradesh
26.82295,93.128854,0,Assam
26.968499,94.305089,0,Assam
27.614105,95.612781,0,Assam
25.814029,94.294801,0,Nagaland
24.001871,91.927934,0,Tripura
26.274647,93.771951,0,Assam
25.997646,89.821052,0,Assam
28.692697,94.655535,0,Arunachal Pradesh
24.34772,92.406702,0,Assam
26.633114,94.445864,0,Assam
28.146293,92.793185,0,Arunachal Pradesh
27.809507,96.489929,0,Arunachal Pradesh
26.579783,91.615858,0,Assam
28.230002,94.374703,0,Arunachal Pradesh
27.836149,95.467445,0,Assam
27.016609,95.588749,0,Arunachal Pradesh
23.671541,93.077337,0,Mizoram
28.05059,95.611494,0,Arunachal Pradesh
24.827874,93.295637,0,Manipur
28.013151,96.81076,0,Arunachal Pradesh
28.872629,96.276725,0,Arunachal Pradesh
28.454682,95.941971,0,Arunachal Pradesh
24.965192,93.75157,0,Manipur
26.373122,92.05175,0,Assam
27.214167,88.166511,0,Sikkim
28.504005,94.051986,0,Arunachal Pradesh
25.880601,90.032445,0,Meghalaya
29.097865,95.496288,0,Arunachal Pradesh
25.555745,91.177712,0,Meghalaya
25.192249,91.382402,0,Meghalaya
27.418685,88.732167,0,Sikkim
26.176938,90.76229,0,Assam
25.213338,94.025509,0,Manipur
22.080372,92.873579,0,Mizoram
27.821836,94.082399,0,Arunachal Pradesh
27.579879,95.766143,0,Assam
24.202799,92.202188,0,Tripura
27.882387,92.845747,0,Arunachal Pradesh
27.664178,93.927026,0,Arunachal Pradesh
26.807985,90.356533,0,Assam
27.650254,93.398576,0,Arunachal Pradesh
26.149187,91.840278,0,Assam
26.463729,93.446851,0,Assam
28.009778,88.802535,0,Sikkim
27.269233,96.174154,0,Arunachal Pradesh
25.884976,92.333456,0,Assam
26.438646,92.794117,0,Assam
27.349141,95.036513,0,Assam
25.983085,90.199177,0,Assam
25.249516,90.10255,0,Meghalaya
25.528225,91.976352,0,Meghalaya
28.729736,95.929602,0,Arunachal Pradesh
25.161186,92.35117,0,Meghalaya
28.639544,94.359612,0,Arunachal Pradesh
24.296866,92.190847,0,Tripura
28.824967,96.562049,0,Arunachal Pradesh
28.064001,93.703937,0,Arunachal Pradesh
25.671349,90.503163,0,Meghalaya
24.455817,92.735508,0,Mizoram
28.325333,93.534535,0,Arunachal Pradesh
25.399668,92.20616,0,Meghalaya
27.608835,88.270813,0,Sikkim
25.517252,91.95955,0,Meghalaya
25.290214,90.908884,0,Meghalaya
25.486131,90.993157,0,Meghalaya
26.78183,95.427181,0,Arunachal Pradesh
27.932986,94.954412,0,Arunachal Pradesh
23.762575,92.77128,0,Mizoram
26.867207,95.537392,0,Arunachal Pradesh
23.791426,91.985635,0,Tripura
28.073148,94.927503,0,Arunachal Pradesh
27.610543,93.510857,0,Arunachal Pradesh
26.212472,93.632498,0,Assam
28.213245,94.927371,0,Arunachal Pradesh
27.576009,92.73501,0,Arunachal Pradesh
26.816149,94.055355,0,Assam
26.974342,92.817165,0,Assam
25.413685,90.650733,0,Meghalaya
24.949615,93.498035,0,Manipur
27.825099,94.131145,0,Arunachal Pradesh
27.218588,94.765031,0,Assam
27.060736,95.891659,0,Arunachal Pradesh
25.118464,93.870216,0,Manipur
26.386201,90.016664,0,Assam
27.620461,94.423128,0,Arunachal Pradesh
23.953489,91.527091,0,Tripura
27.778791,96.808111,0,Arunachal Pradesh
24.224819,93.439619,0,Manipur
27.913,96.343044,0,Arunachal Pradesh
29.262757,95.904136,0,Arunachal Pradesh
27.45156,95.2078,0,Assam
23.89012,91.633236,0,Tripura
25.42687,91.49031,0,Meghalaya
29.300941,95.919937,0,Arunachal Pradesh
28.264937,95.974532,0,Arunachal Pradesh
23.393984,92.451108,0,Mizoram
24.667754,94.039159,0,Manipur
29.106735,95.993175,0,Arunachal Pradesh
27.300067,88.83912,0,Sikkim
24.220985,93.783445,0,Manipur
27.579295,92.07487,0,Arunachal Pradesh
24.508204,93.63341,0,Manipur
24.818287,94.543606,0,Manipur
27.133079,94.035429,0,Assam
28.263324,95.098058,0,Arunachal Pradesh
25.901951,94.614537,0,Nagaland
28.90192,95.76053,0,Arunachal Pradesh
28.229125,95.365114,0,Arunachal Pradesh
24.810861,93.356372,0,Manipur
25.677175,93.948104,0,Nagaland
27.271516,95.529314,0,Assam
27.660206,92.64001,0,Arunachal Pradesh
25.370838,93.194564,0,Assam
28.810207,94.226182,0,Arunachal Pradesh
22.909511,92.650061,0,Mizoram
27.257071,94.052376,0,Assam
27.895252,88.281939,0,Sikkim
25.530696,90.836599,0,Meghalaya
26.508169,94.523069,0,Nagaland
24.427217,93.506244,0,Manipur
26.658821,91.668482,0,Assam
26.145998,90.085698,0,Assam
28.286983,96.731152,0,Arunachal Pradesh
26.947847,93.550409,0,Assam
26.571473,95.097212,0,Nagaland
28.388522,94.877341,0,Arunachal Pradesh
27.942997,92.910547,0,Arunachal Pradesh
27.432843,95.206552,0,Assam
24.258318,93.366309,0,Manipur
27.610703,93.550405,0,Arunachal Pradesh
29.142583,94.884868,0,Arunachal Pradesh
25.2552,90.206033,0,Meghalaya
26.369217,93.284114,0,Assam
23.558508,91.855653,0,Tripura
25.653506,94.876189,0,Nagaland
25.831445,92.811629,0,Assam
28.222014,95.25286,0,Arunachal Pradesh
26.933853,94.239527,0,Assam
27.335394,96.531436,0,Arunachal Pradesh
27.660757,96.4829,0,Arunachal Pradesh
25.777901,92.118401,0,Meghalaya
25.967739,91.235297,0,Assam
25.720919,94.020596,0,Nagaland
24.94456,93.754308,0,Manipur
26.091812,91.057624,0,Assam
23.96301,92.521125,0,Mizoram
24.459134,93.416166,0,Manipur
25.616782,94.592917,0,Nagaland
25.382044,93.064656,0,Assam
28.928181,96.353665,0,Arunachal Pradesh
24.372643,92.040872,0,Tripura
23.875491,92.646996,0,Mizoram
26.554388,90.118244,0,Assam
27.800086,95.227295,0,Assam
25.255952,93.759624,0,Manipur
28.815069,94.805421,0,Arunachal Pradesh
25.735481,91.311577,0,Meghalaya
23.38254,91.73498,0,Tripura
27.6492,88.366161,0,Sikkim
25.517856,91.088958,0,Meghalaya
26.014944,90.651675,0,Assam
26.104103,91.599309,0,Assam
25.852759,93.349273,0,Assam
26.868808,90.400449,0,Assam
25.749284,93.970112,0,Nagaland
28.491094,96.043537,0,Arunachal Pradesh
23.761391,92.135735,0,Tripura
27.56092,91.774862,0,Arunachal Pradesh
25.23201,93.794189,0,Manipur
28.949632,96.05726,0,Arunachal Pradesh
25.671178,94.59757,0,Nagaland
27.28793,94.506937,0,Assam
26.655302,92.190389,0,Assam
27.983491,94.431041,0,Arunachal Pradesh
28.335492,94.805696,0,Arunachal Pradesh
26.879739,94.113373,0,Assam
28.419059,93.249225,0,Arunachal Pradesh
25.356717,94.344342,0,Manipur
25.793293,92.502911,0,Assam
26.527158,92.203207,0,Assam
28.195495,95.83544,0,Arunachal Pradesh
25.372492,92.758418,0,Assam
27.117807,93.394969,0,Arunachal Pradesh
26.929442,94.067168,0,Assam
25.251249,92.485767,0,Meghalaya
24.661745,92.537846,0,Assam
26.551593,90.860631,0,Assam
27.271115,94.109934,0,Assam
24.242347,94.015975,0,Manipur
25.647521,92.437653,0,Meghalaya
28.187058,94.836427,0,Arunachal Pradesh
26.549594,90.509418,0,Assam
26.40849,89.991236,0,Assam
26.901594,95.708078,0,Arunachal Pradesh
25.580747,94.538527,0,Manipur
25.706617,92.414601,0,Meghalaya
25.611162,94.886296,0,Nagaland
27.583542,95.300091,0,Assam
28.236781,95.398885,0,Arunachal Pradesh
26.439062,92.58086,0,Assam
26.859132,92.727515,0,Assam
23.109445,91.795607,0,Tripura
27.863672,94.931731,0,Arunachal Pradesh
25.281841,94.010678,0,Manipur
25.439692,90.837982,0,Meghalaya
26.124226,90.74645,0,Assam
26.244149,94.720992,0,Nagaland
24.30179,92.98525,0,Mizoram
26.07686,90.234162,0,Assam
27.033995,92.197178,0,Arunachal Pradesh
23.429731,91.330173,0,Tripura
25.907609,91.359364,0,Assam
25.620583,91.843243,0,Meghalaya
23.972717,93.072946,0,Mizoram
28.113337,95.540731,0,Arunachal Pradesh
26.546586,95.093604,0,Nagaland
25.646541,90.925449,0,Meghalaya
26.564608,90.924213,0,Assam
27.412729,94.708048,0,Assam
27.724644,91.904601,0,Arunachal Pradesh
28.820021,94.256122,0,Arunachal Pradesh
26.67301,91.436067,0,Assam
28.034355,94.869665,0,Arunachal Pradesh
27.264935,96.905038,0,Arunachal Pradesh
27.686727,92.774469,0,Arunachal Pradesh
29.141687,94.331571,0,Arunachal Pradesh
27.883385,93.517123,0,Arunachal Pradesh
28.006138,93.15025,0,Arunachal Pradesh
24.243976,93.828426,0,Manipur
23.927676,92.256733,0,Tripura
24.781389,93.926373,0,Manipur
23.55638,91.512176,0,Tripura
28.751627,96.002828,0,Arunachal Pradesh
23.549298,91.233049,0,Tripura
27.111463,97.096766,0,Arunachal Pradesh
24.204647,92.043665,0,Tripura
25.67782,90.639398,0,Meghalaya
23.41207,91.670725,0,Tripura
24.13068,91.724546,0,Tripura
25.576321,94.229868,0,Nagaland
26.863531,92.554523,0,Assam
22.254597,92.703097,0,Mizoram
28.303612,93.141281,0,Arunachal Pradesh
25.710548,90.830662,0,Meghalaya
27.929498,94.16351,0,Arunachal Pradesh
25.171662,90.425481,0,Meghalaya
26.371462,90.8185,0,Assam
27.092926,94.761223,0,Assam
26.795551,95.069231,0,Nagaland
26.426858,94.641305,0,Nagaland
26.040374,91.745353,0,Meghalaya
25.436176,93.460684,0,Nagaland
26.44325,90.330538,0,Assam
24.935149,94.006285,0,Manipur
26.082321,95.126033,0,Nagaland
24.700831,92.807034,0,Assam
28.924507,96.142311,0,Arunachal Pradesh
23.676947,91.472277,0,Tripura
24.18308,92.74538,0,Mizoram
26.617825,94.427681,0,Nagaland
23.57822,91.559934,0,Tripura
26.71738,92.836957,0,Assam
26.20167,94.654148,0,Nagaland
28.429802,95.608234,0,Arunachal Pradesh
25.648671,92.278268,0,Meghalaya
25.705379,91.259284,0,Meghalaya
26.010582,91.698861,0,Assam
26.715923,90.191938,0,Assam
24.354051,93.232283,0,Manipur
23.629159,91.657624,0,Tripura
28.948314,95.935049,0,Arunachal Pradesh
28.277118,93.981901,0,Arunachal Pradesh
23.718669,92.453338,0,Mizoram
25.102417,93.466014,0,Manipur
27.398538,95.802742,0,Assam
25.953827,90.653008,0,Assam
28.289628,95.551517,0,Arunachal Pradesh
28.645627,95.990685,0,Arunachal Pradesh
26.302969,91.395394,0,Assam
27.981434,96.376685,0,Arunachal Pradesh
25.323499,90.895235,0,Meghalaya
25.412002,91.944847,0,Meghalaya
27.88738,92.82294,0,Arunachal Pradesh
24.168034,93.43284,0,Manipur
27.646271,94.407538,0,Arunachal Pradesh
26.522227,93.464377,0,Assam
24.565639,92.979823,0,Assam
26.381324,91.574733,0,Assam
27.342352,96.979134,0,Arunachal Pradesh
23.584329,91.845164,0,Tripura
25.373473,92.155229,0,Meghalaya
25.46508,93.616416,0,Nagaland
28.152033,93.323658,0,Arunachal Pradesh
23.322832,92.415893,0,Mizoram
27.650693,95.019787,0,Assam
26.982999,92.186551,0,Arunachal Pradesh
28.635064,95.668108,0,Arunachal Pradesh
29.104198,95.857277,0,Arunachal Pradesh
25.986613,91.218145,0,Assam
27.79917,91.695358,0,Arunachal Pradesh
23.764621,92.767592,0,Mizoram
28.423503,95.396192,0,Arunachal Pradesh
25.936767,90.502552,0,Meghalaya
27.809287,93.010688,0,Arunachal Pradesh
29.098657,96.093432,0,Arunachal Pradesh
26.738119,93.188739,0,Assam
29.096842,94.800543,0,Arunachal Pradesh
26.920935,95.304217,0,Arunachal Pradesh
25.492082,93.088125,0,Assam
25.582851,92.942773,0,Assam
27.971594,88.729488,0,Sikkim
24.892467,94.278119,0,Manipur
25.752351,93.106516,0,Assam
24.289774,92.967097,0,Mizoram
26.877664,94.880596,0,Nagaland
27.382464,88.046422,0,Sikkim
24.179429,92.610133,0,Mizoram
25.690118,90.601499,0,Meghalaya
27.809638,94.966131,0,Arunachal Pradesh
25.306502,94.409848,0,Manipur
26.788712,93.040776,0,Assam
25.40424,93.849714,0,Manipur
28.314659,93.740137,0,Arunachal Pradesh
22.935224,92.556445,0,Mizoram
24.577099,93.816477,0,Manipur
24.502354,92.492803,0,Assam
24.739331,93.950037,0,Manipur
25.278771,93.693638,0,Manipur
27.867129,88.194677,0,Sikkim
28.161902,95.633395,0,Arunachal Pradesh
26.044772,92.87366,0,Assam
24.518475,93.931534,0,Manipur
23.180241,92.89021,0,Mizoram
24.480473,92.492198,0,Assam
27.681549,93.383385,0,Arunachal Pradesh
26.761944,94.097074,0,Assam
29.172503,96.135773,0,Arunachal Pradesh
27.366181,93.901637,0,Arunachal Pradesh
27.200662,88.631035,0,Sikkim
25.536537,92.552139,0,Meghalaya
28.211299,97.121531,0,Arunachal Pradesh
26.452539,91.890924,0,Assam
27.663302,88.511044,0,Sikkim
29.274356,95.816532,0,Arunachal Pradesh
26.241682,91.09815,0,Assam
28.553822,95.419596,0,Arunachal Pradesh
25.866331,93.973553,0,Nagaland
28.217129,94.003983,0,Arunachal Pradesh
27.940072,95.415433,0,Arunachal Pradesh
27.522411,96.592939,0,Arunachal Pradesh
26.264798,93.302665,0,Assam
26.727683,94.622536,0,Assam
24.206136,94.074955,0,Manipur
25.619384,92.257722,0,Meghalaya
27.250808,95.927933,0,Arunachal Pradesh
25.648124,91.77775,0,Meghalaya
28.046748,96.946296,0,Arunachal Pradesh
26.236613,90.528294,0,Assam
24.241289,93.859227,0,Manipur
26.26419,90.18572,0,Assam
24.026045,93.534995,0,Manipur
27.504257,96.037327,0,Arunachal Pradesh
28.450901,94.328278,0,Arunachal Pradesh
27.124559,95.449913,0,Arunachal Pradesh
24.026479,92.537781,0,Mizoram
25.519761,90.767828,0,Meghalaya
26.708011,90.395357,0,Assam
23.376565,93.076732,0,Mizoram
27.273664,88.278718,0,Sikkim
25.692881,93.035255,0,Assam
29.134974,95.570121,0,Arunachal Pradesh
28.094875,96.42923,0,Arunachal Pradesh
29.061831,94.358687,0,Arunachal Pradesh
28.381095,95.655106,0,Arunachal Pradesh
25.829974,92.583959,0,Assam
28.295522,93.524659,0,Arunachal Pradesh
27.454724,95.742374,0,Assam
28.739085,96.340537,0,Arunachal Pradesh
28.399688,94.517584,0,Arunachal Pradesh
25.674227,90.964663,0,Meghalaya
23.67562,92.075657,0,Tripura
27.546694,92.060058,0,Arunachal Pradesh
28.507209,94.32341,0,Arunachal Pradesh
28.651473,94.189754,0,Arunachal Pradesh
24.840617,93.298993,0,Manipur
26.964671,95.61434,0,Arunachal Pradesh
25.292023,91.960822,0,Meghalaya
27.153465,94.459602,0,Assam
27.548067,92.761369,0,Arunachal Pradesh
27.454529,95.103275,0,Assam
27.454118,95.998855,0,Arunachal Pradesh
25.594562,93.65169,0,Nagaland
25.70929,92.838998,0,Assam
27.955111,88.372043,0,Sikkim
23.769384,91.639763,0,Tripura
25.007839,92.928853,0,Assam
27.266287,92.790227,0,Arunachal Pradesh
26.424611,91.964932,0,Assam
24.813502,94.224586,0,Manipur
23.146534,93.053881,0,Mizoram
25.883656,92.511752,0,Assam
27.006703,93.220017,0,Arunachal Pradesh
27.29789,94.847969,0,Assam
24.549117,94.0432,0,Manipur
26.068939,90.682615,0,Assam
25.558541,90.458474,0,Meghalaya
25.816651,91.574376,0,Meghalaya
22.699977,92.63199,0,Mizoram
28.119012,95.49147,0,Arunachal Pradesh
26.369573,92.138198,0,Assam
27.23456,95.255752,0,Assam
23.760965,92.544447,0,Mizoram
26.133547,92.666825,0,Assam
25.556137,90.674302,0,Meghalaya
26.379226,91.228279,0,Assam
26.950849,94.779998,0,Assam
26.083514,93.522465,0,Assam
25.388769,91.786297,0,Meghalaya
25.539759,92.904653,0,Assam
27.753404,92.958457,0,Arunachal Pradesh
25.234001,90.625498,0,Meghalaya
25.676884,92.825277,0,Assam
24.781763,93.705647,0,Manipur
26.695182,95.325869,0,Arunachal Pradesh
28.582117,96.116157,0,Arunachal Pradesh
26.104314,92.597896,0,Assam
26.332936,93.786265,0,Assam
23.397815,91.599751,0,Tripura
28.051213,93.198203,0,Arunachal Pradesh
23.82951,93.232666,0,Mizoram
24.896865,93.128306,0,Assam
25.417187,92.350593,0,Meghalaya
28.243726,96.877271,0,Arunachal Pradesh
28.814202,96.204807,0,Arunachal Pradesh
26.691133,94.395691,0,Assam
28.864527,95.64722,0,Arunachal Pradesh
26.258053,90.348714,0,Assam
28.512848,95.419564,0,Arunachal Pradesh
27.542003,93.350545,0,Arunachal Pradesh
28.070514,95.822502,0,Arunachal Pradesh
28.314475,94.90894,0,Arunachal Pradesh
28.625987,93.645596,0,Arunachal Pradesh
27.788141,93.203432,0,Arunachal Pradesh
22.774394,92.859909,0,Mizoram
28.373903,96.07675,0,Arunachal Pradesh
24.288503,93.967478,0,Manipur
26.359602,92.194965,0,Assam
28.01098,95.461197,0,Arunachal Pradesh
23.540651,92.325041,0,Mizoram
28.994518,96.07662,0,Arunachal Pradesh
26.592833,90.508413,0,Assam
24.995907,93.030498,0,Assam
26.451423,91.772611,0,Assam
26.334253,93.98712,0,Assam
23.984256,92.889583,0,Mizoram
25.466193,92.298941,0,Meghalaya
27.699007,96.939899,0,Arunachal Pradesh
25.556024,90.098538,0,Meghalaya
24.272637,93.409403,0,Manipur
22.772767,92.973998,0,Mizoram
27.651373,93.405759,0,Arunachal Pradesh
25.309681,93.576696,0,Nagaland
24.220676,94.235312,0,Manipur
25.004266,93.32031,0,Manipur
28.100323,94.401952,0,Arunachal Pradesh
26.347712,94.543203,0,Nagaland
24.22369,93.351148,0,Manipur
25.667696,90.579121,0,Meghalaya
28.932319,94.806819,0,Arunachal Pradesh
24.566551,93.278129,0,Manipur
28.455645,93.856984,0,Arunachal Pradesh
24.860244,94.205923,0,Manipur
28.84439,95.204762,0,Arunachal Pradesh
28.147081,96.216333,0,Arunachal Pradesh
26.361119,94.569094,0,Nagaland
23.919154,91.499889,0,Tripura
27.162731,93.582445,0,Arunachal Pradesh
24.654027,94.084045,0,Manipur
25.518128,94.229978,0,Nagaland
24.913674,93.098098,0,Assam
28.353954,93.693438,0,Arunachal Pradesh
26.961493,95.711551,0,Arunachal Pradesh
25.810388,93.873458,0,Nagaland
25.793258,94.967499,0,Nagaland
26.252089,91.541943,0,Assam
28.357362,95.720029,0,Arunachal Pradesh
23.41995,92.506472,0,Mizoram
26.667285,93.916799,0,Assam
26.50005,91.951083,0,Assam
25.557685,90.714308,0,Meghalaya
26.51241,93.913925,0,Assam
23.656819,93.385367,0,Mizoram
25.358412,91.794355,0,Meghalaya
25.410201,93.6762,0,Nagaland
28.304396,93.348755,0,Arunachal Pradesh
27.971564,97.050354,0,Arunachal Pradesh
26.020049,94.625391,0,Nagaland
25.851534,93.699672,0,Assam
25.700601,91.024974,0,Meghalaya
26.409166,94.616045,0,Nagaland
27.164915,94.216009,0,Assam
28.787459,95.259447,0,Arunachal Pradesh
25.544266,92.538532,0,Meghalaya
24.534224,93.864078,0,Manipur
26.213054,93.833429,0,Assam
27.731691,92.615843,0,Arunachal Pradesh
29.290939,95.820237,0,Arunachal Pradesh
26.187098,91.26734,0,Assam
25.911507,90.065584,0,Meghalaya
26.121517,91.441356,0,Assam
24.660608,93.117219,0,Manipur
27.20385,96.921557,0,Arunachal Pradesh
26.737759,90.388288,0,Assam
28.250968,97.051432,0,Arunachal Pradesh
23.465713,92.916629,0,Mizoram
23.323994,91.292524,0,Tripura
28.299084,93.814198,0,Arunachal Pradesh
24.395345,93.927455,0,Manipur
25.987218,90.866104,0,Assam
27.553029,88.372245,0,Sikkim
28.54143,94.431064,0,Arunachal Pradesh
28.496611,93.710434,0,Arunachal Pradesh
27.410496,93.259274,0,Arunachal Pradesh
23.926151,92.109982,0,Tripura
24.123681,93.150638,0,Manipur
26.096742,94.915926,0,Nagaland
28.006325,93.745167,0,Arunachal Pradesh
27.271003,95.875502,0,Assam
26.726224,94.103161,0,Assam
29.124625,94.970348,0,Arunachal Pradesh
27.782353,96.610421,0,Arunachal Pradesh
28.222848,94.459457,0,Arunachal Pradesh
27.239214,92.364858,0,Arunachal Pradesh
23.273392,93.202978,0,Mizoram
25.940242,92.19692,0,Assam
28.333642,95.525946,0,Arunachal Pradesh
25.273676,93.30984,0,Assam
26.452456,92.194806,0,Assam
27.849792,94.410539,0,Arunachal Pradesh
27.941808,97.313617,0,Arunachal Pradesh
26.075468,91.669665,0,Assam
28.549251,95.123978,0,Arunachal Pradesh
24.769487,93.606727,0,Manipur
25.19592,90.572055,0,Meghalaya
26.288261,92.783939,0,Assam
26.586743,92.865045,0,Assam
27.512775,96.496378,0,Arunachal Pradesh
27.437885,95.041144,0,Assam
27.622863,93.391758,0,Arunachal Pradesh
27.833922,88.469562,0,Sikkim
27.570685,94.374248,0,Assam
26.777004,91.448192,0,Assam
25.797289,92.826378,0,Assam
24.91974,93.421232,0,Manipur
26.572059,93.534087,0,Assam
28.48418,94.211512,0,Arunachal Pradesh
28.174042,93.479046,0,Arunachal Pradesh
28.189136,95.237533,0,Arunachal Pradesh
26.540054,89.979851,0,Assam
26.656335,91.108782,0,Assam
26.212435,94.692734,0,Nagaland
26.247129,94.630731,0,Nagaland
25.750268,92.046991,0,Meghalaya
25.758558,90.966231,0,Meghalaya
24.268781,92.495944,0,Assam
25.618746,94.378305,0,Nagaland
26.77106,94.194039,0,Assam
26.334178,90.060828,0,Assam
26.364284,91.855285,0,Assam
23.411862,91.70288,0,Tripura
24.299878,92.323438,0,Assam
24.431225,94.319845,0,Manipur
24.137749,92.593216,0,Mizoram
24.26681,91.942676,0,Tripura
27.907835,96.820828,0,Arunachal Pradesh
27.955653,93.310498,0,Arunachal Pradesh
27.452158,92.502127,0,Arunachal Pradesh
28.282415,95.398313,0,Arunachal Pradesh
25.233373,91.066836,0,Meghalaya
26.698825,94.181126,0,Assam
25.700904,92.042391,0,Meghalaya
25.996004,92.593119,0,Assam
27.165134,92.896382,0,Arunachal Pradesh
23.322863,93.303025,0,Mizoram
24.758678,93.316448,0,Manipur
29.136205,94.792979,0,Arunachal Pradesh
23.171201,92.483459,0,Mizoram
27.621416,94.45987,0,Arunachal Pradesh
28.254875,93.983506,0,Arunachal Pradesh
27.834305,96.65958,0,Arunachal Pradesh
23.14129,92.528212,0,Mizoram
25.285091,94.144957,0,Manipur
25.357027,90.641935,0,Meghalaya
25.635227,93.27345,0,Assam
28.643096,95.432066,0,Arunachal Pradesh
28.191019,94.218902,0,Arunachal Pradesh
26.281897,91.973621,0,Assam
24.378765,92.743349,0,Mizoram
25.44543,92.271244,0,Meghalaya
25.663994,90.368192,0,Meghalaya
25.462937,91.002467,0,Meghalaya
25.70392,93.792003,0,Nagaland
23.107031,93.142745,0,Mizoram
27.927392,92.923682,0,Arunachal Pradesh
27.264196,94.776537,0,Assam
26.024717,94.754749,0,Nagaland
29.19272,94.498474,0,Arunachal Pradesh
26.129294,90.480061,0,Assam
27.899078,95.894281,0,Assam
27.388275,92.848325,0,Arunachal Pradesh
26.823332,92.520264,0,Assam
24.747129,93.163576,0,Manipur
26.817706,94.586973,0,Assam
27.103396,92.46402,0,Arunachal Pradesh
27.015804,94.107867,0,Assam
28.41304,94.159857,0,Arunachal Pradesh
24.358047,93.644643,0,Manipur
27.524232,93.798662,0,Arunachal Pradesh
27.862211,96.859746,0,Arunachal Pradesh
25.129133,92.187485,0,Meghalaya
27.520941,95.077742,0,Assam
27.108284,95.264363,0,Assam
25.955662,92.217098,0,Assam
28.717192,95.00205,0,Arunachal Pradesh
24.525227,92.99646,0,Assam
28.02349,95.220889,0,Arunachal Pradesh
26.445888,92.315958,0,Assam
22.533388,92.865008,0,Mizoram
26.547961,90.577465,0,Assam
23.531309,92.858399,0,Mizoram
24.071689,91.779775,0,Tripura
26.286694,93.323063,0,Assam
23.772497,91.527065,0,Tripura
27.216713,88.545849,0,Sikkim
26.108663,92.822399,0,Assam
25.703596,91.885833,0,Meghalaya
27.166381,92.27981,0,Arunachal Pradesh
27.156848,94.130543,0,Assam
28.598584,95.150741,0,Arunachal Pradesh
28.131122,95.779401,0,Arunachal Pradesh
27.34561,96.138773,0,Arunachal Pradesh
28.855227,94.790686,0,Arunachal Pradesh
25.38699,92.052507,0,Meghalaya
25.968924,92.703557,0,Assam
26.377919,93.828079,0,Assam
25.409665,93.105165,0,Assam
24.146591,92.436587,0,Mizoram
24.159512,92.260626,0,Tripura
27.147371,93.47636,0,Arunachal Pradesh
25.115463,93.690675,0,Manipur
24.463385,94.190673,0,Manipur
28.024181,94.359473,0,Arunachal Pradesh
26.822097,91.902815,0,Assam
25.37613,90.684619,0,Meghalaya
27.959266,96.111646,0,Arunachal Pradesh
25.614715,93.254093,0,Assam
25.783198,93.864963,0,Nagaland
24.775117,92.840456,0,Assam
26.006246,92.931756,0,Assam
28.21801,96.710919,0,Arunachal Pradesh
24.875996,93.779134,0,Manipur
23.116483,92.726729,0,Mizoram
25.948456,94.523906,0,Nagaland
28.069826,94.353123,0,Arunachal Pradesh
28.848553,95.023199,0,Arunachal Pradesh
25.224939,91.599919,0,Meghalaya
27.576734,96.749851,0,Arunachal Pradesh
22.964948,93.136956,0,Mizoram
27.226414,96.893431,0,Arunachal Pradesh
28.195287,93.286407,0,Arunachal Pradesh
26.739512,90.097981,0,Assam
25.555024,94.632519,0,Nagaland
28.347368,96.085334,0,Arunachal Pradesh
26.789107,92.269999,0,Assam
26.335254,91.36319,0,Assam
28.148268,93.991358,0,Arunachal Pradesh
27.210868,94.841327,0,Assam
26.296391,90.108016,0,Assam
26.738798,93.500206,0,Assam
27.555329,96.451941,0,Arunachal Pradesh
27.555201,92.066178,0,Arunachal Pradesh
24.591035,93.674176,0,Manipur
27.128941,92.385897,0,Arunachal Pradesh
22.120883,92.601591,0,Mizoram
24.371141,93.231136,0,Manipur
25.73727,94.793341,0,Nagaland
26.07721,91.357558,0,Assam
25.379637,90.065976,0,Meghalaya
25.325583,93.990038,0,Manipur
26.516942,91.59368,0,Assam
24.710258,94.217177,0,Manipur
26.315347,94.562999,0,Nagaland
26.217359,92.662203,0,Assam
24.731049,93.761768,0,Manipur
24.850479,94.483012,0,Manipur
26.692961,93.306213,0,Assam
24.20054,92.17782,0,Tripura
28.695073,95.907312,0,Arunachal Pradesh
26.638205,93.268665,0,Assam
27.762384,96.418505,0,Arunachal Pradesh
25.707687,94.077931,0,Nagaland
26.943346,95.434002,0,Arunachal Pradesh
24.842912,92.464291,0,Assam
25.800009,89.915769,0,Assam
27.081755,94.863292,0,Assam
27.91786,94.066161,0,Arunachal Pradesh
28.722224,95.746559,0,Arunachal Pradesh
26.216133,90.992165,0,Assam
24.701218,92.734607,0,Assam
28.656865,94.516625,0,Arunachal Pradesh
22.468627,92.978573,0,Mizoram
28.478997,94.368057,0,Arunachal Pradesh
26.166498,91.702571,0,Assam
28.570376,95.160289,0,Arunachal Pradesh
25.620631,93.897417,0,Nagaland
27.17636,94.701067,0,Assam
28.727754,94.50607,0,Arunachal Pradesh
27.680265,92.770687,0,Arunachal Pradesh
27.823204,94.801203,0,Arunachal Pradesh
25.847782,90.419833,0,Meghalaya
23.641599,92.329356,0,Mizoram
27.628893,95.772588,0,Assam
27.541973,96.028912,0,Arunachal Pradesh
27.622424,96.367674,0,Arunachal Pradesh
24.793229,93.401968,0,Manipur
25.414425,91.762568,0,Meghalaya
29.223975,96.121846,0,Arunachal Pradesh
26.490174,91.746359,0,Assam
22.007039,92.928028,0,Mizoram
25.634659,93.037091,0,Assam
26.094788,94.531525,0,Nagaland
26.840088,93.869365,0,Assam
28.267293,94.895504,0,Arunachal Pradesh
23.009777,92.645753,0,Mizoram
27.151372,93.104987,0,Arunachal Pradesh
26.082372,94.460148,0,Nagaland
26.024056,92.03921,0,Meghalaya
24.923153,92.609575,0,Assam
26.718283,93.301017,0,Assam
27.494568,92.874874,0,Arunachal Pradesh
25.635966,91.705765,0,Meghalaya
25.382152,90.155519,0,Meghalaya
25.799859,90.850453,0,Meghalaya
26.034511,92.143056,0,Meghalaya
27.293513,94.656027,0,Assam
28.650383,94.621376,0,Arunachal Pradesh
28.410421,96.636719,0,Arunachal Pradesh
23.192245,92.866755,0,Mizoram
24.79299,93.940258,0,Manipur
23.883262,91.308491,0,Tripura
25.708835,94.983024,0,Nagaland
25.752342,90.332378,0,Meghalaya
28.304141,95.333941,0,Arunachal Pradesh
25.34233,90.188319,0,Meghalaya
28.013107,97.306093,0,Arunachal Pradesh
26.695535,94.373304,0,Assam
27.959726,92.925625,0,Arunachal Pradesh
23.949876,92.445418,0,Mizoram
29.209354,96.070877,0,Arunachal Pradesh
28.244734,93.4734,0,Arunachal Pradesh
27.329613,88.288489,0,Sikkim
24.998475,93.404371,0,Manipur
22.464092,93.122439,0,Mizoram
25.911387,90.598376,0,Meghalaya
29.174002,96.205912,0,Arunachal Pradesh
26.232911,92.59054,0,Assam
26.277985,94.710499,0,Nagaland
28.281139,94.561698,0,Arunachal Pradesh
25.512217,92.102736,0,Meghalaya
27.347027,96.3594,0,Arunachal Pradesh
27.833999,93.464267,0,Arunachal Pradesh
26.501036,94.896205,0,Nagaland
27.109221,94.765997,0,Assam
28.517358,96.063304,0,Arunachal Pradesh
29.013715,95.32772,0,Arunachal Pradesh
28.361049,94.581925,0,Arunachal Pradesh
28.634691,94.00143,0,Arunachal Pradesh
27.86425,95.287132,0,Arunachal Pradesh
28.65268,96.350619,0,Arunachal Pradesh
24.643346,92.448195,0,Assam
25.642355,91.823165,0,Meghalaya
25.374448,90.587324,0,Meghalaya
28.230132,97.268113,0,Arunachal Pradesh
29.165919,96.146684,0,Arunachal Pradesh
26.414324,92.916988,0,Assam
27.37023,88.698426,0,Sikkim
23.855975,91.785049,0,Tripura
22.394233,92.758088,0,Mizoram
24.673757,93.432344,0,Manipur
26.84343,93.150869,0,Assam
28.252638,93.272586,0,Arunachal Pradesh
27.41193,95.071821,0,Assam
26.242987,91.830643,0,Assam
26.564745,93.516888,0,Assam
25.040222,94.271643,0,Manipur
27.578926,95.833288,0,Arunachal Pradesh
22.397394,92.902384,0,Mizoram
27.598124,93.948917,0,Arunachal Pradesh
27.595459,95.19167,0,Assam
27.964893,88.356246,0,Sikkim
27.255597,95.480847,0,Assam
28.632844,93.376661,0,Arunachal Pradesh
23.99433,92.852209,0,Mizoram
25.21527,94.548022,0,Manipur
26.010238,94.804581,0,Nagaland
28.968257,96.146,0,Arunachal Pradesh
25.154133,92.164014,0,Meghalaya
24.574295,92.492914,0,Assam
28.009423,96.0884,0,Arunachal Pradesh
27.774691,92.350189,0,Arunachal Pradesh
27.544069,92.383447,0,Arunachal Pradesh
28.266034,95.519185,0,Arunachal Pradesh
23.675124,92.642739,0,Mizoram
24.611379,93.020861,0,Assam
27.760054,91.774878,0,Arunachal Pradesh
28.145543,94.756868,0,Arunachal Pradesh
27.316404,94.906227,0,Assam
27.532268,88.332227,0,Sikkim
26.698338,94.431036,0,Assam
28.041276,93.064253,0,Arunachal Pradesh
27.705213,91.759619,0,Arunachal Pradesh
26.059911,92.589145,0,Assam
27.289937,92.936017,0,Arunachal Pradesh
27.605099,93.8999,0,Arunachal Pradesh
23.614237,93.082802,0,Mizoram
26.675634,94.717646,0,Nagaland
26.814517,92.245427,0,Assam
24.669382,92.923137,0,Assam
26.509686,93.780604,0,Assam
23.578376,92.880711,0,Mizoram
24.755714,93.594978,0,Manipur
27.013951,93.480209,0,Arunachal Pradesh
27.944719,97.074025,0,Arunachal Pradesh
27.064696,95.33892,0,Arunachal Pradesh
27.482428,96.256166,0,Arunachal Pradesh
26.74079,92.938304,0,Assam
25.484977,92.658206,0,Assam
28.177799,96.198649,0,Arunachal Pradesh
25.943012,93.436515,0,Assam
26.150889,90.330634,0,Assam
26.573273,91.381258,0,Assam
23.333826,92.973359,0,Mizoram
26.250586,90.785088,0,Assam
26.569125,93.687617,0,Assam
26.176239,89.902434,0,Assam
25.21742,91.911292,0,Meghalaya
24.709582,94.240418,0,Manipur
22.175686,92.624252,0,Mizoram
25.41102,94.186733,0,Manipur
28.162683,94.779013,0,Arunachal Pradesh
25.740564,90.692254,0,Meghalaya
27.358674,92.062014,0,Arunachal Pradesh
27.567837,94.848958,0,Assam
28.61227,95.239427,0,Arunachal Pradesh
24.629829,92.421465,0,Assam
27.862116,95.485399,0,Assam
26.884055,95.261705,0,Arunachal Pradesh
28.070717,95.074291,0,Arunachal Pradesh
28.22712,97.049716,0,Arunachal Pradesh
25.656013,90.408927,0,Meghalaya
25.255051,90.210271,0,Meghalaya
22.368711,93.174204,0,Mizoram
28.652097,95.2601,0,Arunachal Pradesh
25.226928,91.131016,0,Meghalaya
27.510341,96.415769,0,Arunachal Pradesh
26.406026,92.172482,0,Assam
25.289524,90.234526,0,Meghalaya
26.598348,92.788864,0,Assam
24.91331,92.744237,0,Assam
25.789571,90.266057,0,Meghalaya
26.393064,93.376749,0,Assam
29.106976,95.553607,0,Arunachal Pradesh
25.916652,91.380809,0,Assam
24.866684,94.461394,0,Manipur
26.620385,90.929716,0,Assam
25.398615,92.160764,0,Meghalaya
26.326431,94.918507,0,Nagaland
28.572929,94.189193,0,Arunachal Pradesh
27.062018,93.413453,0,Arunachal Pradesh
25.016445,93.194385,0,Assam
23.607863,92.911284,0,Mizoram
27.31842,93.124434,0,Arunachal Pradesh
27.566962,88.527473,0,Sikkim
26.216293,90.787412,0,Assam
26.271853,91.171325,0,Assam
27.506916,94.328035,0,Assam
28.211485,93.587954,0,Arunachal Pradesh
25.94574,93.430707,0,Assam
27.820884,94.737387,0,Arunachal Pradesh
28.023747,96.093103,0,Arunachal Pradesh
24.564749,92.920839,0,Assam
24.865058,93.097109,0,Assam
27.87793,96.520928,0,Arunachal Pradesh
27.364825,94.974921,0,Assam
28.840168,94.119564,0,Arunachal Pradesh
29.038419,95.816372,0,Arunachal Pradesh
25.630644,92.048241,0,Meghalaya
26.019401,94.058964,0,Nagaland
28.290071,94.400459,0,Arunachal Pradesh
27.363535,92.668632,0,Arunachal Pradesh
26.116704,93.65298,0,Assam
27.216558,94.475445,0,Assam
28.573925,95.963503,0,Arunachal Pradesh
26.70594,94.629321,0,Nagaland
24.984731,93.377427,0,Manipur
25.844983,91.98118,0,Meghalaya
24.002779,91.819074,0,Tripura
22.507318,93.099122,0,Mizoram
23.716799,93.199665,0,Mizoram
28.047728,93.564517,0,Arunachal Pradesh
28.176265,94.970653,0,Arunachal Pradesh
27.150307,95.793139,0,Arunachal Pradesh
24.502463,92.305885,0,Assam
26.135747,92.075241,0,Assam
26.739146,94.444734,0,Assam
25.605996,94.158997,0,Nagaland
25.359066,93.843484,0,Manipur
24.104903,93.907433,0,Manipur
24.148842,92.425081,0,Mizoram
28.639129,94.707412,0,Arunachal Pradesh
29.144703,95.595185,0,Arunachal Pradesh
27.648854,88.809522,0,Sikkim
27.725416,91.649845,0,Arunachal Pradesh
25.216716,93.089984,0,Assam
23.972549,92.920304,0,Mizoram
26.691345,93.60093,0,Assam
25.635798,92.690397,0,Assam
27.54778,92.910016,0,Arunachal Pradesh
26.600843,92.923943,0,Assam
28.552077,93.654583,0,Arunachal Pradesh
27.351107,88.836353,0,Sikkim
24.735665,92.853956,0,Assam
27.906808,94.832794,0,Arunachal Pradesh
27.126705,93.126159,0,Arunachal Pradesh
26.855538,92.733749,0,Assam
27.991008,97.037947,0,Arunachal Pradesh
23.07347,93.341155,0,Mizoram
25.42577,91.24428,0,Meghalaya
27.620749,95.272923,0,Assam
25.732606,91.137983,0,Meghalaya
24.064158,92.258177,0,Tripura
25.720067,94.61408,0,Nagaland
25.901577,92.392441,0,Assam
23.34412,93.249374,0,Mizoram
25.498402,92.16156,0,Meghalaya
25.666447,93.14487,0,Assam
22.534815,92.717822,0,Mizoram
23.502472,92.455396,0,Mizoram
28.122956,94.442453,0,Arunachal Pradesh
23.366818,91.395668,0,Tripura
27.297525,95.921939,0,Assam
28.466995,93.566947,0,Arunachal Pradesh
26.548381,93.607164,0,Assam
24.667614,94.437854,0,Manipur
26.309795,90.612786,0,Assam
26.622819,92.251268,0,Assam
27.89923,95.028083,0,Arunachal Pradesh
25.675407,93.650372,0,Nagaland
26.024634,94.958343,0,Nagaland
26.090942,91.358414,0,Assam
25.752577,93.001052,0,Assam
28.028483,97.375062,0,Arunachal Pradesh
25.696529,93.565842,0,Nagaland
25.374446,90.410669,0,Meghalaya
24.121332,92.138916,0,Tripura
28.736895,94.948115,0,Arunachal Pradesh
25.40069,92.367836,0,Meghalaya
25.675671,94.809477,0,Nagaland
26.794392,95.414747,0,Arunachal Pradesh
28.402667,96.73541,0,Arunachal Pradesh
25.558205,93.062174,0,Assam
27.678977,95.440058,0,Assam
28.714365,95.161369,0,Arunachal Pradesh
23.683138,91.324287,0,Tripura
24.267704,92.90866,0,Mizoram
23.708921,91.667258,0,Tripura
27.402629,93.268293,0,Arunachal Pradesh
25.921449,93.896325,0,Assam
26.646921,93.206002,0,Assam
27.619884,92.709236,0,Arunachal Pradesh
25.619163,92.680133,0,Assam
25.851004,92.348022,0,Assam
24.695329,92.489266,0,Assam
26.422585,90.42676,0,Assam
28.37443,95.407031,0,Arunachal Pradesh
24.903592,92.943628,0,Assam
28.136226,95.713958,0,Arunachal Pradesh
27.238548,95.772672,0,Arunachal Pradesh
26.55415,91.597898,0,Assam
25.415428,93.392236,0,Assam
25.342432,90.185427,0,Meghalaya
24.852219,92.796441,0,Assam
28.797432,96.433406,0,Arunachal Pradesh
25.469483,93.844911,0,Manipur
27.606457,94.259694,0,Assam
27.435137,95.611508,0,Assam
25.766107,91.211642,0,Assam
28.468642,94.478604,0,Arunachal Pradesh
25.101681,94.467391,0,Manipur
27.009117,92.935835,0,Arunachal Pradesh
29.081318,95.808007,0,Arunachal Pradesh
23.983639,91.873351,0,Tripura
23.206019,92.676744,0,Mizoram
25.627751,89.899632,0,Assam
27.698978,96.332027,0,Arunachal Pradesh
25.284928,91.159441,0,Meghalaya
26.330409,90.449738,0,Assam
25.271147,90.504212,0,Meghalaya
27.496242,93.919244,0,Arunachal Pradesh
25.276669,90.598204,0,Meghalaya
25.66653,90.281041,0,Meghalaya
27.051832,94.827507,0,Assam
26.539433,95.044304,0,Nagaland
24.444407,93.875873,0,Manipur
25.944543,91.53376,0,Meghalaya
25.956451,89.880428,0,Assam
26.461873,90.340613,0,Assam
27.257273,95.63429,0,Assam
27.494871,88.443719,0,Sikkim
25.95107,90.178795,0,Meghalaya
25.190338,93.950102,0,Manipur
24.055818,91.721495,0,Tripura
25.190356,91.717054,0,Meghalaya
25.511362,93.374191,0,Nagaland
27.273742,95.368834,0,Assam
22.278108,92.611399,0,Mizoram
26.710318,92.4849,0,Assam
23.923762,92.027465,0,Tripura
25.500234,94.647387,0,Nagaland
28.374789,93.559061,0,Arunachal Pradesh
27.663691,88.31037,0,Sikkim
24.454597,92.974489,0,Assam
27.059163,94.588951,0,Assam
26.791299,91.433343,0,Assam
24.179718,92.909248,0,Mizoram
27.207292,94.331125,0,Assam
26.797918,93.06835,0,Assam
27.439605,92.161435,0,Arunachal Pradesh
23.417207,92.82815,0,Mizoram
28.472352,94.389613,0,Arunachal Pradesh
25.808904,92.517166,0,Assam
24.874845,94.246977,0,Manipur
28.176229,93.879929,0,Arunachal Pradesh
28.720883,94.207201,0,Arunachal Pradesh
24.73774,93.900219,0,Manipur
27.307863,88.060076,0,Sikkim
26.624546,93.634966,0,Assam
23.587798,91.594863,0,Tripura
28.130256,97.031184,0,Arunachal Pradesh
25.252695,90.313827,0,Meghalaya
27.993207,95.923731,0,Arunachal Pradesh
27.823509,96.232997,0,Arunachal Pradesh
25.933938,91.270475,0,Assam
25.277516,92.864953,0,Assam
27.572949,92.95172,0,Arunachal Pradesh
24.404152,94.010689,0,Manipur
22.730094,92.959536,0,Mizoram
25.454924,91.444757,0,Meghalaya
25.912714,91.949314,0,Meghalaya
27.387423,92.956545,0,Arunachal Pradesh
26.268848,92.837661,0,Assam
28.355063,94.855293,0,Arunachal Pradesh
28.299176,93.846093,0,Arunachal Pradesh
25.7166,90.473416,0,Meghalaya
28.30174,96.329718,0,Arunachal Pradesh
25.781421,94.941434,0,Nagaland
24.126171,91.840447,0,Tripura
24.657734,93.611869,0,Manipur
28.970409,95.532063,0,Arunachal Pradesh
27.297023,92.785841,0,Arunachal Pradesh
25.301386,94.25475,0,Manipur
25.651518,92.681149,0,Assam
28.052837,94.937359,0,Arunachal Pradesh
26.426497,90.346675,0,Assam
28.302832,96.679869,0,Arunachal Pradesh
26.181941,89.868736,0,Assam
26.899545,95.420843,0,Arunachal Pradesh
23.099315,92.60525,0,Mizoram
23.603242,91.434266,0,Tripura
28.940106,96.488237,0,Arunachal Pradesh
28.798148,95.365815,0,Arunachal Pradesh
24.930089,94.400391,0,Manipur
25.676174,90.609755,0,Meghalaya
28.104691,96.744412,0,Arunachal Pradesh
26.122069,91.439186,0,Assam
24.470339,93.864061,0,Manipur
28.891209,95.822129,0,Arunachal Pradesh
29.151509,95.546133,0,Arunachal Pradesh
26.141329,91.99782,0,Assam
27.203324,94.198158,0,Assam
26.158241,92.796981,0,Assam
27.653199,92.738391,0,Arunachal Pradesh
24.728816,92.464903,0,Assam
25.488875,91.11103,0,Meghalaya
26.298181,93.894709,0,Assam
25.102682,94.294068,0,Manipur
26.803505,93.148064,0,Assam
26.434642,93.200202,0,Assam
26.234804,90.053509,0,Assam
26.361025,90.29661,0,Assam
25.308231,93.281501,0,Assam
25.915324,93.793099,0,Assam
27.604719,92.898117,0,Arunachal Pradesh
25.347814,91.887377,0,Meghalaya
27.567396,91.811858,0,Arunachal Pradesh
25.797095,90.198768,0,Meghalaya
26.145556,92.365734,0,Assam
27.697237,95.217826,0,Assam
23.743382,92.09306,0,Tripura
26.840948,93.59517,0,Assam
27.080982,92.884486,0,Arunachal Pradesh
25.278734,93.179504,0,Assam
24.28135,93.337548,0,Manipur
26.935371,92.96149,0,Assam
26.529789,91.622357,0,Assam
24.280239,92.121905,0,Tripura
28.31366,95.147402,0,Arunachal Pradesh
27.99993,96.837043,0,Arunachal Pradesh
23.944111,94.081356,0,Manipur
25.597408,89.965663,0,Assam
23.970841,93.25782,0,Mizoram
24.203845,92.636844,0,Mizoram
25.713854,91.084266,0,Meghalaya
26.336085,91.11172,0,Assam
28.813929,94.465689,0,Arunachal Pradesh
26.84487,94.241074,0,Assam
27.89156,94.273903,0,Arunachal Pradesh
26.166758,92.735323,0,Assam
26.844362,95.049697,0,Nagaland
23.627283,91.906338,0,Tripura
24.706902,92.401382,0,Assam
25.371199,92.177504,0,Meghalaya
28.472765,93.301603,0,Arunachal Pradesh
25.125863,92.485057,0,Meghalaya
25.395395,90.524832,0,Meghalaya
27.799012,95.895577,0,Arunachal Pradesh
24.451829,93.639491,0,Manipur
26.36282,91.786221,0,Assam
25.401216,89.903408,0,Meghalaya
25.304206,90.668144,0,Meghalaya
25.089782,92.80843,0,Assam
25.500316,93.92582,0,Manipur
28.276698,95.047022,0,Arunachal Pradesh
25.226027,94.453455,0,Manipur
25.148078,92.594432,0,Meghalaya
29.254008,95.628603,0,Arunachal Pradesh
23.668261,93.411542,0,Mizoram
24.728956,93.931339,0,Manipur
27.464628,92.992047,0,Arunachal Pradesh
29.227509,94.600839,0,Arunachal Pradesh
24.173729,92.170776,0,Tripura
22.181374,92.975952,0,Mizoram
27.503308,94.443341,0,Assam
28.7579,95.29603,0,Arunachal Pradesh
27.803157,92.754205,0,Arunachal Pradesh
23.805057,91.44377,0,Tripura
25.443065,90.85746,0,Meghalaya
28.711161,95.717333,0,Arunachal Pradesh
25.332999,90.489822,0,Meghalaya
26.755021,92.232934,0,Assam
26.624158,94.593395,0,Nagaland
27.057367,93.199557,0,Arunachal Pradesh
28.431951,95.579722,0,Arunachal Pradesh
25.48249,93.327388,0,Assam
24.805019,93.079959,0,Assam
25.654682,93.693154,0,Nagaland
26.783587,91.544997,0,Assam
27.378883,95.689034,0,Assam
26.677451,94.756066,0,Nagaland
29.308783,95.796325,0,Arunachal Pradesh
28.355815,94.253807,0,Arunachal Pradesh
26.817072,93.069691,0,Assam
26.851093,92.011131,0,Assam
28.10207,93.473747,0,Arunachal Pradesh
27.660384,91.872861,0,Arunachal Pradesh
28.188009,97.2079,0,Arunachal Pradesh
27.867715,94.194595,0,Arunachal Pradesh
25.797314,93.287111,0,Assam
27.505477,96.144878,0,Arunachal Pradesh
28.070506,93.387305,0,Arunachal Pradesh
25.909065,94.280363,0,Nagaland
27.135286,94.294984,0,Assam
27.847085,96.013502,0,Arunachal Pradesh
27.190569,92.375565,0,Arunachal Pradesh
28.779287,94.92409,0,Arunachal Pradesh
23.462383,92.626666,0,Mizoram
26.415141,91.001099,0,Assam
29.247202,95.949239,0,Arunachal Pradesh
23.747447,91.475452,0,Tripura
28.215958,96.730942,0,Arunachal Pradesh
27.43852,95.505339,0,Assam
28.557425,95.034625,0,Arunachal Pradesh
24.672743,92.457705,0,Assam
25.321239,90.476598,0,Meghalaya
24.753344,93.720475,0,Manipur
29.052951,94.279385,0,Arunachal Pradesh
24.249703,94.165992,0,Manipur
24.746027,93.060877,0,Assam
26.382242,93.694131,0,Assam
28.653592,94.564791,0,Arunachal Pradesh
26.289487,92.014958,0,Assam
26.344713,91.962719,0,Assam
27.694766,88.729611,0,Sikkim
23.571277,92.50947,0,Mizoram
25.533219,94.815501,0,Nagaland
27.776773,94.362759,0,Arunachal Pradesh
22.796009,92.751916,0,Mizoram
24.974719,93.262834,0,Manipur
26.234213,92.261929,0,Assam
25.783394,94.073714,0,Nagaland
26.819632,95.138293,0,Nagaland
25.664977,94.524321,0,Nagaland
27.175569,92.739916,0,Arunachal Pradesh
27.457078,92.858974,0,Arunachal Pradesh
27.335016,88.580533,0,Sikkim
27.574486,92.588382,0,Arunachal Pradesh
26.622914,92.467666,0,Assam
26.712676,92.738909,0,Assam
28.553728,95.923496,0,Arunachal Pradesh
28.190524,97.051098,0,Arunachal Pradesh
26.955365,92.193925,0,Arunachal Pradesh
28.908414,95.546304,0,Arunachal Pradesh
27.36428,94.453415,0,Assam
28.911572,95.452029,0,Arunachal Pradesh
25.609706,93.963904,0,Nagaland
26.550593,92.141481,0,Assam
27.411579,94.282346,0,Assam
26.198346,93.171402,0,Assam
27.158259,97.050763,0,Arunachal Pradesh
26.284343,91.742207,0,Assam
28.117236,95.803977,0,Arunachal Pradesh
25.748817,93.833912,0,Nagaland
25.72705,93.824425,0,Nagaland
26.505789,91.085835,0,Assam
27.161881,97.004835,0,Arunachal Pradesh
28.656388,94.166237,0,Arunachal Pradesh
27.716193,96.264357,0,Arunachal Pradesh
28.872423,96.254177,0,Arunachal Pradesh
28.062686,95.531294,0,Arunachal Pradesh
26.845523,94.891111,0,Nagaland
26.915529,93.976807,0,Assam
25.968379,93.559065,0,Assam
28.788079,94.026735,0,Arunachal Pradesh
28.581425,94.582932,0,Arunachal Pradesh
28.068955,94.479192,0,Arunachal Pradesh
27.318691,95.103436,0,Assam
25.416648,90.67887,0,Meghalaya
27.38818,92.095955,0,Arunachal Pradesh
27.308341,95.095092,0,Assam
24.341275,93.473403,0,Manipur
25.149684,93.17588,0,Assam
26.471276,92.910631,0,Assam
26.526491,94.203756,0,Assam
27.240908,92.755563,0,Arunachal Pradesh
27.725182,91.909838,0,Arunachal Pradesh
28.803312,95.644337,0,Arunachal Pradesh
26.537522,91.381522,0,Assam
24.473613,93.490031,0,Manipur
26.318876,90.777463,0,Assam
25.68707,93.621182,0,Nagaland
28.011091,97.199757,0,Arunachal Pradesh
26.496271,91.354061,0,Assam
28.286473,94.612116,0,Arunachal Pradesh
28.589327,94.680811,0,Arunachal Pradesh
26.041603,93.965718,0,Assam
27.903959,88.605773,0,Sikkim
26.621814,92.960113,0,Assam
27.585349,94.832252,0,Assam
27.522183,94.355321,0,Assam
29.074531,95.055277,0,Arunachal Pradesh
27.640313,91.98982,0,Arunachal Pradesh
28.08677,92.694224,0,Arunachal Pradesh
27.821308,95.221138,0,Assam
27.323046,96.960119,0,Arunachal Pradesh
28.846529,94.381311,0,Arunachal Pradesh
25.481597,93.976119,0,Manipur
26.505122,90.65905,0,Assam
26.939437,94.068432,0,Assam
27.996812,96.198236,0,Arunachal Pradesh
26.239024,95.01762,0,Nagaland
27.289251,95.355148,0,Assam
29.021495,95.142703,0,Arunachal Pradesh
27.323429,93.223212,0,Arunachal Pradesh
28.135152,96.53134,0,Arunachal Pradesh
25.523282,92.62901,0,Assam
25.375402,90.110598,0,Meghalaya
25.526522,90.623198,0,Meghalaya
24.341445,93.529793,0,Manipur
28.179286,92.804796,0,Arunachal Pradesh
27.888259,94.07758,0,Arunachal Pradesh
25.692692,94.457274,0,Nagaland
27.418256,95.334052,0,Assam
24.340792,92.566529,0,Assam
27.714152,93.358695,0,Arunachal Pradesh
24.388137,93.082367,0,Manipur
27.360896,94.232449,0,Assam
27.014549,92.224333,0,Arunachal Pradesh
25.827638,91.871998,0,Meghalaya
28.686304,95.978746,0,Arunachal Pradesh
26.882531,92.323773,0,Assam
27.651035,88.350857,0,Sikkim
25.372098,94.381505,0,Manipur
25.728096,94.579036,0,Nagaland
28.538207,93.538149,0,Arunachal Pradesh
28.694451,94.069534,0,Arunachal Pradesh
25.64114,91.462913,0,Meghalaya
28.656948,94.525518,0,Arunachal Pradesh
27.163443,88.22841,0,Sikkim
25.867184,92.557273,0,Assam
26.068858,90.444833,0,Assam
27.620314,94.398291,0,Arunachal Pradesh
27.981831,97.249442,0,Arunachal Pradesh
26.416458,92.1703,0,Assam
28.965464,94.975201,0,Arunachal Pradesh
24.066183,92.403486,0,Mizoram
22.732383,92.970155,0,Mizoram
28.006413,96.362848,0,Arunachal Pradesh
29.221373,95.65046,0,Arunachal Pradesh
26.733949,90.436121,0,Assam
25.129757,94.091949,0,Manipur
27.571396,96.907444,0,Arunachal Pradesh
23.446473,91.44859,0,Tripura
26.967914,94.455661,0,Assam
27.324245,93.851717,0,Arunachal Pradesh
24.715173,94.039557,0,Manipur
23.969864,93.030894,0,Mizoram
28.088914,93.765861,0,Arunachal Pradesh
26.118126,89.844066,0,Assam
28.152504,93.588388,0,Arunachal Pradesh
27.160494,92.817676,0,Arunachal Pradesh
28.531946,93.92135,0,Arunachal Pradesh
22.283004,92.673483,0,Mizoram
26.949681,92.685111,0,Assam
28.120911,96.395098,0,Arunachal Pradesh
28.129678,95.423385,0,Arunachal Pradesh
25.570716,92.640612,0,Meghalaya
23.930968,93.328292,0,Mizoram
28.5161,93.354673,0,Arunachal Pradesh
27.978277,95.591325,0,Arunachal Pradesh
26.408116,92.6829,0,Assam
28.077979,95.393254,0,Arunachal Pradesh
26.326211,91.583034,0,Assam
28.06808,96.044497,0,Arunachal Pradesh
24.92887,93.311113,0,Manipur
23.454943,92.495688,0,Mizoram
27.763974,94.457713,0,Arunachal Pradesh
27.152063,94.408452,0,Assam
25.76708,93.978131,0,Nagaland
28.282298,93.870568,0,Arunachal Pradesh
28.53158,94.903378,0,Arunachal Pradesh
25.650399,94.833831,0,Nagaland
27.968443,96.126591,0,Arunachal Pradesh
25.414523,91.654702,0,Meghalaya
23.681582,93.205499,0,Mizoram
27.051417,94.121283,0,Assam
28.954638,95.468311,0,Arunachal Pradesh
25.563908,91.960559,0,Meghalaya
27.444556,92.306572,0,Arunachal Pradesh
25.625605,91.578487,0,Meghalaya
27.865167,93.363611,0,Arunachal Pradesh
22.778416,92.490786,0,Mizoram
26.150275,93.279609,0,Assam
28.27156,93.866033,0,Arunachal Pradesh
27.524841,96.861473,0,Arunachal Pradesh
22.328913,92.87425,0,Mizoram
26.981206,94.501813,0,Assam
27.183504,95.809691,0,Arunachal Pradesh
25.040525,92.952191,0,Assam
27.603921,93.505488,0,Arunachal Pradesh
26.780557,93.617033,0,Assam
27.80848,93.847087,0,Arunachal Pradesh
27.370593,93.876754,0,Arunachal Pradesh
22.366662,92.954912,0,Mizoram
25.12498,93.890255,0,Manipur
25.820957,94.119182,0,Nagaland
27.036243,93.859714,0,Assam
22.879574,93.090298,0,Mizoram
26.105196,90.136534,0,Assam
28.745355,96.080969,0,Arunachal Pradesh
26.610574,92.209859,0,Assam
26.764947,92.118069,0,Assam
26.29802,90.232276,0,Assam
25.497608,90.048742,0,Meghalaya
28.553917,93.417572,0,Arunachal Pradesh
23.048002,92.915074,0,Mizoram
25.571086,90.764116,0,Meghalaya
24.867454,93.550961,0,Manipur
28.734177,96.47223,0,Arunachal Pradesh
27.813472,88.264868,0,Sikkim
25.747753,92.316237,0,Assam
27.867984,93.428065,0,Arunachal Pradesh
28.840344,96.212634,0,Arunachal Pradesh
29.281843,95.73164,0,Arunachal Pradesh
25.203898,92.859101,0,Assam
28.45554,96.088502,0,Arunachal Pradesh
28.083943,95.558176,0,Arunachal Pradesh
26.389756,90.623607,0,Assam
26.910723,94.870719,0,Nagaland
26.909528,92.126798,0,Arunachal Pradesh
28.318998,93.999831,0,Arunachal Pradesh
25.731095,91.599367,0,Meghalaya
28.762616,96.237697,0,Arunachal Pradesh
28.204975,95.532696,0,Arunachal Pradesh
25.714983,91.534312,0,Meghalaya
25.880025,92.04595,0,Meghalaya
25.998114,90.742913,0,Assam
22.444792,92.707654,0,Mizoram
25.707282,93.693676,0,Nagaland
26.244508,90.439924,0,Assam
28.220394,96.186301,0,Arunachal Pradesh
29.075167,94.765459,0,Arunachal Pradesh
24.674793,92.552594,0,Assam
24.879567,94.552587,0,Manipur
27.498584,94.457568,0,Assam
27.862254,92.633181,0,Arunachal Pradesh
25.327598,94.285911,0,Manipur
28.955791,95.669926,0,Arunachal Pradesh
27.355507,95.687156,0,Assam
24.905615,92.530788,0,Assam
27.489583,92.713873,0,Arunachal Pradesh
26.762345,91.22754,0,Assam
24.279476,93.522149,0,Manipur
28.913347,96.289189,0,Arunachal Pradesh
26.630223,90.715164,0,Assam
25.922898,92.895056,0,Assam
25.712621,93.589542,0,Nagaland
26.109472,94.469947,0,Nagaland
25.056925,94.520734,0,Manipur
26.417291,93.721523,0,Assam
27.837614,93.053006,0,Arunachal Pradesh
25.900071,90.194762,0,Meghalaya
27.963824,88.592379,0,Sikkim
28.689558,95.728291,0,Arunachal Pradesh
24.373792,92.729229,0,Mizoram
24.346694,92.929487,0,Mizoram
25.382834,91.886005,0,Meghalaya
25.362994,90.390219,0,Meghalaya
26.050744,93.388234,0,Assam
25.373935,94.124268,0,Manipur
27.298849,95.91794,0,Assam
27.287881,93.419234,0,Arunachal Pradesh
25.431875,90.365632,0,Meghalaya
23.000188,93.031149,0,Mizoram
26.328804,93.791121,0,Assam
28.971281,96.103507,0,Arunachal Pradesh
25.481182,90.893782,0,Meghalaya
25.979046,94.442355,0,Nagaland
26.189087,92.093184,0,Assam
28.611346,95.894304,0,Arunachal Pradesh
28.331014,96.760008,0,Arunachal Pradesh
27.860117,88.55877,0,Sikkim
28.38268,93.842099,0,Arunachal Pradesh
28.44148,94.980086,0,Arunachal Pradesh
27.973194,95.305718,0,Arunachal Pradesh
26.245846,93.999944,0,Assam
28.706108,93.971459,0,Arunachal Pradesh
28.077488,95.779641,0,Arunachal Pradesh
25.138723,91.685001,0,Meghalaya
25.86799,91.328918,0,Assam
24.302262,94.058822,0,Manipur
24.076027,92.966926,0,Mizoram
28.667964,94.3348,0,Arunachal Pradesh
23.367151,92.987295,0,Mizoram
27.894668,93.323704,0,Arunachal Pradesh
25.462595,93.838197,0,Manipur
29.004629,94.493642,0,Arunachal Pradesh
26.77972,92.474922,0,Assam
24.608719,92.614085,0,Assam
25.280136,92.125747,0,Meghalaya
23.635189,92.485264,0,Mizoram
26.135103,91.025125,0,Assam
25.422061,90.515288,0,Meghalaya
26.225246,93.996615,0,Assam
25.496405,92.11722,0,Meghalaya
28.60284,93.775198,0,Arunachal Pradesh
28.196676,93.323386,0,Arunachal Pradesh
26.483227,93.681071,0,Assam
26.209933,93.647541,0,Assam
28.385038,94.650993,0,Arunachal Pradesh
24.123316,91.700135,0,Tripura
28.023712,95.327261,0,Arunachal Pradesh
25.427459,93.94917,0,Manipur
24.341859,92.714738,0,Mizoram
25.570566,91.016824,0,Meghalaya
26.09991,92.519284,0,Assam
25.420931,90.917728,0,Meghalaya
27.665122,95.428931,0,Assam
23.450459,91.874258,0,Tripura
28.093416,95.121956,0,Arunachal Pradesh
22.754533,92.850554,0,Mizoram
26.304433,91.405284,0,Assam
24.913989,93.364721,0,Manipur
24.719212,93.721817,0,Manipur
28.978921,94.282959,0,Arunachal Pradesh
27.034109,95.582238,0,Arunachal Pradesh
28.035943,94.288287,0,Arunachal Pradesh
25.992718,93.142878,0,Assam
25.694168,90.776643,0,Meghalaya
26.633966,92.316919,0,Assam
24.278368,92.766948,0,Mizoram
25.186939,93.295526,0,Assam
24.464156,92.988779,0,Assam
26.23631,92.028005,0,Assam
28.339146,93.328966,0,Arunachal Pradesh
24.229196,93.953557,0,Manipur
27.340736,93.091431,0,Arunachal Pradesh
25.504134,94.701816,0,Nagaland
23.388302,92.407329,0,Mizoram
28.527004,94.010208,0,Arunachal Pradesh
26.070991,92.732858,0,Assam
27.555946,95.135623,0,Assam
29.132767,94.549456,0,Arunachal Pradesh
27.613908,96.374076,0,Arunachal Pradesh
27.933026,94.406416,0,Arunachal Pradesh
28.781673,94.122798,0,Arunachal Pradesh
25.854576,91.398665,0,Assam
29.277927,96.003699,0,Arunachal Pradesh
26.347339,92.420407,0,Assam
26.693687,95.392238,0,Arunachal Pradesh
28.013846,93.745937,0,Arunachal Pradesh
23.56751,91.432374,0,Tripura
27.049298,94.458612,0,Assam
23.321728,92.571926,0,Mizoram
25.375613,94.245721,0,Manipur
24.94177,93.987368,0,Manipur
27.127332,93.420431,0,Arunachal Pradesh
28.336579,96.839566,0,Arunachal Pradesh
23.875542,92.990863,0,Mizoram
25.648905,90.688468,0,Meghalaya
26.653938,92.385438,0,Assam
28.290145,96.530311,0,Arunachal Pradesh
27.454844,94.186517,0,Assam
27.412054,93.13861,0,Arunachal Pradesh
26.457868,91.534327,0,Assam
26.052079,94.572929,0,Nagaland
22.14002,92.657221,0,Mizoram
27.485541,93.0606,0,Arunachal Pradesh
25.577517,90.821844,0,Meghalaya
29.035621,95.597833,0,Arunachal Pradesh
23.425551,91.406067,0,Tripura
24.054909,93.731018,0,Manipur
25.910842,91.017964,0,Assam
23.172908,92.729541,0,Mizoram
23.825305,92.680402,0,Mizoram
25.643821,92.262179,0,Meghalaya
26.148019,94.91081,0,Nagaland
24.895489,94.126568,0,Manipur
28.192397,94.21557,0,Arunachal Pradesh
25.777778,91.206103,0,Assam
26.189979,93.168522,0,Assam
25.154939,90.415294,0,Meghalaya
24.678542,93.620125,0,Manipur
27.307947,92.421796,0,Arunachal Pradesh
27.351282,95.551322,0,Assam
26.969554,92.344942,0,Arunachal Pradesh
25.779871,92.107502,0,Meghalaya
23.409417,91.824627,0,Tripura
27.909343,96.992941,0,Arunachal Pradesh
26.026794,93.979058,0,Nagaland
28.118404,95.951259,0,Arunachal Pradesh
24.486265,93.506693,0,Manipur
27.886621,93.354149,0,Arunachal Pradesh
24.246155,92.24118,0,Tripura
27.238042,88.05178,0,Sikkim
23.671021,91.302593,0,Tripura
26.885453,92.152602,0,Assam
26.365695,91.333676,0,Assam
25.944691,94.496094,0,Nagaland
26.121651,92.939491,0,Assam
23.254452,92.731709,0,Mizoram
28.651262,94.598248,0,Arunachal Pradesh
26.95213,92.74109,0,Assam
27.70331,92.980611,0,Arunachal Pradesh
23.129416,91.682585,0,Tripura
23.416963,91.757118,0,Tripura
26.273936,90.504777,0,Assam
26.211964,90.766959,0,Assam
24.113664,92.506284,0,Mizoram
27.348103,93.222252,0,Arunachal Pradesh
26.769274,95.085609,0,Nagaland
23.279903,91.654065,0,Tripura
25.711334,93.617248,0,Nagaland
23.845494,92.16888,0,Tripura
26.61943,94.139753,0,Assam
25.671704,92.978764,0,Assam
26.756262,92.50957,0,Assam
26.382869,94.934732,0,Nagaland
27.584106,91.896836,0,Arunachal Pradesh
29.179391,96.097303,0,Arunachal Pradesh
26.064207,94.611681,0,Nagaland
26.489533,91.591378,0,Assam
23.906322,92.762014,0,Mizoram
26.768952,91.699765,0,Assam
25.615223,90.107135,0,Meghalaya
27.508215,95.937543,0,Arunachal Pradesh
26.452742,94.674396,0,Nagaland
24.375939,92.307988,0,Assam
25.227483,92.435655,0,Meghalaya
28.695818,96.429514,0,Arunachal Pradesh
26.521845,94.614608,0,Nagaland
25.694809,91.208657,0,Meghalaya
26.907721,93.415602,0,Assam
25.963707,93.660364,0,Assam
25.47004,92.097333,0,Meghalaya
23.583834,91.480875,0,Tripura
28.521993,94.988252,0,Arunachal Pradesh
27.716164,93.001578,0,Arunachal Pradesh
26.598367,93.959819,0,Assam
27.939682,95.958258,0,Arunachal Pradesh
24.797548,94.247591,0,Manipur
28.371721,95.392291,0,Arunachal Pradesh
23.749288,91.82219,0,Tripura
29.05363,95.192341,0,Arunachal Pradesh
24.668343,94.421673,0,Manipur
24.125863,93.190251,0,Manipur
26.399713,92.317463,0,Assam
24.383106,92.635284,0,Assam
27.595862,92.527373,0,Arunachal Pradesh
27.66564,93.301164,0,Arunachal Pradesh
23.857605,91.748196,0,Tripura
23.966051,92.872489,0,Mizoram
24.347418,93.31643,0,Manipur
23.803889,91.538635,0,Tripura
25.786697,90.561009,0,Meghalaya
25.895484,93.641562,0,Assam
26.47991,91.296215,0,Assam
27.98617,95.798557,0,Arunachal Pradesh
25.737638,90.187689,0,Meghalaya
24.057615,91.525367,0,Tripura
24.208061,92.986556,0,Mizoram
26.684832,94.376359,0,Assam
26.104314,92.44212,0,Assam
27.382794,94.82649,0,Assam
24.735642,93.41012,0,Manipur
27.592806,93.824408,0,Arunachal Pradesh
28.553643,94.149031,0,Arunachal Pradesh
24.309955,94.168059,0,Manipur
27.338383,92.148734,0,Arunachal Pradesh
25.227223,90.662103,0,Meghalaya
25.537317,91.088116,0,Meghalaya
23.492221,92.780743,0,Mizoram
23.300247,91.530394,0,Tripura
28.640645,93.575029,0,Arunachal Pradesh
29.117626,94.764992,0,Arunachal Pradesh
26.480799,90.833967,0,Assam
26.643286,94.829889,0,Nagaland
27.259872,88.644234,0,Sikkim
24.299918,93.502043,0,Manipur
26.336515,90.252078,0,Assam
24.690595,92.670453,0,Assam
25.613193,92.429902,0,Meghalaya
27.693585,94.475158,0,Arunachal Pradesh
26.576492,95.049691,0,Nagaland
27.941626,88.274221,0,Sikkim
27.291603,92.558048,0,Arunachal Pradesh
23.60748,91.900456,0,Tripura
27.295705,94.757779,0,Assam
25.76388,92.910671,0,Assam
27.037661,95.869801,0,Arunachal Pradesh
26.322128,93.27362,0,Assam
24.511154,94.021423,0,Manipur
25.065746,93.53058,0,Manipur
24.748654,92.813762,0,Assam
25.173596,94.040341,0,Manipur
28.304434,93.34723,0,Arunachal Pradesh
28.542936,95.154986,0,Arunachal Pradesh
26.105223,93.462158,0,Assam
26.237848,92.953216,0,Assam
22.323486,92.662421,0,Mizoram
26.353308,90.659225,0,Assam
23.473816,92.598468,0,Mizoram
25.721127,93.376934,0,Assam
25.452312,92.009896,0,Meghalaya
26.962506,92.939782,0,Arunachal Pradesh
25.480602,91.28653,0,Meghalaya
24.595071,94.039722,0,Manipur
24.887131,92.287462,0,Assam
24.268465,93.727742,0,Manipur
27.955191,88.62228,0,Sikkim
28.247472,96.283631,0,Arunachal Pradesh
27.602511,88.185924,0,Sikkim
25.881816,90.912763,0,Meghalaya
24.806937,94.543507,0,Manipur
25.048832,94.274955,0,Manipur
28.032557,93.679898,0,Arunachal Pradesh
23.659974,91.630964,0,Tripura
24.046399,93.478878,0,Manipur
26.539201,94.441082,0,Nagaland
26.966165,94.753716,0,Assam
26.954512,94.484575,0,Assam
27.506498,94.691375,0,Assam
27.837889,95.591426,0,Assam
26.120297,92.725072,0,Assam
27.756577,94.602211,0,Arunachal Pradesh
22.483779,93.105659,0,Mizoram
25.743119,93.646967,0,Nagaland
28.765548,96.560481,0,Arunachal Pradesh
25.264363,93.531416,0,Nagaland
26.262501,91.900931,0,Assam
27.231794,97.025657,0,Arunachal Pradesh
27.271653,94.184262,0,Assam
28.070681,93.310053,0,Arunachal Pradesh
26.168839,93.302247,0,Assam
27.511874,95.668132,0,Assam
25.554417,91.019007,0,Meghalaya
26.02158,90.24697,0,Assam
26.324788,94.658849,0,Nagaland
27.518598,94.133724,0,Arunachal Pradesh
27.634254,95.126611,0,Assam
24.402361,93.294704,0,Manipur
25.965708,93.004529,0,Assam
28.737311,96.495225,0,Arunachal Pradesh
26.072761,93.1881,0,Assam
26.299837,94.034325,0,Assam
24.39331,94.210618,0,Manipur
28.254227,95.584758,0,Arunachal Pradesh
22.195674,92.610322,0,Mizoram
26.077418,92.014219,0,Assam
27.556352,93.019824,0,Arunachal Pradesh
25.957368,92.737184,0,Assam
27.966818,97.108433,0,Arunachal Pradesh
25.766144,92.668787,0,Assam
25.259175,90.434229,0,Meghalaya
25.673995,90.91739,0,Meghalaya
28.113401,93.393733,0,Arunachal Pradesh
26.737061,94.219482,0,Assam
27.281378,94.167314,0,Assam
26.288686,95.043852,0,Nagaland
26.616997,93.320991,0,Assam
26.37752,94.953057,0,Nagaland
25.309074,93.109707,0,Assam
25.464122,91.948702,0,Meghalaya
28.197011,93.9606,0,Arunachal Pradesh
28.670035,95.885591,0,Arunachal Pradesh
28.197442,95.35511,0,Arunachal Pradesh
25.957016,93.183707,0,Assam
23.479303,93.356312,0,Mizoram
27.08839,93.873439,0,Assam
24.560944,92.448681,0,Assam
26.402268,92.649564,0,Assam
27.684108,93.716361,0,Arunachal Pradesh
27.602544,92.745342,0,Arunachal Pradesh
25.618728,91.566416,0,Meghalaya
26.415196,92.545044,0,Assam
23.944102,94.060729,0,Manipur
26.925127,93.625398,0,Assam
25.057324,93.428821,0,Manipur
27.193225,96.924306,0,Arunachal Pradesh
25.346322,90.986248,0,Meghalaya
26.867215,94.783565,0,Assam
23.818926,92.490039,0,Mizoram
25.771821,92.570364,0,Assam
23.811162,92.038839,0,Tripura
27.558537,93.893374,0,Arunachal Pradesh
28.367995,94.481336,0,Arunachal Pradesh
26.633707,90.308042,0,Assam
25.932278,92.435381,0,Assam
26.033501,89.820798,0,Assam
28.5166,94.378705,0,Arunachal Pradesh
27.756803,94.326867,0,Arunachal Pradesh
27.118015,94.736147,0,Assam
29.109781,95.583855,0,Arunachal Pradesh
27.640346,92.426685,0,Arunachal Pradesh
27.171029,95.08249,0,Assam
27.187152,92.81065,0,Arunachal Pradesh
27.692026,96.163,0,Arunachal Pradesh
26.303301,90.274606,0,Assam
24.006463,92.729536,0,Mizoram
23.175693,93.080705,0,Mizoram
25.927545,93.077095,0,Assam
28.495696,94.289445,0,Arunachal Pradesh
27.622167,93.460635,0,Arunachal Pradesh
27.311972,92.747824,0,Arunachal Pradesh
25.887446,91.459387,0,Assam
26.644536,90.758915,0,Assam
25.882498,94.45381,0,Nagaland
26.279627,89.994915,0,Assam
24.118637,94.132728,0,Manipur
23.777016,91.740837,0,Tripura
26.237056,92.708945,0,Assam
25.199564,93.95056,0,Manipur
27.724478,91.885822,0,Arunachal Pradesh
27.585452,88.692656,0,Sikkim
24.433303,93.026798,0,Assam
27.766126,94.885219,0,Arunachal Pradesh
27.507503,95.038851,0,Assam
27.351586,96.557579,0,Arunachal Pradesh
26.036749,92.63371,0,Assam
25.48202,91.015338,0,Meghalaya
28.324794,96.753949,0,Arunachal Pradesh
27.766499,96.443791,0,Arunachal Pradesh
24.548106,93.391668,0,Manipur
28.31552,94.992587,0,Arunachal Pradesh
27.629245,94.470678,0,Arunachal Pradesh
24.76122,93.808202,0,Manipur
25.285355,92.013662,0,Meghalaya
27.958062,93.303973,0,Arunachal Pradesh
23.188094,93.205234,0,Mizoram
26.297463,95.097942,0,Nagaland
28.509701,95.953393,0,Arunachal Pradesh
27.484149,88.548595,0,Sikkim
26.45666,95.06121,0,Nagaland
26.461489,90.19029,0,Assam
23.083674,91.748428,0,Tripura
24.060197,92.767404,0,Mizoram
23.873375,91.706609,0,Tripura
26.394406,93.616236,0,Assam
27.489473,95.133401,0,Assam
26.872223,93.244922,0,Assam
28.374246,94.320774,0,Arunachal Pradesh
24.458057,94.22414,0,Manipur
23.22242,92.398865,0,Mizoram
23.682321,93.393101,0,Mizoram
24.025025,92.75139,0,Mizoram
25.603376,94.350272,0,Nagaland
27.716077,94.871089,0,Assam
27.922594,96.014105,0,Arunachal Pradesh
26.028348,93.260939,0,Assam
25.829113,89.82627,0,Assam
27.04547,95.443638,0,Arunachal Pradesh
24.062641,93.517587,0,Manipur
26.311569,90.890184,0,Assam
25.180385,94.498166,0,Manipur
25.877894,91.776157,0,Meghalaya
23.954213,91.636002,0,Tripura
28.556723,93.744929,0,Arunachal Pradesh
27.628616,92.854965,0,Arunachal Pradesh
28.581443,94.973424,0,Arunachal Pradesh
25.867951,91.745593,0,Meghalaya
24.541941,93.063246,0,Manipur
28.56031,95.877619,0,Arunachal Pradesh
25.426135,92.238148,0,Meghalaya
26.368763,90.601806,0,Assam
26.274387,93.80269,0,Assam
25.958945,91.932471,0,Meghalaya
24.68394,93.682326,0,Manipur
25.547017,91.174607,0,Meghalaya
26.527825,92.249352,0,Assam
27.759937,94.247948,0,Arunachal Pradesh
27.552999,92.890179,0,Arunachal Pradesh
26.642976,90.96196,0,Assam
27.309095,92.466326,0,Arunachal Pradesh
26.908915,94.448932,0,Assam
26.920351,92.771366,0,Assam
27.038316,95.550424,0,Arunachal Pradesh
24.854113,93.541684,0,Manipur
23.302516,92.771843,0,Mizoram
24.437239,93.070105,0,Manipur
25.530357,91.09282,0,Meghalaya
28.262301,95.252635,0,Arunachal Pradesh
26.766692,93.297446,0,Assam
24.702285,93.032497,0,Assam
23.88364,94.108818,0,Manipur
24.983024,93.883178,0,Manipur
24.139136,94.011545,0,Manipur
24.71266,92.990986,0,Assam
25.657981,91.806019,0,Meghalaya
22.867663,92.647279,0,Mizoram
28.221231,95.075691,0,Arunachal Pradesh
25.884026,93.505197,0,Assam
26.272879,94.697841,0,Nagaland
28.86162,96.028159,0,Arunachal Pradesh
23.406886,92.528744,0,Mizoram
26.689412,91.876412,0,Assam
27.225081,95.874168,0,Arunachal Pradesh
28.790562,96.564836,0,Arunachal Pradesh
27.931376,93.559519,0,Arunachal Pradesh
25.669618,94.528821,0,Nagaland
25.518337,93.983373,0,Manipur
24.590082,92.658117,0,Assam
27.121865,94.655002,0,Assam
26.225817,92.322671,0,Assam
25.791203,90.777126,0,Meghalaya
25.605764,93.925988,0,Nagaland
24.337548,93.413462,0,Manipur
25.457597,91.62168,0,Meghalaya
27.07311,94.154394,0,Assam
27.230276,94.687007,0,Assam
26.997562,95.466632,0,Arunachal Pradesh
27.30009,95.678843,0,Assam
25.217022,91.621002,0,Meghalaya
24.030106,93.980984,0,Manipur
26.846399,93.908459,0,Assam
25.039762,94.51382,0,Manipur
23.605182,93.3255,0,Mizoram
24.692212,94.268684,0,Manipur
28.391682,95.593468,0,Arunachal Pradesh
28.808324,95.130515,0,Arunachal Pradesh
24.172318,93.277504,0,Manipur
26.94924,94.922435,0,Assam
25.648144,91.758247,0,Meghalaya
29.219969,95.884093,0,Arunachal Pradesh
25.206426,93.14657,0,Assam
26.430761,93.289023,0,Assam
24.459158,94.105375,0,Manipur
27.669998,92.548749,0,Arunachal Pradesh
27.624279,93.534026,0,Arunachal Pradesh
24.673687,94.543724,0,Manipur
22.089759,92.994259,0,Mizoram
27.735149,96.622706,0,Arunachal Pradesh
27.520214,92.239316,0,Arunachal Pradesh
23.99062,93.261325,0,Mizoram
28.44643,95.197269,0,Arunachal Pradesh
27.458577,94.850369,0,Assam
26.401171,93.105932,0,Assam
27.169628,94.978856,0,Assam
26.768456,91.220503,0,Assam
26.886753,94.786926,0,Assam
25.311775,92.056121,0,Meghalaya
23.883822,91.979609,0,Tripura
23.061644,92.766387,0,Mizoram
27.413109,94.455685,0,Assam
28.442048,93.332882,0,Arunachal Pradesh
23.134345,91.740022,0,Tripura
28.13826,93.858487,0,Arunachal Pradesh
27.391661,96.486505,0,Arunachal Pradesh
28.316253,93.641562,0,Arunachal Pradesh
28.500396,94.737815,0,Arunachal Pradesh
22.666674,92.828154,0,Mizoram
28.33228,93.874728,0,Arunachal Pradesh
27.613081,93.368864,0,Arunachal Pradesh
26.181182,94.65329,0,Nagaland
25.49049,90.137892,0,Meghalaya
27.804827,95.906758,0,Arunachal Pradesh
24.352807,92.618678,0,Assam
25.732987,91.743047,0,Meghalaya
26.279544,92.75021,0,Assam
24.717047,92.882559,0,Assam
25.931786,92.466565,0,Assam
23.416205,91.592917,0,Tripura
27.120418,92.32234,0,Arunachal Pradesh
23.676236,92.430699,0,Mizoram
25.947008,90.403054,0,Meghalaya
26.510799,93.775084,0,Assam
28.120247,95.862063,0,Arunachal Pradesh
27.836021,96.520643,0,Arunachal Pradesh
28.294938,95.738679,0,Arunachal Pradesh
26.911204,95.052418,0,Nagaland
26.615772,94.559988,0,Nagaland
27.57254,95.889809,0,Arunachal Pradesh
28.626324,94.001887,0,Arunachal Pradesh
25.600283,91.97964,0,Meghalaya
26.089104,90.788088,0,Assam
23.798183,92.80001,0,Mizoram
26.138059,92.414382,0,Assam
25.30386,94.051358,0,Manipur
27.85426,94.701492,0,Arunachal Pradesh
26.789359,95.090347,0,Nagaland
26.39141,91.062838,0,Assam
25.295851,90.383663,0,Meghalaya
24.531021,92.952707,0,Assam
25.938139,91.570086,0,Meghalaya
24.922076,93.487557,0,Manipur
28.511522,95.835342,0,Arunachal Pradesh
27.929319,95.139091,0,Arunachal Pradesh
27.14755,94.480496,0,Assam
26.157903,93.538421,0,Assam
25.725335,91.476498,0,Meghalaya
25.304677,93.596821,0,Nagaland
27.076242,95.809085,0,Arunachal Pradesh
27.303666,96.023249,0,Arunachal Pradesh
25.508831,94.631055,0,Nagaland
27.908884,92.950817,0,Arunachal Pradesh
27.672631,92.89891,0,Arunachal Pradesh
25.210184,92.870361,0,Assam
27.556566,94.757983,0,Assam
26.594063,93.410054,0,Assam
26.735651,90.743913,0,Assam
25.660316,92.342479,0,Meghalaya
25.741989,94.35474,0,Nagaland
27.268383,93.372462,0,Arunachal Pradesh
26.693875,93.219824,0,Assam
27.917851,95.627643,0,Assam
27.526934,88.295836,0,Sikkim
26.426614,94.290075,0,Nagaland
27.62026,93.489957,0,Arunachal Pradesh
27.202792,88.414155,0,Sikkim
26.699924,92.198449,0,Assam
23.320236,92.559831,0,Mizoram
28.711906,96.076212,0,Arunachal Pradesh
29.154409,94.520008,0,Arunachal Pradesh
26.352658,92.304989,0,Assam
27.056494,94.362537,0,Assam
23.540619,92.691052,0,Mizoram
27.863051,96.502927,0,Arunachal Pradesh
26.3825,94.67601,0,Nagaland
25.53278,92.433534,0,Meghalaya
27.10073,93.93044,0,Assam
25.56278,93.61817,0,Nagaland
25.68445,93.692602,0,Nagaland
25.511589,94.296666,0,Nagaland
28.697729,95.473134,0,Arunachal Pradesh
25.943965,91.419162,0,Assam
28.633985,94.852623,0,Arunachal Pradesh
24.349654,92.615038,0,Assam
27.555252,95.149903,0,Assam
26.850383,94.485306,0,Assam
25.411377,90.809327,0,Meghalaya
23.899094,91.573994,0,Tripura
27.875535,94.570817,0,Arunachal Pradesh
28.238017,93.930431,0,Arunachal Pradesh
24.86642,94.393649,0,Manipur
29.202949,96.192017,0,Arunachal Pradesh
28.313399,95.625052,0,Arunachal Pradesh
28.653113,95.205153,0,Arunachal Pradesh
27.57412,94.869762,0,Assam
24.686171,93.693582,0,Manipur
27.700532,96.349114,0,Arunachal Pradesh
26.310672,93.61222,0,Assam
25.256457,93.127417,0,Assam
25.829647,91.401631,0,Meghalaya
27.737237,93.509504,0,Arunachal Pradesh
28.863375,94.530637,0,Arunachal Pradesh
25.56775,91.393772,0,Meghalaya
27.523131,94.528696,0,Assam
23.117927,93.257612,0,Mizoram
25.629587,91.050251,0,Meghalaya
27.718272,94.281554,0,Arunachal Pradesh
25.686835,92.967889,0,Assam
24.200226,94.11253,0,Manipur
28.340768,94.256081,0,Arunachal Pradesh
25.043424,92.70168,0,Assam
22.713013,92.899881,0,Mizoram
24.973893,92.526324,0,Assam
26.02613,94.382617,0,Nagaland
24.348785,94.127496,0,Manipur
25.104437,94.408785,0,Manipur
27.988729,93.601351,0,Arunachal Pradesh
25.699594,90.45643,0,Meghalaya
27.749651,93.007703,0,Arunachal Pradesh
25.15186,93.164342,0,Assam
24.865074,93.972289,0,Manipur
27.537457,92.173828,0,Arunachal Pradesh
23.6625,91.851747,0,Tripura
23.495916,92.570884,0,Mizoram
27.596127,92.461037,0,Arunachal Pradesh
26.361497,91.353319,0,Assam
27.520372,93.019385,0,Arunachal Pradesh
25.244543,93.245155,0,Assam
25.220109,90.191814,0,Meghalaya
24.57467,92.982594,0,Assam
24.193589,92.246352,0,Tripura
27.080386,95.039329,0,Assam
24.877425,93.661384,0,Manipur
23.302909,93.318828,0,Mizoram
25.533447,92.514187,0,Meghalaya
23.723704,92.556307,0,Mizoram
24.718534,92.290549,0,Assam
27.629279,96.733922,0,Arunachal Pradesh
26.400099,91.521683,0,Assam
28.324596,94.299558,0,Arunachal Pradesh
28.849912,95.335107,0,Arunachal Pradesh
24.080276,93.187617,0,Manipur
26.209299,91.044199,0,Assam
23.721764,91.832908,0,Tripura
26.232228,93.104639,0,Assam
26.155603,92.950893,0,Assam
26.844227,92.437078,0,Assam
27.797209,93.201731,0,Arunachal Pradesh
26.365196,90.33945,0,Assam
23.591919,92.419907,0,Mizoram
25.81943,94.04022,0,Nagaland
25.231456,90.336707,0,Meghalaya
26.225162,92.708087,0,Assam
27.615179,95.447833,0,Assam
27.428938,96.423163,0,Arunachal Pradesh
24.541232,92.870484,0,Assam
26.98775,93.851512,0,Assam
26.335574,91.015697,0,Assam
29.144149,95.910369,0,Arunachal Pradesh
26.737876,90.62532,0,Assam
27.333691,93.216633,0,Arunachal Pradesh
28.309422,93.561582,0,Arunachal Pradesh
26.986884,93.211482,0,Arunachal Pradesh
25.664191,90.871592,0,Meghalaya
27.695961,94.70403,0,Arunachal Pradesh
28.009036,94.505138,0,Arunachal Pradesh
26.656194,91.196601,0,Assam
23.763808,91.660941,0,Tripura
26.223503,90.121767,0,Assam
27.741815,95.666479,0,Assam
28.178092,93.336422,0,Arunachal Pradesh
25.934,92.986943,0,Assam
25.71699,94.437319,0,Nagaland
25.318437,93.315396,0,Assam
26.74762,95.016223,0,Nagaland
24.602642,94.206738,0,Manipur
26.839303,95.051106,0,Nagaland
26.065159,94.944199,0,Nagaland
24.137312,92.566255,0,Mizoram
25.497016,91.394551,0,Meghalaya
28.986693,94.923085,0,Arunachal Pradesh
25.162048,94.321211,0,Manipur
25.226798,91.607171,0,Meghalaya
27.070985,93.377039,0,Arunachal Pradesh
24.256142,93.718306,0,Manipur
25.229574,90.287232,0,Meghalaya
28.144346,96.431796,0,Arunachal Pradesh
28.836062,95.262192,0,Arunachal Pradesh
27.683641,88.61981,0,Sikkim
27.836046,93.991575,0,Arunachal Pradesh
27.284891,93.941006,0,Arunachal Pradesh
23.804844,91.785508,0,Tripura
27.738106,93.722879,0,Arunachal Pradesh
28.510033,94.6066,0,Arunachal Pradesh
28.470872,94.820906,0,Arunachal Pradesh
27.483946,93.123728,0,Arunachal Pradesh
23.187209,92.673275,0,Mizoram
24.773391,94.474513,0,Manipur
25.68656,89.993564,0,Meghalaya
24.153089,93.903729,0,Manipur
27.052868,93.678411,0,Arunachal Pradesh
24.68575,93.178091,0,Manipur
24.91023,92.718053,0,Assam
28.610848,95.118368,0,Arunachal Pradesh
25.689233,91.346292,0,Meghalaya
26.337885,95.021452,0,Nagaland
25.745227,93.314899,0,Assam
25.704689,94.425276,0,Nagaland
26.452537,93.961688,0,Assam
27.498227,95.45337,0,Assam
27.946929,95.902035,0,Assam
25.165429,92.572604,0,Meghalaya
23.387518,93.159902,0,Mizoram
28.086841,96.46301,0,Arunachal Pradesh
26.012815,91.791012,0,Meghalaya
25.78242,94.015652,0,Nagaland
25.483335,92.135436,0,Meghalaya
25.317857,91.86117,0,Meghalaya
25.752733,91.168507,0,Meghalaya
22.870401,92.794377,0,Mizoram
24.144354,93.977543,0,Manipur
25.385434,94.030246,0,Manipur
28.596547,94.852973,0,Arunachal Pradesh
23.901549,91.855936,0,Tripura
29.194537,95.673636,0,Arunachal Pradesh
27.926815,94.162042,0,Arunachal Pradesh
28.615799,94.261328,0,Arunachal Pradesh
24.043889,91.75388,0,Tripura
25.987063,91.992293,0,Meghalaya
28.497394,96.178744,0,Arunachal Pradesh
25.917526,90.100024,0,Meghalaya
28.822103,94.528082,0,Arunachal Pradesh
24.689739,94.070532,0,Manipur
23.897458,92.568665,0,Mizoram
26.749828,92.660506,0,Assam
26.765831,92.019431,0,Assam
27.782773,96.874853,0,Arunachal Pradesh
28.294554,96.157431,0,Arunachal Pradesh
24.910393,94.13784,0,Manipur
28.59501,94.678242,0,Arunachal Pradesh
26.775941,93.763472,0,Assam
25.088875,93.003795,0,Assam
26.096936,90.028037,0,Assam
28.960625,95.622313,0,Arunachal Pradesh
25.894561,89.854511,0,Assam
27.50117,95.960688,0,Arunachal Pradesh
28.659265,95.770851,0,Arunachal Pradesh
25.879368,92.232095,0,Assam
25.926136,93.034688,0,Assam
25.950968,92.353947,0,Assam
29.009012,96.376559,0,Arunachal Pradesh
27.050142,92.275618,0,Arunachal Pradesh
27.027342,94.317917,0,Assam
25.747095,94.037002,0,Nagaland
25.360728,93.654118,0,Nagaland
28.187799,93.926924,0,Arunachal Pradesh
26.445448,91.876819,0,Assam
25.537731,92.931091,0,Assam
26.819266,94.118632,0,Assam
26.00149,93.127692,0,Assam
27.566988,94.984579,0,Assam
25.705433,93.53573,0,Assam
26.310233,94.34201,0,Nagaland
28.031903,97.283332,0,Arunachal Pradesh
23.115312,93.180147,0,Mizoram
26.320739,93.672087,0,Assam
27.945148,95.263488,0,Arunachal Pradesh
25.192724,92.447919,0,Meghalaya
23.924869,91.410741,0,Tripura
25.279997,92.202645,0,Meghalaya
23.382327,92.697345,0,Mizoram
28.938894,94.426051,0,Arunachal Pradesh
27.7232,95.461151,0,Assam
25.4365,90.98205,0,Meghalaya
27.315061,93.603561,0,Arunachal Pradesh
23.571909,91.927373,0,Tripura
26.433843,91.865313,0,Assam
26.024716,94.16645,0,Nagaland
26.831707,93.948464,0,Assam
24.631726,93.531698,0,Manipur
28.352761,94.270324,0,Arunachal Pradesh
27.263595,97.040577,0,Arunachal Pradesh
28.233323,95.931208,0,Arunachal Pradesh
25.225084,91.732658,0,Meghalaya
24.556847,93.630085,0,Manipur
24.483345,93.915074,0,Manipur
24.881996,94.493501,0,Manipur
25.136203,92.667929,0,Assam
26.762396,94.35111,0,Assam
27.883666,94.995354,0,Arunachal Pradesh
27.636507,93.960412,0,Arunachal Pradesh
27.087319,93.639713,0,Arunachal Pradesh
25.970379,94.019052,0,Nagaland
27.091528,93.432722,0,Arunachal Pradesh
26.711454,94.345303,0,Assam
28.386371,95.812735,0,Arunachal Pradesh
25.191375,92.419294,0,Meghalaya
25.717768,94.262332,0,Nagaland
23.756942,91.422971,0,Tripura
28.274841,94.270861,0,Arunachal Pradesh
26.247104,91.752141,0,Assam
26.788709,92.220857,0,Assam
24.405153,93.320449,0,Manipur
28.999973,95.418494,0,Arunachal Pradesh
24.925779,92.762686,0,Assam
28.651183,93.705347,0,Arunachal Pradesh
27.366668,95.650271,0,Assam
25.799322,94.965681,0,Nagaland
25.949398,92.811531,0,Assam
26.878006,94.928395,0,Nagaland
28.123927,97.037125,0,Arunachal Pradesh
26.324392,92.339881,0,Assam
28.549269,93.677824,0,Arunachal Pradesh
22.971114,92.581436,0,Mizoram
27.202936,94.489949,0,Assam
27.271334,92.68258,0,Arunachal Pradesh
23.854482,92.619311,0,Mizoram
27.376976,96.434216,0,Arunachal Pradesh
25.764593,91.48693,0,Meghalaya
27.275224,88.628121,0,Sikkim
27.91251,97.029872,0,Arunachal Pradesh
28.765888,94.038061,0,Arunachal Pradesh
25.640501,94.441138,0,Nagaland
24.915642,93.717323,0,Manipur
26.342479,89.994493,0,Assam
27.84694,97.045282,0,Arunachal Pradesh
28.05488,95.836286,0,Arunachal Pradesh
28.539183,94.700514,0,Arunachal Pradesh
28.761137,96.060175,0,Arunachal Pradesh
27.850527,93.255176,0,Arunachal Pradesh
24.361532,92.93562,0,Mizoram
28.000879,94.629126,0,Arunachal Pradesh
27.720959,88.569169,0,Sikkim
25.248478,93.294104,0,Assam
25.550405,92.892912,0,Assam
26.585564,92.861748,0,Assam
26.03763,94.727806,0,Nagaland
27.991489,95.408122,0,Arunachal Pradesh
23.42522,93.091572,0,Mizoram
27.512443,92.126686,0,Arunachal Pradesh
22.919677,92.78505,0,Mizoram
26.960844,94.814045,0,Assam
23.288675,93.233462,0,Mizoram
27.42763,96.759371,0,Arunachal Pradesh
25.643951,93.041092,0,Assam
26.104377,93.573324,0,Assam
24.605014,92.584087,0,Assam
24.15858,92.018557,0,Tripura
27.748578,88.325566,0,Sikkim
23.597384,91.17994,0,Tripura
25.628295,93.605387,0,Nagaland
28.269505,94.840876,0,Arunachal Pradesh
26.626941,92.596668,0,Assam
28.556208,93.471332,0,Arunachal Pradesh
29.05221,95.229813,0,Arunachal Pradesh
24.463391,93.708177,0,Manipur
27.569704,96.534182,0,Arunachal Pradesh
26.917922,93.170733,0,Assam
28.315282,93.702861,0,Arunachal Pradesh
26.217541,93.061465,0,Assam
27.882694,95.095934,0,Arunachal Pradesh
28.969919,95.539667,0,Arunachal Pradesh
27.808674,94.773936,0,Arunachal Pradesh
25.099621,94.272932,0,Manipur
23.251725,93.31403,0,Mizoram
24.317918,92.69771,0,Mizoram
27.054296,94.934176,0,Assam
25.847094,91.39043,0,Meghalaya
27.307596,88.223831,0,Sikkim
24.837845,93.871423,0,Manipur
28.033983,97.109912,0,Arunachal Pradesh
26.493301,93.197652,0,Assam
27.183192,92.997868,0,Arunachal Pradesh
27.497765,93.67559,0,Arunachal Pradesh
27.706697,92.564018,0,Arunachal Pradesh
28.658519,94.506065,0,Arunachal Pradesh
26.334706,90.339017,0,Assam
24.068791,93.593582,0,Manipur
26.783959,95.166914,0,Nagaland
27.653004,93.717903,0,Arunachal Pradesh
25.651171,90.635518,0,Meghalaya
28.088862,94.709118,0,Arunachal Pradesh
27.340519,93.414788,0,Arunachal Pradesh
24.241081,93.420047,0,Manipur
24.116503,94.069687,0,Manipur
27.96491,94.982388,0,Arunachal Pradesh
22.077646,92.659327,0,Mizoram
26.952891,92.509736,0,Assam
25.532463,94.344301,0,Nagaland
28.364911,95.559162,0,Arunachal Pradesh
23.488705,92.430797,0,Mizoram
24.36059,93.005262,0,Mizoram
22.862861,93.070021,0,Mizoram
25.263028,92.208433,0,Meghalaya
24.952494,94.538204,0,Manipur
26.466032,93.542942,0,Assam
26.821669,93.435196,0,Assam
25.314088,89.992042,0,Meghalaya
27.934452,95.403379,0,Arunachal Pradesh
26.847824,94.909388,0,Nagaland
25.291573,90.620731,0,Meghalaya
25.328816,91.353645,0,Meghalaya
29.049314,95.978833,0,Arunachal Pradesh
26.755864,90.664929,0,Assam
27.147754,95.384621,0,Assam
26.680837,91.673313,0,Assam
27.101501,95.348034,0,Assam
25.91351,92.431999,0,Assam
27.769916,94.656415,0,Arunachal Pradesh
26.243238,92.475745,0,Assam
28.568355,94.331875,0,Arunachal Pradesh
28.437543,95.922867,0,Arunachal Pradesh
26.795108,94.925329,0,Nagaland
27.067771,92.380622,0,Arunachal Pradesh
26.011235,90.891086,0,Assam
27.737051,94.042088,0,Arunachal Pradesh
27.990689,97.059582,0,Arunachal Pradesh
24.936128,93.68235,0,Manipur
25.894927,92.402719,0,Assam
24.106949,91.961275,0,Tripura
25.525622,92.027235,0,Meghalaya
27.643879,94.744162,0,Assam
26.284131,91.578293,0,Assam
26.536852,91.325638,0,Assam
23.918167,91.965551,0,Tripura
26.104108,93.111194,0,Assam
28.159447,95.624163,0,Arunachal Pradesh
24.835796,93.678405,0,Manipur
25.1966,92.075458,0,Meghalaya
25.565052,89.965846,0,Meghalaya
25.507657,91.630677,0,Meghalaya
24.246663,92.518407,0,Assam
27.79507,93.181636,0,Arunachal Pradesh
27.441705,95.685959,0,Assam
26.586454,92.003046,0,Assam
24.237192,94.166258,0,Manipur
27.462564,96.33233,0,Arunachal Pradesh
28.416945,95.834676,0,Arunachal Pradesh
25.22284,92.962365,0,Assam
26.580338,91.617917,0,Assam
29.143821,96.155102,0,Arunachal Pradesh
23.314579,91.592992,0,Tripura
25.374795,94.484398,0,Manipur
25.922064,91.43802,0,Assam
29.122705,95.940245,0,Arunachal Pradesh
25.410787,94.255071,0,Manipur
27.975138,96.957672,0,Arunachal Pradesh
26.708592,92.5347,0,Assam
29.311611,95.787408,0,Arunachal Pradesh
29.284194,96.051437,0,Arunachal Pradesh
28.220707,94.798291,0,Arunachal Pradesh
27.292617,95.815273,0,Assam
27.856729,88.303171,0,Sikkim
28.056343,97.056519,0,Arunachal Pradesh
27.952017,95.349089,0,Arunachal Pradesh
27.6341,96.72609,0,Arunachal Pradesh
25.721244,90.425161,0,Meghalaya
25.063526,94.51986,0,Manipur
27.499654,96.283042,0,Arunachal Pradesh
28.166504,93.293164,0,Arunachal Pradesh
28.759543,96.494542,0,Arunachal Pradesh
27.208007,93.077528,0,Arunachal Pradesh
26.891531,94.302077,0,Assam
23.837068,91.87321,0,Tripura
27.400982,88.60239,0,Sikkim
26.995142,92.453232,0,Arunachal Pradesh
27.081517,94.942416,0,Assam
27.934679,88.367285,0,Sikkim
28.567186,94.993082,0,Arunachal Pradesh
23.824687,92.461169,0,Mizoram
25.227362,91.420879,0,Meghalaya
25.160332,92.989688,0,Assam
25.613465,92.087182,0,Meghalaya
26.486532,94.480474,0,Nagaland
23.690238,93.213041,0,Mizoram
25.345325,91.418912,0,Meghalaya
23.611152,92.574207,0,Mizoram
28.678039,94.481014,0,Arunachal Pradesh
28.024048,93.586947,0,Arunachal Pradesh
27.118419,95.609243,0,Arunachal Pradesh
27.759469,93.916357,0,Arunachal Pradesh
28.317243,93.567102,0,Arunachal Pradesh
27.341259,94.112659,0,Assam
28.917143,96.48721,0,Arunachal Pradesh
28.600455,93.831798,0,Arunachal Pradesh
24.333577,93.866516,0,Manipur
27.555949,96.695558,0,Arunachal Pradesh
23.958728,91.652327,0,Tripura
26.148148,93.770478,0,Assam
28.106622,96.768473,0,Arunachal Pradesh
28.758593,95.742951,0,Arunachal Pradesh
25.817945,93.087817,0,Assam
25.056433,94.123704,0,Manipur
26.524976,94.676583,0,Nagaland
28.330438,93.325836,0,Arunachal Pradesh
26.535367,92.406894,0,Assam
26.112785,90.972391,0,Assam
22.117657,92.992448,0,Mizoram
28.691573,95.486483,0,Arunachal Pradesh
24.188647,92.627466,0,Mizoram
26.019954,89.984109,0,Assam
25.782175,91.610952,0,Meghalaya
27.840781,92.725526,0,Arunachal Pradesh
29.180386,94.531325,0,Arunachal Pradesh
25.779342,92.12709,0,Meghalaya
27.145163,93.862886,0,Assam
28.124215,95.050135,0,Arunachal Pradesh
28.147521,94.716673,0,Arunachal Pradesh
26.696039,92.643176,0,Assam
26.483485,92.034087,0,Assam
25.785239,92.224475,0,Assam
24.765821,93.678337,0,Manipur
26.528916,92.498109,0,Assam
25.967922,94.077392,0,Nagaland
28.932261,95.43665,0,Arunachal Pradesh
25.544371,93.188202,0,Assam
23.657941,91.874567,0,Tripura
26.691558,92.883201,0,Assam
27.723822,91.646451,0,Arunachal Pradesh
26.535226,91.061836,0,Assam
28.840596,95.862197,0,Arunachal Pradesh
23.090238,92.709273,0,Mizoram
25.729075,89.916296,0,Meghalaya
25.928137,92.5766,0,Assam
27.769829,95.938279,0,Arunachal Pradesh
24.157208,93.107508,0,Manipur
26.68817,92.712475,0,Assam
24.921605,94.521248,0,Manipur
28.534715,94.218851,0,Arunachal Pradesh
28.72278,94.180414,0,Arunachal Pradesh
28.363547,96.460833,0,Arunachal Pradesh
22.293379,92.584236,0,Mizoram
25.72994,91.560412,0,Meghalaya
26.145251,90.006454,0,Assam
28.600702,96.00493,0,Arunachal Pradesh
23.388006,93.032085,0,Mizoram
27.480835,92.316563,0,Arunachal Pradesh
26.756386,91.022171,0,Assam
28.275831,93.236999,0,Arunachal Pradesh
25.883901,90.001936,0,Assam
25.676589,92.955943,0,Assam
27.316588,92.144903,0,Arunachal Pradesh
28.267307,97.135219,0,Arunachal Pradesh
24.857815,94.298068,0,Manipur
27.689634,96.443504,0,Arunachal Pradesh
25.319329,91.133818,0,Meghalaya
26.923726,92.578928,0,Assam
24.203069,94.2542,0,Manipur
26.171229,90.485261,0,Assam
25.359941,91.978532,0,Meghalaya
26.249027,93.747921,0,Assam
23.98188,92.451081,0,Mizoram
23.585438,93.065573,0,Mizoram
25.97687,89.9196,0,Assam
25.110462,92.721949,0,Assam
26.114221,90.538124,0,Assam
24.289299,93.272515,0,Manipur
28.204853,94.649444,0,Arunachal Pradesh
25.028812,93.46111,0,Manipur
26.658006,92.53438,0,Assam
24.08299,92.091609,0,Tripura
25.173844,93.627212,0,Manipur
25.845439,92.473561,0,Assam
28.481438,94.165234,0,Arunachal Pradesh
28.428844,94.848223,0,Arunachal Pradesh
28.798653,95.742012,0,Arunachal Pradesh
25.751512,93.18192,0,Assam
27.048291,93.908349,0,Assam
28.064356,96.139407,0,Arunachal Pradesh
26.751581,90.389053,0,Assam
26.269758,90.927555,0,Assam
28.822786,94.345532,0,Arunachal Pradesh
28.541891,94.603248,0,Arunachal Pradesh
24.321444,92.651922,0,Mizoram
28.265757,94.947648,0,Arunachal Pradesh
24.041655,92.317645,0,Mizoram
24.101979,94.060351,0,Manipur
25.375987,91.256006,0,Meghalaya
26.783362,92.702144,0,Assam
25.359954,92.453609,0,Meghalaya
26.729961,90.473664,0,Assam
24.001745,91.709991,0,Tripura
27.499779,96.170632,0,Arunachal Pradesh
26.9184,92.806004,0,Assam
26.176527,90.793198,0,Assam
26.147296,93.392329,0,Assam
26.29709,92.786522,0,Assam
25.128549,92.738588,0,Assam
27.77124,92.429035,0,Arunachal Pradesh
26.182798,91.431576,0,Assam
24.661864,93.350686,0,Manipur
26.387258,94.90998,0,Nagaland
24.141063,93.749978,0,Manipur
25.325193,91.045688,0,Meghalaya
26.875697,95.058225,0,Nagaland
25.435068,90.056103,0,Meghalaya
26.619017,92.185698,0,Assam
27.370231,96.914685,0,Arunachal Pradesh
23.575516,91.629951,0,Tripura
26.882843,90.41296,0,Assam
25.893217,92.675316,0,Assam
25.635927,90.412619,0,Meghalaya
26.617481,92.53648,0,Assam
28.319851,95.449542,0,Arunachal Pradesh
26.487688,90.28367,0,Assam
25.662594,92.873487,0,Assam
26.608485,94.139316,0,Assam
28.230214,93.856809,0,Arunachal Pradesh
26.197539,89.846987,0,Assam
23.95477,91.414853,0,Tripura
28.009675,96.156659,0,Arunachal Pradesh
23.629839,93.138905,0,Mizoram
24.666842,92.777871,0,Assam
27.527021,95.613378,0,Assam
26.284667,93.683479,0,Assam
26.260904,94.10013,0,Nagaland
26.765247,94.265043,0,Assam
27.580257,95.832156,0,Arunachal Pradesh
27.974096,95.557489,0,Arunachal Pradesh
24.255702,92.979063,0,Mizoram
26.17751,93.754253,0,Assam
28.123963,96.358199,0,Arunachal Pradesh
27.624645,94.313767,0,Arunachal Pradesh
26.845773,92.832339,0,Assam
27.852203,96.233945,0,Arunachal Pradesh
28.221802,96.351786,0,Arunachal Pradesh
26.441152,91.613466,0,Assam
27.275287,94.439162,0,Assam
27.911443,94.362631,0,Arunachal Pradesh
23.403338,92.484455,0,Mizoram
25.297091,92.190629,0,Meghalaya
23.95439,94.161612,0,Manipur
26.975863,93.962842,0,Assam
27.711778,95.80238,0,Arunachal Pradesh
26.943514,92.212087,0,Arunachal Pradesh
28.680989,94.347431,0,Arunachal Pradesh
27.887821,96.546928,0,Arunachal Pradesh
25.348757,93.006412,0,Assam
24.001301,93.455748,0,Manipur
28.006072,93.833543,0,Arunachal Pradesh
27.105047,94.857805,0,Assam
25.353805,91.509712,0,Meghalaya
25.412779,94.539948,0,Manipur
26.774669,91.953549,0,Assam
28.924974,95.248464,0,Arunachal Pradesh
25.386766,91.422419,0,Meghalaya
25.550174,94.055806,0,Manipur
25.200418,91.185609,0,Meghalaya
27.407932,95.084503,0,Assam
28.647132,95.376934,0,Arunachal Pradesh
28.441028,93.995489,0,Arunachal Pradesh
28.244456,95.888663,0,Arunachal Pradesh
28.693492,96.000596,0,Arunachal Pradesh
25.915113,92.625573,0,Assam
28.202634,93.981176,0,Arunachal Pradesh
27.983991,96.797664,0,Arunachal Pradesh
24.436087,92.333207,0,Assam
27.065566,94.026676,0,Assam
25.181762,92.177394,0,Meghalaya
26.413607,89.918125,0,Assam
26.575153,92.347739,0,Assam
28.434879,95.790333,0,Arunachal Pradesh
22.078508,92.818575,0,Mizoram
25.628396,94.306306,0,Nagaland
27.299612,92.87314,0,Arunachal Pradesh
26.17852,92.264382,0,Assam
25.738702,92.79196,0,Assam
24.888002,93.004305,0,Assam
23.848878,92.214305,0,Tripura
24.611231,93.562515,0,Manipur
27.974778,96.021856,0,Arunachal Pradesh
25.344216,90.043614,0,Meghalaya
27.448057,92.205715,0,Arunachal Pradesh
28.185465,93.738461,0,Arunachal Pradesh
28.05934,95.493449,0,Arunachal Pradesh
25.322034,94.035392,0,Manipur
26.98321,93.350901,0,Arunachal Pradesh
28.184123,96.303504,0,Arunachal Pradesh
27.277133,94.847724,0,Assam
26.306682,91.595895,0,Assam
24.237518,92.075339,0,Tripura
22.349051,93.040741,0,Mizoram
28.29108,93.874814,0,Arunachal Pradesh
28.16295,94.033319,0,Arunachal Pradesh
23.084823,92.398599,0,Mizoram
26.132873,92.41922,0,Assam
27.512066,88.29246,0,Sikkim
27.296143,92.521027,0,Arunachal Pradesh
27.224963,93.553106,0,Arunachal Pradesh
27.85824,88.618669,0,Sikkim
26.142401,91.27949,0,Assam
27.758889,92.103493,0,Arunachal Pradesh
26.53666,94.463559,0,Nagaland
25.464018,93.969166,0,Manipur
26.37879,93.746878,0,Assam
28.441258,95.935204,0,Arunachal Pradesh
26.448688,91.423767,0,Assam
28.03459,96.105082,0,Arunachal Pradesh
27.658158,92.58408,0,Arunachal Pradesh
27.535831,93.812493,0,Arunachal Pradesh
25.423372,90.289273,0,Meghalaya
28.079757,96.446784,0,Arunachal Pradesh
26.221816,94.957118,0,Nagaland
25.194625,93.428044,0,Manipur
23.889464,91.963548,0,Tripura
27.74475,94.506089,0,Arunachal Pradesh
27.82474,96.409414,0,Arunachal Pradesh
25.848934,93.098544,0,Assam
27.573165,92.915358,0,Arunachal Pradesh
28.46719,93.432135,0,Arunachal Pradesh
27.604614,92.033643,0,Arunachal Pradesh
24.658408,93.935031,0,Manipur
25.424785,92.775032,0,Assam
27.627613,91.94238,0,Arunachal Pradesh
24.479792,92.494515,0,Assam
27.024881,92.800263,0,Arunachal Pradesh
25.609323,90.000965,0,Assam
25.248284,90.234341,0,Meghalaya
25.98241,93.559719,0,Assam
29.248388,95.615404,0,Arunachal Pradesh
25.747227,91.140569,0,Meghalaya
26.330085,93.085106,0,Assam
26.54396,94.206968,0,Assam
24.677718,94.479288,0,Manipur
24.849887,94.472571,0,Manipur
26.232074,94.864332,0,Nagaland
24.497864,93.641622,0,Manipur
26.578654,94.784892,0,Nagaland
27.92308,94.603055,0,Arunachal Pradesh
28.810558,95.115411,0,Arunachal Pradesh
26.557191,93.476603,0,Assam
27.020871,93.788529,0,Assam
27.037796,95.748474,0,Arunachal Pradesh
27.238207,97.025993,0,Arunachal Pradesh
27.809923,88.253617,0,Sikkim
24.093985,94.238749,0,Manipur
28.264911,95.340744,0,Arunachal Pradesh
25.660479,94.72393,0,Nagaland
25.075919,92.672968,0,Assam
27.820321,96.134333,0,Arunachal Pradesh
25.796893,90.874143,0,Meghalaya
25.614279,93.370604,0,Assam
28.323729,95.633699,0,Arunachal Pradesh
25.421922,92.454325,0,Meghalaya
27.309028,93.637503,0,Arunachal Pradesh
25.309916,92.974179,0,Assam
28.477515,94.623285,0,Arunachal Pradesh
24.308551,92.655553,0,Mizoram
26.103633,91.73724,0,Assam
28.316399,93.276886,0,Arunachal Pradesh
26.576982,90.618626,0,Assam
27.242169,88.786612,0,Sikkim
23.014932,92.387584,0,Mizoram
22.213431,92.627327,0,Mizoram
26.24041,94.556141,0,Nagaland
25.205568,93.195869,0,Assam
28.60057,94.453571,0,Arunachal Pradesh
23.351099,91.793708,0,Tripura
24.783825,93.42886,0,Manipur
27.428102,88.713785,0,Sikkim
23.467908,91.733131,0,Tripura
28.970951,96.143345,0,Arunachal Pradesh
28.16418,95.860913,0,Arunachal Pradesh
25.097965,93.951291,0,Manipur
23.719927,91.184402,0,Tripura
27.925823,88.481304,0,Sikkim
27.227523,92.753698,0,Arunachal Pradesh
26.819729,92.896067,0,Assam
27.822099,97.084707,0,Arunachal Pradesh
27.4061,94.74887,0,Assam
26.77794,94.995914,0,Nagaland
28.825172,95.182867,0,Arunachal Pradesh
26.455937,91.284265,0,Assam
26.485681,93.159585,0,Assam
28.349431,93.594715,0,Arunachal Pradesh
26.711447,92.350475,0,Assam
25.817406,94.004001,0,Nagaland
27.01151,94.90641,0,Assam
25.988461,91.262828,0,Assam
26.729966,95.001392,0,Nagaland
29.057295,95.958784,0,Arunachal Pradesh
27.378127,95.393608,0,Assam
27.555954,94.693263,0,Assam
26.308589,90.800474,0,Assam
25.48076,91.303394,0,Meghalaya
26.195886,93.748558,0,Assam
25.180742,90.495175,0,Meghalaya
24.191555,93.427035,0,Manipur
24.581598,93.784836,0,Manipur
26.11291,93.176671,0,Assam
25.293669,93.217514,0,Assam
27.530998,95.982355,0,Arunachal Pradesh
29.104843,95.187281,0,Arunachal Pradesh
27.821094,95.647343,0,Assam
26.116947,90.453785,0,Assam
23.216231,91.355197,0,Tripura
26.822632,94.409418,0,Assam
25.02119,93.102779,0,Assam
27.897967,95.901414,0,Assam
27.802362,92.986139,0,Arunachal Pradesh
27.745304,95.62041,0,Assam
28.338574,96.301426,0,Arunachal Pradesh
25.908406,93.295566,0,Assam
27.491315,88.186811,0,Sikkim
25.431446,94.00375,0,Manipur
22.704293,92.614916,0,Mizoram
26.469709,92.319656,0,Assam
25.777009,90.920917,0,Meghalaya
24.236861,93.204306,0,Manipur
27.547673,93.969806,0,Arunachal Pradesh
25.667915,91.515532,0,Meghalaya
26.451548,93.730539,0,Assam
27.695775,91.857827,0,Arunachal Pradesh
24.834882,92.778559,0,Assam
25.187125,93.963501,0,Manipur
28.038657,96.779368,0,Arunachal Pradesh
26.327743,93.908998,0,Assam
27.425571,92.162085,0,Arunachal Pradesh
27.996836,94.740758,0,Arunachal Pradesh
23.861693,92.197785,0,Tripura
27.456423,95.06381,0,Assam
26.39879,93.030278,0,Assam
23.681491,91.815095,0,Tripura
26.810227,93.139752,0,Assam
22.28132,93.171539,0,Mizoram
27.477604,92.467471,0,Arunachal Pradesh
22.29556,92.990072,0,Mizoram
29.04449,94.384267,0,Arunachal Pradesh
27.592414,93.848399,0,Arunachal Pradesh
28.00915,96.924104,0,Arunachal Pradesh
23.57715,93.136652,0,Mizoram
28.2204,95.611368,0,Arunachal Pradesh
25.825511,94.494467,0,Nagaland
27.398992,93.470591,0,Arunachal Pradesh
26.824168,94.856504,0,Nagaland
27.174987,92.594,0,Arunachal Pradesh
26.141496,93.261572,0,Assam
25.965865,94.483446,0,Nagaland
25.602766,89.893362,0,Assam
26.844399,91.848599,0,Assam
24.977981,92.911003,0,Assam
25.934445,94.458388,0,Nagaland
25.981654,91.936586,0,Meghalaya
26.527704,90.29993,0,Assam
26.712991,91.10451,0,Assam
26.698967,92.136089,0,Assam
27.818818,95.828473,0,Assam
24.842902,93.427091,0,Manipur
27.639269,93.293957,0,Arunachal Pradesh
27.983225,96.723537,0,Arunachal Pradesh
27.645255,91.923106,0,Arunachal Pradesh
26.833085,93.758151,0,Assam
26.134467,90.270148,0,Assam
25.511216,91.394032,0,Meghalaya
26.789856,93.171176,0,Assam
25.564967,92.542015,0,Meghalaya
25.887984,92.674704,0,Assam
27.117806,93.303519,0,Arunachal Pradesh
27.192046,92.835381,0,Arunachal Pradesh
24.288534,92.14681,0,Tripura
28.74325,96.248884,0,Arunachal Pradesh
25.831205,92.518857,0,Assam
27.881614,93.82046,0,Arunachal Pradesh
26.053379,93.537178,0,Assam
25.229187,93.888965,0,Manipur
27.442615,88.102644,0,Sikkim
25.721344,94.831289,0,Nagaland
24.703116,92.439514,0,Assam
25.313975,91.805779,0,Meghalaya
25.513177,91.442483,0,Meghalaya
23.536949,92.914042,0,Mizoram
27.571038,92.669464,0,Arunachal Pradesh
26.647887,92.932314,0,Assam
27.557137,95.333598,0,Assam
28.171852,96.737071,0,Arunachal Pradesh
27.226089,93.660437,0,Arunachal Pradesh
28.087805,96.43605,0,Arunachal Pradesh
29.278667,96.160825,0,Arunachal Pradesh
28.057632,93.150214,0,Arunachal Pradesh
28.374265,94.632249,0,Arunachal Pradesh
27.09911,94.83611,0,Assam
27.643161,92.843221,0,Arunachal Pradesh
22.212457,92.877391,0,Mizoram
26.51073,94.991447,0,Nagaland
26.429749,93.715267,0,Assam
27.627984,96.021098,0,Arunachal Pradesh
29.279353,96.129892,0,Arunachal Pradesh
25.595237,90.232212,0,Meghalaya
24.797217,92.555395,0,Assam
24.658933,92.58675,0,Assam
27.157,93.464759,0,Arunachal Pradesh
25.548261,93.666556,0,Nagaland
26.375458,92.410993,0,Assam
24.411818,92.446134,0,Assam
24.457327,93.697712,0,Manipur
28.883303,94.31086,0,Arunachal Pradesh
26.640567,93.070711,0,Assam
28.729591,94.477567,0,Arunachal Pradesh
24.777816,92.978857,0,Assam
24.978115,93.539916,0,Manipur
24.851677,94.358569,0,Manipur
26.048442,90.546124,0,Assam
25.749716,92.021049,0,Meghalaya
25.130094,92.514537,0,Meghalaya
27.395071,88.371158,0,Sikkim
26.530127,93.870985,0,Assam
27.885158,94.470508,0,Arunachal Pradesh
25.347254,92.318181,0,Meghalaya
23.992312,91.418167,0,Tripura
25.555657,94.84036,0,Nagaland
25.402461,91.152551,0,Meghalaya
26.076333,94.115457,0,Nagaland
26.538001,93.780925,0,Assam
25.965954,94.091949,0,Nagaland
28.243166,96.92953,0,Arunachal Pradesh
27.746777,92.507152,0,Arunachal Pradesh
28.035348,95.280826,0,Arunachal Pradesh
28.343435,94.920067,0,Arunachal Pradesh
23.502642,93.292712,0,Mizoram
23.75973,93.033552,0,Mizoram
26.568263,94.450211,0,Nagaland
24.472392,93.306221,0,Manipur
23.222357,92.384323,0,Mizoram
27.212924,95.982542,0,Arunachal Pradesh
28.847979,96.442132,0,Arunachal Pradesh
28.337217,93.376467,0,Arunachal Pradesh
29.049352,94.755243,0,Arunachal Pradesh
28.271079,96.324626,0,Arunachal Pradesh
27.744997,96.603822,0,Arunachal Pradesh
22.414142,93.038201,0,Mizoram
28.549038,94.128373,0,Arunachal Pradesh
23.789334,92.58888,0,Mizoram
25.161328,93.977344,0,Manipur
28.694476,94.603445,0,Arunachal Pradesh
27.666079,88.590984,0,Sikkim
27.48985,93.104082,0,Arunachal Pradesh
24.218244,92.107154,0,Tripura
27.612121,96.881264,0,Arunachal Pradesh
27.24852,93.818612,0,Arunachal Pradesh
26.46774,92.807891,0,Assam
29.331086,95.789933,0,Arunachal Pradesh
27.649279,88.808161,0,Sikkim
28.313078,95.486619,0,Arunachal Pradesh
26.921229,93.810808,0,Assam
27.827241,93.880503,0,Arunachal Pradesh
26.394395,91.291044,0,Assam
26.057086,95.142187,0,Nagaland
26.711606,95.147417,0,Nagaland
24.834215,92.692175,0,Assam
23.593031,93.148474,0,Mizoram
26.308463,90.29618,0,Assam
24.582412,93.449173,0,Manipur
25.288466,91.335335,0,Meghalaya
25.569762,93.33179,0,Assam
28.1893,94.837538,0,Arunachal Pradesh
25.29432,90.289609,0,Meghalaya
28.391301,94.061022,0,Arunachal Pradesh
26.719275,95.117957,0,Nagaland
28.205946,94.886418,0,Arunachal Pradesh
24.778729,94.394513,0,Manipur
28.015203,96.842223,0,Arunachal Pradesh
24.624388,92.783818,0,Assam
24.41011,92.261375,0,Tripura
24.10396,92.362075,0,Mizoram
26.70234,93.474191,0,Assam
28.860821,95.776095,0,Arunachal Pradesh
27.576944,94.148286,0,Arunachal Pradesh
27.165872,88.286742,0,Sikkim
28.676055,94.448826,0,Arunachal Pradesh
27.48295,88.060892,0,Sikkim
22.462831,92.640154,0,Mizoram
28.53484,94.953196,0,Arunachal Pradesh
26.933043,93.241108,0,Assam
26.785938,92.282268,0,Assam
25.350243,92.632182,0,Meghalaya
26.595255,93.009993,0,Assam
23.875808,92.748174,0,Mizoram
22.289898,93.023431,0,Mizoram
25.439215,91.68519,0,Meghalaya
26.679815,91.124316,0,Assam
24.684439,92.285291,0,Assam
28.611002,93.582788,0,Arunachal Pradesh
28.492729,93.919947,0,Arunachal Pradesh
26.373329,91.022393,0,Assam
26.479694,92.611125,0,Assam
27.666889,95.705187,0,Assam
26.334985,94.744347,0,Nagaland
27.526404,93.895342,0,Arunachal Pradesh
24.48042,92.417546,0,Assam
26.576484,94.676412,0,Nagaland
27.88477,95.579255,0,Assam
24.510128,92.985264,0,Assam
27.70994,88.286699,0,Sikkim
28.063799,97.162561,0,Arunachal Pradesh
27.167836,92.047415,0,Arunachal Pradesh
24.217267,92.73252,0,Mizoram
22.638112,92.55946,0,Mizoram
28.34484,97.079686,0,Arunachal Pradesh
24.002835,94.073613,0,Manipur
28.197591,97.338619,0,Arunachal Pradesh
23.380728,93.363807,0,Mizoram
26.227112,93.492312,0,Assam
27.339497,94.543246,0,Assam
27.397407,88.332013,0,Sikkim
27.506193,94.184622,0,Arunachal Pradesh
28.576725,94.823019,0,Arunachal Pradesh
27.717181,94.067552,0,Arunachal Pradesh
26.690168,94.859657,0,Nagaland
25.610155,94.1274,0,Nagaland
24.474682,92.630911,0,Assam
27.761799,95.323855,0,Assam
27.083085,95.126326,0,Assam
24.355201,92.795859,0,Mizoram
25.015351,94.551277,0,Manipur
23.919794,92.919194,0,Mizoram
26.673804,92.176086,0,Assam
28.872235,95.130565,0,Arunachal Pradesh
25.430291,94.62875,0,Manipur
24.124287,92.625874,0,Mizoram
22.922042,92.71051,0,Mizoram
27.429195,92.978345,0,Arunachal Pradesh
22.122023,92.92405,0,Mizoram
26.744524,94.773529,0,Nagaland
24.465729,93.499452,0,Manipur
28.800176,95.921798,0,Arunachal Pradesh
29.014998,95.516585,0,Arunachal Pradesh
23.802979,92.349517,0,Mizoram
24.40631,93.214359,0,Manipur
24.401691,93.898774,0,Manipur
24.607575,93.893477,0,Manipur
25.902775,91.138257,0,Assam
25.399161,90.949098,0,Meghalaya
23.707672,93.048918,0,Mizoram
28.865123,95.357272,0,Arunachal Pradesh
24.099506,91.41823,0,Tripura
24.851826,93.058094,0,Assam
23.808861,91.439675,0,Tripura
23.613707,92.359868,0,Mizoram
27.061522,94.036959,0,Assam
28.106456,93.43622,0,Arunachal Pradesh
24.06032,92.898533,0,Mizoram
22.95952,92.475963,0,Mizoram
25.626514,92.171535,0,Meghalaya
24.687416,93.224226,0,Manipur
26.975831,93.123887,0,Arunachal Pradesh
26.050349,93.070583,0,Assam
25.882799,91.747111,0,Meghalaya
23.146086,92.515788,0,Mizoram
28.314584,94.823601,0,Arunachal Pradesh
27.493707,91.999128,0,Arunachal Pradesh
25.457476,94.66421,0,Nagaland
25.291633,93.288929,0,Assam
27.049866,95.893678,0,Arunachal Pradesh
28.955431,95.992321,0,Arunachal Pradesh
25.01738,94.237425,0,Manipur
26.333303,90.24695,0,Assam
24.878476,94.625523,0,Manipur
27.745213,93.271438,0,Arunachal Pradesh
26.00861,93.998562,0,Nagaland
23.966996,94.07443,0,Manipur
26.523369,91.05628,0,Assam
24.562351,92.942678,0,Assam
23.603758,92.85794,0,Mizoram
23.562228,91.772579,0,Tripura
26.523162,92.859639,0,Assam
24.575197,93.651449,0,Manipur
26.357891,93.993397,0,Assam
27.355495,88.823532,0,Sikkim
27.644657,93.666315,0,Arunachal Pradesh
28.976695,96.080661,0,Arunachal Pradesh
25.165614,90.810467,0,Meghalaya
26.660419,93.335889,0,Assam
27.074434,92.788038,0,Arunachal Pradesh
28.879963,96.010422,0,Arunachal Pradesh
23.157256,92.460735,0,Mizoram
29.315812,95.911543,0,Arunachal Pradesh
23.335337,92.649156,0,Mizoram
25.685969,93.369198,0,Assam
29.198191,96.135017,0,Arunachal Pradesh
27.099897,92.2084,0,Arunachal Pradesh
26.58283,94.194104,0,Assam
27.655105,96.516466,0,Arunachal Pradesh
23.086576,91.58624,0,Tripura
27.084503,94.0806,0,Assam
27.045495,95.389162,0,Arunachal Pradesh
26.246007,91.255092,0,Assam
27.818538,94.54019,0,Arunachal Pradesh
23.139185,92.567761,0,Mizoram
25.546488,90.712774,0,Meghalaya
28.402194,93.821623,0,Arunachal Pradesh
25.082627,94.506177,0,Manipur
25.40349,90.522608,0,Meghalaya
27.018864,93.911692,0,Assam
28.111073,92.758583,0,Arunachal Pradesh
28.529969,93.31116,0,Arunachal Pradesh
26.850541,93.232147,0,Assam
24.530625,92.526245,0,Assam
27.416401,92.236234,0,Arunachal Pradesh
26.008594,91.623783,0,Meghalaya
26.764706,90.4677,0,Assam
26.618927,90.698206,0,Assam
26.342434,91.294276,0,Assam
25.365241,90.702362,0,Meghalaya
24.738756,94.584734,0,Manipur
25.258018,93.039914,0,Assam
26.183508,91.286133,0,Assam
25.403949,94.289401,0,Manipur
27.312246,96.103903,0,Arunachal Pradesh
26.6341,90.49417,0,Assam
26.25571,94.446565,0,Nagaland
25.552191,90.88671,0,Meghalaya
25.829274,94.566805,0,Nagaland
27.323541,93.486309,0,Arunachal Pradesh
27.212774,94.943451,0,Assam
25.556345,92.961206,0,Assam
24.251454,92.331008,0,Mizoram
25.879895,94.848184,0,Nagaland
27.479524,95.882744,0,Arunachal Pradesh
22.407525,92.619474,0,Mizoram
26.254083,92.165737,0,Assam
23.649539,92.861616,0,Mizoram
23.75959,92.674991,0,Mizoram
27.131313,92.90266,0,Arunachal Pradesh
25.702558,91.013507,0,Meghalaya
27.703805,96.633244,0,Arunachal Pradesh
28.043254,97.354771,0,Arunachal Pradesh
27.746,92.385752,0,Arunachal Pradesh
22.351783,92.673276,0,Mizoram
25.437118,89.94447,0,Meghalaya
28.360844,95.355821,0,Arunachal Pradesh
26.937014,95.576895,0,Arunachal Pradesh
28.531626,94.791018,0,Arunachal Pradesh
26.755332,90.540932,0,Assam
29.067891,94.851511,0,Arunachal Pradesh
25.758211,91.597018,0,Meghalaya
27.43562,88.421791,0,Sikkim
27.593236,93.967595,0,Arunachal Pradesh
28.674747,95.192891,0,Arunachal Pradesh
25.934993,91.448905,0,Assam
25.501832,93.693239,0,Nagaland
25.752522,90.531286,0,Meghalaya
25.771621,91.789903,0,Meghalaya
25.615174,94.748502,0,Nagaland
28.153541,97.027529,0,Arunachal Pradesh
28.769347,95.917363,0,Arunachal Pradesh
26.545485,93.608048,0,Assam
25.965703,91.751164,0,Meghalaya
26.385969,91.74346,0,Assam
27.574885,96.147075,0,Arunachal Pradesh
28.468039,93.409702,0,Arunachal Pradesh
28.356452,95.782989,0,Arunachal Pradesh
28.300422,95.56018,0,Arunachal Pradesh
27.052584,93.218108,0,Arunachal Pradesh
27.661644,96.624942,0,Arunachal Pradesh
26.415098,90.468208,0,Assam
26.761841,91.141881,0,Assam
25.587801,93.993139,0,Nagaland
26.368157,91.874501,0,Assam
26.436128,92.382993,0,Assam
23.352566,92.573057,0,Mizoram
28.819847,95.024089,0,Arunachal Pradesh
26.043252,93.635916,0,Assam
25.330257,92.437118,0,Meghalaya
26.033316,92.288489,0,Assam
27.142016,94.98045,0,Assam
25.721434,89.838344,0,Assam
25.592704,91.629499,0,Meghalaya
28.85914,94.64332,0,Arunachal Pradesh
26.794425,94.266925,0,Assam
25.395038,94.05429,0,Manipur
28.599255,95.6499,0,Arunachal Pradesh
25.766695,92.922132,0,Assam
27.444225,93.879585,0,Arunachal Pradesh
27.54369,93.458133,0,Arunachal Pradesh
25.569169,91.211134,0,Meghalaya
26.151227,92.54391,0,Assam
24.182587,92.740396,0,Mizoram
27.60878,94.772236,0,Assam
26.804198,91.459829,0,Assam
24.807332,94.010127,0,Manipur
24.716969,94.381096,0,Manipur
26.967279,95.549369,0,Arunachal Pradesh
26.650508,90.495789,0,Assam
27.554332,95.495009,0,Assam
27.58774,88.596106,0,Sikkim
26.226829,94.09791,0,Nagaland
23.809138,92.561009,0,Mizoram
23.946721,92.000952,0,Tripura
28.279787,95.921662,0,Arunachal Pradesh
27.7082,96.423184,0,Arunachal Pradesh
23.802389,91.878426,0,Tripura
29.076064,94.842843,0,Arunachal Pradesh
24.060278,93.525413,0,Manipur
22.404677,93.173464,0,Mizoram
26.651776,92.13276,0,Assam
24.060916,91.597104,0,Tripura
26.660705,92.771489,0,Assam
22.009792,92.935514,0,Mizoram
26.757898,91.694804,0,Assam
26.853793,94.74744,0,Assam
27.197879,92.1422,0,Arunachal Pradesh
27.448743,94.477227,0,Assam
28.845176,95.585449,0,Arunachal Pradesh
23.505437,93.35599,0,Mizoram
25.057635,94.714382,0,Manipur
25.870022,91.438202,0,Assam
24.32197,92.296257,0,Assam
26.205782,91.802054,0,Assam
28.307479,94.826875,0,Arunachal Pradesh
29.191139,96.068685,0,Arunachal Pradesh
25.694771,94.569338,0,Nagaland
25.697445,92.682323,0,Assam
24.362687,92.136468,0,Tripura
27.014408,93.743948,0,Assam
26.268132,94.168649,0,Nagaland
28.210255,95.364886,0,Arunachal Pradesh
28.241718,95.279366,0,Arunachal Pradesh
27.08029,93.606435,0,Arunachal Pradesh
26.920427,93.532638,0,Assam
25.307615,92.866295,0,Assam
27.456393,96.459959,0,Arunachal Pradesh
26.389032,91.165572,0,Assam
26.792559,92.020477,0,Assam
25.947934,92.517116,0,Assam
26.646377,94.685155,0,Nagaland
28.260649,96.042602,0,Arunachal Pradesh
27.704413,88.67103,0,Sikkim
27.430867,93.328598,0,Arunachal Pradesh
25.464627,94.581812,0,Manipur
25.828336,92.690867,0,Assam
25.368217,94.24699,0,Manipur
27.903427,92.743796,0,Arunachal Pradesh
28.611081,94.542109,0,Arunachal Pradesh
27.896443,94.327945,0,Arunachal Pradesh
23.174105,91.653876,0,Tripura
24.81009,94.39728,0,Manipur
29.097969,96.129411,0,Arunachal Pradesh
26.894262,93.351723,0,Assam
25.578117,91.688707,0,Meghalaya
23.659909,92.98177,0,Mizoram
26.818116,93.494882,0,Assam
26.777449,94.613495,0,Assam
22.139544,92.958213,0,Mizoram
22.264038,93.16759,0,Mizoram
27.281186,88.463146,0,Sikkim
28.182414,95.172114,0,Arunachal Pradesh
25.184309,91.497778,0,Meghalaya
27.575503,93.512026,0,Arunachal Pradesh
28.293586,95.296231,0,Arunachal Pradesh
26.42718,94.584889,0,Nagaland
26.337935,95.077716,0,Nagaland
23.923322,92.649778,0,Mizoram
26.966456,94.527863,0,Assam
26.769308,92.653453,0,Assam
25.294903,91.137121,0,Meghalaya
26.943419,94.072164,0,Assam
26.14663,90.341695,0,Assam
26.11854,92.672212,0,Assam
27.750203,96.035011,0,Arunachal Pradesh
26.44397,90.686366,0,Assam
27.678943,93.142131,0,Arunachal Pradesh
25.620701,92.374553,0,Meghalaya
28.010734,92.903026,0,Arunachal Pradesh
26.173414,91.759264,0,Assam
24.922123,92.700231,0,Assam
27.545759,93.558483,0,Arunachal Pradesh
28.615087,94.649994,0,Arunachal Pradesh
26.818192,90.537017,0,Assam
24.326232,92.998403,0,Mizoram
28.023242,93.097374,0,Arunachal Pradesh
24.005363,92.2406,0,Tripura
24.225364,94.019285,0,Manipur
26.801425,95.261455,0,Arunachal Pradesh
28.30468,93.845199,0,Arunachal Pradesh
25.239071,92.826271,0,Assam
25.272415,93.679464,0,Manipur
26.861416,94.736805,0,Assam
26.773784,93.592872,0,Assam
27.931954,93.0625,0,Arunachal Pradesh
27.472703,92.636839,0,Arunachal Pradesh
28.949515,95.726492,0,Arunachal Pradesh
25.718326,93.856498,0,Nagaland
28.318483,94.922194,0,Arunachal Pradesh
26.130404,93.433022,0,Assam
24.884945,93.719974,0,Manipur
25.547748,89.905636,0,Meghalaya
26.462536,92.395774,0,Assam
27.249303,95.494511,0,Assam
25.826312,94.555343,0,Nagaland
27.289356,88.596247,0,Sikkim
26.79872,93.679912,0,Assam
27.272009,95.088729,0,Assam
27.979813,94.126131,0,Arunachal Pradesh
25.159646,92.179447,0,Meghalaya
24.445734,92.209308,0,Tripura
28.658629,94.000792,0,Arunachal Pradesh
26.57464,90.117066,0,Assam
25.765493,94.040582,0,Nagaland
27.926502,95.244593,0,Arunachal Pradesh
25.075148,94.146979,0,Manipur
27.173459,92.971077,0,Arunachal Pradesh
27.543681,94.4159,0,Assam
23.900029,91.64869,0,Tripura
23.858516,92.643058,0,Mizoram
27.401577,88.253465,0,Sikkim
27.421984,88.589546,0,Sikkim
23.462201,92.813701,0,Mizoram
25.534254,93.247133,0,Assam
23.902102,91.607347,0,Tripura
27.806902,96.266716,0,Arunachal Pradesh
27.824062,93.010635,0,Arunachal Pradesh
27.746348,95.655417,0,Assam
24.863804,92.512176,0,Assam
27.672091,92.282776,0,Arunachal Pradesh
25.318728,90.332407,0,Meghalaya
24.417833,93.842325,0,Manipur
24.185761,91.766074,0,Tripura
25.735559,91.751121,0,Meghalaya
27.713818,94.231445,0,Arunachal Pradesh
27.423079,96.89461,0,Arunachal Pradesh
27.753899,92.416526,0,Arunachal Pradesh
23.991298,92.207569,0,Tripura
26.005337,90.268436,0,Assam
26.821378,94.136219,0,Assam
28.702736,94.237885,0,Arunachal Pradesh
25.892329,92.001098,0,Meghalaya
28.637184,94.617238,0,Arunachal Pradesh
28.267105,96.363589,0,Arunachal Pradesh
25.372635,92.199634,0,Meghalaya
25.667215,92.971512,0,Assam
27.346095,96.163876,0,Arunachal Pradesh
24.27845,92.000031,0,Tripura
24.928682,94.351414,0,Manipur
25.87399,94.821917,0,Nagaland
27.451178,93.438173,0,Arunachal Pradesh
23.295884,92.733374,0,Mizoram
26.848839,92.656542,0,Assam
24.893378,92.297537,0,Assam
26.740554,92.177933,0,Assam
26.23569,92.889465,0,Assam
24.72916,92.299969,0,Assam
23.830055,92.162461,0,Tripura
27.826713,92.19197,0,Arunachal Pradesh
28.161766,93.706457,0,Arunachal Pradesh
28.726478,95.982065,0,Arunachal Pradesh
27.492125,94.539756,0,Assam
25.33538,94.574939,0,Manipur
26.371014,90.759496,0,Assam
28.330099,93.702524,0,Arunachal Pradesh
27.633956,95.184623,0,Assam
23.689607,92.442122,0,Mizoram
25.553144,94.619819,0,Nagaland
25.950288,91.400065,0,Assam
27.972899,96.463166,0,Arunachal Pradesh
25.780454,92.43839,0,Assam
25.707151,90.178698,0,Meghalaya
26.70173,90.224029,0,Assam
29.337783,95.83736,0,Arunachal Pradesh
28.535428,93.460412,0,Arunachal Pradesh
28.40807,95.382232,0,Arunachal Pradesh
24.77736,93.970026,0,Manipur
26.575926,90.781054,0,Assam
27.632241,96.132354,0,Arunachal Pradesh
25.577422,93.671953,0,Nagaland
25.742727,93.577893,0,Nagaland
28.116138,93.535382,0,Arunachal Pradesh
28.217485,93.613311,0,Arunachal Pradesh
25.144658,92.619278,0,Meghalaya
27.725887,95.569015,0,Assam
23.415342,92.652455,0,Mizoram
26.874245,93.947454,0,Assam
26.289452,93.871843,0,Assam
27.955686,96.333511,0,Arunachal Pradesh
25.073055,92.619595,0,Assam
26.259499,91.477547,0,Assam
23.475211,93.10775,0,Mizoram
22.748433,92.899154,0,Mizoram
23.522076,91.631561,0,Tripura
26.693907,90.826718,0,Assam
26.686694,89.90618,0,Assam
26.16678,94.988443,0,Nagaland
28.112481,97.095452,0,Arunachal Pradesh
26.425022,90.836557,0,Assam
27.215592,93.195501,0,Arunachal Pradesh
27.780929,92.835696,0,Arunachal Pradesh
26.639745,94.472603,0,Nagaland
24.651403,94.386908,0,Manipur
27.03095,95.837842,0,Arunachal Pradesh
26.379686,90.460511,0,Assam
27.907342,88.319822,0,Sikkim
25.936965,94.375546,0,Nagaland
25.583095,93.976296,0,Nagaland
27.886342,97.104206,0,Arunachal Pradesh
26.775126,91.861995,0,Assam
25.378724,94.516629,0,Manipur
27.332412,94.246435,0,Assam
27.460635,94.52111,0,Assam
25.292454,93.314086,0,Assam
26.917221,93.766913,0,Assam
25.674791,90.416512,0,Meghalaya
28.949824,95.129812,0,Arunachal Pradesh
26.734888,94.618058,0,Assam
26.810317,93.167153,0,Assam
22.688422,92.759064,0,Mizoram
27.584221,92.762501,0,Arunachal Pradesh
26.476284,90.492568,0,Assam
27.800466,94.878394,0,Arunachal Pradesh
27.434854,88.140285,0,Sikkim
26.566672,91.464351,0,Assam
27.429489,96.506271,0,Arunachal Pradesh
25.888948,90.553557,0,Meghalaya
25.406243,91.300899,0,Meghalaya
28.52714,95.883422,0,Arunachal Pradesh
26.402569,93.199654,0,Assam
27.885922,94.763657,0,Arunachal Pradesh
25.887327,90.498676,0,Meghalaya
26.783351,93.814533,0,Assam
27.351122,94.102577,0,Assam
25.632561,91.167207,0,Meghalaya
25.538395,92.383335,0,Meghalaya
27.034802,94.384867,0,Assam
26.584777,94.252339,0,Assam
28.649871,94.95921,0,Arunachal Pradesh
25.156776,94.222286,0,Manipur
26.17986,94.973344,0,Nagaland
26.332958,92.459104,0,Assam
25.221601,94.328159,0,Manipur
25.20976,92.222224,0,Meghalaya
26.625396,90.738091,0,Assam
27.212543,92.258568,0,Arunachal Pradesh
25.748371,93.321178,0,Assam
27.817237,94.199431,0,Arunachal Pradesh
28.199285,95.940423,0,Arunachal Pradesh
29.263031,95.669653,0,Arunachal Pradesh
23.621325,93.369892,0,Mizoram
28.787002,94.112793,0,Arunachal Pradesh
26.093645,89.988599,0,Assam
28.797768,94.387875,0,Arunachal Pradesh
25.601872,91.897751,0,Meghalaya
22.782982,92.597344,0,Mizoram
28.014131,97.37541,0,Arunachal Pradesh
28.342148,94.975965,0,Arunachal Pradesh
26.089996,92.352445,0,Assam
24.626608,94.311239,0,Manipur
26.659327,94.533621,0,Nagaland
24.040471,93.954732,0,Manipur
27.45877,88.580566,0,Sikkim
27.764086,95.770616,0,Assam
25.994494,90.706462,0,Assam
25.00397,92.938467,0,Assam
27.507908,92.957801,0,Arunachal Pradesh
26.791364,94.751103,0,Assam
25.292083,90.793465,0,Meghalaya
26.711538,90.290594,0,Assam
25.669185,90.998399,0,Meghalaya
28.521306,93.914662,0,Arunachal Pradesh
26.732343,93.626089,0,Assam
22.721832,92.570985,0,Mizoram
25.310124,91.371881,0,Meghalaya
26.71639,92.422572,0,Assam
27.654457,96.590674,0,Arunachal Pradesh
25.742775,90.905866,0,Meghalaya
24.769715,92.314119,0,Assam
27.107094,95.801893,0,Arunachal Pradesh
25.804954,94.820034,0,Nagaland
26.627995,91.954677,0,Assam
26.669066,91.662268,0,Assam
27.720346,94.339162,0,Arunachal Pradesh
26.011617,91.169101,0,Assam
27.921343,95.536378,0,Arunachal Pradesh
25.640339,93.368089,0,Assam
24.601543,92.928929,0,Assam
28.729032,95.7848,0,Arunachal Pradesh
26.59029,92.400352,0,Assam
26.009577,90.767236,0,Assam
25.486031,94.507681,0,Manipur
25.723032,90.018644,0,Meghalaya
26.309091,94.470893,0,Nagaland
27.974978,95.491962,0,Arunachal Pradesh
23.76247,91.749366,0,Tripura
24.943796,94.416599,0,Manipur
28.911042,95.948646,0,Arunachal Pradesh
25.086778,94.714072,0,Manipur
27.536109,91.735112,0,Arunachal Pradesh
23.803693,92.403176,0,Mizoram
26.235868,94.204378,0,Nagaland
27.643738,95.807866,0,Arunachal Pradesh
25.15561,93.75342,0,Manipur
26.825817,95.136485,0,Nagaland
25.05905,93.821364,0,Manipur
28.201685,95.330821,0,Arunachal Pradesh
25.335004,90.246504,0,Meghalaya
23.960912,91.74427,0,Tripura
28.638706,95.157057,0,Arunachal Pradesh
25.591749,94.341617,0,Nagaland
27.069472,94.700115,0,Assam
27.6805,96.887717,0,Arunachal Pradesh
28.433617,94.309666,0,Arunachal Pradesh
28.266711,96.746335,0,Arunachal Pradesh
25.700368,92.081734,0,Meghalaya
23.707874,93.273133,0,Mizoram
25.78762,89.840808,0,Assam
26.722827,91.700787,0,Assam
26.715367,91.318348,0,Assam
24.819025,92.923641,0,Assam
26.019791,92.878687,0,Assam
23.735583,91.933117,0,Tripura
26.156915,93.829325,0,Assam
25.323496,92.451951,0,Meghalaya
25.727855,94.816382,0,Nagaland
26.234155,90.628711,0,Assam
25.693556,90.456755,0,Meghalaya
27.425933,93.75367,0,Arunachal Pradesh
29.013554,95.16478,0,Arunachal Pradesh
28.503786,94.883793,0,Arunachal Pradesh
23.00352,92.813763,0,Mizoram
26.376748,92.723711,0,Assam
27.593212,92.77059,0,Arunachal Pradesh
26.164386,93.65078,0,Assam
23.889187,91.390828,0,Tripura
23.690335,91.675811,0,Tripura
27.790044,93.450267,0,Arunachal Pradesh
24.385883,93.585818,0,Manipur
27.474944,88.056074,0,Sikkim
25.434238,91.218171,0,Meghalaya
27.538343,91.829941,0,Arunachal Pradesh
26.307313,90.05519,0,Assam
25.767615,94.258195,0,Nagaland
27.601293,93.828108,0,Arunachal Pradesh
24.995355,93.514496,0,Manipur
26.255029,93.390402,0,Assam
27.104937,95.520611,0,Arunachal Pradesh
27.493801,94.279023,0,Assam
27.689458,92.411025,0,Arunachal Pradesh
26.382931,94.748955,0,Nagaland
25.354554,89.93007,0,Meghalaya
24.689657,93.567326,0,Manipur
26.150924,90.234723,0,Assam
27.475659,88.150914,0,Sikkim
25.506983,90.222875,0,Meghalaya
25.298397,91.285954,0,Meghalaya
26.748593,90.297685,0,Assam
27.127932,97.073721,0,Arunachal Pradesh
26.226886,93.083033,0,Assam
28.730945,94.075397,0,Arunachal Pradesh
24.225206,92.827508,0,Mizoram
27.014619,92.34469,0,Arunachal Pradesh
25.810061,94.252524,0,Nagaland
25.833155,90.052111,0,Meghalaya
27.910228,95.08476,0,Arunachal Pradesh
23.74129,91.536319,0,Tripura
28.075926,95.433466,0,Arunachal Pradesh
28.384209,93.603908,0,Arunachal Pradesh
24.859113,94.245335,0,Manipur
25.298885,93.59703,0,Nagaland
25.279961,91.556478,0,Meghalaya
27.13479,93.259724,0,Arunachal Pradesh
23.88539,92.631762,0,Mizoram
28.58926,96.366145,0,Arunachal Pradesh
23.797156,91.430585,0,Tripura
27.457894,93.102757,0,Arunachal Pradesh
25.447544,93.680926,0,Nagaland
25.251493,90.657102,0,Meghalaya
26.579855,95.085403,0,Nagaland
25.874963,92.779277,0,Assam
25.791366,92.031075,0,Meghalaya
26.991007,94.585959,0,Assam
28.578206,93.713526,0,Arunachal Pradesh
23.800699,92.394286,0,Mizoram
26.888479,94.626692,0,Assam
22.669703,92.736961,0,Mizoram
24.444948,93.624176,0,Manipur
28.011857,96.710166,0,Arunachal Pradesh
26.215659,92.007489,0,Assam
25.722205,93.796833,0,Nagaland
26.507637,94.191545,0,Assam
23.712178,93.070954,0,Mizoram
27.23736,94.884284,0,Assam
24.387999,92.905414,0,Mizoram
27.214257,93.4683,0,Arunachal Pradesh
22.18835,92.662072,0,Mizoram
27.795336,88.224692,0,Sikkim
27.138395,92.570532,0,Arunachal Pradesh
24.802591,92.354298,0,Assam
28.068921,95.659749,0,Arunachal Pradesh
26.513234,93.373836,0,Assam
28.789788,95.692506,0,Arunachal Pradesh
24.069461,93.854397,0,Manipur
25.553146,92.661245,0,Assam
26.034409,93.97745,0,Nagaland
27.884504,94.233865,0,Arunachal Pradesh
27.504174,94.230627,0,Assam
25.582812,92.574657,0,Assam
28.218547,95.138991,0,Arunachal Pradesh
22.63259,93.007017,0,Mizoram
24.771354,92.976624,0,Assam
28.931893,95.555555,0,Arunachal Pradesh
28.787369,94.404005,0,Arunachal Pradesh
27.908654,95.910183,0,Assam
24.56417,94.419771,0,Manipur
26.196423,93.575901,0,Assam
23.915045,92.733287,0,Mizoram
26.868729,94.054093,0,Assam
24.688628,93.86042,0,Manipur
25.862486,92.517623,0,Assam
23.757769,91.549837,0,Tripura
26.277353,91.20844,0,Assam
28.111561,97.284868,0,Arunachal Pradesh
28.405563,94.309252,0,Arunachal Pradesh
26.278592,94.519902,0,Nagaland
26.574001,91.689929,0,Assam
26.063047,93.25164,0,Assam
27.502278,94.823547,0,Assam
28.739467,94.586814,0,Arunachal Pradesh
23.00273,92.63071,0,Mizoram
28.3783,94.511529,0,Arunachal Pradesh
26.54812,91.097646,0,Assam
26.659675,95.045961,0,Nagaland
26.436364,95.085169,0,Nagaland
25.947865,92.119486,0,Meghalaya
26.331145,93.636344,0,Assam
25.340637,89.854562,0,Meghalaya
27.28321,93.235672,0,Arunachal Pradesh
24.138446,91.936327,0,Tripura
26.0296,92.788305,0,Assam
26.331836,92.120077,0,Assam
27.380619,92.681234,0,Arunachal Pradesh
26.160091,91.035148,0,Assam
29.022388,96.111581,0,Arunachal Pradesh
26.31312,94.87189,0,Nagaland
24.295764,94.039622,0,Manipur
25.726169,91.127466,0,Meghalaya
26.586007,93.750021,0,Assam
27.430045,88.448389,0,Sikkim
27.785069,88.455189,0,Sikkim
25.00483,94.485953,0,Manipur
25.757316,91.676112,0,Meghalaya
28.176857,95.365525,0,Arunachal Pradesh
22.17833,92.755206,0,Mizoram
29.308384,95.721819,0,Arunachal Pradesh
23.772455,92.643138,0,Mizoram
24.311564,93.935113,0,Manipur
26.156847,95.098404,0,Nagaland
26.912838,92.71471,0,Assam
26.661156,93.375171,0,Assam
26.561945,93.680353,0,Assam
24.496949,93.65312,0,Manipur
24.361073,94.144095,0,Manipur
26.51005,90.711523,0,Assam
28.934011,94.761843,0,Arunachal Pradesh
28.71238,94.164135,0,Arunachal Pradesh
27.784226,92.625676,0,Arunachal Pradesh
26.044244,92.841151,0,Assam
25.273572,92.385607,0,Meghalaya
25.309707,91.48744,0,Meghalaya
28.11599,94.181783,0,Arunachal Pradesh
23.280408,92.935578,0,Mizoram
27.792629,93.524418,0,Arunachal Pradesh
24.456159,93.497914,0,Manipur
25.124413,93.979524,0,Manipur
26.008636,90.294247,0,Assam
27.258857,92.463992,0,Arunachal Pradesh
27.121737,95.377279,0,Assam
24.391981,92.461174,0,Assam
27.648043,92.386524,0,Arunachal Pradesh
26.468324,92.573111,0,Assam
28.274442,94.08398,0,Arunachal Pradesh
25.846431,90.881732,0,Meghalaya
27.33091,94.205508,0,Assam
27.782461,92.626209,0,Arunachal Pradesh
25.787362,93.953463,0,Nagaland
26.657414,90.110062,0,Assam
28.258998,96.543166,0,Arunachal Pradesh
25.688056,94.020405,0,Nagaland
23.690884,92.90585,0,Mizoram
27.66017,92.720449,0,Arunachal Pradesh
26.102134,93.805611,0,Assam
26.71051,92.258411,0,Assam
27.351425,92.080028,0,Arunachal Pradesh
26.96598,93.992368,0,Assam
28.627829,94.556191,0,Arunachal Pradesh
26.703835,91.139856,0,Assam
26.498796,90.421571,0,Assam
27.123055,93.105262,0,Arunachal Pradesh
28.114882,97.262281,0,Arunachal Pradesh
26.379577,91.079016,0,Assam
25.448578,91.319458,0,Meghalaya
26.356246,93.361323,0,Assam
28.060927,96.86127,0,Arunachal Pradesh
24.672733,94.534119,0,Manipur
25.784328,92.821832,0,Assam
24.904522,94.276317,0,Manipur
23.108478,93.258836,0,Mizoram
26.425121,90.245864,0,Assam
25.227854,90.11627,0,Meghalaya
25.905698,91.210713,0,Assam
25.610245,93.795997,0,Nagaland
27.332941,95.493012,0,Assam
24.540522,93.645142,0,Manipur
28.381451,94.355739,0,Arunachal Pradesh
26.120928,94.254698,0,Nagaland
25.372212,92.614451,0,Meghalaya
25.924582,91.222353,0,Assam
27.852226,96.402757,0,Arunachal Pradesh
27.961503,93.686676,0,Arunachal Pradesh
27.699019,92.931825,0,Arunachal Pradesh
27.125932,93.313513,0,Arunachal Pradesh
27.28343,92.862021,0,Arunachal Pradesh
26.367016,94.19812,0,Nagaland
27.300646,94.378307,0,Assam
23.97496,93.891873,0,Manipur
28.500297,95.80211,0,Arunachal Pradesh
28.330509,95.271027,0,Arunachal Pradesh
27.512713,88.774228,0,Sikkim
23.607405,91.548636,0,Tripura
26.87202,94.194702,0,Assam
27.696618,94.263167,0,Arunachal Pradesh
28.884883,94.938099,0,Arunachal Pradesh
25.726482,93.360329,0,Assam
26.632341,90.746758,0,Assam
26.326944,91.621219,0,Assam
25.650341,93.328113,0,Assam
22.33621,93.040351,0,Mizoram
25.488328,93.064605,0,Assam
26.347109,90.947707,0,Assam
26.069434,94.055958,0,Nagaland
27.916863,94.018267,0,Arunachal Pradesh
26.05509,95.016567,0,Nagaland
28.908151,96.106109,0,Arunachal Pradesh
22.949253,92.473643,0,Mizoram
25.863256,93.612753,0,Assam
27.827775,88.360693,0,Sikkim
26.131923,94.342643,0,Nagaland
24.393548,93.424788,0,Manipur
27.972194,95.992092,0,Arunachal Pradesh
23.635676,91.630396,0,Tripura
25.650393,91.677053,0,Meghalaya
26.365576,94.066447,0,Assam
29.012057,95.077837,0,Arunachal Pradesh
27.1486,95.126818,0,Assam
26.487858,91.455015,0,Assam
24.765576,93.017203,0,Assam
29.163669,95.927256,0,Arunachal Pradesh
24.122934,94.092704,0,Manipur
24.728548,93.334487,0,Manipur
27.441794,94.989018,0,Assam
27.57206,92.969269,0,Arunachal Pradesh
24.353497,92.027864,0,Tripura
25.314153,93.968979,0,Manipur
27.668914,93.325103,0,Arunachal Pradesh
22.940878,92.55389,0,Mizoram
28.878742,94.909063,0,Arunachal Pradesh
26.816652,93.95393,0,Assam
27.724873,88.555932,0,Sikkim
23.865296,91.806271,0,Tripura
22.40462,92.975828,0,Mizoram
28.877935,94.524876,0,Arunachal Pradesh
26.763205,92.924094,0,Assam
27.68202,96.721087,0,Arunachal Pradesh
24.98091,93.119975,0,Assam
27.017495,92.139931,0,Arunachal Pradesh
26.799564,92.546564,0,Assam
26.582843,94.052292,0,Assam
24.842417,93.769572,0,Manipur
25.59649,93.271876,0,Assam
26.690453,90.092294,0,Assam
25.933182,92.64744,0,Assam
27.75882,94.874795,0,Arunachal Pradesh
26.390998,92.941145,0,Assam
27.587638,96.32854,0,Arunachal Pradesh
26.093506,93.568626,0,Assam
27.193402,92.487861,0,Arunachal Pradesh
26.525261,91.769873,0,Assam
25.270412,94.139778,0,Manipur
22.935455,92.840782,0,Mizoram
27.125851,93.932052,0,Assam
27.536825,91.755898,0,Arunachal Pradesh
28.517467,95.803203,0,Arunachal Pradesh
22.453028,93.14556,0,Mizoram
23.414603,91.573296,0,Tripura
26.36544,90.537407,0,Assam
26.575967,92.36669,0,Assam
28.28504,96.48221,0,Arunachal Pradesh
27.985456,88.779071,0,Sikkim
23.876389,93.346398,0,Mizoram
24.418746,93.559357,0,Manipur
28.721258,94.957669,0,Arunachal Pradesh
29.071062,94.548696,0,Arunachal Pradesh
24.350924,92.364284,0,Assam
25.685965,92.742567,0,Assam
23.19849,92.882414,0,Mizoram
25.621685,92.809256,0,Assam
24.850257,93.451592,0,Manipur
25.32002,91.691784,0,Meghalaya
26.702187,91.56896,0,Assam
27.27635,96.917688,0,Arunachal Pradesh
29.055577,95.993397,0,Arunachal Pradesh
26.530418,90.944242,0,Assam
27.900626,88.403051,0,Sikkim
23.932063,92.732633,0,Mizoram
27.335863,92.409674,0,Arunachal Pradesh
23.856636,91.251507,0,Tripura
27.557226,92.389141,0,Arunachal Pradesh
24.781976,92.415929,0,Assam
26.693212,94.908913,0,Nagaland
27.73833,95.236473,0,Assam
26.666396,90.882831,0,Assam
27.359296,94.870413,0,Assam
27.737736,95.682891,0,Assam
26.723198,90.200411,0,Assam
25.566181,94.329422,0,Nagaland
27.574648,88.754843,0,Sikkim
26.731848,92.97891,0,Assam
26.527488,91.336905,0,Assam
25.421877,91.379515,0,Meghalaya
27.778504,88.379446,0,Sikkim
26.738469,92.228379,0,Assam
24.467978,94.379662,0,Manipur
26.67014,94.059172,0,Assam
28.21825,93.216568,0,Arunachal Pradesh
24.819815,92.958381,0,Assam
25.291034,91.712165,0,Meghalaya
27.170366,94.936682,0,Assam
29.409517,96.107443,0,Arunachal Pradesh
23.458603,92.771011,0,Mizoram
27.405804,94.503675,0,Assam
28.775668,95.844013,0,Arunachal Pradesh
25.511642,90.685722,0,Meghalaya
27.96925,93.553367,0,Arunachal Pradesh
23.348404,93.118718,0,Mizoram
24.04403,94.134251,0,Manipur
26.392,90.834444,0,Assam
27.962343,92.964041,0,Arunachal Pradesh
26.198732,91.507131,0,Assam
24.832524,93.148734,0,Assam
28.333956,93.601488,0,Arunachal Pradesh
26.203604,90.033014,0,Assam
28.911954,95.544119,0,Arunachal Pradesh
26.672596,95.025685,0,Nagaland
23.410085,91.314252,0,Tripura
25.360041,94.52874,0,Manipur
26.968799,95.742261,0,Arunachal Pradesh
26.133356,89.951094,0,Assam
24.265737,92.042732,0,Tripura
25.668916,90.083072,0,Meghalaya
27.0641,94.301753,0,Assam
27.744538,93.074696,0,Arunachal Pradesh
26.578905,94.067402,0,Assam
27.376365,93.027843,0,Arunachal Pradesh
24.147082,92.483663,0,Mizoram
25.493143,94.279144,0,Manipur
25.249475,91.744517,0,Meghalaya
26.57568,91.62053,0,Assam
26.735673,91.598842,0,Assam
24.289447,93.106768,0,Manipur
27.33288,88.400461,0,Sikkim
27.469149,95.876089,0,Arunachal Pradesh
26.607004,90.272712,0,Assam
25.787048,94.312207,0,Nagaland
29.113983,94.419899,0,Arunachal Pradesh
28.693977,94.362066,0,Arunachal Pradesh
25.617587,92.249438,0,Meghalaya
28.703559,96.366064,0,Arunachal Pradesh
27.571477,95.737992,0,Assam
28.471149,95.452299,0,Arunachal Pradesh
22.670741,92.726022,0,Mizoram
28.629666,95.394244,0,Arunachal Pradesh
25.745491,92.367924,0,Assam
28.460218,95.789328,0,Arunachal Pradesh
27.351685,88.23069,0,Sikkim
25.151772,91.60139,0,Meghalaya
26.57812,91.968664,0,Assam
25.856418,93.359417,0,Assam
23.523115,92.851717,0,Mizoram
27.749766,93.493496,0,Arunachal Pradesh
24.85616,92.602341,0,Assam
26.691933,94.376538,0,Assam
29.116671,96.059226,0,Arunachal Pradesh
23.632207,92.884937,0,Mizoram
27.718078,95.962858,0,Arunachal Pradesh
24.119871,92.344961,0,Mizoram
27.030317,95.004775,0,Assam
25.641686,90.334629,0,Meghalaya
28.548893,96.109666,0,Arunachal Pradesh
27.764946,91.996843,0,Arunachal Pradesh
23.402268,93.03977,0,Mizoram
29.052465,94.950557,0,Arunachal Pradesh
26.716756,91.921256,0,Assam
24.391707,92.75973,0,Mizoram
24.312984,92.034779,0,Tripura
25.995343,94.676018,0,Nagaland
26.137425,93.791708,0,Assam
28.754721,96.41914,0,Arunachal Pradesh
27.802669,88.388222,0,Sikkim
27.731433,88.558355,0,Sikkim
27.242974,88.518896,0,Sikkim
23.945613,92.622255,0,Mizoram
25.642473,92.518204,0,Assam
23.733873,91.203483,0,Tripura
28.230479,95.548263,0,Arunachal Pradesh
27.786195,96.680986,0,Arunachal Pradesh
28.164036,95.312204,0,Arunachal Pradesh
27.760025,96.935769,0,Arunachal Pradesh
28.096184,96.253795,0,Arunachal Pradesh
28.465076,93.951357,0,Arunachal Pradesh
25.357904,94.405659,0,Manipur
28.6832,96.118771,0,Arunachal Pradesh
27.674147,95.056616,0,Assam
28.823142,94.322623,0,Arunachal Pradesh
27.477138,88.34298,0,Sikkim
25.218225,90.658005,0,Meghalaya
23.947797,92.727279,0,Mizoram
25.764791,92.795101,0,Assam
26.775395,94.744501,0,Assam
26.072572,92.402423,0,Assam
27.242343,92.717976,0,Arunachal Pradesh
27.452466,92.633654,0,Arunachal Pradesh
27.960151,96.849394,0,Arunachal Pradesh
26.23785,94.015693,0,Assam
29.185556,96.099669,0,Arunachal Pradesh
27.478322,94.806152,0,Assam
25.829018,92.648443,0,Assam
25.855201,91.751021,0,Meghalaya
28.832739,96.268197,0,Arunachal Pradesh
25.230688,91.52403,0,Meghalaya
27.859603,93.088094,0,Arunachal Pradesh
24.205514,92.504424,0,Assam
25.864863,90.9955,0,Meghalaya
25.283202,91.999665,0,Meghalaya
25.034513,93.349958,0,Manipur
28.392685,93.997469,0,Arunachal Pradesh
26.689049,91.164073,0,Assam
23.37876,92.826453,0,Mizoram
28.458613,93.52148,0,Arunachal Pradesh
27.380031,95.516045,0,Assam
25.570141,93.392694,0,Nagaland
28.070555,96.727206,0,Arunachal Pradesh
23.95372,92.67247,0,Mizoram
24.47691,92.525954,0,Assam
25.114696,94.440968,0,Manipur
26.925483,94.47454,0,Assam
24.891467,93.749773,0,Manipur
24.019838,92.537984,0,Mizoram
23.166077,92.782571,0,Mizoram
28.319379,95.252231,0,Arunachal Pradesh
27.48332,95.29654,0,Assam
25.708349,93.136566,0,Assam
27.492556,93.314578,0,Arunachal Pradesh
27.680777,88.836568,0,Sikkim
26.025089,93.093481,0,Assam
28.202527,94.899033,0,Arunachal Pradesh
25.787303,93.662564,0,Nagaland
26.472288,94.564099,0,Nagaland
26.314907,89.981941,0,Assam
24.740859,92.43471,0,Assam
27.856383,93.006827,0,Arunachal Pradesh
25.583418,90.709794,0,Meghalaya
24.848965,94.533047,0,Manipur
23.483779,91.946939,0,Tripura
24.242282,91.975261,0,Tripura
26.230634,90.705313,0,Assam
25.130634,94.211972,0,Manipur
25.239346,90.3929,0,Meghalaya
25.56215,92.734374,0,Assam
25.895792,90.410112,0,Meghalaya
26.871335,93.924923,0,Assam
26.478186,90.261781,0,Assam
25.53996,91.670479,0,Meghalaya
26.754,95.358214,0,Arunachal Pradesh
26.552003,95.117783,0,Nagaland
25.744181,89.921271,0,Assam
25.90606,94.822542,0,Nagaland
26.311486,91.758997,0,Assam
24.540225,92.988246,0,Assam
27.358077,93.251151,0,Arunachal Pradesh
28.215215,93.981501,0,Arunachal Pradesh
25.63141,93.120787,0,Assam
27.394059,95.344641,0,Assam
26.690225,91.850824,0,Assam
25.275089,91.897685,0,Meghalaya
27.217408,94.705573,0,Assam
25.949651,92.544819,0,Assam
26.276669,91.386033,0,Assam
25.177717,90.501316,0,Meghalaya
23.574728,93.356815,0,Mizoram
24.871622,92.694732,0,Assam
25.017059,93.055934,0,Assam
23.531579,91.711025,0,Tripura
23.929955,92.454598,0,Mizoram
23.474522,91.800343,0,Tripura
25.520864,93.189528,0,Assam
27.901162,95.295694,0,Arunachal Pradesh
25.785477,93.547404,0,Assam
27.108548,92.089261,0,Arunachal Pradesh
28.937451,94.499533,0,Arunachal Pradesh
23.621995,92.403957,0,Mizoram
25.610982,94.788588,0,Nagaland
24.888324,93.82773,0,Manipur
25.60758,94.7414,0,Nagaland
26.258948,94.795759,0,Nagaland
25.375801,93.991161,0,Manipur
28.382722,94.988968,0,Arunachal Pradesh
25.096965,92.489388,0,Assam
26.177143,92.119412,0,Assam
26.412964,91.559534,0,Assam
27.737188,93.764208,0,Arunachal Pradesh
25.926833,91.283548,0,Assam
26.345869,90.071466,0,Assam
28.449576,94.23263,0,Arunachal Pradesh
25.22231,91.358199,0,Meghalaya
26.568729,93.051816,0,Assam
27.762192,93.858554,0,Arunachal Pradesh
26.87669,93.41383,0,Assam
26.333657,90.990726,0,Assam
27.494221,88.136986,0,Sikkim
25.21648,94.346525,0,Manipur
28.128009,95.903907,0,Arunachal Pradesh
22.791021,92.736025,0,Mizoram
22.461205,92.998083,0,Mizoram
26.043355,90.963826,0,Assam
28.001033,96.370989,0,Arunachal Pradesh
27.642501,93.492918,0,Arunachal Pradesh
27.220925,88.514096,0,Sikkim
27.541523,93.147882,0,Arunachal Pradesh
25.108737,92.978576,0,Assam
25.382079,90.395259,0,Meghalaya
22.217995,92.989824,0,Mizoram
23.092824,91.764197,0,Tripura
27.854416,88.270366,0,Sikkim
28.214268,94.844279,0,Arunachal Pradesh
24.263535,94.110717,0,Manipur
28.49966,93.898463,0,Arunachal Pradesh
27.800036,95.345259,0,Assam
26.669136,91.932836,0,Assam
28.219859,93.817879,0,Arunachal Pradesh
25.162626,94.557319,0,Manipur
27.891082,88.78928,0,Sikkim
27.448455,95.307576,0,Assam
28.021178,96.770578,0,Arunachal Pradesh
27.729646,96.5601,0,Arunachal Pradesh
27.674136,94.104226,0,Arunachal Pradesh
27.831232,93.203468,0,Arunachal Pradesh
27.87699,96.927609,0,Arunachal Pradesh
22.675612,93.062704,0,Mizoram
25.958958,90.361444,0,Meghalaya
23.928905,92.853373,0,Mizoram
24.451153,94.201639,0,Manipur
28.769193,94.738712,0,Arunachal Pradesh
24.571651,93.424877,0,Manipur
27.612036,96.289598,0,Arunachal Pradesh
24.405725,93.130711,0,Manipur
28.451142,95.83523,0,Arunachal Pradesh
27.119947,93.121524,0,Arunachal Pradesh
26.153175,93.092924,0,Assam
25.932562,90.663729,0,Assam
28.013225,92.897029,0,Arunachal Pradesh
27.863741,93.977948,0,Arunachal Pradesh
26.40979,93.620916,0,Assam
25.357886,90.386321,0,Meghalaya
28.793879,95.940911,0,Arunachal Pradesh
25.976403,91.686905,0,Assam
26.709895,95.319176,0,Arunachal Pradesh
25.685122,91.763578,0,Meghalaya
26.611518,91.401961,0,Assam
26.452022,91.323166,0,Assam
28.22227,93.286483,0,Arunachal Pradesh
24.890796,92.961659,0,Assam
23.698821,93.170112,0,Mizoram
29.061359,95.675956,0,Arunachal Pradesh
25.513501,92.776121,0,Assam
25.373664,90.80528,0,Meghalaya
27.875869,95.818929,0,Assam
27.570521,92.201361,0,Arunachal Pradesh
26.610569,90.143088,0,Assam
28.470421,94.582705,0,Arunachal Pradesh
26.051333,91.267223,0,Assam
25.873591,94.275743,0,Nagaland
28.065598,96.921275,0,Arunachal Pradesh
27.594072,93.977834,0,Arunachal Pradesh
27.063714,94.557172,0,Assam
25.911638,90.873983,0,Meghalaya
26.265226,92.493327,0,Assam
27.553283,91.959354,0,Arunachal Pradesh
26.242882,92.572592,0,Assam
23.768201,92.776404,0,Mizoram
26.342905,90.956853,0,Assam
25.191161,92.843018,0,Assam
26.988734,95.281838,0,Arunachal Pradesh
24.796869,94.340647,0,Manipur
25.507581,91.309139,0,Meghalaya
26.676019,90.523502,0,Assam
26.774334,91.531327,0,Assam
24.190983,94.188383,0,Manipur
23.755618,93.042558,0,Mizoram
26.010646,91.609168,0,Meghalaya
27.867764,96.736542,0,Arunachal Pradesh
24.378256,93.775897,0,Manipur
24.694915,94.187575,0,Manipur
27.670706,95.474557,0,Assam
29.175323,96.108238,0,Arunachal Pradesh
28.287909,95.24012,0,Arunachal Pradesh
26.565271,91.271697,0,Assam
27.257759,93.292303,0,Arunachal Pradesh
28.371844,93.727975,0,Arunachal Pradesh
25.420765,91.396536,0,Meghalaya
24.342253,94.087702,0,Manipur
24.704175,93.400031,0,Manipur
26.429145,91.040077,0,Assam
25.390069,93.865796,0,Manipur
27.006426,95.62946,0,Arunachal Pradesh
24.447142,93.821195,0,Manipur
25.974457,92.107596,0,Meghalaya
25.357285,91.274859,0,Meghalaya
27.206885,95.158301,0,Assam
24.622554,92.861479,0,Assam
25.751765,90.724757,0,Meghalaya
25.85608,92.007093,0,Meghalaya
29.001103,96.069726,0,Arunachal Pradesh
28.953946,94.491659,0,Arunachal Pradesh
25.629143,91.321066,0,Meghalaya
27.857507,88.212112,0,Sikkim
28.029927,94.031705,0,Arunachal Pradesh
26.120583,89.80812,0,Assam
23.6761,91.859834,0,Tripura
24.469314,92.475768,0,Assam
25.255884,93.12211,0,Assam
28.034522,93.186863,0,Arunachal Pradesh
26.748095,94.395259,0,Assam
24.89956,94.651607,0,Manipur
25.357332,91.194859,0,Meghalaya
26.747897,92.423988,0,Assam
28.554125,96.279922,0,Arunachal Pradesh
25.203204,93.802412,0,Manipur
25.226052,94.553836,0,Manipur
26.506031,93.365985,0,Assam
25.888206,90.055308,0,Meghalaya
28.614889,94.085842,0,Arunachal Pradesh
24.125503,93.912723,0,Manipur
24.865935,92.337749,0,Assam
24.92371,92.897921,0,Assam
24.447945,92.271567,0,Assam
25.20992,91.85153,0,Meghalaya
28.062043,93.023212,0,Arunachal Pradesh
24.988802,94.322408,0,Manipur
27.61853,96.127201,0,Arunachal Pradesh
26.574139,90.876652,0,Assam
24.969768,93.780889,0,Manipur
25.243517,91.207708,0,Meghalaya
26.678635,93.250558,0,Assam
26.529524,93.163893,0,Assam
27.669269,94.054041,0,Arunachal Pradesh
28.67859,95.124742,0,Arunachal Pradesh
27.362904,96.217158,0,Arunachal Pradesh
26.597271,94.8585,0,Nagaland
27.238544,94.265902,0,Assam
25.546447,94.353017,0,Nagaland
24.961988,93.665913,0,Manipur
27.203367,94.492297,0,Assam
26.453341,91.213901,0,Assam
22.569633,93.059199,0,Mizoram
26.674611,90.67434,0,Assam
27.99949,95.74454,0,Arunachal Pradesh
29.067624,95.471582,0,Arunachal Pradesh
25.614316,93.70384,0,Nagaland
26.827307,92.422898,0,Assam
25.250399,90.228364,0,Meghalaya
25.459994,94.096104,0,Manipur
24.540886,92.511421,0,Assam
27.724786,92.343725,0,Arunachal Pradesh
25.289365,91.920275,0,Meghalaya
27.882496,93.082853,0,Arunachal Pradesh
26.855514,94.047786,0,Assam
26.217696,90.937615,0,Assam
27.27958,96.086159,0,Arunachal Pradesh
27.397656,94.216223,0,Assam
26.426151,94.705846,0,Nagaland
26.077641,92.299702,0,Assam
26.761596,95.407039,0,Arunachal Pradesh
23.841777,93.381212,0,Mizoram
26.815874,91.943449,0,Assam
26.678177,91.677326,0,Assam
27.277835,92.84255,0,Arunachal Pradesh
27.978987,93.285508,0,Arunachal Pradesh
29.083635,94.769225,0,Arunachal Pradesh
28.185501,95.643556,0,Arunachal Pradesh
22.840355,93.089279,0,Mizoram
27.932301,94.959503,0,Arunachal Pradesh
26.328855,93.133036,0,Assam
23.324238,92.857712,0,Mizoram
27.288652,93.335958,0,Arunachal Pradesh
27.80029,88.685707,0,Sikkim
26.196766,95.094007,0,Nagaland
29.113614,94.890894,0,Arunachal Pradesh
26.44877,92.259466,0,Assam
23.379222,93.356122,0,Mizoram
28.551184,95.663975,0,Arunachal Pradesh
29.166824,95.703316,0,Arunachal Pradesh
28.075017,92.977366,0,Arunachal Pradesh
26.254495,91.421336,0,Assam
23.615216,93.215066,0,Mizoram
26.585687,93.430297,0,Assam
27.519744,92.68558,0,Arunachal Pradesh
28.123515,96.869416,0,Arunachal Pradesh
24.145503,93.195425,0,Manipur
27.644441,95.624978,0,Assam
27.249235,88.80357,0,Sikkim
26.703741,94.599782,0,Nagaland
28.614288,93.374235,0,Arunachal Pradesh
27.67619,94.121386,0,Arunachal Pradesh
24.426936,92.959212,0,Assam
29.047835,96.135482,0,Arunachal Pradesh
25.15995,94.167663,0,Manipur
25.650828,90.214588,0,Meghalaya
27.952876,88.701123,0,Sikkim
25.204231,90.626056,0,Meghalaya
28.61827,95.307641,0,Arunachal Pradesh
28.390084,96.088411,0,Arunachal Pradesh
25.780125,92.800716,0,Assam
27.157374,95.994462,0,Arunachal Pradesh
23.654485,91.176531,0,Tripura
25.425766,93.492936,0,Nagaland
25.466183,90.594218,0,Meghalaya
27.888195,95.264609,0,Arunachal Pradesh
27.332952,95.18363,0,Assam
27.187444,94.633192,0,Assam
28.380377,93.925939,0,Arunachal Pradesh
26.657157,92.378352,0,Assam
23.603754,93.301296,0,Mizoram
28.234649,93.461289,0,Arunachal Pradesh
27.436856,92.956598,0,Arunachal Pradesh
25.276228,90.028536,0,Meghalaya
24.853266,92.493659,0,Assam
26.127143,94.812078,0,Nagaland
27.93001,96.582556,0,Arunachal Pradesh
22.891904,92.921372,0,Mizoram
25.878057,90.922012,0,Meghalaya
22.99131,91.708595,0,Tripura
25.011859,93.491979,0,Manipur
28.444301,94.600541,0,Arunachal Pradesh
28.876459,95.756789,0,Arunachal Pradesh
25.235444,90.294635,0,Meghalaya
26.115192,91.424906,0,Assam
27.40871,96.854608,0,Arunachal Pradesh
25.376346,91.454686,0,Meghalaya
27.991087,95.786232,0,Arunachal Pradesh
25.383522,91.67626,0,Meghalaya
26.885582,92.922334,0,Assam
26.651289,94.523042,0,Nagaland
28.023354,93.945466,0,Arunachal Pradesh
28.594371,95.570416,0,Arunachal Pradesh
28.83123,94.700088,0,Arunachal Pradesh
22.433593,92.860407,0,Mizoram
27.659723,92.065052,0,Arunachal Pradesh
25.827405,94.509986,0,Nagaland
26.948087,93.680086,0,Assam
24.752066,92.674866,0,Assam
26.193968,93.492289,0,Assam
26.192934,90.054253,0,Assam
26.110483,91.964038,0,Assam
28.862913,95.849635,0,Arunachal Pradesh
26.9176,94.182155,0,Assam
27.001765,92.603973,0,Arunachal Pradesh
26.535245,93.753187,0,Assam
26.181852,94.925995,0,Nagaland
26.270078,93.604532,0,Assam
27.211733,88.759907,0,Sikkim
25.28964,91.667764,0,Meghalaya
27.278676,92.293503,0,Arunachal Pradesh
26.438473,91.004345,0,Assam
27.065834,94.741785,0,Assam
28.96449,94.654819,0,Arunachal Pradesh
27.124913,95.425511,0,Arunachal Pradesh
24.630668,93.866845,0,Manipur
26.00595,90.569881,0,Assam
22.601789,93.128053,0,Mizoram
27.949817,94.995068,0,Arunachal Pradesh
27.368187,95.023891,0,Assam
26.901595,93.057219,0,Assam
25.895343,93.436448,0,Assam
27.883544,95.67902,0,Assam
27.691842,93.143429,0,Arunachal Pradesh
25.950961,90.944932,0,Assam
25.251786,91.375047,0,Meghalaya
25.563928,94.246771,0,Nagaland
27.564591,88.603069,0,Sikkim
24.167071,93.595011,0,Manipur
26.170556,93.664987,0,Assam
26.764242,93.381325,0,Assam
28.916233,95.52014,0,Arunachal Pradesh
25.295961,90.634437,0,Meghalaya
24.547385,92.963356,0,Assam
28.41837,95.138951,0,Arunachal Pradesh
27.723237,95.935407,0,Arunachal Pradesh
27.411897,96.54385,0,Arunachal Pradesh
23.286224,93.094993,0,Mizoram
25.538242,90.144641,0,Meghalaya
27.516315,91.701286,0,Arunachal Pradesh
25.443414,90.150266,0,Meghalaya
25.52127,91.964741,0,Meghalaya
26.043848,91.659447,0,Assam
23.115656,92.76291,0,Mizoram
26.166236,94.118349,0,Nagaland
26.081658,92.79056,0,Assam
26.072851,95.061038,0,Nagaland
23.937148,93.350167,0,Mizoram
22.899139,93.071343,0,Mizoram
26.970567,94.146326,0,Assam
25.556562,93.18986,0,Assam
23.893672,91.709629,0,Tripura
24.00018,93.907102,0,Manipur
25.540772,93.27467,0,Assam
24.202147,92.573684,0,Mizoram
27.791852,96.856029,0,Arunachal Pradesh
26.89913,93.504055,0,Assam
25.087198,93.356779,0,Manipur
27.919931,93.082651,0,Arunachal Pradesh
25.237098,94.309553,0,Manipur
28.271963,94.26069,0,Arunachal Pradesh
24.985715,93.006581,0,Assam
27.300689,96.084153,0,Arunachal Pradesh
25.584713,94.044079,0,Nagaland
27.574938,88.45319,0,Sikkim
26.914148,94.892454,0,Nagaland
28.019251,95.891121,0,Arunachal Pradesh
23.723133,91.301935,0,Tripura
23.100355,91.52868,0,Tripura
27.475815,94.198791,0,Assam
25.600024,91.408706,0,Meghalaya
26.461302,95.031915,0,Nagaland
27.35731,88.496418,0,Sikkim
23.66264,93.28042,0,Mizoram
27.900674,88.635503,0,Sikkim
25.07001,93.977742,0,Manipur
27.406864,93.466045,0,Arunachal Pradesh
25.834927,90.481249,0,Meghalaya
25.800568,91.380813,0,Meghalaya
28.058482,93.656646,0,Arunachal Pradesh
22.98019,92.686768,0,Mizoram
26.644704,92.39525,0,Assam
26.017633,91.280838,0,Assam
23.433455,92.405883,0,Mizoram
25.943202,92.731758,0,Assam
26.1048,93.334933,0,Assam
26.208135,90.321739,0,Assam
22.529063,92.786028,0,Mizoram
24.038925,91.615399,0,Tripura
26.976492,94.734489,0,Assam
25.520944,92.063144,0,Meghalaya
24.09948,92.801706,0,Mizoram
25.943352,90.424385,0,Meghalaya
26.937323,93.133373,0,Arunachal Pradesh
23.878269,91.339974,0,Tripura
25.211322,92.210536,0,Meghalaya
26.064097,95.034453,0,Nagaland
22.520723,93.070417,0,Mizoram
27.536574,91.987146,0,Arunachal Pradesh
26.045627,93.772692,0,Assam
26.556768,92.725856,0,Assam
23.951225,93.121128,0,Mizoram
27.437714,94.625282,0,Assam
28.089934,94.777329,0,Arunachal Pradesh
25.237215,93.676072,0,Manipur
27.963885,97.365655,0,Arunachal Pradesh
23.677267,92.047558,0,Tripura
24.73352,92.97885,0,Assam
25.728769,94.39811,0,Nagaland
24.784933,92.489186,0,Assam
27.170959,94.416574,0,Assam
24.866633,93.708515,0,Manipur
29.122679,96.041388,0,Arunachal Pradesh
25.617309,93.157746,0,Assam
27.783447,94.944214,0,Arunachal Pradesh
26.223089,94.005204,0,Assam
24.79055,92.65278,0,Assam
24.294869,93.887589,0,Manipur
26.68668,94.911779,0,Nagaland
24.985714,93.306729,0,Manipur
23.950191,93.940238,0,Manipur
26.273919,93.525174,0,Assam
23.923575,93.056112,0,Mizoram
24.592513,92.390983,0,Assam
27.36622,93.326097,0,Arunachal Pradesh
28.747684,95.241061,0,Arunachal Pradesh
25.815109,94.933203,0,Nagaland
25.723003,93.930803,0,Nagaland
25.173234,92.355846,0,Meghalaya
28.8254,96.544431,0,Arunachal Pradesh
29.042457,94.22645,0,Arunachal Pradesh
27.533136,95.21849,0,Assam
24.196159,92.066513,0,Tripura
24.791581,93.059117,0,Assam
26.722589,91.740123,0,Assam
27.295877,94.217993,0,Assam
27.190016,88.139367,0,Sikkim
25.620991,92.812068,0,Assam
26.020497,94.245136,0,Nagaland
25.559104,90.108824,0,Meghalaya
28.740203,95.348473,0,Arunachal Pradesh
24.717686,92.654439,0,Assam
25.112506,93.079251,0,Assam
24.809019,92.991538,0,Assam
23.957961,94.067432,0,Manipur
24.086218,93.444897,0,Manipur
24.866953,94.048867,0,Manipur
26.820576,92.954194,0,Assam
24.728668,92.744343,0,Assam
27.524224,88.522032,0,Sikkim
26.743103,93.050975,0,Assam
27.320385,92.77422,0,Arunachal Pradesh
22.226135,92.591858,0,Mizoram
28.158124,95.43819,0,Arunachal Pradesh
23.323625,92.584675,0,Mizoram
26.811443,91.660389,0,Assam
24.299791,92.529267,0,Assam
28.895932,95.996379,0,Arunachal Pradesh
27.235435,93.632617,0,Arunachal Pradesh
28.438979,93.438376,0,Arunachal Pradesh
25.181993,90.956703,0,Meghalaya
26.170272,90.074571,0,Assam
26.343906,90.244517,0,Assam
25.011081,93.929741,0,Manipur
25.823473,93.453995,0,Assam
23.82407,92.073155,0,Tripura
24.815291,93.572401,0,Manipur
26.939984,95.157164,0,Nagaland
26.936229,93.038831,0,Arunachal Pradesh
27.788399,94.667625,0,Arunachal Pradesh
26.654207,91.473987,0,Assam
26.135913,90.740946,0,Assam
28.215077,96.41319,0,Arunachal Pradesh
28.036911,95.962045,0,Arunachal Pradesh
27.835833,92.171957,0,Arunachal Pradesh
25.678163,90.724923,0,Meghalaya
23.58653,92.632135,0,Mizoram
22.075286,92.980198,0,Mizoram
27.597006,88.59676,0,Sikkim
26.775731,95.412658,0,Arunachal Pradesh
28.445474,93.993325,0,Arunachal Pradesh
25.642943,92.393662,0,Meghalaya
27.288549,94.076639,0,Assam
27.444728,88.722074,0,Sikkim
28.863239,94.984248,0,Arunachal Pradesh
26.255468,92.019594,0,Assam
27.541957,93.984183,0,Arunachal Pradesh
25.608069,92.177991,0,Meghalaya
27.525247,92.856849,0,Arunachal Pradesh
26.480098,94.476425,0,Nagaland
26.523105,94.567763,0,Nagaland
28.283007,96.360055,0,Arunachal Pradesh
25.964081,93.338351,0,Assam
22.470476,93.121088,0,Mizoram
26.260404,94.871508,0,Nagaland
23.127834,93.338023,0,Mizoram
28.049763,95.895843,0,Arunachal Pradesh
28.911462,95.450565,0,Arunachal Pradesh
25.268869,93.6258,0,Nagaland
27.146959,92.547156,0,Arunachal Pradesh
24.066314,92.408282,0,Mizoram
28.080596,92.713642,0,Arunachal Pradesh
25.30229,92.231281,0,Meghalaya
26.038831,94.073582,0,Nagaland
27.53841,91.797366,0,Arunachal Pradesh
26.333572,94.408845,0,Nagaland
28.08847,95.080025,0,Arunachal Pradesh
27.63413,91.757055,0,Arunachal Pradesh
26.464732,94.5454,0,Nagaland
26.176829,93.884423,0,Assam
26.742812,92.281407,0,Assam
24.319707,92.979883,0,Mizoram
27.39068,95.415825,0,Assam
27.805372,93.945407,0,Arunachal Pradesh
25.784356,93.83783,0,Nagaland
27.97661,93.747801,0,Arunachal Pradesh
26.517609,92.860354,0,Assam
25.504925,93.972212,0,Manipur
27.258898,92.547869,0,Arunachal Pradesh
28.966264,96.090975,0,Arunachal Pradesh
26.357795,91.211017,0,Assam
26.603838,90.848429,0,Assam
23.69128,91.601907,0,Tripura
24.156863,92.209261,0,Tripura
28.316049,95.565744,0,Arunachal Pradesh
25.409714,91.750167,0,Meghalaya
26.841543,95.599209,0,Arunachal Pradesh
28.293219,93.777984,0,Arunachal Pradesh
27.047597,93.890686,0,Assam
26.644217,92.575788,0,Assam
27.93635,88.618728,0,Sikkim
26.335017,90.594724,0,Assam
28.454648,93.491438,0,Arunachal Pradesh
25.492632,90.506124,0,Meghalaya
24.66722,94.095546,0,Manipur
23.530047,91.614553,0,Tripura
27.468022,93.338214,0,Arunachal Pradesh
29.304947,94.670612,0,Arunachal Pradesh
28.789472,95.244194,0,Arunachal Pradesh
25.654518,93.375543,0,Assam
26.552965,92.452674,0,Assam
28.399167,95.104026,0,Arunachal Pradesh
27.34633,94.776333,0,Assam
27.745697,93.969284,0,Arunachal Pradesh
26.263759,94.518058,0,Nagaland
26.53003,93.012103,0,Assam
28.056819,93.158202,0,Arunachal Pradesh
26.785649,94.052855,0,Assam
26.768995,94.214297,0,Assam
29.024915,95.324608,0,Arunachal Pradesh
25.528508,93.102729,0,Assam
24.028671,93.756315,0,Manipur
27.182549,92.389202,0,Arunachal Pradesh
24.289522,92.174723,0,Tripura
26.351882,91.247862,0,Assam
23.685581,93.066112,0,Mizoram
27.610755,96.652062,0,Arunachal Pradesh
26.483231,94.142365,0,Assam
25.330234,91.041609,0,Meghalaya
24.08687,93.771412,0,Manipur
26.338674,92.881764,0,Assam
26.405775,94.624699,0,Nagaland
23.890945,91.260266,0,Tripura
23.532367,93.322733,0,Mizoram
25.626954,94.87245,0,Nagaland
27.94545,93.290104,0,Arunachal Pradesh
28.243174,95.945841,0,Arunachal Pradesh
27.882985,93.391109,0,Arunachal Pradesh
28.71528,95.798337,0,Arunachal Pradesh
27.503155,94.510954,0,Assam
25.504361,94.111404,0,Manipur
26.346706,93.295843,0,Assam
26.014224,94.354445,0,Nagaland
29.215368,94.767788,0,Arunachal Pradesh
26.929953,94.340399,0,Assam
26.273519,90.983738,0,Assam
25.862078,92.770331,0,Assam
26.909877,93.097837,0,Assam
28.124922,95.745848,0,Arunachal Pradesh
28.693286,94.497638,0,Arunachal Pradesh
28.887372,94.340406,0,Arunachal Pradesh
25.246298,93.479,0,Manipur
27.543608,94.068273,0,Arunachal Pradesh
25.205455,94.082469,0,Manipur
26.018859,94.279768,0,Nagaland
27.184337,95.947162,0,Arunachal Pradesh
26.31002,91.069788,0,Assam
23.925832,92.247766,0,Tripura
26.205887,94.592209,0,Nagaland
26.514698,94.27336,0,Nagaland
25.707398,93.457842,0,Assam
28.402637,94.253577,0,Arunachal Pradesh
26.298365,90.25378,0,Assam
26.41404,93.030714,0,Assam
24.955879,93.526304,0,Manipur
26.477244,93.097418,0,Assam
28.2315,95.177931,0,Arunachal Pradesh
25.180961,94.174221,0,Manipur
25.263574,93.419765,0,Manipur
28.183933,93.70258,0,Arunachal Pradesh
25.693887,90.034768,0,Meghalaya
24.603207,93.45732,0,Manipur
25.951222,91.371817,0,Assam
27.455956,92.098029,0,Arunachal Pradesh
25.778579,92.357487,0,Assam
27.727175,95.467438,0,Assam
26.066536,91.86961,0,Meghalaya
27.940684,93.913309,0,Arunachal Pradesh
28.511548,94.982573,0,Arunachal Pradesh
27.783996,92.623584,0,Arunachal Pradesh
22.797787,93.004838,0,Mizoram
27.33411,94.092837,0,Assam
26.895498,90.399704,0,Assam
28.575606,93.730375,0,Arunachal Pradesh
26.240832,90.938363,0,Assam
23.792644,91.970006,0,Tripura
29.096238,95.689671,0,Arunachal Pradesh
27.916786,94.972366,0,Arunachal Pradesh
27.913813,97.188751,0,Arunachal Pradesh
25.383048,94.338685,0,Manipur
27.532057,91.807331,0,Arunachal Pradesh
27.21999,92.58163,0,Arunachal Pradesh
25.218029,93.188873,0,Assam
27.471051,93.877703,0,Arunachal Pradesh
23.492764,91.914764,0,Tripura
25.307407,93.92752,0,Manipur
26.038219,92.272333,0,Assam
27.346767,95.260431,0,Assam
23.689431,91.511206,0,Tripura
25.756335,90.78567,0,Meghalaya
25.40755,93.234795,0,Assam
26.026054,92.797741,0,Assam
26.17496,91.572301,0,Assam
28.973529,94.627096,0,Arunachal Pradesh
27.59706,92.909235,0,Arunachal Pradesh
23.400866,91.567688,0,Tripura
27.348583,93.761005,0,Arunachal Pradesh
27.82124,93.202204,0,Arunachal Pradesh
27.214067,88.798974,0,Sikkim
28.177187,96.453234,0,Arunachal Pradesh
27.006386,95.649993,0,Arunachal Pradesh
27.150991,97.061876,0,Arunachal Pradesh
25.228664,92.463029,0,Meghalaya
26.319488,91.661835,0,Assam
25.336593,89.907776,0,Meghalaya
27.147654,97.145329,0,Arunachal Pradesh
28.037417,97.220095,0,Arunachal Pradesh
26.657896,93.842618,0,Assam
23.871669,92.044834,0,Tripura
27.158441,95.151638,0,Assam
28.171881,93.515437,0,Arunachal Pradesh
27.253492,92.330715,0,Arunachal Pradesh
28.156592,92.988032,0,Arunachal Pradesh
27.492815,96.527741,0,Arunachal Pradesh
26.037093,92.983394,0,Assam
26.426401,91.326104,0,Assam
25.35362,90.235169,0,Meghalaya
27.060869,93.483138,0,Arunachal Pradesh
27.050434,92.79988,0,Arunachal Pradesh
27.062931,92.388211,0,Arunachal Pradesh
24.119352,93.398653,0,Manipur
27.849105,92.950047,0,Arunachal Pradesh
26.600669,91.726311,0,Assam
23.591355,92.521303,0,Mizoram
25.966967,90.214949,0,Assam
24.367675,93.662821,0,Manipur
26.238074,91.162072,0,Assam
27.915403,95.759346,0,Assam
28.086701,93.306407,0,Arunachal Pradesh
23.130648,93.17329,0,Mizoram
25.269592,91.024835,0,Meghalaya
24.223323,93.86331,0,Manipur
24.362209,94.015183,0,Manipur
24.541889,92.801299,0,Assam
28.908799,95.09602,0,Arunachal Pradesh
28.529312,94.356911,0,Arunachal Pradesh
22.866684,92.76337,0,Mizoram
24.521077,93.676532,0,Manipur
27.108369,93.813133,0,Arunachal Pradesh
26.106943,90.315902,0,Assam
27.302194,92.904392,0,Arunachal Pradesh
28.884423,94.757065,0,Arunachal Pradesh
28.031604,96.256362,0,Arunachal Pradesh
28.09181,95.520778,0,Arunachal Pradesh
25.932517,91.80882,0,Meghalaya
23.606148,92.53265,0,Mizoram
26.438206,94.270581,0,Nagaland
27.439391,93.570174,0,Arunachal Pradesh
23.885128,92.0701,0,Tripura
25.21138,91.098163,0,Meghalaya
28.786599,94.847807,0,Arunachal Pradesh
27.488472,96.821179,0,Arunachal Pradesh
27.798439,96.531968,0,Arunachal Pradesh
24.381237,93.197604,0,Manipur
27.949162,93.613122,0,Arunachal Pradesh
27.413391,95.686917,0,Assam
28.159105,95.469966,0,Arunachal Pradesh
26.147382,93.974801,0,Assam
24.997908,94.696788,0,Manipur
26.293751,91.661074,0,Assam
24.502731,93.957521,0,Manipur
28.617984,95.239405,0,Arunachal Pradesh
28.960176,95.805076,0,Arunachal Pradesh
25.290329,90.207887,0,Meghalaya
24.570634,94.003167,0,Manipur
27.465466,92.175312,0,Arunachal Pradesh
22.567046,92.831054,0,Mizoram
23.936193,91.385066,0,Tripura
24.260383,93.96273,0,Manipur
27.638572,92.827608,0,Arunachal Pradesh
27.6552,95.671945,0,Assam
24.954782,94.575144,0,Manipur
26.695549,89.888016,0,Assam
26.670473,93.486466,0,Assam
25.879842,91.753426,0,Meghalaya
24.978947,92.50287,0,Assam
25.484343,93.481481,0,Nagaland
28.638894,95.224117,0,Arunachal Pradesh
25.456659,90.851103,0,Meghalaya
27.999288,97.012187,0,Arunachal Pradesh
25.657285,92.057183,0,Meghalaya
23.173823,92.625095,0,Mizoram
23.806616,91.836194,0,Tripura
27.989918,94.198133,0,Arunachal Pradesh
23.468649,93.245377,0,Mizoram
26.219752,94.466237,0,Nagaland
28.608884,95.637924,0,Arunachal Pradesh
23.916716,93.079467,0,Mizoram
27.580944,95.341588,0,Assam
22.128756,92.796508,0,Mizoram
26.34017,92.6943,0,Assam
26.784905,92.349214,0,Assam
23.966204,91.425068,0,Tripura
27.049712,94.375109,0,Assam
26.242687,94.583396,0,Nagaland
27.214123,95.286471,0,Assam
25.877846,94.782327,0,Nagaland
26.321389,91.306341,0,Assam
25.805326,89.903066,0,Assam
28.575416,96.241375,0,Arunachal Pradesh
27.655419,88.180558,0,Sikkim
27.439583,94.008614,0,Arunachal Pradesh
26.650249,93.203965,0,Assam
26.692854,91.978746,0,Assam
26.527976,89.916234,0,Assam
28.105862,95.716989,0,Arunachal Pradesh
28.751858,95.284484,0,Arunachal Pradesh
27.729667,88.683569,0,Sikkim
25.891451,90.026671,0,Meghalaya
26.018657,93.604424,0,Assam
27.705526,94.660517,0,Arunachal Pradesh
23.044142,91.772756,0,Tripura
25.297294,94.058512,0,Manipur
28.151978,94.235608,0,Arunachal Pradesh
27.316685,92.506518,0,Arunachal Pradesh
27.752085,95.552894,0,Assam
25.816712,92.63382,0,Assam
27.835009,92.944419,0,Arunachal Pradesh
23.963208,92.129284,0,Tripura
28.626618,95.079302,0,Arunachal Pradesh
27.663144,91.601789,0,Arunachal Pradesh
27.820245,97.043944,0,Arunachal Pradesh
27.050463,94.887964,0,Assam
27.675247,92.322468,0,Arunachal Pradesh
27.157871,96.013041,0,Arunachal Pradesh
26.742031,92.206939,0,Assam
24.154808,92.333056,0,Mizoram
27.881811,94.514257,0,Arunachal Pradesh
27.277855,88.411446,0,Sikkim
27.215642,96.935312,0,Arunachal Pradesh
25.640258,92.601695,0,Assam
27.498294,96.437057,0,Arunachal Pradesh
23.708945,92.855927,0,Mizoram
27.259788,95.339113,0,Assam
23.488849,91.482806,0,Tripura
26.193319,94.609352,0,Nagaland
28.523389,93.495744,0,Arunachal Pradesh
28.291102,94.243169,0,Arunachal Pradesh
25.401834,92.043939,0,Meghalaya
29.081959,94.578799,0,Arunachal Pradesh
28.312492,95.060715,0,Arunachal Pradesh
28.281316,94.472832,0,Arunachal Pradesh
28.96229,94.871855,0,Arunachal Pradesh
27.63785,92.355512,0,Arunachal Pradesh
25.448306,92.384759,0,Meghalaya
25.770189,94.155492,0,Nagaland
23.89349,93.072071,0,Mizoram
25.154351,92.616191,0,Meghalaya
27.684432,93.322827,0,Arunachal Pradesh
23.392797,92.527306,0,Mizoram
24.574223,94.21493,0,Manipur
28.23479,94.677413,0,Arunachal Pradesh
27.425668,95.687397,0,Assam
27.740327,92.23653,0,Arunachal Pradesh
25.94289,93.739878,0,Assam
28.259111,96.066647,0,Arunachal Pradesh
22.158904,92.65385,0,Mizoram
27.868962,97.074222,0,Arunachal Pradesh
27.629193,94.680926,0,Assam
26.514554,94.932205,0,Nagaland
27.755809,95.504474,0,Assam
23.319446,92.592995,0,Mizoram
22.151235,92.713048,0,Mizoram
26.173458,89.762721,0,Assam
22.135752,92.8355,0,Mizoram
27.48122,94.714816,0,Assam
26.566224,92.66248,0,Assam
25.150182,93.855415,0,Manipur
25.799622,90.360012,0,Meghalaya
27.613016,93.084579,0,Arunachal Pradesh
25.506147,93.731365,0,Nagaland
24.354968,94.202685,0,Manipur
28.671278,93.81245,0,Arunachal Pradesh
26.922863,95.643348,0,Arunachal Pradesh
24.745838,92.476733,0,Assam
24.692472,93.371591,0,Manipur
25.348772,94.413658,0,Manipur
25.264464,93.828783,0,Manipur
23.379457,92.571093,0,Mizoram
24.955386,93.121289,0,Assam
24.189795,93.854974,0,Manipur
26.292633,93.736177,0,Assam
23.57696,93.021034,0,Mizoram
27.34238,88.250906,0,Sikkim
24.817419,93.760286,0,Manipur
24.198294,92.596086,0,Mizoram
26.006465,90.293428,0,Assam
23.380958,91.533602,0,Tripura
28.563379,96.186885,0,Arunachal Pradesh
24.928346,93.574312,0,Manipur
25.600186,93.734318,0,Nagaland
26.957288,93.562856,0,Arunachal Pradesh
26.718557,91.953527,0,Assam
24.423817,93.877241,0,Manipur
26.786188,92.199216,0,Assam
25.769684,92.266938,0,Assam
25.529989,90.693139,0,Meghalaya
27.734214,88.38514,0,Sikkim
27.491363,95.484331,0,Assam
25.75957,93.202527,0,Assam
27.351826,95.088964,0,Assam
28.363709,96.743908,0,Arunachal Pradesh
26.002763,93.067636,0,Assam
28.95639,95.252555,0,Arunachal Pradesh
25.81769,93.076669,0,Assam
26.838359,93.478235,0,Assam
26.28974,91.064652,0,Assam
25.212094,91.714384,0,Meghalaya
25.702966,89.964276,0,Meghalaya
27.192039,92.228099,0,Arunachal Pradesh
27.340095,88.135281,0,Sikkim
27.93184,95.767762,0,Assam
26.643328,90.911848,0,Assam
28.659193,94.631821,0,Arunachal Pradesh
27.168909,96.974755,0,Arunachal Pradesh
28.967934,95.186442,0,Arunachal Pradesh
22.763399,92.999524,0,Mizoram
27.68865,94.301436,0,Arunachal Pradesh
27.073864,92.472036,0,Arunachal Pradesh
25.998217,91.737241,0,Meghalaya
26.147935,90.795073,0,Assam
26.263756,91.539966,0,Assam
24.374209,92.593877,0,Assam
27.652551,92.29681,0,Arunachal Pradesh
23.242524,92.700058,0,Mizoram
28.259578,94.013884,0,Arunachal Pradesh
26.163043,91.582375,0,Assam
27.168494,94.93807,0,Assam
26.287722,92.978228,0,Assam
25.355951,93.742367,0,Manipur
25.290968,94.101819,0,Manipur
23.139386,91.707936,0,Tripura
27.176464,92.954716,0,Arunachal Pradesh
27.796421,96.838211,0,Arunachal Pradesh
26.205204,94.318169,0,Nagaland
26.378133,93.578252,0,Assam
27.897574,88.558362,0,Sikkim
24.122315,93.874077,0,Manipur
25.524852,93.138259,0,Assam
27.994566,96.639736,0,Arunachal Pradesh
26.521448,93.101162,0,Assam
24.30104,93.194216,0,Manipur
25.20219,91.125326,0,Meghalaya
27.557116,88.530843,0,Sikkim
23.55669,91.610419,0,Tripura
26.606509,94.894673,0,Nagaland
28.023533,94.573852,0,Arunachal Pradesh
26.255249,91.880568,0,Assam
25.646341,92.866326,0,Assam
27.791563,92.942553,0,Arunachal Pradesh
27.424458,95.326925,0,Assam
28.610637,93.425001,0,Arunachal Pradesh
23.811434,92.35678,0,Mizoram
25.40231,93.146586,0,Assam
28.678587,94.969928,0,Arunachal Pradesh
25.573142,90.42462,0,Meghalaya
24.398956,93.673668,0,Manipur
27.17152,93.102126,0,Arunachal Pradesh
27.626744,88.196702,0,Sikkim
27.184663,95.897576,0,Arunachal Pradesh
26.959442,92.748572,0,Assam
25.872857,92.147121,0,Meghalaya
24.696125,92.407668,0,Assam
27.721175,92.098997,0,Arunachal Pradesh
25.659801,93.477034,0,Assam
26.529238,92.160092,0,Assam
26.554274,91.635108,0,Assam
22.710027,92.79911,0,Mizoram
26.060534,90.593825,0,Assam
27.442749,95.031891,0,Assam
26.941357,94.596852,0,Assam
25.693512,92.304079,0,Meghalaya
23.581383,91.313937,0,Tripura
26.694255,92.402013,0,Assam
27.336656,96.221641,0,Arunachal Pradesh
24.862953,93.929451,0,Manipur
26.111089,93.998408,0,Nagaland
26.721737,92.612324,0,Assam
27.301896,94.031051,0,Assam
28.915209,95.092853,0,Arunachal Pradesh
28.535281,94.370913,0,Arunachal Pradesh
25.012375,94.693823,0,Manipur
26.419165,90.823226,0,Assam
26.172632,93.135714,0,Assam
27.623761,91.785886,0,Arunachal Pradesh
28.604755,96.218589,0,Arunachal Pradesh
28.138771,96.509266,0,Arunachal Pradesh
28.579472,94.867525,0,Arunachal Pradesh
26.769692,92.778534,0,Assam
23.902911,94.105219,0,Manipur
24.523659,93.747643,0,Manipur
28.535135,96.043892,0,Arunachal Pradesh
27.467378,95.412808,0,Assam
27.285819,96.335769,0,Arunachal Pradesh
26.953303,94.521658,0,Assam
23.794577,92.466744,0,Mizoram
25.339209,91.209376,0,Meghalaya
28.137048,93.31133,0,Arunachal Pradesh
27.773649,92.175453,0,Arunachal Pradesh
28.265054,94.160673,0,Arunachal Pradesh
27.741477,91.726512,0,Arunachal Pradesh
27.674206,94.516565,0,Arunachal Pradesh
28.499222,94.877617,0,Arunachal Pradesh
26.202376,94.141023,0,Nagaland
23.366626,91.411808,0,Tripura
23.613396,93.15657,0,Mizoram
26.841579,90.230517,0,Assam
28.957204,95.545071,0,Arunachal Pradesh
28.232546,94.120483,0,Arunachal Pradesh
27.800478,94.123271,0,Arunachal Pradesh
27.818103,95.820953,0,Assam
23.823023,93.013204,0,Mizoram
24.417996,92.882141,0,Assam
27.641233,88.523508,0,Sikkim
27.434631,95.073551,0,Assam
26.370914,94.707059,0,Nagaland
25.618603,91.825047,0,Meghalaya
28.34258,95.856215,0,Arunachal Pradesh
22.085975,92.618173,0,Mizoram
26.196047,94.483134,0,Nagaland
25.775968,93.828325,0,Nagaland
27.818951,95.97876,0,Arunachal Pradesh
26.839743,92.20447,0,Assam
25.658647,92.974493,0,Assam
25.635778,94.46797,0,Nagaland
28.331666,95.425567,0,Arunachal Pradesh
23.526602,92.511218,0,Mizoram
26.026901,91.879448,0,Meghalaya
26.627292,91.53994,0,Assam
26.019132,93.436479,0,Assam
28.35222,96.238599,0,Arunachal Pradesh
24.269927,94.059477,0,Manipur
27.401976,95.545145,0,Assam
25.682854,91.677375,0,Meghalaya
24.312558,92.633668,0,Mizoram
22.607897,93.103906,0,Mizoram
25.893745,94.097523,0,Nagaland
22.201096,92.826819,0,Mizoram
25.658206,90.552981,0,Meghalaya
27.981681,94.44491,0,Arunachal Pradesh
26.460077,90.851097,0,Assam
25.943006,91.158285,0,Assam
25.595813,90.947743,0,Meghalaya
24.833444,93.464746,0,Manipur
27.777359,94.893375,0,Arunachal Pradesh
23.06689,92.799567,0,Mizoram
28.319833,94.331818,0,Arunachal Pradesh
26.890832,94.020932,0,Assam
25.847846,93.776044,0,Nagaland
25.114543,94.210162,0,Manipur
28.606258,94.497093,0,Arunachal Pradesh
25.227588,92.939849,0,Assam
25.329716,92.954723,0,Assam
23.846029,91.809446,0,Tripura
25.735717,94.30379,0,Nagaland
27.106734,95.180882,0,Assam
26.125215,94.781502,0,Nagaland
27.595994,88.209325,0,Sikkim
27.673675,95.58938,0,Assam
27.342077,93.493477,0,Arunachal Pradesh
25.960432,94.576446,0,Nagaland
28.82729,95.970064,0,Arunachal Pradesh
26.15145,92.338427,0,Assam
24.017854,92.26975,0,Tripura
27.643351,88.355468,0,Sikkim
24.640106,93.108126,0,Manipur
26.226372,94.287401,0,Nagaland
29.131669,94.838084,0,Arunachal Pradesh
25.915527,95.021452,0,Nagaland
26.628634,91.757556,0,Assam
27.344099,88.752125,0,Sikkim
27.162739,96.953247,0,Arunachal Pradesh
26.780536,93.67388,0,Assam
25.430936,91.696187,0,Meghalaya
27.264017,92.470352,0,Arunachal Pradesh
25.684149,92.777551,0,Assam
22.276442,92.645741,0,Mizoram
26.529941,91.540792,0,Assam
28.488966,95.454173,0,Arunachal Pradesh
24.987484,93.93589,0,Manipur
27.952295,95.215214,0,Arunachal Pradesh
27.845176,88.215307,0,Sikkim
25.239247,91.501289,0,Meghalaya
27.509414,95.905712,0,Arunachal Pradesh
25.88725,92.237131,0,Assam
25.342609,94.353254,0,Manipur
26.078128,92.405281,0,Assam
25.207065,91.564256,0,Meghalaya
27.932769,93.831398,0,Arunachal Pradesh
28.597029,95.635353,0,Arunachal Pradesh
28.074157,93.377539,0,Arunachal Pradesh
26.175729,93.061472,0,Assam
28.829624,94.809297,0,Arunachal Pradesh
25.306808,91.162961,0,Meghalaya
28.049969,94.607783,0,Arunachal Pradesh
27.510401,95.012888,0,Assam
27.270789,93.932827,0,Arunachal Pradesh
28.623006,93.83211,0,Arunachal Pradesh
28.580431,96.316756,0,Arunachal Pradesh
26.922652,94.719341,0,Assam
26.745413,90.801491,0,Assam
27.758677,95.910432,0,Arunachal Pradesh
27.115666,93.171512,0,Arunachal Pradesh
25.20411,90.223075,0,Meghalaya
27.711532,92.298863,0,Arunachal Pradesh
24.191608,91.815671,0,Tripura
24.345051,94.307113,0,Manipur
27.909343,96.94347,0,Arunachal Pradesh
26.300718,94.99945,0,Nagaland
25.837478,93.644924,0,Assam
26.861234,95.508942,0,Arunachal Pradesh
25.844725,94.972238,0,Nagaland
24.250803,93.050889,0,Manipur
25.595811,91.201847,0,Meghalaya
26.07125,92.723606,0,Assam
25.698609,92.482744,0,Assam
26.757939,92.777404,0,Assam
27.72946,93.584623,0,Arunachal Pradesh
27.679155,96.632468,0,Arunachal Pradesh
26.157197,91.996263,0,Assam
27.910161,93.165395,0,Arunachal Pradesh
25.190596,92.412014,0,Meghalaya
26.004017,94.338545,0,Nagaland
28.642926,94.484727,0,Arunachal Pradesh
27.376772,88.607987,0,Sikkim
26.397688,91.246932,0,Assam
28.683976,95.899819,0,Arunachal Pradesh
25.074953,93.736189,0,Manipur
26.356718,94.058905,0,Assam
25.251569,92.935581,0,Assam
25.260725,93.117141,0,Assam
23.854052,92.921409,0,Mizoram
26.094354,89.817402,0,Assam
25.526931,92.527597,0,Meghalaya
26.024436,90.0291,0,Assam
26.976613,92.415999,0,Arunachal Pradesh
28.205248,94.984088,0,Arunachal Pradesh
29.005146,96.41531,0,Arunachal Pradesh
27.322395,96.566641,0,Arunachal Pradesh
25.725564,94.102484,0,Nagaland
26.839179,94.867076,0,Nagaland
27.384275,93.898932,0,Arunachal Pradesh
28.849837,94.26435,0,Arunachal Pradesh
24.651784,92.720906,0,Assam
24.572683,92.83966,0,Assam
26.473042,92.052817,0,Assam
27.461926,94.250296,0,Assam
26.432892,93.6201,0,Assam
27.706235,94.167076,0,Arunachal Pradesh
27.517549,92.998027,0,Arunachal Pradesh
28.378775,94.194927,0,Arunachal Pradesh
24.756328,93.007642,0,Assam
24.176055,93.126093,0,Manipur
28.087271,92.674386,0,Arunachal Pradesh
28.5307,94.360561,0,Arunachal Pradesh
26.677033,92.099396,0,Assam
27.435214,88.431458,0,Sikkim
28.931734,96.515919,0,Arunachal Pradesh
27.872065,95.736447,0,Assam
26.84713,95.547569,0,Arunachal Pradesh
27.397633,88.305387,0,Sikkim
27.775864,94.898947,0,Arunachal Pradesh
27.856552,96.000811,0,Arunachal Pradesh
28.979153,95.493774,0,Arunachal Pradesh
25.65794,93.407053,0,Assam
28.386522,94.67493,0,Arunachal Pradesh
26.390089,94.319878,0,Nagaland
27.009593,93.28816,0,Arunachal Pradesh
26.345795,93.990764,0,Assam
27.276703,96.206318,0,Arunachal Pradesh
26.391342,92.415087,0,Assam
28.345909,95.657353,0,Arunachal Pradesh
28.401206,93.818693,0,Arunachal Pradesh
28.230055,95.802524,0,Arunachal Pradesh
27.515254,95.54004,0,Assam
28.468498,95.654104,0,Arunachal Pradesh
26.118841,93.873601,0,Assam
26.2082,91.412202,0,Assam
28.184627,96.640088,0,Arunachal Pradesh
25.827162,94.504695,0,Nagaland
28.762478,94.339198,0,Arunachal Pradesh
27.932437,95.447779,0,Arunachal Pradesh
24.752527,92.633414,0,Assam
25.985859,93.380602,0,Assam
23.557805,91.925918,0,Tripura
27.505329,92.768585,0,Arunachal Pradesh
25.543185,93.974155,0,Manipur
26.141889,93.98368,0,Assam
24.401688,93.476111,0,Manipur
24.254806,92.567407,0,Assam
28.087363,95.671399,0,Arunachal Pradesh
27.777908,94.726544,0,Arunachal Pradesh
23.273732,93.116787,0,Mizoram
27.165992,92.495599,0,Arunachal Pradesh
22.11965,93.054309,0,Mizoram
27.286372,92.864947,0,Arunachal Pradesh
25.613246,92.465781,0,Meghalaya
26.352414,93.447794,0,Assam
28.162285,94.799433,0,Arunachal Pradesh
26.074768,90.745933,0,Assam
23.834425,92.243462,0,Tripura
27.228791,93.974531,0,Assam
27.716324,96.664086,0,Arunachal Pradesh
24.326543,92.221857,0,Tripura
26.48649,94.126747,0,Assam
24.41337,93.725608,0,Manipur
29.03358,94.479862,0,Arunachal Pradesh
25.530356,92.685982,0,Assam
26.479612,94.432762,0,Nagaland
25.631504,91.733163,0,Meghalaya
25.855776,91.773015,0,Meghalaya
27.814098,95.577213,0,Assam
27.695286,93.81877,0,Arunachal Pradesh
28.025942,93.849091,0,Arunachal Pradesh
27.523268,95.535699,0,Assam
26.4792,92.953112,0,Assam
25.534612,91.861857,0,Meghalaya
25.043595,93.495135,0,Manipur
26.826119,94.055848,0,Assam
28.046099,93.555949,0,Arunachal Pradesh
25.601701,90.81816,0,Meghalaya
27.414192,95.263615,0,Assam
27.620437,92.713699,0,Arunachal Pradesh
24.686894,94.257312,0,Manipur
26.62201,91.948687,0,Assam
25.532445,93.404451,0,Nagaland
27.936069,95.954384,0,Arunachal Pradesh
25.418978,94.004669,0,Manipur
26.580756,90.777605,0,Assam
28.35929,93.515554,0,Arunachal Pradesh
28.445359,96.050526,0,Arunachal Pradesh
28.578758,94.098281,0,Arunachal Pradesh
25.627193,94.896923,0,Nagaland
23.67325,91.539091,0,Tripura
25.515686,91.510742,0,Meghalaya
25.780996,89.852479,0,Assam
27.914366,96.623917,0,Arunachal Pradesh
26.766824,92.556259,0,Assam
25.722044,93.471407,0,Assam
27.061582,94.837511,0,Assam
23.904088,91.906123,0,Tripura
23.029432,93.285951,0,Mizoram
28.068821,97.163925,0,Arunachal Pradesh
22.130391,92.919836,0,Mizoram
28.638849,95.292179,0,Arunachal Pradesh
26.138105,90.407934,0,Assam
25.283346,90.799508,0,Meghalaya
27.059285,94.396137,0,Assam
25.201321,93.84364,0,Manipur
25.710668,92.44306,0,Meghalaya
26.008726,92.049074,0,Meghalaya
25.484827,92.222842,0,Meghalaya
22.967288,92.821903,0,Mizoram
25.286398,90.95608,0,Meghalaya
26.470403,90.862471,0,Assam
24.695995,92.716399,0,Assam
26.620462,92.980967,0,Assam
26.45343,92.268906,0,Assam
26.269725,91.90926,0,Assam
23.618545,93.334422,0,Mizoram
26.293734,90.436302,0,Assam
26.883538,92.665095,0,Assam
28.70872,94.688793,0,Arunachal Pradesh
24.304041,92.402685,0,Assam
25.756156,94.770621,0,Nagaland
27.671986,92.360516,0,Arunachal Pradesh
23.686212,92.652655,0,Mizoram
28.057154,94.289065,0,Arunachal Pradesh
29.017489,94.459252,0,Arunachal Pradesh
27.080476,94.560135,0,Assam
29.004797,94.537661,0,Arunachal Pradesh
25.596453,90.452144,0,Meghalaya
28.69262,96.086602,0,Arunachal Pradesh
24.926164,94.073457,0,Manipur
26.248098,93.475906,0,Assam
27.210259,95.629661,0,Arunachal Pradesh
27.266731,94.706419,0,Assam
23.979728,92.612717,0,Mizoram
24.421449,92.622294,0,Assam
28.809046,94.685797,0,Arunachal Pradesh
28.974553,96.086033,0,Arunachal Pradesh
28.211697,95.570037,0,Arunachal Pradesh
26.762729,93.196485,0,Assam
22.277395,92.753842,0,Mizoram
25.810331,94.106746,0,Nagaland
25.731946,91.868098,0,Meghalaya
24.468009,93.060152,0,Manipur
25.697145,93.114685,0,Assam
25.964848,94.750757,0,Nagaland
27.350194,96.272134,0,Arunachal Pradesh
28.664992,93.710503,0,Arunachal Pradesh
27.842834,96.754006,0,Arunachal Pradesh
27.094414,94.753549,0,Assam
27.61756,93.778401,0,Arunachal Pradesh
26.695587,93.72392,0,Assam
25.850999,94.448628,0,Nagaland
26.68011,90.009254,0,Assam
24.632007,94.488399,0,Manipur
24.371646,92.72421,0,Mizoram
28.380734,93.658484,0,Arunachal Pradesh
28.407341,95.284697,0,Arunachal Pradesh
25.91442,92.478116,0,Assam
26.760311,90.725158,0,Assam
28.298382,95.22662,0,Arunachal Pradesh
23.039287,91.731259,0,Tripura
27.629171,91.661307,0,Arunachal Pradesh
23.400026,92.38308,0,Mizoram
24.541466,92.231465,0,Assam
26.292051,93.317643,0,Assam
26.009646,91.334669,0,Assam
23.897144,92.799735,0,Mizoram
27.644001,88.175691,0,Sikkim
25.599301,91.983475,0,Meghalaya
27.681009,95.010245,0,Assam
26.809323,90.565122,0,Assam
24.578047,92.84678,0,Assam
27.537585,93.469972,0,Arunachal Pradesh
24.460136,93.973828,0,Manipur
24.275928,94.179068,0,Manipur
24.001345,91.771935,0,Tripura
25.212007,92.984218,0,Assam
26.532726,91.766738,0,Assam
24.820964,94.315089,0,Manipur
28.702956,96.321897,0,Arunachal Pradesh
26.616949,90.159663,0,Assam
23.680141,93.071363,0,Mizoram
23.126804,91.660848,0,Tripura
23.262734,92.874841,0,Mizoram
28.349067,93.382531,0,Arunachal Pradesh
27.041307,94.324026,0,Assam
26.489094,94.736887,0,Nagaland
26.563526,91.799823,0,Assam
26.954386,93.818469,0,Assam
27.599393,92.922581,0,Arunachal Pradesh
24.195767,92.109337,0,Tripura
25.074533,94.526232,0,Manipur
23.79349,91.809029,0,Tripura
29.177933,94.494192,0,Arunachal Pradesh
27.634649,94.622174,0,Arunachal Pradesh
25.563856,92.453205,0,Meghalaya
28.672467,95.018653,0,Arunachal Pradesh
27.737873,94.032766,0,Arunachal Pradesh
28.255771,93.770558,0,Arunachal Pradesh
26.52531,92.35133,0,Assam
24.096731,93.65555,0,Manipur
23.275949,93.196062,0,Mizoram
23.142049,91.56976,0,Tripura
26.673297,93.799962,0,Assam
27.846004,95.125035,0,Arunachal Pradesh
25.096099,93.046007,0,Assam
27.591585,91.970765,0,Arunachal Pradesh
25.578532,92.379559,0,Meghalaya
27.546059,88.167783,0,Sikkim
27.722034,91.772799,0,Arunachal Pradesh
28.25373,93.195039,0,Arunachal Pradesh
27.877452,95.792763,0,Assam
29.079114,95.030995,0,Arunachal Pradesh
26.77642,94.899888,0,Nagaland
26.298937,90.466214,0,Assam
25.902692,91.179223,0,Assam
23.167327,92.819601,0,Mizoram
28.16049,96.913717,0,Arunachal Pradesh
27.576803,91.882617,0,Arunachal Pradesh
28.356852,93.55375,0,Arunachal Pradesh
29.211788,94.58036,0,Arunachal Pradesh
27.512028,95.562534,0,Assam
26.751616,91.665588,0,Assam
25.449575,89.861615,0,Meghalaya
28.461937,94.892139,0,Arunachal Pradesh
26.171608,91.303726,0,Assam
25.653249,92.13669,0,Meghalaya
26.040777,92.440075,0,Assam
26.626803,94.367655,0,Assam
28.456755,96.033187,0,Arunachal Pradesh
26.66896,90.684593,0,Assam
25.345318,90.151158,0,Meghalaya
27.207171,94.881353,0,Assam
26.562541,93.534362,0,Assam
28.475353,93.887196,0,Arunachal Pradesh
28.000724,95.48685,0,Arunachal Pradesh
23.944974,93.145925,0,Mizoram
26.135349,90.140051,0,Assam
28.583527,94.290406,0,Arunachal Pradesh
28.420483,94.935784,0,Arunachal Pradesh
27.336734,93.965323,0,Arunachal Pradesh
26.422647,93.446942,0,Assam
22.926218,92.419512,0,Mizoram
26.694165,91.718898,0,Assam
27.799688,93.835897,0,Arunachal Pradesh
27.056056,92.932826,0,Arunachal Pradesh
26.330108,91.616345,0,Assam
25.952989,92.708063,0,Assam
26.312188,90.51483,0,Assam
28.248015,95.271603,0,Arunachal Pradesh
26.610932,93.792946,0,Assam
25.555555,91.957672,0,Meghalaya
23.50524,91.577786,0,Tripura
22.430209,92.638629,0,Mizoram
25.827976,91.895218,0,Meghalaya
22.476623,92.713786,0,Mizoram
26.126953,92.059558,0,Assam
27.391524,94.01344,0,Arunachal Pradesh
26.357941,94.362581,0,Nagaland
27.100947,95.240979,0,Assam
22.749164,92.594825,0,Mizoram
24.90016,94.54741,0,Manipur
25.772287,94.545042,0,Nagaland
28.915433,95.243834,0,Arunachal Pradesh
26.745599,90.570593,0,Assam
25.890612,92.0457,0,Meghalaya
27.988017,97.028892,0,Arunachal Pradesh
25.759008,94.559529,0,Nagaland
26.524901,91.441601,0,Assam
24.634054,94.311964,0,Manipur
27.276661,96.075989,0,Arunachal Pradesh
28.189164,96.723145,0,Arunachal Pradesh
22.480555,92.9915,0,Mizoram
27.60907,94.33089,0,Arunachal Pradesh
27.136579,92.415713,0,Arunachal Pradesh
25.455365,94.316639,0,Manipur
25.170488,91.480817,0,Meghalaya
28.035758,93.532976,0,Arunachal Pradesh
27.690091,88.7842,0,Sikkim
29.26721,94.652898,0,Arunachal Pradesh
24.788499,92.332273,0,Assam
26.89798,94.54123,0,Assam
26.606063,94.869105,0,Nagaland
24.910176,92.812115,0,Assam
28.243929,96.421342,0,Arunachal Pradesh
27.748814,93.518358,0,Arunachal Pradesh
27.204204,94.851851,0,Assam
24.603739,94.373936,0,Manipur
27.215493,95.786076,0,Arunachal Pradesh
26.006918,90.620478,0,Assam
24.157378,93.539863,0,Manipur
22.357382,92.823033,0,Mizoram
26.097395,94.01429,0,Nagaland
22.775245,92.660213,0,Mizoram
27.560387,92.376782,0,Arunachal Pradesh
26.220111,92.062146,0,Assam
23.345869,91.528557,0,Tripura
25.646517,92.507468,0,Assam
27.529086,95.928271,0,Arunachal Pradesh
25.179662,90.473233,0,Meghalaya
27.547693,93.427885,0,Arunachal Pradesh
27.225431,88.493589,0,Sikkim
28.219602,93.178869,0,Arunachal Pradesh
26.736482,94.681369,0,Assam
28.70127,95.604783,0,Arunachal Pradesh
27.82568,95.939459,0,Arunachal Pradesh
25.56573,90.172412,0,Meghalaya
26.213549,92.361539,0,Assam
28.084479,92.895755,0,Arunachal Pradesh
27.521131,96.440352,0,Arunachal Pradesh
27.518514,88.077007,0,Sikkim
27.012906,92.563507,0,Arunachal Pradesh
25.152865,92.326236,0,Meghalaya
27.722674,95.928763,0,Arunachal Pradesh
26.787699,93.06201,0,Assam
28.821586,95.465696,0,Arunachal Pradesh
27.856467,93.944068,0,Arunachal Pradesh
24.927035,94.350398,0,Manipur
27.550273,88.116827,0,Sikkim
28.144334,94.409024,0,Arunachal Pradesh
25.698616,91.196388,0,Meghalaya
25.691138,92.674101,0,Assam
25.788967,90.232556,0,Meghalaya
25.212862,92.242081,0,Meghalaya
25.883966,90.600946,0,Meghalaya
27.331855,95.605468,0,Assam
27.908839,96.810251,0,Arunachal Pradesh
27.817206,92.52778,0,Arunachal Pradesh
26.309906,90.691126,0,Assam
27.041692,94.553612,0,Assam
26.698812,92.651472,0,Assam
24.775269,93.645945,0,Manipur
28.505442,95.83197,0,Arunachal Pradesh
25.144342,94.543032,0,Manipur
29.049051,96.004179,0,Arunachal Pradesh
25.835416,90.566222,0,Meghalaya
29.245736,94.731765,0,Arunachal Pradesh
28.149066,95.543908,0,Arunachal Pradesh
23.435998,92.596137,0,Mizoram
27.737931,93.464965,0,Arunachal Pradesh
23.389731,92.517985,0,Mizoram
26.185387,93.027265,0,Assam
28.961608,96.503874,0,Arunachal Pradesh
25.675006,91.945845,0,Meghalaya
23.408606,92.86766,0,Mizoram
28.053472,96.7431,0,Arunachal Pradesh
23.994553,93.171055,0,Mizoram
26.640379,91.546237,0,Assam
28.403759,95.436271,0,Arunachal Pradesh
27.518076,91.786095,0,Arunachal Pradesh
28.940898,94.533819,0,Arunachal Pradesh
26.410728,92.879521,0,Assam
25.817406,90.050113,0,Meghalaya
23.687644,91.74329,0,Tripura
26.010823,94.297173,0,Nagaland
27.410819,93.349211,0,Arunachal Pradesh
28.86559,94.86398,0,Arunachal Pradesh
25.307343,94.09222,0,Manipur
26.959994,93.059655,0,Arunachal Pradesh
25.173346,93.136327,0,Assam
28.594895,93.479459,0,Arunachal Pradesh
28.312595,94.858818,0,Arunachal Pradesh
26.400107,94.501107,0,Nagaland
25.920595,92.830993,0,Assam
28.19735,93.532244,0,Arunachal Pradesh
28.122709,96.579349,0,Arunachal Pradesh
27.867507,96.468291,0,Arunachal Pradesh
26.257886,92.692115,0,Assam
26.534099,92.274316,0,Assam
26.764562,91.317796,0,Assam
27.269628,94.28945,0,Assam
23.770392,91.556215,0,Tripura
26.2802,90.414971,0,Assam
25.817761,91.809933,0,Meghalaya
26.780549,90.466864,0,Assam
28.175117,95.52009,0,Arunachal Pradesh
23.808686,92.494983,0,Mizoram
29.328825,95.825972,0,Arunachal Pradesh
27.989025,95.602841,0,Arunachal Pradesh
27.377446,92.600768,0,Arunachal Pradesh
23.71921,91.938049,0,Tripura
25.513592,94.030975,0,Manipur
23.860895,91.465893,0,Tripura
23.741712,91.525683,0,Tripura
28.728367,95.366212,0,Arunachal Pradesh
26.271564,93.437972,0,Assam
26.116038,90.140963,0,Assam
26.496506,92.802772,0,Assam
25.211783,91.787725,0,Meghalaya
24.849801,93.202172,0,Manipur
24.302405,93.629463,0,Manipur
25.453289,93.333664,0,Assam
24.713804,92.358998,0,Assam
27.682624,96.604781,0,Arunachal Pradesh
28.580279,93.768954,0,Arunachal Pradesh
28.038657,93.592279,0,Arunachal Pradesh
24.645269,93.15962,0,Manipur
25.793839,92.294869,0,Assam
29.166493,94.736003,0,Arunachal Pradesh
26.737865,92.647027,0,Assam
23.852055,92.192175,0,Tripura
26.233881,94.939402,0,Nagaland
24.153922,93.093984,0,Manipur
27.438583,95.126548,0,Assam
23.920435,92.018727,0,Tripura
28.605275,95.029494,0,Arunachal Pradesh
23.385804,91.600553,0,Tripura
27.079513,92.578938,0,Arunachal Pradesh
25.857891,93.397087,0,Assam
25.720778,91.87513,0,Meghalaya
26.714971,91.422735,0,Assam
25.159736,93.931798,0,Manipur
26.033633,90.31206,0,Assam
26.666749,92.896419,0,Assam
27.800997,95.85079,0,Arunachal Pradesh
25.031756,93.842834,0,Manipur
28.335382,97.068295,0,Arunachal Pradesh
27.346866,94.462087,0,Assam
25.486905,93.114063,0,Assam
28.124611,93.66577,0,Arunachal Pradesh
27.772098,91.800252,0,Arunachal Pradesh
29.000368,95.74747,0,Arunachal Pradesh
23.634547,93.116162,0,Mizoram
26.935986,93.017344,0,Arunachal Pradesh
27.874143,92.622182,0,Arunachal Pradesh
23.439506,91.395916,0,Tripura
24.042813,93.61437,0,Manipur
25.540839,92.911584,0,Assam
25.606255,90.030379,0,Meghalaya
24.797066,93.730856,0,Manipur
25.759402,92.629899,0,Assam
28.703914,94.6309,0,Arunachal Pradesh
28.901725,95.986963,0,Arunachal Pradesh
25.533483,91.884414,0,Meghalaya
28.165737,94.65281,0,Arunachal Pradesh
27.201176,93.929289,0,Assam
24.897937,94.068501,0,Manipur
25.640203,91.50822,0,Meghalaya
26.336502,92.602956,0,Assam
26.588402,93.726796,0,Assam
28.895572,95.090324,0,Arunachal Pradesh
26.321504,91.520978,0,Assam
24.185242,92.452646,0,Assam
28.612004,94.210792,0,Arunachal Pradesh
28.331528,94.815007,0,Arunachal Pradesh
25.226361,92.523473,0,Meghalaya
25.890799,93.940169,0,Nagaland
26.366626,90.781712,0,Assam
25.863897,93.684922,0,Assam
27.241012,92.843915,0,Arunachal Pradesh
28.791762,95.919705,0,Arunachal Pradesh
27.580337,93.150996,0,Arunachal Pradesh
24.138871,92.677048,0,Mizoram
26.946644,92.203116,0,Arunachal Pradesh
25.559656,91.612199,0,Meghalaya
28.347075,93.36382,0,Arunachal Pradesh
23.817022,93.348632,0,Mizoram
26.008107,91.353306,0,Assam
27.420308,95.51239,0,Assam
24.831526,92.964362,0,Assam
26.099298,92.789852,0,Assam
26.347685,90.328624,0,Assam
26.270268,94.781551,0,Nagaland
24.014948,92.131953,0,Tripura
24.71612,92.294832,0,Assam
26.18038,91.505244,0,Assam
27.820091,97.115108,0,Arunachal Pradesh
22.640288,92.526197,0,Mizoram
27.923417,97.063114,0,Arunachal Pradesh
27.824038,94.233814,0,Arunachal Pradesh
27.406421,92.891426,0,Arunachal Pradesh
28.021742,92.879269,0,Arunachal Pradesh
28.530692,95.356008,0,Arunachal Pradesh
26.018603,92.365195,0,Assam
24.41713,93.573316,0,Manipur
25.879054,94.249988,0,Nagaland
22.515729,92.894249,0,Mizoram
23.903733,92.220582,0,Tripura
27.066573,93.507439,0,Arunachal Pradesh
25.597613,91.981922,0,Meghalaya
24.352473,91.994471,0,Tripura
27.023887,92.450545,0,Arunachal Pradesh
25.177416,92.956674,0,Assam
22.829959,93.041277,0,Mizoram
26.129502,89.90473,0,Assam
24.693836,94.167304,0,Manipur
28.023361,93.76512,0,Arunachal Pradesh
26.955893,94.588349,0,Assam
27.725473,94.389751,0,Arunachal Pradesh
23.98585,92.617926,0,Mizoram
24.978828,93.791915,0,Manipur
27.176768,94.205914,0,Assam
26.363851,94.320274,0,Nagaland
28.104669,93.974678,0,Arunachal Pradesh
26.648578,91.280361,0,Assam
25.442679,90.790143,0,Meghalaya
23.147721,93.307223,0,Mizoram
27.291084,95.381118,0,Assam
28.385675,93.32746,0,Arunachal Pradesh
26.319517,90.58987,0,Assam
27.232816,92.774769,0,Arunachal Pradesh
26.297043,90.628194,0,Assam
25.296181,90.818998,0,Meghalaya
27.623083,88.348073,0,Sikkim
25.933646,94.525127,0,Nagaland
27.286547,93.06638,0,Arunachal Pradesh
28.45089,93.300171,0,Arunachal Pradesh
27.712949,92.601774,0,Arunachal Pradesh
28.663615,94.287802,0,Arunachal Pradesh
23.92703,94.152119,0,Manipur
27.460752,95.306203,0,Assam
25.808936,94.515866,0,Nagaland
26.013283,90.849123,0,Assam
23.574914,93.189459,0,Mizoram
27.890517,95.437305,0,Arunachal Pradesh
27.282023,93.132005,0,Arunachal Pradesh
26.091577,90.645825,0,Assam
27.21114,95.940218,0,Arunachal Pradesh
22.983829,92.575348,0,Mizoram
27.968889,93.134214,0,Arunachal Pradesh
28.039578,94.295895,0,Arunachal Pradesh
27.510339,91.746466,0,Arunachal Pradesh
26.826704,91.770754,0,Assam
24.056604,93.572616,0,Manipur
26.343551,90.027434,0,Assam
25.93706,92.106891,0,Meghalaya
23.054405,91.683921,0,Tripura
24.903857,93.401044,0,Manipur
27.989199,95.357333,0,Arunachal Pradesh
27.445201,96.765182,0,Arunachal Pradesh
26.28072,92.482579,0,Assam
24.059118,92.49529,0,Mizoram
27.760465,94.180167,0,Arunachal Pradesh
29.20729,96.12929,0,Arunachal Pradesh
28.121294,94.250143,0,Arunachal Pradesh
28.155577,93.629483,0,Arunachal Pradesh
23.608431,92.878208,0,Mizoram
23.241609,93.311614,0,Mizoram
25.071465,92.613591,0,Assam
27.657883,95.517469,0,Assam
28.756219,96.005376,0,Arunachal Pradesh
27.232159,95.837728,0,Arunachal Pradesh
25.168089,94.532316,0,Manipur
23.753825,91.637783,0,Tripura
26.549168,93.997277,0,Assam
23.996006,92.498691,0,Mizoram
25.090217,92.342066,0,Meghalaya
29.196635,95.574231,0,Arunachal Pradesh
27.692902,96.631625,0,Arunachal Pradesh
28.504477,94.609099,0,Arunachal Pradesh
26.158673,93.823282,0,Assam
26.314521,90.765075,0,Assam
23.647667,93.059777,0,Mizoram
23.479127,91.892304,0,Tripura
27.597589,92.311047,0,Arunachal Pradesh
27.701929,93.078377,0,Arunachal Pradesh
22.210086,92.69323,0,Mizoram
27.398392,88.363599,0,Sikkim
24.185308,93.724245,0,Manipur
26.946789,95.702107,0,Arunachal Pradesh
26.347994,93.285469,0,Assam
28.234471,95.13128,0,Arunachal Pradesh
26.562571,91.36632,0,Assam
28.811271,95.301027,0,Arunachal Pradesh
25.475284,93.862558,0,Manipur
29.368796,95.855793,0,Arunachal Pradesh
28.409177,96.138036,0,Arunachal Pradesh
23.277674,92.699908,0,Mizoram
23.242073,92.507807,0,Mizoram
26.042114,91.536505,0,Assam
26.335465,91.074691,0,Assam
25.412244,91.746916,0,Meghalaya
27.798442,96.114412,0,Arunachal Pradesh
28.001797,96.680401,0,Arunachal Pradesh
26.138653,90.59959,0,Assam
25.339868,90.435673,0,Meghalaya
23.528862,91.48557,0,Tripura
29.105981,94.535878,0,Arunachal Pradesh
27.009769,92.725898,0,Assam
25.750145,94.949463,0,Nagaland
28.03059,96.543749,0,Arunachal Pradesh
26.529168,92.911728,0,Assam
27.63248,96.684626,0,Arunachal Pradesh
27.574061,94.972504,0,Assam
24.924263,94.497304,0,Manipur
26.285147,89.932459,0,Assam
25.623123,91.152376,0,Meghalaya
26.51501,94.692822,0,Nagaland
26.230073,93.821848,0,Assam
28.794697,95.27175,0,Arunachal Pradesh
25.787503,93.019014,0,Assam
28.595244,95.236227,0,Arunachal Pradesh
26.64314,91.471278,0,Assam
24.23566,92.380367,0,Mizoram
25.69971,90.266069,0,Meghalaya
27.915205,95.971344,0,Arunachal Pradesh
24.290173,93.14787,0,Manipur
26.955394,95.527374,0,Arunachal Pradesh
27.942697,95.686684,0,Assam
23.050968,93.114875,0,Mizoram
26.452323,93.842431,0,Assam
25.479152,93.514218,0,Nagaland
25.720274,94.576813,0,Nagaland
24.036835,94.190773,0,Manipur
27.996,95.441762,0,Arunachal Pradesh
28.411932,95.586079,0,Arunachal Pradesh
26.82461,94.252077,0,Assam
28.152445,92.753881,0,Arunachal Pradesh
23.317081,91.40212,0,Tripura
26.433945,93.628562,0,Assam
25.82514,90.931868,0,Meghalaya
24.158973,94.035678,0,Manipur
28.661313,95.854386,0,Arunachal Pradesh
26.360418,93.875711,0,Assam
27.760684,88.420035,0,Sikkim
26.128893,94.563826,0,Nagaland
24.777363,93.57298,0,Manipur
23.017505,92.447338,0,Mizoram
26.049421,92.825444,0,Assam
25.824492,94.430111,0,Nagaland
28.827286,94.476174,0,Arunachal Pradesh
23.153062,91.514725,0,Tripura
27.014755,93.991015,0,Assam
24.241479,92.500167,0,Assam
28.937093,95.634282,0,Arunachal Pradesh
26.876369,95.191215,0,Nagaland
24.431487,93.832665,0,Manipur
28.392967,93.863682,0,Arunachal Pradesh
27.22435,93.972196,0,Assam
23.931655,91.531211,0,Tripura
25.751346,91.453181,0,Meghalaya
23.693313,92.39206,0,Mizoram
25.799544,94.278863,0,Nagaland
24.305931,92.876444,0,Mizoram
24.345801,93.2795,0,Manipur
26.883423,93.656466,0,Assam
23.809996,92.22315,0,Tripura
27.557175,93.952318,0,Arunachal Pradesh
25.254709,93.900972,0,Manipur
28.408537,93.73179,0,Arunachal Pradesh
26.721298,94.505538,0,Assam
24.773075,93.253187,0,Manipur
28.085526,92.682741,0,Arunachal Pradesh
25.788486,91.640758,0,Meghalaya
27.063939,95.794194,0,Arunachal Pradesh
25.722888,91.148096,0,Meghalaya
26.09191,93.008061,0,Assam
27.462709,92.421925,0,Arunachal Pradesh
25.418068,92.206092,0,Meghalaya
27.93055,93.284886,0,Arunachal Pradesh
26.993883,93.542309,0,Arunachal Pradesh
25.288321,94.522613,0,Manipur
27.149139,95.550149,0,Arunachal Pradesh
27.893662,93.929692,0,Arunachal Pradesh
26.609935,92.088514,0,Assam
28.255049,93.986794,0,Arunachal Pradesh
27.942802,88.28639,0,Sikkim
27.714496,96.076672,0,Arunachal Pradesh
25.45867,91.61405,0,Meghalaya
26.159616,94.191103,0,Nagaland
27.679497,88.5908,0,Sikkim
27.191194,88.219109,0,Sikkim
25.359336,90.648732,0,Meghalaya
26.193342,92.864503,0,Assam
25.360684,90.1286,0,Meghalaya
28.44397,94.95631,0,Arunachal Pradesh
26.073,91.911757,0,Assam
26.726835,91.09518,0,Assam
25.979889,92.446782,0,Assam
27.404614,95.998508,0,Arunachal Pradesh
24.377335,92.718271,0,Mizoram
28.548987,96.022273,0,Arunachal Pradesh
25.640124,93.836068,0,Nagaland
25.168298,94.272046,0,Manipur
23.297919,93.325487,0,Mizoram
26.413269,93.9548,0,Assam
26.818825,95.572198,0,Arunachal Pradesh
25.423745,90.058518,0,Meghalaya
26.426142,90.477458,0,Assam
27.47274,94.77606,0,Assam
26.8742,95.385562,0,Arunachal Pradesh
28.868869,95.760071,0,Arunachal Pradesh
26.576986,91.85329,0,Assam
28.677157,95.392636,0,Arunachal Pradesh
26.001638,94.704077,0,Nagaland
27.627452,94.546411,0,Arunachal Pradesh
27.770216,96.257665,0,Arunachal Pradesh
27.574524,92.829033,0,Arunachal Pradesh
28.85472,94.148504,0,Arunachal Pradesh
24.185587,94.048932,0,Manipur
25.291315,92.316395,0,Meghalaya
26.18232,95.113518,0,Nagaland
25.976126,91.349663,0,Assam
28.345656,96.8676,0,Arunachal Pradesh
26.901925,92.285793,0,Assam
25.664465,94.257267,0,Nagaland
27.754441,93.536498,0,Arunachal Pradesh
28.986461,95.650559,0,Arunachal Pradesh
27.109542,94.200543,0,Assam
27.737365,92.366268,0,Arunachal Pradesh
28.78061,94.520243,0,Arunachal Pradesh
25.473831,93.162275,0,Assam
27.928018,96.969791,0,Arunachal Pradesh
27.510278,96.025177,0,Arunachal Pradesh
28.080304,95.685409,0,Arunachal Pradesh
27.496422,93.109009,0,Arunachal Pradesh
26.913639,94.740405,0,Assam
25.750889,91.131552,0,Meghalaya
27.835419,93.703273,0,Arunachal Pradesh
26.991762,93.873513,0,Assam
28.872604,94.910126,0,Arunachal Pradesh
27.569958,96.190958,0,Arunachal Pradesh
27.360143,94.218133,0,Assam
27.613171,91.646476,0,Arunachal Pradesh
25.707622,94.350495,0,Nagaland
25.969096,94.533326,0,Nagaland
26.406605,91.076593,0,Assam
26.316371,93.26879,0,Assam
29.017961,95.11037,0,Arunachal Pradesh
25.416505,92.192538,0,Meghalaya
25.289019,91.692893,0,Meghalaya
25.741692,93.512012,0,Assam
27.308678,96.078848,0,Arunachal Pradesh
26.013631,92.120646,0,Meghalaya
23.794791,92.361067,0,Mizoram
23.849035,91.848171,0,Tripura
23.02081,91.621479,0,Tripura
26.968875,93.343476,0,Arunachal Pradesh
28.436993,94.851231,0,Arunachal Pradesh
27.154646,93.079435,0,Arunachal Pradesh
27.534069,93.39591,0,Arunachal Pradesh
27.907818,96.069754,0,Arunachal Pradesh
26.259367,94.739921,0,Nagaland
24.380159,93.107095,0,Manipur
25.431222,90.148167,0,Meghalaya
28.164993,94.222641,0,Arunachal Pradesh
28.086902,94.121592,0,Arunachal Pradesh
25.410004,91.384106,0,Meghalaya
28.954752,95.004605,0,Arunachal Pradesh
26.338191,91.634001,0,Assam
28.446104,93.588953,0,Arunachal Pradesh
28.030301,94.653363,0,Arunachal Pradesh
23.465146,91.697721,0,Tripura
28.387964,95.290215,0,Arunachal Pradesh
28.720831,96.435678,0,Arunachal Pradesh
28.192995,97.274443,0,Arunachal Pradesh
27.119208,92.424709,0,Arunachal Pradesh
27.509529,93.954254,0,Arunachal Pradesh
26.34082,92.781915,0,Assam
26.171556,94.074138,0,Nagaland
28.131726,96.081962,0,Arunachal Pradesh
26.168768,92.80813,0,Assam
26.725274,94.896126,0,Nagaland
23.941681,93.141287,0,Mizoram
28.017929,97.384151,0,Arunachal Pradesh
24.666991,93.286592,0,Manipur
26.899548,92.260558,0,Assam
22.327444,92.665003,0,Mizoram
28.976905,94.179898,0,Arunachal Pradesh
25.49075,94.464796,0,Manipur
28.767761,95.603458,0,Arunachal Pradesh
27.776155,93.432437,0,Arunachal Pradesh
28.147702,95.672857,0,Arunachal Pradesh
24.627423,93.867293,0,Manipur
25.075182,92.801884,0,Assam
25.754148,92.195016,0,Assam
25.010478,93.588166,0,Manipur
27.967232,94.533001,0,Arunachal Pradesh
25.481689,94.707719,0,Nagaland
28.158378,94.204525,0,Arunachal Pradesh
24.204553,93.610863,0,Manipur
25.959488,94.921527,0,Nagaland
27.307268,94.195647,0,Assam
27.677701,91.72464,0,Arunachal Pradesh
25.670961,93.024026,0,Assam
25.878059,92.159759,0,Meghalaya
26.721422,94.397729,0,Assam
28.416361,93.801413,0,Arunachal Pradesh
29.047137,95.67804,0,Arunachal Pradesh
27.397517,95.220291,0,Assam
25.858942,91.13038,0,Assam
27.25553,92.902318,0,Arunachal Pradesh
26.064354,92.847438,0,Assam
27.185577,88.186331,0,Sikkim
22.631438,92.800356,0,Mizoram
28.039944,93.325761,0,Arunachal Pradesh
23.867637,92.146906,0,Tripura
26.807271,92.366387,0,Assam
27.895406,96.984651,0,Arunachal Pradesh
27.76959,96.328277,0,Arunachal Pradesh
26.379853,95.063436,0,Nagaland
27.509828,92.954333,0,Arunachal Pradesh
23.587643,91.913124,0,Tripura
26.426879,89.985745,0,Assam
25.94379,94.91019,0,Nagaland
25.918791,94.521783,0,Nagaland
27.652577,93.998542,0,Arunachal Pradesh
28.245327,97.085806,0,Arunachal Pradesh
25.408362,90.696719,0,Meghalaya
27.683437,96.822284,0,Arunachal Pradesh
26.392419,93.550289,0,Assam
27.219002,92.262175,0,Arunachal Pradesh
23.40501,91.723672,0,Tripura
26.180739,90.301811,0,Assam
29.22792,96.303257,0,Arunachal Pradesh
25.33993,92.766579,0,Assam
29.033061,95.133261,0,Arunachal Pradesh
25.710503,94.777701,0,Nagaland
25.599823,93.623596,0,Nagaland
25.838926,94.555641,0,Nagaland
27.283307,92.328229,0,Arunachal Pradesh
28.817477,94.74801,0,Arunachal Pradesh
27.11144,97.148142,0,Arunachal Pradesh
28.131341,93.392314,0,Arunachal Pradesh
23.34959,93.335005,0,Mizoram
27.795908,88.313581,0,Sikkim
22.252643,92.891678,0,Mizoram
25.955393,94.405433,0,Nagaland
25.789945,94.864642,0,Nagaland
25.756429,90.648957,0,Meghalaya
28.910401,96.236254,0,Arunachal Pradesh
28.25925,94.850035,0,Arunachal Pradesh
28.446174,94.936678,0,Arunachal Pradesh
28.280434,96.216085,0,Arunachal Pradesh
27.599746,95.762809,0,Assam
25.347484,90.088721,0,Meghalaya
28.343025,96.139269,0,Arunachal Pradesh
26.512349,94.21673,0,Assam
27.828703,95.785206,0,Assam
26.661399,91.176795,0,Assam
22.586315,92.569507,0,Mizoram
27.936479,96.051112,0,Arunachal Pradesh
26.707172,94.400891,0,Assam
26.763305,90.183091,0,Assam
27.426961,95.360908,0,Assam
26.355731,92.137433,0,Assam
25.930523,94.664126,0,Nagaland
27.970222,94.198586,0,Arunachal Pradesh
28.572809,95.624633,0,Arunachal Pradesh
29.227552,95.909148,0,Arunachal Pradesh
28.479531,94.317189,0,Arunachal Pradesh
26.283353,95.015253,0,Nagaland
27.367933,94.963778,0,Assam
26.738161,93.362085,0,Assam
22.845999,92.781053,0,Mizoram
26.768121,92.519162,0,Assam
28.382033,95.655628,0,Arunachal Pradesh
27.115465,94.100736,0,Assam
26.503696,92.414838,0,Assam
22.59247,93.0635,0,Mizoram
28.249703,95.037332,0,Arunachal Pradesh
26.695488,93.155167,0,Assam
26.177978,94.494934,0,Nagaland
25.368929,89.935458,0,Meghalaya
26.742231,91.521096,0,Assam
27.334409,92.377182,0,Arunachal Pradesh
28.640301,95.604724,0,Arunachal Pradesh
26.2789,91.285191,0,Assam
26.682314,90.92177,0,Assam
28.462206,93.24043,0,Arunachal Pradesh
28.167422,95.907602,0,Arunachal Pradesh
27.295805,95.771522,0,Assam
26.027471,94.542172,0,Nagaland
26.009266,91.231583,0,Assam
26.628006,92.885217,0,Assam
26.793373,91.136393,0,Assam
28.287547,94.378449,0,Arunachal Pradesh
25.802546,91.774545,0,Meghalaya
26.037377,90.130482,0,Assam
25.082079,93.999077,0,Manipur
25.777368,92.277415,0,Assam
24.951124,94.05374,0,Manipur
25.880566,91.189928,0,Assam
24.683972,93.804082,0,Manipur
25.483333,93.501596,0,Nagaland
24.54159,93.706335,0,Manipur
26.938313,94.296434,0,Assam
27.448982,94.590364,0,Assam
27.621605,95.481265,0,Assam
22.484598,92.959877,0,Mizoram
28.362725,94.563218,0,Arunachal Pradesh
28.783147,96.507509,0,Arunachal Pradesh
25.710039,91.162032,0,Meghalaya
24.354136,93.794878,0,Manipur
27.284641,94.348092,0,Assam
28.200594,93.148157,0,Arunachal Pradesh
27.367002,88.138252,0,Sikkim
28.114753,94.404352,0,Arunachal Pradesh
28.505261,93.473697,0,Arunachal Pradesh
25.390297,90.7885,0,Meghalaya
24.090301,91.80383,0,Tripura
27.372996,92.754342,0,Arunachal Pradesh
28.616109,95.601936,0,Arunachal Pradesh
27.593901,94.474931,0,Arunachal Pradesh
25.308753,91.697638,0,Meghalaya
23.636936,91.679905,0,Tripura
25.306664,90.686156,0,Meghalaya
25.70108,90.735662,0,Meghalaya
27.753836,92.50454,0,Arunachal Pradesh
27.80953,95.905064,0,Arunachal Pradesh
26.933835,95.60169,0,Arunachal Pradesh
26.663766,94.005375,0,Assam
25.787669,91.704521,0,Meghalaya
28.536262,96.021176,0,Arunachal Pradesh
25.984126,90.67367,0,Assam
25.379734,92.103879,0,Meghalaya
27.780459,96.594426,0,Arunachal Pradesh
28.917094,95.135735,0,Arunachal Pradesh
25.05211,94.275671,0,Manipur
25.041716,94.71015,0,Manipur
27.516959,94.718486,0,Assam
26.415382,94.49053,0,Nagaland
24.207243,91.985819,0,Tripura
22.490153,92.950565,0,Mizoram
26.796565,91.210375,0,Assam
22.474382,92.833234,0,Mizoram
23.472627,93.294806,0,Mizoram
24.500223,92.555639,0,Assam
26.027272,93.046919,0,Assam
25.076034,93.698496,0,Manipur
26.1192,91.630691,0,Assam
23.398713,92.958647,0,Mizoram
27.82505,95.616929,0,Assam
22.089505,92.853,0,Mizoram
27.276736,93.489799,0,Arunachal Pradesh
25.928378,92.569694,0,Assam
26.443334,93.074185,0,Assam
28.176611,95.122348,0,Arunachal Pradesh
27.707768,91.733195,0,Arunachal Pradesh
27.909939,94.594035,0,Arunachal Pradesh
25.835534,92.19757,0,Assam
25.135543,94.0298,0,Manipur
26.345583,92.128474,0,Assam
24.589665,93.275536,0,Manipur
23.820687,93.191237,0,Mizoram
26.714245,93.381092,0,Assam
27.446285,92.218144,0,Arunachal Pradesh
26.526425,92.039597,0,Assam
25.302836,91.487123,0,Meghalaya
27.870349,95.21804,0,Arunachal Pradesh
25.319517,94.251481,0,Manipur
27.702312,88.291584,0,Sikkim
24.842283,94.343748,0,Manipur
25.222539,93.174638,0,Assam
22.474448,92.644969,0,Mizoram
28.552905,96.103087,0,Arunachal Pradesh
25.143823,94.058043,0,Manipur
27.002091,95.06605,0,Assam
27.096692,95.94645,0,Arunachal Pradesh
25.155665,92.684434,0,Assam
26.532273,92.784239,0,Assam
27.553058,94.878299,0,Assam
27.468729,94.776644,0,Assam
25.914439,93.186524,0,Assam
25.936054,94.927487,0,Nagaland
23.746721,92.447956,0,Mizoram
25.349104,92.760262,0,Assam
24.51136,92.78381,0,Assam
25.333911,91.509505,0,Meghalaya
27.815977,95.1241,0,Arunachal Pradesh
26.139538,90.397429,0,Assam
25.792363,91.464433,0,Meghalaya
27.781239,88.433455,0,Sikkim
25.366164,94.461493,0,Manipur
25.78508,90.493986,0,Meghalaya
27.746572,93.048178,0,Arunachal Pradesh
28.493207,93.558098,0,Arunachal Pradesh
26.38018,92.515972,0,Assam
28.378612,94.93681,0,Arunachal Pradesh
26.796884,95.193462,0,Nagaland
27.442808,88.090231,0,Sikkim
25.279413,90.186756,0,Meghalaya
23.879321,92.73891,0,Mizoram
28.965806,95.671005,0,Arunachal Pradesh
26.946671,92.18673,0,Arunachal Pradesh
27.980397,93.936491,0,Arunachal Pradesh
24.100003,93.467842,0,Manipur
26.253026,94.130432,0,Nagaland
25.857671,91.667704,0,Meghalaya
27.429311,95.603912,0,Assam
28.304001,96.786843,0,Arunachal Pradesh
26.091773,92.702938,0,Assam
24.289629,92.26677,0,Assam
28.769295,95.230608,0,Arunachal Pradesh
26.742429,94.916505,0,Nagaland
27.484299,92.645978,0,Arunachal Pradesh
23.691414,91.180341,0,Tripura
24.826581,92.529792,0,Assam
25.757049,93.445615,0,Assam
28.705461,96.352097,0,Arunachal Pradesh
25.798543,93.599437,0,Assam
25.558923,94.503672,0,Manipur
28.508721,95.806114,0,Arunachal Pradesh
26.691471,93.024407,0,Assam
24.315474,92.613291,0,Assam
27.307945,93.09205,0,Arunachal Pradesh
28.257602,95.011315,0,Arunachal Pradesh
24.962107,93.59551,0,Manipur
28.733288,94.129207,0,Arunachal Pradesh
24.90848,92.820195,0,Assam
27.756469,94.733001,0,Arunachal Pradesh
28.119173,94.039248,0,Arunachal Pradesh
28.614832,94.29332,0,Arunachal Pradesh
24.76002,94.028658,0,Manipur
24.316964,92.087282,0,Tripura
26.393028,90.01029,0,Assam
27.530657,95.493631,0,Assam
29.192585,95.560734,0,Arunachal Pradesh
28.257358,94.20526,0,Arunachal Pradesh
26.460911,92.904857,0,Assam
26.532235,90.208641,0,Assam
25.161143,94.292219,0,Manipur
28.163883,94.701066,0,Arunachal Pradesh
25.782219,94.357623,0,Nagaland
23.839769,91.824221,0,Tripura
26.777419,91.909388,0,Assam
27.829473,94.003822,0,Arunachal Pradesh
25.917489,92.784422,0,Assam
28.529007,94.369743,0,Arunachal Pradesh
28.365055,93.242018,0,Arunachal Pradesh
24.976539,94.560183,0,Manipur
28.27636,94.77517,0,Arunachal Pradesh
25.712261,93.149612,0,Assam
24.416236,92.596974,0,Assam
27.669538,95.502836,0,Assam
26.377214,91.391105,0,Assam
23.715019,92.048339,0,Tripura
25.841074,89.943068,0,Assam
25.207883,90.751622,0,Meghalaya
25.201124,91.100574,0,Meghalaya
26.39325,91.201063,0,Assam
25.078047,93.106785,0,Assam
27.566302,94.455567,0,Arunachal Pradesh
28.742917,96.314751,0,Arunachal Pradesh
23.162024,91.65697,0,Tripura
27.244697,88.305,0,Sikkim
23.461268,93.191859,0,Mizoram
27.114806,93.540626,0,Arunachal Pradesh
23.385714,93.119167,0,Mizoram
25.737396,91.294517,0,Meghalaya
27.461792,96.55265,0,Arunachal Pradesh
25.957225,92.90738,0,Assam
26.779888,92.889304,0,Assam
25.382612,94.588458,0,Manipur
24.588292,92.583739,0,Assam
28.449608,94.499272,0,Arunachal Pradesh
26.086799,92.449149,0,Assam
25.106239,92.846209,0,Assam
27.506539,95.070818,0,Assam
28.827903,94.48429,0,Arunachal Pradesh
25.688742,90.868385,0,Meghalaya
25.674678,90.662945,0,Meghalaya
25.447389,91.488051,0,Meghalaya
24.538622,93.42229,0,Manipur
23.864449,92.252151,0,Tripura
27.542825,96.130954,0,Arunachal Pradesh
26.265425,90.545935,0,Assam
27.35983,88.071409,0,Sikkim
26.453709,93.384454,0,Assam
26.047447,90.302822,0,Assam
26.49368,93.51559,0,Assam
25.593556,93.645228,0,Nagaland
26.139453,90.476116,0,Assam
24.284153,93.255733,0,Manipur
24.675791,93.440618,0,Manipur
26.375842,94.495853,0,Nagaland
26.090121,93.165668,0,Assam
24.593486,92.629829,0,Assam
27.160341,92.140548,0,Arunachal Pradesh
25.502531,91.274616,0,Meghalaya
28.161086,93.175493,0,Arunachal Pradesh
28.229228,95.5314,0,Arunachal Pradesh
26.960692,92.742097,0,Assam
26.42772,90.945475,0,Assam
26.796819,93.479377,0,Assam
28.627326,94.016347,0,Arunachal Pradesh
28.147415,92.959694,0,Arunachal Pradesh
27.557238,93.892811,0,Arunachal Pradesh
27.897734,95.136186,0,Arunachal Pradesh
24.443038,94.016761,0,Manipur
26.279666,93.550057,0,Assam
24.360061,92.350738,0,Assam
28.239959,94.53384,0,Arunachal Pradesh
28.545104,96.02373,0,Arunachal Pradesh
27.209196,88.230893,0,Sikkim
28.960628,95.31999,0,Arunachal Pradesh
26.137357,92.571778,0,Assam
26.375732,92.137523,0,Assam
27.911606,93.07054,0,Arunachal Pradesh
26.120994,93.333251,0,Assam
28.085288,93.616457,0,Arunachal Pradesh
26.588553,93.785308,0,Assam
27.36675,94.893418,0,Assam
28.06427,95.284095,0,Arunachal Pradesh
28.666107,96.00849,0,Arunachal Pradesh
24.619643,93.188796,0,Manipur
29.357231,95.942206,0,Arunachal Pradesh
24.427999,92.970676,0,Assam
25.328251,91.500937,0,Meghalaya
25.336563,92.172162,0,Meghalaya
27.281158,96.011293,0,Arunachal Pradesh
25.498062,90.361413,0,Meghalaya
27.46301,96.670394,0,Arunachal Pradesh
28.947105,94.791572,0,Arunachal Pradesh
26.164297,94.139843,0,Nagaland
28.857383,96.378442,0,Arunachal Pradesh
25.44975,90.462256,0,Meghalaya
25.890339,90.809492,0,Meghalaya
26.385792,90.240055,0,Assam
23.5707,91.904755,0,Tripura
24.229798,93.800287,0,Manipur
25.48466,92.35681,0,Meghalaya
26.586914,91.485936,0,Assam
25.647043,94.340677,0,Nagaland
26.895387,93.097621,0,Assam
26.95183,95.395475,0,Arunachal Pradesh
29.04606,96.061,0,Arunachal Pradesh
26.957209,94.637742,0,Assam
28.069769,96.455445,0,Arunachal Pradesh
27.465057,94.9778,0,Assam
26.144755,92.337213,0,Assam
29.074026,94.396465,0,Arunachal Pradesh
27.668999,93.963893,0,Arunachal Pradesh
27.660755,95.914136,0,Arunachal Pradesh
25.157574,92.965099,0,Assam
23.884542,92.224755,0,Tripura
25.325215,90.347875,0,Meghalaya
27.747635,96.613009,0,Arunachal Pradesh
25.502972,90.063963,0,Meghalaya
25.815281,90.425001,0,Meghalaya
28.160387,93.069045,0,Arunachal Pradesh
27.875979,94.757017,0,Arunachal Pradesh
27.793321,96.685985,0,Arunachal Pradesh
26.249123,94.454081,0,Nagaland
25.645723,94.707945,0,Nagaland
25.129626,92.395271,0,Meghalaya
26.376112,93.490986,0,Assam
26.701023,89.991601,0,Assam
25.391063,91.114229,0,Meghalaya
27.151337,94.486498,0,Assam
25.021928,92.561718,0,Assam
25.757585,92.779348,0,Assam
25.778815,92.95537,0,Assam
24.78253,92.387175,0,Assam
26.257557,93.096527,0,Assam
27.981736,93.74129,0,Arunachal Pradesh
25.970961,92.512033,0,Assam
28.654966,95.87118,0,Arunachal Pradesh
23.424309,93.153389,0,Mizoram
28.343359,94.478004,0,Arunachal Pradesh
27.41713,92.117662,0,Arunachal Pradesh
25.626579,90.33426,0,Meghalaya
25.852083,91.999156,0,Meghalaya
28.054417,97.076422,0,Arunachal Pradesh
25.891423,93.512721,0,Assam
24.811724,94.062552,0,Manipur
25.953127,94.720937,0,Nagaland
23.90482,92.033279,0,Tripura
27.617939,96.604207,0,Arunachal Pradesh
24.968886,94.516026,0,Manipur
28.195025,93.994255,0,Arunachal Pradesh
26.790762,93.457916,0,Assam
25.270463,90.033673,0,Meghalaya
25.335998,93.4938,0,Nagaland
22.494521,92.672392,0,Mizoram
27.228998,95.75286,0,Arunachal Pradesh
26.096433,90.826832,0,Assam
28.101134,96.381448,0,Arunachal Pradesh
26.614576,94.550218,0,Nagaland
23.759361,92.95206,0,Mizoram
27.217694,93.566993,0,Arunachal Pradesh
27.866678,88.46216,0,Sikkim
26.280671,92.728573,0,Assam
27.39551,92.082972,0,Arunachal Pradesh
25.848636,91.836464,0,Meghalaya
26.49148,93.730894,0,Assam
23.487168,92.661655,0,Mizoram
24.040847,92.483537,0,Mizoram
23.2135,92.621915,0,Mizoram
25.338358,90.737391,0,Meghalaya
23.844429,92.103147,0,Tripura
23.900852,91.790121,0,Tripura
25.5386,93.121118,0,Assam
26.324371,93.285973,0,Assam
29.102225,94.420089,0,Arunachal Pradesh
27.89953,88.423202,0,Sikkim
26.458114,93.828205,0,Assam
24.888327,94.015154,0,Manipur
24.347736,92.542224,0,Assam
23.610968,93.337873,0,Mizoram
27.640588,95.171449,0,Assam
24.164273,91.936462,0,Tripura
27.739693,96.610102,0,Arunachal Pradesh
25.34046,90.546794,0,Meghalaya
25.120876,94.613198,0,Manipur
23.936677,93.087571,0,Mizoram
28.11538,97.170783,0,Arunachal Pradesh
25.325903,90.251092,0,Meghalaya
28.267284,93.077649,0,Arunachal Pradesh
27.462218,94.330494,0,Assam
23.621739,92.672589,0,Mizoram
24.833358,94.221464,0,Manipur
25.543899,90.706156,0,Meghalaya
23.802195,92.727014,0,Mizoram
26.702108,90.231397,0,Assam
28.894592,94.126786,0,Arunachal Pradesh
28.110356,96.53959,0,Arunachal Pradesh
26.629899,90.070738,0,Assam
27.974181,95.580908,0,Arunachal Pradesh
27.440278,94.549531,0,Assam
22.567756,92.858735,0,Mizoram
27.280942,95.004183,0,Assam
23.151316,92.640027,0,Mizoram
25.765319,92.832488,0,Assam
25.628307,90.083971,0,Meghalaya
26.058403,90.472834,0,Assam
28.12112,95.698667,0,Arunachal Pradesh
26.538419,93.710374,0,Assam
25.242614,91.843138,0,Meghalaya
23.171119,93.296898,0,Mizoram
24.596626,92.573348,0,Assam
28.125263,93.959167,0,Arunachal Pradesh
26.014367,90.069973,0,Assam
23.562503,91.672814,0,Tripura
26.571338,94.542816,0,Nagaland
27.879974,96.550544,0,Arunachal Pradesh
27.260835,95.29513,0,Assam
27.770055,93.94159,0,Arunachal Pradesh
27.955377,88.38187,0,Sikkim
26.677327,93.078728,0,Assam
24.076045,91.896213,0,Tripura
26.417507,90.158952,0,Assam
28.374609,93.752087,0,Arunachal Pradesh
27.668954,93.887552,0,Arunachal Pradesh
25.894819,93.824851,0,Assam
28.323172,93.714751,0,Arunachal Pradesh
28.127285,95.299838,0,Arunachal Pradesh
27.938091,96.701944,0,Arunachal Pradesh
27.787506,93.857877,0,Arunachal Pradesh
25.195217,93.290321,0,Assam
27.751825,92.978102,0,Arunachal Pradesh
28.808734,94.217624,0,Arunachal Pradesh
25.398316,90.525954,0,Meghalaya
25.920986,93.297153,0,Assam
28.100067,96.258636,0,Arunachal Pradesh
27.690348,92.067366,0,Arunachal Pradesh
22.456104,93.010036,0,Mizoram
28.093071,95.967171,0,Arunachal Pradesh
26.317236,94.589334,0,Nagaland
29.098874,94.34082,0,Arunachal Pradesh
27.885288,94.849261,0,Arunachal Pradesh
26.784301,94.537906,0,Assam
25.566405,91.265713,0,Meghalaya
23.087457,91.565927,0,Tripura
28.789695,95.320095,0,Arunachal Pradesh
26.316858,91.513449,0,Assam
25.669656,90.100585,0,Meghalaya
27.911445,96.685332,0,Arunachal Pradesh
28.343019,93.474981,0,Arunachal Pradesh
25.796741,92.113413,0,Meghalaya
27.836256,96.906292,0,Arunachal Pradesh
23.083952,92.384987,0,Mizoram
23.906888,91.511062,0,Tripura
26.134681,92.837991,0,Assam
25.263879,91.032696,0,Meghalaya
23.244318,92.89681,0,Mizoram
28.956854,94.33376,0,Arunachal Pradesh
28.864778,96.19312,0,Arunachal Pradesh
28.777878,95.761139,0,Arunachal Pradesh
27.621534,95.383279,0,Assam
24.628016,94.008575,0,Manipur
23.704896,93.102244,0,Mizoram
28.206847,93.814181,0,Arunachal Pradesh
26.208037,94.574658,0,Nagaland
25.831556,92.072818,0,Meghalaya
27.30951,96.96617,0,Arunachal Pradesh
28.87203,94.443614,0,Arunachal Pradesh
