latitude,longitude,historical_landslide,elevation_m,slope_degrees
27.032817,94.935577,0,101.0,1.3502244696996157
25.743297,90.067652,0,128.0,9.83200384668315
26.041219,94.121612,0,351.0,16.759947048256898
26.374799,90.084598,0,43.0,1.6876048941769748
27.194172,95.587488,0,750.0,8.056359672969409
27.431934,95.599793,0,147.0,2.5695028228896355
26.094646,91.570769,0,49.0,2.4563945664087456
24.685733,93.988125,0,775.0,1.3502244696996157
23.51677,91.492242,0,21.0,1.7210061534334908
26.524303,94.10423,0,92.0,1.9091524329963763
27.092383,93.247974,0,907.0,32.79419861003179
27.780143,95.935616,0,144.0,3.372286683433898
24.917529,94.173825,0,1044.0,20.186438039091524
23.917409,93.289509,0,1303.0,14.273571375658685
23.590627,91.766922,0,117.0,6.721369339369457
27.364125,88.12026,0,2559.0,36.042522272818985
25.981229,94.420794,0,712.0,23.3822424378352
26.763859,90.520639,0,136.0,1.391763426244203
23.284557,92.718124,0,455.0,21.829253707465693
26.748714,90.817881,0,218.0,2.6350263783644494
28.199078,96.272814,0,3166.0,26.842795672040804
27.664261,88.662968,0,3981.0,36.81973830955626
26.077811,92.480254,0,270.0,5.150652185902698
27.433433,93.08202,0,990.0,36.14941470551866
25.835268,92.13072,0,963.0,14.794858563459922
26.367597,91.190527,0,42.0,1.9678637764222802
25.454824,91.99421,0,1578.0,8.077000600578957
27.007719,94.866056,0,101.0,1.2171181316034883
24.036345,91.978257,0,52.0,2.0248682972773406
22.320763,93.1857,0,509.0,26.808333957253367
23.548682,92.577633,0,806.0,39.2212836038685
25.123555,92.289667,0,536.0,29.939155901858673
27.346714,93.236868,0,1847.0,26.00982855671433
27.569235,93.109273,0,926.0,28.35466400077033
27.021627,93.605998,0,380.0,45.74654461475576
26.601448,93.601148,0,97.0,1.6876048941769748
26.332703,91.953283,0,55.0,1.2171181316034883
28.557346,96.292952,0,3165.0,17.69065401563772
27.234816,95.850005,0,1030.0,22.75959931811348
29.00634,94.24856,0,3448.0,23.880251975069534
26.491933,90.572559,0,55.0,2.052775101535614
23.926758,93.974527,0,885.0,32.74284389876187
24.022309,91.994183,0,74.0,8.063246165697251
26.091935,94.980321,0,890.0,38.23952161547351
28.417608,95.496331,0,1824.0,39.07356605812686
28.593956,95.345865,0,3067.0,40.83355025056818
26.611081,91.832509,0,69.0,2.7199233149201807
29.286876,96.140114,0,4119.0,12.814236200163856
28.573497,95.634044,0,1938.0,30.955221205041553
27.483356,88.245337,0,4519.0,9.787315661021411
28.442906,95.553795,0,1923.0,32.869302256737036
28.401733,96.211192,0,2288.0,44.00608643147668
24.236878,92.339442,0,112.0,5.258953144814
24.947982,94.042622,0,794.0,2.5695028228896355
25.788962,93.711037,0,171.0,3.6313935493230582
26.279388,91.633386,0,54.0,3.016961309815993
27.354403,93.074085,0,950.0,18.491238668119102
26.987128,94.987081,0,109.0,1.0675202709770988
24.425095,94.256541,0,964.0,19.59573743353876
24.165113,91.795123,0,56.0,5.759620519825523
26.063764,90.84143,0,40.0,2.7818863802117484
26.304951,92.053523,0,52.0,4.168739961832943
25.439498,94.166934,0,1261.0,21.726194396251515
24.462635,93.962333,0,806.0,12.334204111082284
27.593036,95.705975,0,154.0,3.1996013002506887
25.515872,90.31399,0,985.0,7.746973739247727
26.679596,91.908311,0,84.0,1.5095270002735288
23.776244,92.659756,0,465.0,13.961113236643119
27.735336,95.071822,0,112.0,0.0
22.317978,92.881427,0,535.0,24.88508115884724
25.738953,94.773913,0,1592.0,10.779771619960357
27.536722,96.446595,0,666.0,3.109633021988153
23.890691,92.474539,0,692.0,7.0144286129802715
26.739021,90.336525,0,185.0,5.427642598914455
24.006635,93.904121,0,1682.0,30.025823372710825
22.98143,93.090068,0,904.0,25.13721917646905
26.023681,91.843996,0,112.0,18.009697068630487
23.496656,91.920844,0,121.0,6.0637651384102655
27.174481,93.503008,0,1726.0,14.524375749408206
27.701834,96.066097,0,244.0,2.052775101535614
29.115468,96.035224,0,3063.0,18.926021867372565
27.565774,91.951368,0,2492.0,46.05648219056142
26.480063,93.146284,0,169.0,10.024987862075742
26.187602,91.716345,0,53.0,3.1818128120974354
28.201025,95.081649,0,1342.0,26.762796183610217
27.819527,94.124053,0,1216.0,38.24341460687454
27.616329,94.139194,0,2109.0,22.928052513731263
23.580421,93.313964,0,952.0,11.583636009094745
27.711644,94.587697,0,582.0,26.682404295840968
29.200439,95.714225,0,3801.0,34.41145966051805
26.660608,94.504497,0,316.0,11.671751367544037
24.508114,92.768649,0,260.0,14.752539390568927
28.128826,95.998822,0,1023.0,20.425249359005747
28.176814,93.987191,0,674.0,14.203597427432591
25.578797,93.071461,0,274.0,19.295109135877045
27.441675,92.106978,0,2362.0,19.909807565810034
26.53334,92.380854,0,58.0,1.5095270002735288
27.359255,88.817142,0,4049.0,10.698770358091485
27.645917,92.605239,0,1887.0,20.648782326696498
26.801045,94.50445,0,105.0,2.7199233149201807
25.501754,93.479283,0,407.0,2.7199233149201807
25.142342,93.003298,0,694.0,13.824682316158707
27.676208,93.049756,0,1146.0,26.88811210043463
27.393199,92.564072,0,1665.0,22.509633432668398
24.004481,93.033503,0,1135.0,23.842636023792362
25.254967,92.424928,0,704.0,24.54265305833281
24.226678,93.303342,0,1098.0,29.661893739510848
25.33057,92.924809,0,535.0,20.991582376941242
26.528066,93.850339,0,98.0,1.8175220187198482
29.071516,94.969589,0,1714.0,41.8627407939744
24.13203,93.594492,0,962.0,14.663910850320782
25.357037,94.620812,0,1782.0,28.09860341401633
28.893309,94.474138,0,4015.0,36.141422348079566
28.966742,94.227826,0,3202.0,3.1818128120974354
26.038366,92.008878,0,225.0,1.0675202709770988
28.77666,94.100464,0,4208.0,16.46605279144296
26.223839,95.052957,0,1240.0,14.907015718609198
27.206171,94.486294,0,96.0,1.6876048941769748
22.545437,92.654286,0,358.0,27.423880886999655
27.631649,88.390532,0,2866.0,34.34312015369677
26.84324,92.435305,0,129.0,2.4563945664087456
26.717371,93.514761,0,75.0,1.391763426244203
22.626721,92.634832,0,89.0,7.594643368591445
28.39526,94.311965,0,3497.0,17.842681707487124
24.307067,92.287952,0,45.0,1.6876048941769748
25.812843,91.811806,0,617.0,22.753549669872495
25.050103,93.113018,0,801.0,30.61885839795703
26.646808,95.123325,0,988.0,26.068997192066927
27.195005,92.13087,0,3112.0,26.064074661084863
25.769763,94.748808,0,678.0,28.89113365401821
24.826872,93.194535,0,47.0,3.8436681673213813
28.442627,96.278495,0,2660.0,13.964880910609391
28.115419,92.785353,0,4701.0,29.39063279226727
23.058355,92.615228,0,500.0,16.8595168388382
24.53741,93.075293,0,84.0,8.811234328732239
26.029844,93.200667,0,110.0,1.9678637764222802
24.361706,92.292828,0,41.0,0.6752059787394532
23.697809,93.387552,0,1411.0,14.233109137789887
27.24752,95.012981,0,109.0,3.389067065438376
28.11691,94.251382,0,1390.0,51.57676150790064
28.485324,93.560361,0,4839.0,9.015509788449524
25.378838,92.956569,0,435.0,16.23188685787168
28.350347,94.121163,0,2026.0,28.454283303155208
28.40737,96.024822,0,1607.0,32.80074300019695
27.655228,94.768681,0,120.0,1.012750369636371
28.739126,94.536335,0,3495.0,34.33914964618987
27.931742,88.444673,0,4951.0,29.784095541431434
27.904468,93.332375,0,926.0,6.4231509137348155
26.36205,91.260844,0,42.0,1.3502244696996157
25.133349,94.018716,0,1036.0,3.7692440164074177
23.725228,92.55476,0,901.0,22.476822833218517
26.266021,93.388728,0,1251.0,30.252619831720597
26.199169,90.592602,0,29.0,0.0
27.544349,94.459234,0,122.0,4.763641690726178
24.591575,93.719086,0,1071.0,12.194383223416786
26.612809,93.996899,0,99.0,2.5695028228896355
27.36568,94.3837,0,96.0,0.4774537773095774
28.249287,94.20901,0,956.0,23.04134354177199
24.26504,94.088298,0,1216.0,22.361441170119782
26.301859,92.156319,0,59.0,1.7210061534334908
27.558576,95.593779,0,134.0,1.0675202709770988
27.995292,97.105214,0,3810.0,47.24660675818882
27.003684,92.287577,0,1208.0,26.246849689869403
26.339385,94.332715,0,406.0,2.385944030388813
29.01659,95.743519,0,2181.0,34.218582707648956
28.784007,95.757037,0,2887.0,25.301435480548037
25.647487,90.873531,0,645.0,8.246892638951962
27.532844,94.315281,0,116.0,1.012750369636371
25.011482,92.61247,0,53.0,3.035723707408927
25.2769,91.495523,0,517.0,22.556678646299897
26.769448,94.242732,0,98.0,0.7548944975654582
27.698543,88.657306,0,3857.0,8.767251443500896
27.885391,88.152027,0,6672.0,23.889642136750812
25.899311,94.9849,0,1827.0,27.63100627025136
28.464858,95.375108,0,2079.0,44.89667509911437
25.387225,92.914268,0,486.0,23.653214487235275
24.962574,92.515032,0,18.0,0.7548944975654582
25.629758,94.462036,0,1109.0,31.764434242777654
26.066919,93.96361,0,137.0,0.9548412538721887
25.35466,92.999866,0,484.0,0.0
28.358079,94.609455,0,1146.0,33.27369602543111
27.727182,94.131316,0,1214.0,55.62409754445401
25.35303,91.19848,0,942.0,9.142972736785135
23.088786,91.530973,0,22.0,1.5095270002735288
26.166487,93.525435,0,785.0,9.51443116720917
28.473221,95.065427,0,1315.0,38.80545680273016
24.586496,93.656526,0,857.0,23.021526638116164
28.015113,93.409196,0,1466.0,28.661547312801563
29.274387,95.957268,0,3838.0,29.01091580590408
28.182485,96.746249,0,2387.0,20.88727638387147
25.595085,94.234929,0,1261.0,21.25371448094992
23.995868,92.167797,0,109.0,8.16580964839238
24.071726,92.053763,0,181.0,4.5823147648922165
25.602393,94.390486,0,1290.0,22.384172683758795
26.450504,91.728031,0,57.0,2.1342998941463125
27.561999,88.084997,0,5653.0,5.269658122688171
25.704968,94.627239,0,1024.0,29.95471185588949
28.007428,95.846332,0,176.0,8.001043010589031
28.4282,96.671779,0,3617.0,37.64847849035989
26.255393,93.424793,0,1108.0,28.2530034750777
25.083566,94.682023,0,1227.0,27.41028169409525
28.20179,93.823058,0,1766.0,12.557681307308359
25.883333,93.548054,0,194.0,1.5095270002735288
28.103371,94.850106,0,486.0,18.232085761299903
27.66135,93.675222,0,1987.0,30.75891656616658
27.658805,95.104549,0,112.0,0.4774537773095774
26.721236,93.318873,0,70.0,1.4320961841646465
28.444282,93.883189,0,2674.0,24.863891037796268
25.341102,90.930341,0,454.0,15.649096780194936
25.422365,92.779056,0,649.0,17.485346583773303
27.899187,93.223219,0,2582.0,26.95818375771802
26.845708,95.625059,0,2180.0,25.256657219795606
25.51958,91.034865,0,841.0,39.52406605121237
23.238702,92.755377,0,781.0,17.41334553404802
25.234568,90.341263,0,112.0,11.999138465478147
25.874193,92.143145,0,695.0,6.729688843059036
26.439673,91.193174,0,43.0,1.0675202709770988
26.8116,95.431511,0,1940.0,18.245700062427762
26.88128,94.815837,0,104.0,1.5095270002735288
26.325683,91.146123,0,40.0,0.3376147110174216
27.196735,97.109225,0,3199.0,24.771744420729636
26.418265,91.696958,0,56.0,2.698950908923438
26.983274,95.656728,0,1269.0,24.8373642231443
27.49999,95.805014,0,150.0,2.6350263783644494
25.901627,94.455615,0,1460.0,40.778100455043855
25.126557,94.08533,0,907.0,23.91965362035784
28.59055,95.86293,0,1170.0,40.909794435417254
23.161097,91.553711,0,81.0,11.583636009094745
27.743251,95.827445,0,138.0,2.8821812090202448
24.084381,92.18805,0,74.0,10.024987862075742
24.269066,93.032338,0,222.0,30.67105405407576
24.060628,92.352384,0,117.0,10.759583898850556
25.909653,91.602148,0,412.0,8.077000600578957
28.087888,97.095798,0,3861.0,38.118359946677124
26.765494,90.362503,0,163.0,2.263636058426967
25.335187,90.099614,0,94.0,9.898627976311248
28.255603,96.762621,0,4034.0,45.29631863432991
27.895897,94.122329,0,1282.0,30.308519253426013
27.178613,95.812559,0,328.0,1.8175220187198482
25.911999,94.848749,0,1066.0,33.957477357459055
26.56704,92.04742,0,70.0,0.6752059787394532
25.758141,92.957588,0,109.0,1.8175220187198482
25.478233,91.682817,0,1744.0,18.785164618760206
26.668243,94.902391,0,672.0,10.482881655565379
27.472989,95.26488,0,118.0,1.0675202709770988
28.062432,93.145169,0,3203.0,16.067079210634994
27.173475,92.380049,0,2362.0,18.188432287233457
28.047296,93.951005,0,1200.0,33.50097823942329
27.781577,88.605512,0,3911.0,27.142055418765164
24.148461,92.314778,0,118.0,6.18293016594826
23.846456,93.117127,0,579.0,29.14753247032426
27.534105,96.374007,0,532.0,7.917305155246911
27.969406,92.893818,0,3824.0,22.73538675151149
28.128904,93.675733,0,905.0,30.498931686310716
24.357447,93.140099,0,290.0,28.64612749644701
26.475314,90.893566,0,46.0,1.5095270002735288
29.110645,94.399175,0,2536.0,35.16089877335206
27.799074,88.644363,0,4825.0,36.41270532798108
26.493927,93.344752,0,404.0,9.20898742169279
29.080798,94.395899,0,2817.0,55.599339840138896
25.924706,93.407521,0,169.0,2.3619913818349927
26.828574,91.754077,0,237.0,8.380191745041826
25.695798,94.928091,0,1854.0,36.789908272309304
26.167137,91.650232,0,46.0,2.160788974078258
22.862997,92.629891,0,152.0,14.073633716023295
27.297049,96.015616,0,341.0,16.931476365156406
26.545506,93.198124,0,194.0,5.759620519825523
27.728701,92.954168,0,1662.0,20.782250463123127
27.058477,92.242346,0,2146.0,39.03808257396001
26.75507,95.347244,0,1030.0,25.670420306808527
28.306459,96.425141,0,2840.0,13.91959061491351
26.719421,90.368163,0,135.0,2.5695028228896355
25.954946,90.859054,0,57.0,3.9454763934793324
23.209178,92.736803,0,686.0,27.372447043216628
27.363455,94.204793,0,94.0,0.4774537773095774
28.280843,93.700979,0,2163.0,30.258981562005786
28.150692,93.31066,0,1451.0,33.1737940577547
26.280767,94.042359,0,125.0,1.0675202709770988
27.712102,94.133321,0,1694.0,36.76087717499856
26.749028,91.928483,0,122.0,4.787290497376919
26.660018,92.694171,0,65.0,0.7548944975654582
25.584469,92.144872,0,1047.0,13.142105387504266
26.505709,89.930263,0,59.0,2.9018215173024653
28.418171,94.914224,0,1012.0,36.25560178915802
26.166975,91.495619,0,46.0,0.0
25.450669,91.012201,0,431.0,24.27913368416974
26.571313,91.623557,0,61.0,1.4320961841646465
24.293503,93.442916,0,1027.0,29.901501833453317
25.693659,92.851036,0,148.0,2.160788974078258
25.481633,94.162746,0,1354.0,20.738657385574744
27.688755,94.851318,0,118.0,1.9091524329963763
23.404997,93.373301,0,1007.0,15.359426015518492
27.692874,92.752618,0,2641.0,39.727886428017456
27.621838,96.838979,0,3719.0,12.776750912510217
25.771649,89.883588,0,28.0,1.0675202709770988
22.280988,92.713346,0,427.0,24.23693389272071
25.379293,92.465794,0,1071.0,3.016961309815993
25.819688,93.711523,0,162.0,1.012750369636371
26.553934,91.095396,0,51.0,6.423150913734816
27.27395,93.016627,0,1358.0,30.8622671178205
27.398763,95.502277,0,139.0,3.0543699951638654
27.781363,95.372071,0,121.0,1.6876048941769748
27.36923,93.442421,0,1926.0,27.554763330999993
26.604114,93.925524,0,94.0,2.6350263783644494
24.301313,92.952114,0,947.0,15.874325631883014
27.365651,95.269472,0,121.0,1.9678637764222802
27.157852,94.059801,0,88.0,2.5695028228896355
26.140148,90.329751,0,27.0,0.0
27.926187,96.789643,0,798.0,11.471257006629077
24.797583,94.372963,0,1110.0,24.43413404727132
28.099073,97.226394,0,4591.0,26.25982709963758
27.995504,96.986194,0,2058.0,30.258981562005786
23.870013,92.170917,0,106.0,5.479268333625944
23.460785,92.515947,0,907.0,11.981212095058318
26.356472,93.800044,0,235.0,7.718201376243395
26.741152,93.004422,0,70.0,1.012750369636371
25.967546,93.409509,0,169.0,4.072588647671146
28.989327,94.810046,0,1462.0,38.06727216792498
25.668253,91.744305,0,999.0,5.258953144814
25.657179,93.119663,0,326.0,12.106073141102074
28.345037,96.835331,0,4114.0,40.95954184281254
23.39112,92.411991,0,330.0,23.021526638116164
23.876191,92.326387,0,173.0,19.295109135877045
28.691101,96.060592,0,1650.0,24.8373642231443
29.120018,95.09807,0,2421.0,21.047972492487517
25.721962,91.823477,0,754.0,15.70167123678081
26.498775,95.041461,0,1825.0,18.232085761299903
26.073528,91.921515,0,60.0,1.0675202709770988
25.985348,92.438382,0,600.0,22.441886093428515
27.236518,92.212015,0,2598.0,17.083143246452856
26.25014,92.764196,0,71.0,3.109633021988153
22.814851,92.903836,0,408.0,29.433478888833008
26.328755,89.943222,0,51.0,2.1342998941463125
25.377863,92.837151,0,673.0,2.8821812090202448
27.383379,95.597792,0,190.0,3.016961309815993
26.292357,95.023315,0,2036.0,31.558764409033664
27.727252,91.855912,0,4408.0,24.809020828199806
25.103645,94.083976,0,920.0,27.31781173736662
28.764287,96.187254,0,2808.0,31.284874832376456
25.998764,94.233555,0,872.0,10.999158271052183
24.557324,94.155921,0,1478.0,22.249367941393537
27.417833,92.98375,0,1043.0,15.543304781484048
26.037485,94.343611,0,913.0,14.277243114666133
28.136574,93.012808,0,4353.0,15.483414558201002
28.59111,95.213667,0,2193.0,28.7829994896477
27.232907,93.631847,0,1081.0,29.06979941178212
27.513283,88.469917,0,2335.0,22.441886093428515
23.703655,91.793853,0,125.0,3.3384705437643523
27.001453,93.633096,0,330.0,3.4389123953782974
28.800489,96.282139,0,2484.0,48.310928488127864
25.155112,93.897021,0,2486.0,24.214872463290742
28.824297,95.587083,0,2590.0,30.35917347518287
28.880628,94.091732,0,4372.0,25.45378578114081
28.514827,93.680139,0,2206.0,34.19656541152528
26.145897,94.82121,0,1061.0,22.56484603228612
26.48871,90.292845,0,53.0,0.6752059787394532
27.776485,93.202189,0,1544.0,9.520202144985053
25.956241,91.590767,0,550.0,27.41028169409525
23.908528,91.389574,0,43.0,5.951584521749746
25.682503,92.833097,0,189.0,3.035723707408927
26.173549,91.903509,0,241.0,7.917305155246911
25.082694,93.456602,0,753.0,35.34110977787737
26.866559,92.706048,0,96.0,1.9678637764222802
29.213892,95.73576,0,4175.0,25.352949515010675
25.632217,94.044622,0,2152.0,31.440754691242105
26.770238,93.108724,0,81.0,3.109633021988153
29.053438,95.971765,0,3589.0,17.528368921801512
27.692383,94.293935,0,449.0,29.076632747398463
26.589811,91.520629,0,68.0,2.1342998941463125
26.579907,94.280203,0,116.0,0.4774537773095774
25.611587,92.554724,0,807.0,23.738732727210387
28.007183,94.348622,0,1475.0,30.561502037856208
26.192194,91.829219,0,142.0,7.8538855043146905
28.321009,94.442709,0,2071.0,25.589520372366223
28.398918,94.157817,0,3065.0,52.004530670753155
26.09962,91.577628,0,50.0,1.391763426244203
28.39697,93.331704,0,2579.0,36.61406435179938
28.619691,96.173121,0,2843.0,30.108188269968842
27.601437,93.530803,0,2617.0,27.745453237202632
25.70896,94.819878,0,1142.0,20.155422119735228
24.617842,92.624281,0,34.0,4.679912393493258
26.912195,94.401847,0,92.0,0.7548944975654582
27.306829,95.514501,0,206.0,2.263636058426967
26.710719,94.702499,0,605.0,27.414816008015812
25.010942,93.227201,0,196.0,12.958842095998698
22.984937,91.591428,0,16.0,7.085726953533678
25.651245,90.843136,0,587.0,12.106073141102073
25.58432,91.970932,0,1410.0,14.763132623631552
26.643985,90.330418,0,88.0,3.5204050825976285
27.991445,93.842489,0,666.0,27.35122154973727
28.408621,95.678262,0,1196.0,35.470335162866704
26.274054,92.628078,0,61.0,0.3376147110174216
26.046394,93.5796,0,701.0,9.8764738609297
26.080035,94.420815,0,877.0,18.329819733358647
27.92808,95.711071,0,136.0,2.385944030388813
25.697749,91.858494,0,834.0,7.062044068464845
27.322843,94.204136,0,90.0,0.0
25.75276,91.780126,0,665.0,8.104435709194412
27.890932,93.122904,0,2332.0,26.553906538270432
26.742926,93.059551,0,80.0,0.4774537773095774
27.727117,88.81121,0,3706.0,1.012750369636371
24.611803,94.194159,0,1525.0,34.94713390310787
27.604661,91.768964,0,3786.0,21.55942138371082
25.844464,92.812977,0,88.0,5.710593137499643
26.269208,93.469532,0,780.0,17.62255313386367
24.536232,92.716993,0,61.0,8.56312820868944
25.523595,92.552109,0,909.0,1.8175220187198482
27.183816,92.131339,0,2924.0,25.25493250635702
24.866382,93.579376,0,536.0,34.61867922481203
28.026465,95.084616,0,1570.0,29.047913733133626
25.383522,91.076774,0,606.0,11.927252133664076
26.749912,92.973151,0,73.0,1.7210061534334908
26.54069,93.624195,0,384.0,18.86358755562412
24.558488,93.530508,0,1420.0,35.03488047791647
27.253243,95.661931,0,193.0,6.0637651384102655
26.564593,90.808481,0,54.0,1.2171181316034883
25.087668,92.814374,0,120.0,1.6876048941769748
26.796207,94.530993,0,103.0,3.016961309815993
22.995898,92.615243,0,216.0,30.651189418587016
25.334231,90.969562,0,389.0,1.8175220187198482
29.193728,95.675822,0,3849.0,23.630331886271225
25.665137,92.763735,0,325.0,4.822542232360713
25.068036,94.448867,0,2179.0,40.28415836910245
25.986032,90.596104,0,290.0,15.909875915266639
27.704279,94.992423,0,109.0,0.3376147110174216
26.051844,94.771152,0,2120.0,25.0483691617686
27.594596,95.815465,0,149.0,3.389067065438376
24.563398,92.24007,0,36.0,1.012750369636371
24.578855,93.539148,0,1300.0,29.88199190250392
26.702213,94.69382,0,513.0,20.553719488933126
25.994762,90.65469,0,59.0,1.8175220187198482
29.356734,96.078175,0,5051.0,12.225122675735754
27.853078,97.062932,0,2641.0,52.50429436066845
28.175117,94.699845,0,429.0,21.622443658222437
27.029318,95.170614,0,114.0,0.0
26.285691,92.61352,0,62.0,3.109633021988153
26.708664,92.261309,0,89.0,1.0675202709770988
24.03394,92.85939,0,401.0,11.043443551421285
27.440966,94.900351,0,106.0,1.012750369636371
26.938325,92.322014,0,368.0,17.562691357484656
23.579408,93.036224,0,617.0,30.332599354404913
26.289515,91.187421,0,44.0,1.0675202709770988
25.592648,93.334387,0,445.0,15.649096780194936
22.938726,92.494584,0,119.0,8.077000600578957
27.175039,88.099634,0,2449.0,23.469225732252692
22.00382,92.999409,0,1096.0,28.218497203955973
25.252187,94.122889,0,1299.0,17.528368921801512
26.666912,94.803601,0,692.0,30.06319579409674
28.412038,94.466441,0,3270.0,39.357467316033386
26.377118,95.085746,0,2228.0,22.65440780520033
26.455643,93.214573,0,766.0,17.109734569428905
27.802493,93.72405,0,1206.0,35.27938801183364
28.321197,94.503197,0,1891.0,23.994436724543963
24.210225,94.201714,0,594.0,13.16632060042364
25.774659,92.879466,0,108.0,2.1342998941463125
25.915875,93.595607,0,209.0,11.08264483156831
25.710888,93.921251,0,690.0,29.21270954886209
24.028236,93.803522,0,1389.0,28.960080041115702
25.788072,90.925631,0,543.0,29.784095541431434
24.880649,93.054702,0,43.0,3.7086168298207194
28.220609,93.975056,0,1922.0,26.348768874453803
27.433639,94.58028,0,98.0,3.4389123953782974
26.522056,92.274283,0,63.0,2.160788974078258
27.219461,94.666997,0,95.0,2.7818863802117484
27.832728,92.928878,0,3174.0,79.28836758708908
27.300919,88.612764,0,1144.0,14.397796297014603
24.650299,92.291448,0,29.0,3.1818128120974354
26.206372,92.708948,0,62.0,7.832625705078162
23.86002,91.468804,0,48.0,2.1342998941463125
22.271465,92.795573,0,299.0,13.585991207888908
24.822308,92.447185,0,18.0,0.3376147110174216
27.514222,96.603956,0,910.0,14.624713477272469
25.718353,91.516939,0,1008.0,38.36748538486154
24.064655,92.38448,0,644.0,18.02629047070246
26.183197,89.898754,0,42.0,1.8175220187198482
26.626554,90.869251,0,55.0,4.222687118252763
26.393051,92.373505,0,57.0,1.6876048941769748
27.754656,92.650201,0,2099.0,57.06874478113076
28.541755,95.904802,0,2310.0,32.081885930437224
28.32958,94.191359,0,1406.0,18.27288969553102
23.732467,92.992887,0,864.0,13.456950139244555
22.390804,92.637681,0,86.0,3.372286683433898
24.74338,94.600688,0,348.0,8.767251443500896
25.213681,93.350167,0,1062.0,26.297079837592264
27.213636,95.540462,0,574.0,31.89744914744901
25.973358,91.833779,0,445.0,28.713308565785912
28.15935,94.461635,0,1806.0,33.658013886398436
25.80429,91.356515,0,296.0,27.097435772987733
25.343264,91.813847,0,699.0,49.41674836196757
29.33475,95.818301,0,4560.0,31.543470762039785
26.683601,91.511596,0,84.0,3.016961309815993
26.322555,94.072735,0,124.0,3.016961309815993
26.687039,92.955281,0,71.0,3.6313935493230582
27.921979,95.553165,0,128.0,0.7548944975654582
26.03803,91.388188,0,49.0,0.9548412538721887
24.862961,92.735112,0,20.0,2.7818863802117484
28.84325,95.685873,0,3100.0,34.21858270764895
28.301094,95.901495,0,1864.0,35.41096381499547
27.190313,95.591163,0,896.0,25.542142151256705
29.071279,94.597999,0,3659.0,25.91570359318582
26.177945,93.310551,0,639.0,15.99993592924168
25.631019,90.917605,0,761.0,11.405135172235026
25.902042,90.069259,0,28.0,0.4774537773095774
28.854699,94.75195,0,430.0,45.24654254201433
27.76785,96.634757,0,2282.0,37.05975130350664
28.417359,95.96973,0,1188.0,24.693361029075238
27.899373,96.930587,0,1128.0,45.079357136826225
28.930443,94.532191,0,2007.0,43.84590794011956
27.275651,88.846406,0,3428.0,46.75350340560108
28.612912,94.020258,0,2462.0,18.38382861198566
23.936004,92.210905,0,67.0,4.393377408433921
26.049366,91.572444,0,52.0,0.7548944975654582
26.057059,94.893405,0,1324.0,20.738657385574744
26.558273,93.596554,0,350.0,9.298200036904948
27.433757,94.799898,0,99.0,0.0
28.260707,93.387291,0,2776.0,33.66215336793683
24.156792,92.032069,0,37.0,0.9548412538721887
26.457206,94.235696,0,260.0,25.376933525152303
26.914966,92.610118,0,117.0,0.3376147110174216
25.294903,91.484916,0,573.0,24.052154087563277
25.440023,90.487462,0,650.0,30.410933538190566
27.601292,88.591777,0,3484.0,38.86842766653836
26.014935,91.244165,0,46.0,1.6876048941769748
28.267801,93.216502,0,3246.0,29.981899620167887
27.315838,96.498947,0,1429.0,18.264738251186536
27.039105,95.537017,0,534.0,11.009016379683203
28.21746,93.908612,0,2304.0,41.682497823082294
25.097864,92.92471,0,501.0,20.406471284033348
27.647518,93.539245,0,2374.0,20.107579528626577
25.971168,90.701766,0,54.0,2.1342998941463125
25.594506,91.613157,0,1655.0,11.653262308925731
27.16047,93.734035,0,333.0,18.264738251186536
28.870159,95.022801,0,1600.0,20.959912604338918
25.63992,90.647749,0,325.0,7.371307019051221
26.798426,91.930231,0,167.0,1.0675202709770988
27.516322,95.75811,0,147.0,1.3502244696996157
28.466424,95.151998,0,1435.0,27.68609956643004
22.960928,92.776494,0,465.0,36.66143181097579
28.557816,96.014989,0,2616.0,33.50829140859331
28.239049,95.842344,0,1187.0,28.884223166147564
25.37523,90.357681,0,190.0,12.68038349181982
26.722075,92.760805,0,73.0,2.7818863802117484
26.410757,91.51373,0,54.0,1.9091524329963763
24.5723,93.529338,0,1178.0,31.792282570357223
27.124265,95.052989,0,106.0,0.3376147110174216
27.040311,94.098068,0,82.0,2.052775101535614
27.812533,88.200835,0,5768.0,2.7199233149201807
25.12957,94.054454,0,970.0,31.23698325765622
25.452366,90.381262,0,1048.0,48.52436607423929
28.143727,94.378358,0,1955.0,33.239755086314034
26.924866,92.82085,0,93.0,0.7548944975654582
26.523694,94.097713,0,90.0,1.0675202709770988
28.423546,94.034284,0,1334.0,20.80971857959822
28.00163,96.469898,0,2266.0,40.909794435417254
27.063345,94.22169,0,90.0,2.052775101535614
26.872524,94.792801,0,100.0,1.012750369636371
27.268901,88.34435,0,2255.0,17.367068064949923
23.369323,93.389854,0,717.0,5.128711509483252
27.847102,93.038204,0,2506.0,24.793055768073742
28.536458,95.91481,0,1839.0,35.41096381499547
27.681692,95.611221,0,135.0,0.7548944975654582
26.225318,91.858966,0,48.0,2.5695028228896355
27.686591,92.614633,0,2817.0,52.69535580023869
24.975942,93.967472,0,1135.0,38.232511808357785
24.482556,93.618546,0,992.0,22.489134862284537
23.358116,91.389493,0,73.0,2.1342998941463125
23.659094,91.804441,0,119.0,2.4563945664087456
26.378013,94.913067,0,606.0,10.647801946937111
22.3057,93.039128,0,1115.0,39.07651938101343
25.076654,94.496369,0,1158.0,17.390226107566324
26.058836,91.586932,0,52.0,3.1818128120974354
23.09246,92.471925,0,191.0,5.322852793549542
26.683705,94.547529,0,371.0,22.02700214625758
25.877189,90.484623,0,80.0,9.462322208025617
23.503125,92.678346,0,448.0,24.978339816373097
28.22592,96.537516,0,1256.0,10.92491063265941
25.234239,91.373291,0,405.0,9.462322208025618
28.551365,93.857669,0,3247.0,5.051152528017926
26.385972,91.923227,0,52.0,2.698950908923438
27.045564,95.554074,0,580.0,4.822542232360713
28.250788,94.446681,0,2507.0,36.83080388647226
27.04207,94.635671,0,94.0,1.3502244696996157
24.486059,94.309247,0,682.0,14.481123401789075
27.212541,92.929797,0,604.0,24.094842552110705
24.836585,94.369892,0,1545.0,35.45087793804301
28.351143,95.99196,0,1858.0,34.078971944854835
23.752969,92.6341,0,189.0,11.179986107668157
23.708628,91.803363,0,139.0,5.427642598914455
26.857264,92.687922,0,104.0,0.7548944975654582
24.232416,93.831903,0,1142.0,22.441886093428515
23.496783,92.790994,0,534.0,27.22787596691276
29.092325,94.32457,0,4093.0,29.421439641486938
25.360263,90.107888,0,97.0,5.788832299437198
26.604281,93.278066,0,75.0,1.2171181316034883
26.885819,92.460056,0,157.0,0.3376147110174216
27.22395,92.919286,0,676.0,38.973562732723956
22.305585,92.998056,0,1343.0,23.444146119861458
28.252892,96.804758,0,3989.0,42.99598826055445
25.765706,92.552165,0,676.0,10.014068499821951
27.437675,93.45107,0,2087.0,18.777298908490536
28.583127,93.657803,0,2756.0,39.19785976034994
24.834975,92.751252,0,21.0,3.471741285563965
28.417645,94.606774,0,1100.0,14.222050628593287
28.980617,94.704353,0,2659.0,19.593257362113764
24.126914,93.87986,0,1008.0,15.639215353862252
26.23461,92.52808,0,63.0,2.385944030388813
25.08194,94.283987,0,1094.0,16.11800792223731
28.272258,95.04272,0,1180.0,29.661893739510848
27.137393,95.902995,0,903.0,27.470636668430664
28.448757,94.963979,0,1848.0,32.28679943874549
26.16411,94.991431,0,1296.0,21.602912557948024
28.912679,94.258947,0,3050.0,39.36036737143226
26.61033,90.37508,0,77.0,0.3376147110174216
28.488468,95.353467,0,3068.0,61.947112332279474
28.799802,95.814645,0,1889.0,17.439308927371652
26.814061,94.636243,0,101.0,1.6876048941769748
26.053815,95.110771,0,1844.0,15.100918952502713
27.781248,93.68451,0,1395.0,27.57872072907237
24.778799,92.842782,0,28.0,6.281942803729766
26.128949,92.040547,0,56.0,4.1140753309278875
26.921364,93.799401,0,79.0,5.385977098599754
26.249954,92.623788,0,66.0,1.3502244696996157
25.0703,92.760936,0,352.0,23.198990682657424
22.632013,93.060773,0,1228.0,31.671265565493904
29.323957,95.755468,0,4756.0,47.09147686780061
26.614619,93.781469,0,86.0,3.109633021988153
24.068584,93.090868,0,309.0,26.644435887199457
28.127157,96.579404,0,2094.0,27.554763330999993
28.44958,95.284442,0,1589.0,18.64027503545114
27.228818,93.067525,0,1235.0,20.15781024083281
24.436499,92.329308,0,55.0,1.8175220187198482
23.65328,93.417302,0,986.0,15.51006672197381
25.198946,93.93673,0,1688.0,8.118116632592285
26.767328,93.040077,0,72.0,3.016961309815993
27.629329,93.825165,0,1904.0,19.694600815138024
27.214813,93.517378,0,1050.0,21.96560850853191
25.954869,92.468084,0,468.0,4.5823147648922165
28.81999,94.379231,0,3143.0,41.466614981585565
27.428869,95.485942,0,145.0,0.7548944975654582
26.117443,93.215772,0,271.0,10.111883288785483
25.982596,93.621225,0,175.0,2.3619913818349927
28.740046,95.046742,0,2142.0,41.970105090344276
25.797464,94.084453,0,1105.0,10.246059403967996
28.347505,96.023974,0,2338.0,35.63524161504921
26.076765,92.348485,0,156.0,8.063246165697251
24.429993,92.592197,0,54.0,4.5823147648922165
26.578576,92.248658,0,75.0,4.520227592644634
26.336449,90.885854,0,38.0,0.0
24.683183,93.32884,0,713.0,32.860612153430644
23.26287,93.198358,0,872.0,34.11927018081244
28.275296,93.714974,0,2650.0,27.798689254445293
23.921119,93.075645,0,606.0,40.32099374186543
22.174804,92.780094,0,239.0,27.745453237202632
24.989044,93.482431,0,897.0,10.759583898850556
26.03014,93.197627,0,105.0,3.1996013002506887
25.781353,92.380785,0,798.0,26.47888107199723
25.719304,91.742336,0,826.0,8.582483688827132
28.321873,94.241884,0,2536.0,43.844830570829245
24.640302,92.557537,0,25.0,0.9548412538721887
25.609989,90.069355,0,122.0,3.9454763934793324
25.361644,92.427535,0,1067.0,9.719867702432296
28.183888,92.913531,0,3802.0,42.72413525062311
23.248417,93.12953,0,1132.0,20.60943850306615
24.689229,94.157249,0,867.0,19.875777892472538
28.227703,94.154064,0,412.0,26.74234155739631
24.772255,92.869255,0,23.0,6.0637651384102655
25.568356,92.589105,0,749.0,19.193516920934954
25.716818,93.692256,0,287.0,21.993159796292126
27.360617,95.637813,0,148.0,1.4320961841646465
25.543554,92.53886,0,930.0,18.944181411353636
26.181677,93.646631,0,436.0,5.808222980428714
27.355286,88.187371,0,1901.0,20.745548833930002
24.073293,94.233109,0,202.0,8.219958742497676
27.920247,93.660555,0,1309.0,41.00847613866502
26.38481,92.275207,0,59.0,0.7548944975654582
28.690545,95.791504,0,2435.0,41.45270317446775
26.826098,95.296551,0,1068.0,28.084099366691156
24.727466,92.919842,0,25.0,2.7818863802117484
27.519703,93.549716,0,1585.0,41.636317432557156
27.183397,95.171231,0,116.0,0.0
23.68991,92.497729,0,457.0,29.88589573021274
27.116109,94.165435,0,82.0,0.4774537773095774
26.116251,91.492543,0,44.0,4.532714210582481
28.374683,94.929102,0,491.0,42.0578793241077
27.56802,94.209963,0,384.0,44.73698743575359
27.202993,92.210576,0,2674.0,44.08048555844183
27.186029,93.188059,0,2067.0,16.850495113189584
25.861079,93.783955,0,162.0,2.7818863802117484
26.436563,94.701828,0,412.0,28.745402913114425
28.113005,96.902595,0,4239.0,24.55166335676786
25.243703,94.031432,0,1361.0,36.86989764584402
23.683574,92.861271,0,942.0,31.505764391925428
26.350825,91.7269,0,54.0,1.4320961841646465
27.486073,92.879406,0,1260.0,26.360054096082706
29.140146,95.560442,0,3228.0,31.29802070979815
28.059711,96.248289,0,1591.0,28.114543144738665
27.164463,93.416659,0,1602.0,23.691279259823578
27.640714,95.250458,0,120.0,2.160788974078258
26.356442,92.343364,0,57.0,1.0675202709770988
28.119372,94.345473,0,1006.0,28.86209016226331
24.600733,92.492222,0,50.0,5.479268333625944
26.932908,94.365347,0,88.0,3.0543699951638654
27.691671,93.782652,0,1737.0,24.38870074689113
22.258108,93.102493,0,1313.0,37.49741137589274
26.611126,92.54615,0,62.0,2.052775101535614
26.279969,90.100129,0,45.0,3.3384705437643523
27.955271,88.521355,0,5283.0,25.996650770804457
26.009809,92.508811,0,242.0,16.11800792223731
24.903117,92.735882,0,21.0,0.0
27.126975,92.337255,0,2669.0,12.958842095998698
24.389242,93.474137,0,975.0,28.773260442528187
23.724727,93.169137,0,850.0,26.720284908726104
26.554053,92.443244,0,55.0,0.3376147110174216
25.693737,91.452225,0,1084.0,23.417092949793638
27.36291,92.872489,0,1482.0,30.498931686310716
26.21351,93.296751,0,648.0,15.042369244334244
28.064759,88.576708,0,5484.0,28.700732912898086
26.680324,92.492071,0,76.0,1.7210061534334908
24.458634,92.241221,0,25.0,1.8175220187198482
26.157182,91.405579,0,46.0,3.389067065438376
29.188366,96.166086,0,3700.0,27.638462093497584
26.274168,89.88265,0,36.0,4.431819877885358
25.608872,94.340725,0,1325.0,27.887035396482673
28.635331,94.936094,0,1279.0,39.469451083486256
26.690945,91.183972,0,52.0,2.5695028228896355
28.328788,93.386048,0,4309.0,31.42653667864794
23.981428,94.072352,0,597.0,14.043730788347142
26.357144,91.426286,0,48.0,1.3502244696996157
26.92236,94.853803,0,102.0,3.016961309815993
28.604015,94.168129,0,2059.0,6.526986519680234
26.654875,90.68374,0,108.0,2.160788974078258
23.990205,93.094128,0,519.0,18.5046085105615
26.689245,93.629961,0,78.0,2.7818863802117484
26.184535,93.989692,0,118.0,4.380487094158032
26.75307,92.93315,0,81.0,3.931095784160226
27.996196,93.085517,0,2744.0,8.111279210562941
24.144548,92.058667,0,99.0,15.543304781484048
24.910907,93.281859,0,297.0,13.709786427291844
28.017774,96.566417,0,1989.0,45.868250787968954
28.027059,94.996264,0,801.0,35.842881944700835
26.589014,93.999483,0,95.0,1.4320961841646465
26.626827,90.570546,0,78.0,1.2171181316034883
23.386461,92.431977,0,716.0,26.360054096082706
28.090593,95.923276,0,516.0,6.4231509137348155
27.742484,92.344438,0,4944.0,10.606834346352132
27.068512,92.457159,0,1763.0,36.317221955587435
26.745482,90.393615,0,136.0,2.052775101535614
27.836402,88.407093,0,5188.0,18.097971328519403
26.427078,92.480145,0,65.0,1.6876048941769748
27.896541,94.605212,0,1073.0,40.16279863581755
28.002349,95.125716,0,872.0,23.22837545005452
24.635575,94.491671,0,773.0,27.7158031444104
25.232624,92.574446,0,1254.0,22.315878731951145
24.792686,94.010137,0,933.0,25.376933525152303
27.780269,96.067011,0,181.0,1.8175220187198482
25.996177,94.200624,0,1160.0,20.09079841920037
25.88414,91.654964,0,376.0,7.917305155246911
26.090335,92.689575,0,61.0,3.646970455272818
24.367898,93.775247,0,1048.0,18.00416160591338
22.441866,92.930712,0,327.0,13.59376654330582
22.68325,92.575087,0,421.0,33.92085215846511
28.233953,93.380169,0,2772.0,33.169529390014134
25.897323,94.197163,0,1704.0,21.1936199425887
26.500391,91.456266,0,55.0,1.391763426244203
25.638312,89.974588,0,37.0,7.746973739247727
28.138701,94.672009,0,386.0,27.644424321631288
23.365901,93.010246,0,856.0,19.31534334540923
23.812207,92.958834,0,1403.0,24.029836572118015
25.392328,91.37739,0,1550.0,13.994979876087653
28.584092,94.265986,0,2866.0,18.682574951711565
26.518902,94.835898,0,1076.0,31.104561045934723
23.550043,93.30621,0,1607.0,20.572315320153606
28.910136,95.210421,0,3537.0,16.46605279144296
25.83552,93.612839,0,203.0,9.015509788449524
27.130802,95.739031,0,382.0,3.3214321859461395
26.106857,90.606485,0,38.0,0.3376147110174216
26.32129,91.463118,0,50.0,4.072588647671146
27.466057,96.640939,0,591.0,21.771367303486564
27.907363,94.814397,0,649.0,29.508193449952163
26.276712,94.494915,0,927.0,16.714445457116103
27.741773,88.538037,0,3284.0,36.86055782866677
26.472906,94.148825,0,98.0,2.7199233149201807
26.41895,92.201376,0,51.0,2.4563945664087456
23.611435,92.757073,0,736.0,25.80436587734
27.763776,92.729752,0,3678.0,36.51456867399333
25.611637,93.270032,0,437.0,12.942408717624641
27.476607,93.80305,0,1272.0,16.705326771659678
25.127567,94.327138,0,1858.0,27.78096302752848
28.357864,95.135457,0,1399.0,31.12871688801731
28.112292,96.179094,0,864.0,40.6885613659083
27.161478,88.141432,0,2070.0,22.63816180874169
23.47383,93.069887,0,815.0,24.851517280914507
23.886676,92.931327,0,1460.0,24.426873343832085
27.433377,92.553052,0,2338.0,24.750404884789177
28.444548,94.217648,0,3621.0,24.007487888376225
24.450454,92.989135,0,323.0,31.33501199170921
23.121647,91.710512,0,52.0,3.372286683433898
28.641124,96.272394,0,3134.0,37.99467979393001
24.048753,93.229075,0,953.0,26.23873357052716
26.64768,93.769693,0,83.0,0.6752059787394532
23.496076,93.109635,0,802.0,15.46672895722096
28.431795,95.533771,0,1335.0,39.79218063496647
22.957937,92.936399,0,697.0,25.135481698962018
27.411973,96.281427,0,760.0,20.357067134725927
28.563831,95.207853,0,1175.0,33.4926163333653
28.963593,96.41766,0,4060.0,40.23490701224109
26.207554,90.520991,0,36.0,4.222687118252763
24.643807,94.474072,0,535.0,18.944181411353636
25.526904,94.481248,0,1233.0,19.008852363818
26.491044,92.734467,0,66.0,1.5095270002735288
27.693888,88.315308,0,5876.0,46.16913932790742
27.527023,91.895179,0,2755.0,43.61571187903563
24.385174,92.618072,0,110.0,14.656793243901692
23.797312,92.313512,0,180.0,16.48461023921887
26.542169,90.953745,0,40.0,5.258953144814
26.408967,94.991949,0,1550.0,32.97754257468644
24.917373,92.88843,0,29.0,4.100293712915969
26.137245,94.923346,0,1960.0,32.38327563166962
26.686242,92.864214,0,73.0,2.4563945664087456
24.232086,91.754131,0,73.0,5.759620519825523
26.554432,91.983715,0,71.0,2.385944030388813
27.378613,92.258549,0,2115.0,22.83201427000805
27.30326,93.561631,0,1662.0,23.507732628040284
25.361943,89.910607,0,74.0,10.555380466061171
27.934321,96.540171,0,2143.0,15.980689173942812
25.88224,91.424205,0,62.0,3.016961309815993
28.80557,95.234413,0,2258.0,18.547308529750712
26.903604,93.328272,0,125.0,0.3376147110174216
24.269446,91.956637,0,55.0,6.173847782643145
25.520204,93.54797,0,499.0,13.266673433270926
26.604342,93.157652,0,75.0,0.4774537773095774
28.150814,93.253604,0,2032.0,39.35384148704364
26.539045,94.330362,0,210.0,10.030442717931757
26.417721,94.51295,0,890.0,13.12188701384177
26.297286,92.292764,0,60.0,2.3859440303888126
26.082834,92.029417,0,215.0,10.555380466061171
25.888479,92.966925,0,83.0,1.6876048941769748
26.5463,94.553522,0,252.0,16.054316318325498
27.122788,92.559037,0,1012.0,34.468683663334545
26.522148,90.712055,0,47.0,2.263636058426967
25.894085,90.987503,0,72.0,1.7210061534334908
26.695342,92.89786,0,72.0,2.263636058426967
23.294005,92.642152,0,541.0,8.406583585732115
27.2728,93.74109,0,1182.0,16.285325663124585
26.737832,93.280554,0,66.0,2.1342998941463125
25.753339,90.905567,0,604.0,6.9262490820727045
26.575949,94.822069,0,573.0,22.228525063117385
28.834998,94.333957,0,2714.0,25.171929632058326
26.660293,92.538662,0,76.0,0.7548944975654582
27.528663,91.903724,0,2341.0,18.800883222254644
23.507404,93.049958,0,738.0,33.89536963300801
27.957269,94.456356,0,457.0,6.466625310264721
28.279908,93.901888,0,2785.0,33.15352701001595
24.871879,93.379882,0,173.0,17.65096881191823
28.446892,93.607471,0,3871.0,37.22912503611522
27.247808,95.077234,0,114.0,2.385944030388813
25.680825,91.902939,0,1020.0,10.176527410054078
25.341045,90.246303,0,126.0,21.260377126997213
27.793618,95.391248,0,126.0,0.4774537773095774
23.371555,92.713125,0,355.0,24.141114359485858
27.452323,96.695039,0,884.0,18.58722489121147
27.776631,92.93473,0,1360.0,31.65373772742779
28.99952,95.740898,0,1938.0,26.74234155739631
25.871159,94.721302,0,1549.0,17.29444852858009
26.412593,94.471012,0,474.0,26.82087387239509
24.291741,94.207156,0,564.0,16.7265941611426
24.289198,93.44172,0,1112.0,32.583391071251725
25.259835,91.01252,0,361.0,14.15548761586253
25.808813,93.868366,0,370.0,26.443644220164746
24.489357,93.777349,0,771.0,3.016961309815993
27.02376,92.437512,0,921.0,34.45883177982796
26.401068,93.616209,0,299.0,22.392430503096087
27.2034,95.872843,0,464.0,9.583436497914121
24.291439,93.806044,0,976.0,23.674161365449706
27.305249,95.696748,0,131.0,3.3214321859461395
25.954998,94.318891,0,955.0,31.02823851193866
22.931919,92.390131,0,64.0,14.663910850320782
28.861534,95.65359,0,2815.0,41.78186699642179
25.368724,92.41439,0,1130.0,5.226703690794332
27.285059,94.446811,0,95.0,2.7818863802117484
23.683749,92.387322,0,334.0,9.39236065800289
27.876315,94.265405,0,877.0,31.912418357302126
25.411302,91.316074,0,1483.0,13.346333865774348
27.903802,94.117542,0,1004.0,20.959912604338918
24.956547,93.020441,0,132.0,16.738731980922584
26.612686,91.898919,0,75.0,1.3502244696996157
25.602374,93.410026,0,250.0,13.154219364771198
25.423846,93.579,0,1240.0,27.39969676370518
28.126509,93.23047,0,1604.0,25.990057882346726
27.745099,95.665019,0,132.0,1.9091524329963763
25.660059,91.574309,0,1405.0,21.837811101082977
28.617488,95.692909,0,1904.0,35.8401671035135
26.289498,91.678389,0,52.0,0.6752059787394532
26.231887,90.988529,0,43.0,1.2171181316034883
26.070898,91.483235,0,54.0,2.7199233149201807
27.233418,88.511758,0,502.0,26.869375659896804
28.455065,96.108548,0,3742.0,25.990057882346726
26.92586,93.136756,0,182.0,1.7210061534334908
23.356617,92.476391,0,333.0,10.052230095483228
27.368772,88.159994,0,3352.0,19.24186109596217
25.226868,92.587599,0,809.0,14.073633716023295
25.069729,94.049778,0,905.0,24.983602550302642
25.14385,93.694311,0,652.0,42.09430109320842
25.327042,93.201914,0,364.0,18.456418645243215
23.338286,91.35242,0,54.0,6.173847782643145
26.289551,93.695662,0,402.0,20.655714751806986
25.031967,92.728866,0,625.0,33.19190654322504
24.701822,93.146603,0,173.0,10.969525488214687
27.136658,92.539013,0,1865.0,41.87997062734337
29.168005,94.9846,0,716.0,19.868475685293085
25.471439,92.831654,0,499.0,14.907015718609198
27.947394,97.042338,0,3115.0,41.35941782375059
27.580145,96.687779,0,2388.0,24.185409933360294
26.182441,94.846276,0,1780.0,32.51029758588871
28.027715,97.32232,0,4686.0,35.009177890477666
24.098588,93.881264,0,1064.0,12.709800424919228
26.738368,92.150319,0,103.0,2.7199233149201807
26.773637,91.256238,0,130.0,3.0543699951638654
23.032424,92.473742,0,148.0,19.632888661818416
29.178177,94.390553,0,4497.0,37.04296651263543
28.399945,96.642445,0,3715.0,31.181735757915714
27.758703,91.689398,0,3526.0,21.182465401537318
27.466415,95.054209,0,112.0,1.391763426244203
28.199258,94.337049,0,2874.0,22.817959650490277
28.227628,94.184794,0,532.0,26.950412781516047
28.712583,94.182812,0,2897.0,26.630175011834265
25.454304,90.393831,0,1137.0,42.77346082638949
25.640692,92.153984,0,976.0,9.136946117762886
23.826005,93.383293,0,945.0,29.47087836702284
25.221769,92.624996,0,1440.0,9.20898742169279
27.8173,95.94687,0,146.0,2.0248682972773406
26.698464,91.778337,0,96.0,2.160788974078258
26.815267,95.217941,0,1229.0,27.951522826640524
23.377512,91.623687,0,71.0,5.095619550423829
28.68672,94.554018,0,2221.0,29.939155901858676
24.643806,93.940488,0,777.0,1.7210061534334908
25.621959,93.586354,0,305.0,10.724155213227172
25.958423,90.905176,0,57.0,2.8821812090202448
27.868788,88.539275,0,4000.0,37.04296651263543
26.962201,95.599562,0,1614.0,39.37848048910267
27.043191,92.321272,0,1475.0,37.79091268812133
25.486395,94.158717,0,1494.0,12.958842095998698
28.094728,93.568465,0,1503.0,16.30726771871584
27.691548,95.467935,0,121.0,1.012750369636371
24.46501,93.587668,0,945.0,22.7535496698725
25.241363,93.214677,0,516.0,12.709800424919228
27.792649,93.769628,0,1232.0,24.920336367965692
27.754275,95.602459,0,128.0,1.4320961841646465
25.876743,94.027055,0,824.0,18.28917861575216
24.0204,94.210379,0,225.0,5.641219812715514
23.267036,92.47208,0,792.0,15.288517970232027
24.085409,94.074388,0,690.0,24.978339816373094
27.647748,95.581231,0,132.0,0.7548944975654582
27.512349,88.41954,0,2316.0,29.465540760441435
26.400695,94.793928,0,1449.0,21.072718295480193
25.484669,90.086686,0,48.0,1.6876048941769748
24.855052,92.289503,0,19.0,3.109633021988153
27.882097,93.686851,0,2451.0,31.87900683454692
26.542344,94.009885,0,104.0,1.6876048941769748
27.480454,94.874911,0,102.0,1.5095270002735288
28.651814,93.459649,0,4085.0,21.271475106637943
27.7245,92.436732,0,5109.0,38.91996498677513
26.143161,90.273276,0,34.0,1.4320961841646465
27.447396,88.129115,0,3628.0,9.191033686643834
27.56405,96.077284,0,200.0,1.4320961841646465
28.519181,95.268017,0,2496.0,44.21345245371122
25.434287,91.494493,0,1597.0,17.29444852858009
28.4152,93.966671,0,2556.0,51.10826861817423
23.97045,92.016053,0,64.0,6.603755221333418
27.868136,95.480881,0,126.0,3.3214321859461395
26.599581,91.449092,0,66.0,1.8175220187198482
23.95215,91.328021,0,15.0,3.372286683433898
25.903804,92.583139,0,431.0,14.724246751696764
25.950261,94.388813,0,687.0,20.347638404920296
26.613262,90.759782,0,73.0,1.3502244696996157
29.054772,95.53188,0,3712.0,56.442378651293
29.020985,95.61547,0,3005.0,31.14439926931655
26.660862,92.90709,0,68.0,3.016961309815993
22.933665,93.102126,0,1122.0,17.97922516743013
25.280489,91.27151,0,623.0,25.584450735534
24.133968,94.07273,0,1423.0,20.36884474380089
25.038394,94.072613,0,1040.0,30.298369765118693
26.802161,91.234775,0,160.0,3.1996013002506887
26.405592,91.079796,0,44.0,1.8175220187198482
28.276161,94.563243,0,858.0,23.49811464620528
24.228535,92.197992,0,85.0,5.808222980428714
25.371301,91.331868,0,1464.0,9.304114994285008
28.256772,97.161019,0,4175.0,37.266428509576265
26.954973,94.5256,0,96.0,3.8436681673213813
26.173267,89.746704,0,33.0,2.7199233149201807
23.163734,93.087383,0,780.0,17.329353473832693
25.698605,91.815446,0,854.0,14.277243114666136
24.121252,92.46736,0,88.0,9.421579043017086
27.126496,92.168373,0,2067.0,17.18920118358791
28.71467,94.890166,0,1460.0,27.798689254445293
26.330891,94.041033,0,107.0,0.7548944975654582
25.292516,93.073711,0,269.0,9.106749100388141
23.403453,92.823423,0,694.0,16.753888986635726
26.493799,90.999435,0,44.0,2.6350263783644494
24.082292,91.517155,0,50.0,1.4320961841646465
27.988503,97.343306,0,3789.0,29.561355069386384
25.511934,89.965617,0,62.0,14.938380345292417
26.123043,91.908998,0,76.0,3.7692440164074177
27.623934,94.689055,0,130.0,1.6876048941769748
26.108391,91.601181,0,53.0,2.160788974078258
25.427935,93.26989,0,253.0,4.679912393493258
28.658316,94.158543,0,3154.0,6.526986519680234
25.641932,91.933841,0,1167.0,7.952308641158609
26.313087,95.021069,0,1932.0,36.789908272309304
28.475131,93.329052,0,4046.0,22.70911433198824
25.522678,93.915849,0,2103.0,13.314535277602488
26.269421,92.830364,0,137.0,17.766873696173704
27.708215,92.842967,0,3405.0,19.496208222897444
26.031968,95.087465,0,2066.0,31.027024196613823
28.162626,96.21379,0,2832.0,37.24073992338538
27.120473,94.45589,0,93.0,1.012750369636371
24.74731,92.883429,0,19.0,1.2171181316034883
24.501204,92.570656,0,33.0,2.160788974078258
28.197201,93.778905,0,1578.0,30.25898156200578
25.944542,92.953765,0,82.0,1.5095270002735288
27.631934,93.193104,0,2077.0,28.977959080901446
28.636038,95.692957,0,2002.0,31.244175851188178
27.686744,93.630566,0,1066.0,19.59573743353876
27.639666,95.294877,0,128.0,1.7210061534334908
27.618715,94.288021,0,459.0,28.14493082207299
28.864613,95.367059,0,3906.0,36.57866275995881
27.42307,92.718578,0,2094.0,33.66732624853926
26.231578,90.2856,0,38.0,2.263636058426967
25.734567,90.024197,0,65.0,4.822542232360713
25.248924,93.552842,0,1466.0,28.037600489728426
26.132964,94.6372,0,1189.0,3.843668167321381
24.288175,93.656332,0,998.0,20.14108539023383
24.126988,93.219454,0,797.0,17.18920118358791
27.051118,92.483962,0,1824.0,46.22170888330377
22.731553,92.634104,0,572.0,19.809928581927807
26.896213,92.130328,0,331.0,15.520047118467968
26.384519,91.778426,0,58.0,2.4563945664087456
26.319505,94.719576,0,1099.0,27.78096302752848
24.952175,94.064708,0,911.0,27.19727721314564
26.479407,92.485368,0,60.0,2.3619913818349927
25.586589,91.81433,0,1595.0,17.447952614184835
26.669102,92.686986,0,67.0,2.052775101535614
27.716716,95.077888,0,113.0,0.4774537773095774
25.629619,94.236382,0,989.0,21.182465401537318
25.39937,91.550108,0,1533.0,27.24009953036473
25.63887,94.649687,0,849.0,25.411135016332118
22.763238,92.594683,0,197.0,18.62703081108459
26.90773,94.357944,0,88.0,3.7692440164074177
26.246441,94.455236,0,780.0,1.4320961841646465
24.885566,92.775457,0,23.0,2.263636058426967
24.594907,93.811913,0,768.0,0.0
26.399378,94.104676,0,99.0,2.3619913818349927
28.023431,93.394518,0,1716.0,34.77407285385961
25.723829,91.170616,0,981.0,11.08264483156831
24.67446,93.792061,0,775.0,4.072588647671146
25.680052,92.110895,0,879.0,22.801881850770446
27.864055,95.977751,0,160.0,0.3376147110174216
27.969689,88.644706,0,5142.0,13.832302773749781
23.518517,92.480123,0,585.0,25.51670402283305
26.843445,95.491908,0,1912.0,23.85957416726988
26.003635,92.081935,0,404.0,15.503408837548553
25.350996,93.887345,0,2680.0,7.363740476577823
27.233249,88.187213,0,1998.0,25.915703593185818
27.728359,93.788248,0,1809.0,22.149067082891257
26.20058,92.089587,0,55.0,2.1342998941463125
25.870592,93.904215,0,179.0,5.322852793549541
25.216735,90.835093,0,289.0,6.926249082072704
24.994549,93.664255,0,1311.0,5.479268333625944
26.153231,92.375695,0,60.0,1.0675202709770988
26.808715,92.112227,0,140.0,0.6752059787394532
26.897135,95.566044,0,1226.0,26.477281042311844
28.717683,96.164236,0,2515.0,33.490525189983416
27.390561,96.878589,0,1782.0,34.078971944854835
28.961226,94.916862,0,932.0,26.167137276332454
28.178878,92.919028,0,3579.0,35.547930894164075
24.874772,93.505328,0,379.0,6.620689796446781
23.853922,92.143649,0,301.0,22.8781056322946
25.630433,93.553786,0,307.0,20.250651404968387
29.189862,94.430459,0,4273.0,12.888835435012426
28.991607,96.279504,0,3167.0,29.327500611186558
24.267566,93.208286,0,491.0,29.0492824374209
28.394613,96.162179,0,2700.0,50.738556084047985
27.710461,96.279821,0,342.0,3.1996013002506887
28.13535,96.1574,0,846.0,68.60784969580604
28.538464,94.756165,0,2631.0,28.994445658830443
28.144404,95.723063,0,199.0,1.6876048941769748
25.750666,94.578459,0,1127.0,31.085210914647718
26.471509,91.31998,0,48.0,2.7199233149201807
27.492545,95.659015,0,148.0,1.4320961841646465
27.893178,93.936157,0,916.0,39.12884815194797
24.301081,93.918672,0,1021.0,17.089056882966332
27.683532,95.820642,0,146.0,2.433138796850444
27.472877,92.509237,0,1360.0,20.451031062849548
27.957219,95.784424,0,145.0,0.6752059787394532
25.167927,91.782286,0,60.0,11.395654497719995
27.009567,92.277442,0,1387.0,25.59796625507007
22.919908,92.657791,0,631.0,22.850066084228267
25.08836,94.378288,0,1513.0,13.994979876087653
27.109228,94.527145,0,89.0,0.0
27.271793,94.718093,0,101.0,1.3502244696996157
27.571239,93.636051,0,1242.0,25.530275981014736
24.216682,93.837466,0,1056.0,18.62703081108459
25.93196,90.995294,0,62.0,3.0543699951638654
28.222698,96.206612,0,3625.0,38.758062037662405
28.910814,95.042294,0,1078.0,36.53104972071567
27.671499,93.774235,0,1394.0,9.629144775956853
27.947371,94.192446,0,512.0,19.603175151704185
25.650226,92.573481,0,845.0,16.23188685787168
28.464093,95.96369,0,3264.0,34.657666974428025
26.331763,93.51803,0,645.0,10.601701230793774
25.07397,93.37806,0,432.0,16.48461023921887
27.721844,88.734628,0,3529.0,29.44550937696498
28.618287,94.375654,0,1453.0,34.8319648531769
24.906525,94.410727,0,1315.0,16.444369946673778
25.357219,94.212374,0,1499.0,16.21928176965065
29.145365,94.91535,0,2277.0,56.09588139679537
23.530767,93.362742,0,1352.0,14.907015718609202
26.862467,95.086807,0,307.0,22.904097758623656
26.177555,92.491134,0,60.0,3.6313935493230582
27.633318,91.989434,0,3569.0,27.135908187759505
23.627575,92.369727,0,261.0,14.054953065884908
26.678047,92.668641,0,70.0,0.7548944975654582
24.127844,92.944599,0,313.0,26.13285532972954
23.058439,92.502148,0,141.0,27.909048110686058
23.846957,93.356348,0,684.0,24.77885133126535
22.797508,92.744995,0,435.0,25.937218580253923
26.359316,90.810386,0,51.0,3.1996013002506887
26.984353,92.289571,0,1010.0,29.288426111381536
26.486086,95.034829,0,2142.0,28.179591173109774
27.146509,92.497528,0,2208.0,18.44837123129231
29.20859,96.179359,0,4235.0,35.73484145237118
25.603068,93.670414,0,388.0,1.5095270002735288
24.912752,94.501479,0,1388.0,18.695768272361338
26.829922,94.109756,0,85.0,2.4563945664087456
26.651703,92.108989,0,84.0,2.8821812090202448
25.427738,90.84113,0,256.0,5.479268333625944
29.194013,94.617151,0,3295.0,20.347638404920296
28.215431,93.3653,0,2037.0,23.391930812551294
27.30671,93.938541,0,287.0,34.92799566298539
26.424273,94.941284,0,1001.0,17.78094311313834
24.128382,93.223107,0,697.0,19.363288090804332
25.598391,92.595074,0,734.0,4.679912393493258
26.542097,93.568435,0,453.0,1.391763426244203
28.086367,94.392193,0,1627.0,18.286465087500847
27.315723,92.598881,0,1042.0,36.1022913664102
25.116007,92.978733,0,322.0,6.629140282386492
25.663774,92.461976,0,840.0,4.822542232360713
23.686826,91.244691,0,36.0,3.4389123953782974
26.47139,91.200561,0,42.0,2.1342998941463125
29.163431,94.699754,0,2733.0,22.848061348463908
27.930456,94.917842,0,500.0,34.15444974731139
28.295904,95.530481,0,658.0,39.97999396579879
24.065786,93.858001,0,1303.0,28.264489545044988
26.960245,95.055745,0,109.0,1.7210061534334908
25.818798,94.499996,0,1137.0,33.003414486361216
27.256378,94.305877,0,91.0,1.0675202709770988
27.826475,93.752058,0,1520.0,22.662524505739434
28.138454,96.918272,0,3905.0,51.90252168932999
28.494123,93.933993,0,3604.0,19.59573743353876
25.262863,90.758453,0,137.0,19.741330699998958
27.453158,92.768046,0,1304.0,17.097922562599933
25.740794,91.220933,0,910.0,6.466625310264721
26.908465,95.149169,0,255.0,14.592550602033427
28.732255,94.042472,0,3991.0,29.093021235566887
26.90986,94.718408,0,96.0,1.6876048941769748
24.165634,92.898542,0,408.0,26.47087935835388
24.230347,93.216582,0,632.0,40.592472270125555
28.782827,94.994108,0,1147.0,51.621783571217854
25.298017,94.595501,0,2027.0,38.84821462384236
26.037334,89.940703,0,27.0,2.3619913818349927
26.847211,95.423188,0,789.0,25.816033842711853
28.620599,94.568953,0,2515.0,36.15562824036822
27.509604,94.828669,0,100.0,3.9454763934793324
25.863565,93.19943,0,154.0,12.913592996362771
27.935168,88.274525,0,5113.0,8.842508257902008
27.407681,95.289852,0,122.0,1.012750369636371
24.607773,93.906387,0,772.0,1.8175220187198482
28.001312,97.252622,0,4424.0,46.17646516763125
26.422086,93.025546,0,494.0,8.111279210562941
27.319968,95.389794,0,121.0,1.391763426244203
27.316179,94.333589,0,94.0,1.2171181316034883
23.803705,92.897492,0,413.0,28.183918600004585
26.322895,91.094278,0,47.0,1.3502244696996157
25.297829,92.48938,0,1038.0,7.8962247464795094
25.900591,91.483906,0,120.0,17.29444852858009
25.845572,93.542115,0,282.0,8.280429976643655
23.924574,91.72351,0,115.0,11.56032367563233
25.126676,92.70159,0,1281.0,6.990494340294632
25.50247,90.011292,0,120.0,3.8436681673213813
29.04502,95.029819,0,1933.0,28.48121940324988
25.015275,93.667713,0,1443.0,14.481123401789075
25.59707,90.863148,0,617.0,13.94980312049591
28.631002,96.418814,0,3051.0,17.687823087123586
22.860668,92.607268,0,141.0,21.315786893450447
26.252829,91.937774,0,45.0,0.0
26.498555,94.781053,0,926.0,26.38099172022729
25.326167,92.345392,0,1132.0,8.697657668757381
25.022865,94.259029,0,1084.0,46.2020755086206
27.478451,96.37924,0,1144.0,8.614640366537119
28.457126,94.084312,0,1989.0,48.20430784743667
26.24482,94.660492,0,1371.0,22.866094792802045
27.263858,95.496674,0,187.0,8.716696336468738
23.388225,93.270564,0,939.0,17.605475947467195
26.281401,93.828499,0,132.0,1.0675202709770988
27.861101,88.190694,0,6231.0,31.635020826398918
24.388147,93.788748,0,993.0,26.348768874453803
26.35044,95.082814,0,2093.0,23.259659228223583
27.602457,92.646617,0,2684.0,35.09943315911282
25.58387,91.83908,0,1159.0,34.39563830979855
23.699149,91.843003,0,164.0,2.5695028228896355
26.114717,90.327842,0,27.0,0.0
25.129161,93.06547,0,1066.0,39.37703221498191
28.257947,93.632626,0,2745.0,15.678696056854935
26.343893,93.955434,0,104.0,1.0675202709770988
22.282353,92.809707,0,293.0,7.8538855043146905
26.17774,94.961069,0,1850.0,19.0346404786535
24.043217,93.243549,0,736.0,34.912668820456496
26.534195,92.073023,0,70.0,2.263636058426967
24.518681,94.424466,0,463.0,19.78056829771728
23.790873,92.268137,0,533.0,23.525030346517163
26.451924,92.334705,0,62.0,1.2171181316034883
27.146802,88.161562,0,1002.0,27.96175896435461
25.049466,94.336152,0,1527.0,10.052230095483228
26.825086,95.413446,0,1583.0,14.203597427432591
24.596645,94.331823,0,910.0,26.419575500613536
28.167479,95.652934,0,223.0,4.393377408433921
23.27353,91.377412,0,58.0,3.016961309815993
27.185824,95.231644,0,118.0,0.3376147110174216
24.221733,93.77904,0,1332.0,17.825870781046216
24.671938,92.654412,0,44.0,14.780768081886677
25.657923,93.362214,0,283.0,12.233889443092778
26.905923,93.199424,0,122.0,4.222687118252763
27.075596,93.330297,0,789.0,31.45496047222081
26.229079,90.452948,0,33.0,5.006282271664123
25.876691,90.155333,0,91.0,5.150652185902698
25.950908,94.52679,0,1128.0,31.5998693266394
26.155421,90.389933,0,36.0,3.4389123953782974
24.660443,92.39851,0,39.0,6.0172848640320336
28.591455,95.147565,0,1453.0,15.80618797245988
25.31813,91.961152,0,303.0,26.23873357052716
27.489976,88.250842,0,4473.0,47.31593255705558
26.653494,93.582456,0,79.0,0.3376147110174216
27.778259,96.882212,0,3553.0,41.96399058278576
27.690575,93.836607,0,1179.0,33.44445239980459
26.297047,93.890963,0,123.0,3.109633021988153
24.208883,92.166614,0,89.0,3.109633021988153
26.148964,94.38182,0,540.0,20.29804034743402
26.452392,90.203716,0,47.0,2.3859440303888126
27.881115,88.647288,0,5459.0,35.83201983789954
26.253981,89.832418,0,34.0,0.7548944975654582
23.769983,92.192051,0,185.0,15.81919394750014
25.220192,90.942176,0,168.0,17.528368921801512
27.044866,93.525198,0,357.0,10.224719622276762
28.402553,95.863448,0,1739.0,26.56505117707799
27.168902,94.290594,0,85.0,1.5095270002735288
26.293105,91.125286,0,40.0,1.9091524329963763
26.635604,90.177037,0,85.0,0.9548412538721887
27.701368,93.518115,0,1606.0,25.8493248967401
27.349938,96.335425,0,1118.0,9.651911596193768
26.113193,91.206808,0,44.0,2.052775101535614
28.7935,95.935893,0,1594.0,34.52178114261242
26.913978,95.621974,0,1648.0,28.661547312801563
27.882404,93.046037,0,1628.0,31.7830050163129
28.509039,95.491533,0,2544.0,56.01634712689161
29.228011,96.016937,0,4592.0,13.617061831342701
27.594315,92.793589,0,1746.0,33.21744312756362
25.77192,94.076369,0,1329.0,21.20922266022638
25.434072,92.699338,0,788.0,8.485238201927281
27.325954,94.541115,0,94.0,1.9678637764222802
23.959507,92.663656,0,205.0,10.014068499821951
26.083443,91.529152,0,53.0,3.0543699951638654
25.441492,93.501906,0,648.0,3.4389123953782974
25.146846,93.851265,0,1732.0,30.197807701787962
23.291435,91.606834,0,54.0,6.629140282386492
26.796921,90.210093,0,235.0,1.012750369636371
27.854449,94.063047,0,2131.0,26.7376176312865
27.084293,95.679101,0,1070.0,21.465497708020624
27.507864,95.08516,0,115.0,1.5095270002735288
26.304718,91.826691,0,50.0,2.052775101535614
25.492298,94.172602,0,1273.0,16.481519112248904
27.668464,92.831503,0,1935.0,26.464475168501917
25.822094,92.472319,0,701.0,12.489399527599762
27.641828,95.400937,0,119.0,0.0
26.142859,92.242322,0,55.0,1.9678637764222802
26.286315,91.534725,0,47.0,2.0248682972773406
27.800038,91.804225,0,4716.0,27.68758601868061
24.394084,93.066113,0,434.0,26.849053663953967
27.85057,88.230799,0,5265.0,4.691966863384949
26.478183,93.933177,0,97.0,6.466625310264721
28.464586,93.726345,0,2398.0,27.023315076025792
25.962566,91.684532,0,288.0,16.796238729882134
25.338253,93.366094,0,550.0,10.647801946937111
23.345067,92.605573,0,389.0,6.396919649384459
26.483501,92.475532,0,58.0,3.016961309815993
27.094052,92.735881,0,477.0,27.723220674069758
27.488821,93.428305,0,2167.0,18.71421868208481
27.210557,92.301872,0,2095.0,21.1936199425887
28.03591,93.775137,0,1640.0,36.363720550457394
27.458366,96.472507,0,1136.0,34.3242516278528
26.219386,89.736812,0,31.0,2.7199233149201807
26.666936,90.585983,0,93.0,0.7548944975654582
27.376826,94.574339,0,106.0,1.3502244696996157
25.653982,90.05465,0,96.0,9.20898742169279
25.333742,91.077039,0,389.0,16.419546536130245
25.748635,90.388481,0,216.0,25.14243049054343
27.582485,94.54089,0,123.0,2.263636058426967
27.554046,91.595409,0,3153.0,31.24537431237192
25.963795,90.777458,0,60.0,2.6350263783644494
27.037963,95.1905,0,119.0,1.0675202709770988
28.23547,94.562103,0,1106.0,26.623832856750703
28.690853,94.746994,0,1717.0,31.63853186250763
27.713271,95.273419,0,109.0,5.72043313097531
27.937617,96.306319,0,881.0,41.855350541203975
23.366557,93.295958,0,1295.0,24.71299262486534
26.016844,89.95937,0,29.0,2.6350263783644494
27.041856,94.558089,0,91.0,3.843668167321381
26.721651,91.133757,0,56.0,1.0675202709770988
26.519805,91.16251,0,47.0,2.7199233149201807
24.817731,93.512009,0,418.0,36.42667357554036
26.578623,90.198959,0,70.0,1.5095270002735288
27.639001,94.949133,0,108.0,1.0675202709770988
26.783729,90.626877,0,305.0,3.372286683433898
25.99885,90.289609,0,45.0,1.7210061534334908
26.516267,94.776059,0,1048.0,7.125016348901798
28.952776,95.826277,0,1821.0,30.63378826347757
25.313687,90.69481,0,132.0,10.477682226159006
23.986039,93.987366,0,1360.0,11.009016379683203
27.471041,92.762367,0,1600.0,30.222049417311833
28.108302,95.159811,0,446.0,22.351097728070876
28.875408,95.146029,0,1862.0,18.884428857481158
25.353815,92.370915,0,1159.0,2.698950908923438
26.50093,91.538924,0,58.0,2.385944030388813
23.104481,92.423626,0,206.0,3.3214321859461395
27.398922,92.719193,0,2166.0,18.202088390873595
25.624356,91.520104,0,1256.0,18.695768272361338
26.367599,94.038552,0,106.0,0.6752059787394532
23.401783,93.329372,0,1066.0,21.260377126997216
23.861091,92.113779,0,193.0,23.021526638116164
27.375591,96.595856,0,1648.0,16.344798909472296
25.617362,92.802938,0,273.0,11.004088539379032
27.181499,94.484521,0,96.0,2.052775101535614
28.912934,94.131219,0,3826.0,11.657887631052056
27.030756,93.943644,0,86.0,2.263636058426967
26.79676,94.568957,0,102.0,4.222687118252763
25.367871,90.468988,0,310.0,11.386165083355712
26.789715,95.259906,0,844.0,27.428411453491517
23.361106,92.886873,0,786.0,16.49387935313133
27.785345,93.992785,0,515.0,42.58221323247762
28.939261,95.050817,0,1471.0,7.062044068464845
28.084111,97.290929,0,3866.0,40.748312278444125
25.890855,94.558102,0,1405.0,27.86940402714471
27.456848,94.165201,0,329.0,10.45164277519746
26.65756,91.855211,0,81.0,1.0675202709770988
28.475252,93.882246,0,3217.0,45.199535222412045
24.022926,91.563193,0,53.0,2.5695028228896355
26.34756,91.228753,0,42.0,0.9548412538721887
27.003505,92.504835,0,729.0,16.168741484530738
27.39798,94.576824,0,97.0,1.3502244696996157
28.480093,93.670618,0,2470.0,27.749896150310484
26.89868,93.825187,0,82.0,0.4774537773095774
25.049192,92.479475,0,499.0,25.453785781140812
28.055736,97.013816,0,3321.0,34.99583458614565
25.283847,91.072452,0,346.0,12.625545951830572
24.951646,93.716247,0,1256.0,16.01275149961692
28.752512,96.069556,0,2781.0,36.91228272964731
26.244051,92.901137,0,293.0,9.970261598239336
26.90522,95.093331,0,138.0,6.396919649384459
25.524647,90.434186,0,691.0,15.06995574963759
28.502184,94.515497,0,1865.0,19.610609129170935
27.707424,96.77159,0,2470.0,46.5375055922922
26.786623,93.659058,0,74.0,4.520227592644634
26.168847,94.048455,0,372.0,19.211346516583987
28.024341,96.060541,0,317.0,5.730255777235155
28.9934,94.974213,0,1860.0,29.562681922695614
25.991183,91.728491,0,383.0,13.362200604250484
28.240855,96.876029,0,4064.0,31.65373772742779
25.370232,92.711041,0,815.0,14.931417178137552
27.970487,94.267004,0,415.0,22.737405889726226
26.447157,94.620617,0,728.0,22.491185926634106
25.539551,94.65404,0,1138.0,25.018643735095768
28.039176,94.899732,0,1178.0,15.964628695382078
24.888749,92.595151,0,26.0,2.5695028228896355
29.39869,95.988882,0,4553.0,24.319395133210687
24.479357,93.163305,0,92.0,2.7818863802117484
24.070171,92.974368,0,406.0,20.80971857959822
27.998936,93.468266,0,896.0,29.77230894379481
27.28033,96.001023,0,255.0,11.048352084854981
26.27257,94.836742,0,1038.0,17.562691357484656
26.405856,94.123618,0,104.0,1.012750369636371
25.617393,90.276509,0,503.0,5.520212884789397
29.123935,94.479771,0,3949.0,26.26469097186144
24.765052,94.148992,0,1045.0,28.627885495377168
27.925584,94.515594,0,1084.0,19.333025419312577
27.79317,94.202781,0,1383.0,20.912284186111254
25.77636,94.299356,0,982.0,10.92491063265941
27.918197,95.01913,0,464.0,18.35954987108923
25.203698,94.071904,0,1220.0,23.484639687461456
25.977063,93.239611,0,142.0,5.6011820198056075
26.3406,92.890295,0,76.0,2.385944030388813
27.886016,94.721977,0,493.0,26.37455222965262
26.037348,91.429998,0,51.0,2.6350263783644494
26.900799,95.371111,0,442.0,21.80569647219029
26.283026,92.194834,0,55.0,0.0
25.873578,94.546678,0,933.0,41.37468734245809
23.519272,93.071805,0,942.0,25.18752509848418
25.973206,94.541168,0,1104.0,38.079076328995825
27.454083,88.675617,0,2348.0,23.22837545005452
28.115109,94.191493,0,1041.0,23.430625295085946
25.098561,93.699153,0,1128.0,12.646669179823956
22.436444,93.167308,0,778.0,27.422370420775675
24.670585,94.030362,0,786.0,3.7692440164074177
25.920945,92.615023,0,369.0,8.543726239832896
28.452948,94.597009,0,1503.0,24.969564784155807
26.51178,93.19714,0,160.0,12.822549366490055
28.334277,93.602067,0,1623.0,14.273571375658685
22.900136,92.495103,0,159.0,10.373096895258449
27.399478,88.509289,0,1186.0,24.49933326348164
26.521082,90.354122,0,58.0,2.385944030388813
27.949243,97.283604,0,4152.0,38.4291562241357
24.015858,92.73357,0,213.0,14.833525810160392
28.066303,96.297874,0,1109.0,21.908229920876853
27.433599,88.75944,0,4181.0,40.94123271511025
27.534871,88.552032,0,1482.0,27.49471678527194
25.649187,93.221747,0,352.0,14.129503142051032
29.181215,96.231743,0,4030.0,33.35824239704295
25.768336,91.998017,0,1097.0,3.8140748342903543
26.578156,91.823992,0,70.0,2.4563945664087456
27.553744,96.575178,0,891.0,21.086199125980364
27.22768,94.72584,0,97.0,1.6876048941769748
29.096187,94.959191,0,986.0,18.133676292596157
28.565336,95.752413,0,2551.0,36.27146955038729
26.524774,92.976877,0,73.0,1.391763426244203
28.577368,94.353221,0,3048.0,12.489399527599762
23.633885,92.933682,0,746.0,34.03756281454756
27.708,93.080361,0,1703.0,20.572315320153606
26.221092,94.95019,0,1466.0,40.64259387513976
26.589159,92.365329,0,67.0,1.0675202709770988
24.617337,92.602312,0,28.0,2.8821812090202448
24.41269,93.798664,0,771.0,4.0586642321882005
22.577813,92.637843,0,85.0,0.7548944975654582
23.096852,92.847217,0,830.0,11.804833968770469
25.163698,90.825779,0,53.0,15.642509997984074
25.205984,91.337667,0,31.0,3.372286683433898
28.720866,95.005637,0,1767.0,40.92290159011624
26.946596,92.517975,0,171.0,2.698950908923438
27.959412,93.183805,0,1420.0,34.78953088589309
28.576133,95.198055,0,1415.0,28.31750884970987
27.715308,92.712623,0,2309.0,35.2878184753462
25.597098,90.733481,0,364.0,2.160788974078258
27.216792,95.626342,0,289.0,13.519692644101001
23.303646,92.734554,0,515.0,18.86358755562412
26.579516,92.01982,0,70.0,2.7818863802117484
25.546419,91.172593,0,1267.0,5.095619550423829
26.78577,92.805338,0,77.0,1.8175220187198482
24.347133,91.942465,0,34.0,5.641219812715514
27.544995,88.502389,0,1472.0,26.6047916406615
25.492706,90.00504,0,78.0,13.16632060042364
28.427178,93.199265,0,2765.0,18.64027503545114
24.736609,92.983934,0,31.0,3.5204050825976285
24.520658,93.150483,0,296.0,19.652664558069908
23.840523,93.187302,0,881.0,20.387669768422825
28.362937,96.257335,0,3243.0,26.437229357181263
28.795006,94.7556,0,1333.0,27.135908187759508
27.161539,95.48005,0,218.0,2.9018215173024653
28.489504,94.448845,0,2197.0,31.89744914744901
28.556479,94.56191,0,1259.0,43.43068952684463
25.891692,94.665619,0,1795.0,12.625545951830572
26.095476,94.670326,0,1596.0,27.061961361512484
26.774781,95.444619,0,1021.0,32.46472702366478
26.494414,91.27867,0,46.0,1.5095270002735288
26.073833,94.64407,0,1585.0,22.228525063117385
24.383214,93.760608,0,902.0,22.801881850770446
28.487773,94.158653,0,2472.0,28.084099366691156
26.085895,93.975162,0,139.0,2.6350263783644494
26.317588,90.539142,0,53.0,2.263636058426967
27.606278,95.605478,0,137.0,2.4563945664087456
27.430039,92.623482,0,1762.0,9.719867702432296
26.514452,91.718009,0,61.0,1.391763426244203
27.409603,92.964348,0,1122.0,10.779771619960357
27.685662,95.782484,0,139.0,2.5695028228896355
26.176006,92.528602,0,64.0,2.385944030388813
25.789861,90.801841,0,399.0,15.268186189415482
28.132243,96.324536,0,1467.0,43.8588301766199
27.053392,93.649018,0,268.0,26.718708297175137
28.041439,96.781948,0,2665.0,41.278359841805916
27.851987,94.793368,0,493.0,16.95537875823502
25.681186,91.947969,0,946.0,8.118116632592285
25.947393,93.030077,0,92.0,2.698950908923438
25.114774,93.473721,0,220.0,0.7548944975654582
27.159249,93.444697,0,1737.0,17.038709505535593
27.231455,95.046619,0,106.0,0.9548412538721887
28.103837,96.160483,0,573.0,30.410933538190566
29.253864,96.033948,0,3993.0,47.7205812577904
28.491169,95.884714,0,2034.0,28.846856504924045
28.063955,93.362975,0,1345.0,35.14579037169356
27.570225,95.002196,0,105.0,0.0
27.172405,95.357904,0,130.0,1.2171181316034883
28.532558,94.403809,0,1040.0,32.007672019181086
28.182917,93.22171,0,1747.0,58.15836829781858
25.128543,94.680649,0,2169.0,18.053902977226738
28.274694,93.270014,0,3038.0,16.69924423399362
26.770851,90.956491,0,94.0,4.822542232360713
26.01583,90.665236,0,49.0,0.7548944975654582
26.744496,93.198542,0,83.0,1.012750369636371
27.887205,93.3118,0,1201.0,34.74601766541864
23.406716,91.755039,0,60.0,4.972358392400693
27.401501,95.080074,0,110.0,0.7548944975654582
24.815777,93.532113,0,245.0,24.275468539672204
28.352317,93.52443,0,1406.0,43.12327861897382
28.01703,96.326211,0,622.0,30.378128880975513
27.726151,94.162371,0,1567.0,48.05177096747236
27.424324,92.865851,0,1269.0,31.880160083428166
27.766409,96.385226,0,1436.0,53.75388443926397
23.511604,91.656313,0,56.0,3.5204050825976285
23.86687,92.461252,0,565.0,4.315448959323992
28.842351,96.068625,0,3862.0,36.83590849508688
29.105042,95.954264,0,4168.0,20.107579528626577
23.918055,92.768476,0,616.0,15.359426015518492
26.785722,93.846451,0,81.0,0.6752059787394532
26.775318,92.391844,0,106.0,3.109633021988153
25.524023,94.614262,0,1413.0,27.518761706905163
24.349734,94.030727,0,915.0,5.9892184039642435
25.177006,91.410568,0,23.0,6.729688843059036
29.109558,96.172216,0,4302.0,29.963779410501886
27.124114,92.482295,0,2763.0,26.217612768234883
24.376421,93.807896,0,776.0,2.3619913818349927
27.484521,94.995413,0,109.0,0.6752059787394532
21.967711,92.907128,0,99.0,15.483414558201002
26.049834,91.962224,0,364.0,4.691966863384949
26.823689,94.586308,0,95.0,1.3502244696996157
26.022596,91.323316,0,58.0,2.052775101535614
27.69797,92.930424,0,2771.0,38.67344937613533
26.024823,93.604651,0,274.0,8.077000600578957
25.232577,94.485097,0,1282.0,18.946773780002005
26.608936,90.675026,0,80.0,3.372286683433898
28.389722,96.709129,0,3217.0,62.16402396594861
28.005468,97.369308,0,4516.0,28.616649624513762
25.035292,93.805527,0,1608.0,36.211442333800804
27.597466,92.678818,0,1829.0,26.02299570315083
26.31435,92.187154,0,57.0,1.3502244696996157
24.808011,92.286109,0,38.0,4.0586642321882005
25.474012,89.850708,0,22.0,0.4774537773095774
27.237037,95.724724,0,280.0,14.339494473950495
23.625366,91.534195,0,55.0,17.01197993242201
28.111543,95.689839,0,186.0,0.3376147110174216
24.461895,93.65216,0,1819.0,27.699472808055
27.970788,95.801169,0,144.0,2.385944030388813
25.231884,92.875028,0,755.0,6.25509971741467
26.692207,92.752633,0,67.0,1.7210061534334908
28.284611,95.385019,0,1822.0,33.15459432084846
26.673039,92.124337,0,89.0,3.4389123953782974
28.868348,94.663945,0,1464.0,41.7831049784274
26.692664,92.277427,0,90.0,1.5095270002735288
23.744164,91.378875,0,54.0,3.372286683433898
23.785802,93.045556,0,598.0,13.334419590281195
27.855766,95.345044,0,127.0,2.6350263783644494
26.901552,95.254448,0,967.0,15.100918952502713
26.744478,93.910603,0,77.0,3.471741285563965
26.424686,92.328392,0,58.0,0.9548412538721887
24.659882,92.658514,0,59.0,9.427411064372352
22.105286,92.628356,0,193.0,19.35572826671872
28.025105,96.550887,0,2503.0,42.278089875521225
26.560985,92.561368,0,60.0,9.046032026213705
23.132055,93.149578,0,1046.0,21.674406116056463
28.913419,94.984701,0,1598.0,14.140646163552354
29.01325,94.853535,0,1834.0,40.768177507915965
25.564328,90.527834,0,283.0,2.160788974078258
24.155071,93.196716,0,1225.0,32.33959481722726
24.949967,92.831593,0,45.0,2.1342998941463125
28.61789,94.47106,0,3489.0,30.729268773830185
27.708263,93.498955,0,1336.0,35.49993934812905
28.080369,95.035299,0,1418.0,32.6109934357264
26.510491,93.868047,0,95.0,2.385944030388813
26.208298,92.048116,0,59.0,2.433138796850444
26.70167,91.527771,0,86.0,1.2171181316034883
24.148694,93.529234,0,667.0,6.754583602188046
24.739408,94.188076,0,1177.0,12.814236200163856
25.442421,91.10389,0,852.0,11.371914526441127
28.703904,95.488031,0,3612.0,25.9702632075234
24.841961,93.29207,0,983.0,28.91598750701401
25.908167,93.66961,0,175.0,2.1342998941463125
28.588126,93.726976,0,4483.0,25.358091931474732
24.085201,93.430947,0,1180.0,37.80132368153039
28.382992,94.063161,0,916.0,27.428411453491517
24.296963,93.243278,0,400.0,15.241026739985427
24.900186,93.768492,0,1674.0,22.751532603312832
25.36118,94.55942,0,1112.0,28.360372759879684
29.21874,95.990331,0,4434.0,18.94418141135364
25.218946,94.47615,0,1465.0,17.447952614184835
28.054731,93.772534,0,2124.0,35.332707008435875
28.621529,95.091284,0,1525.0,40.39236654050496
26.289147,92.971966,0,302.0,24.585856570338393
27.473601,94.211823,0,160.0,1.2171181316034883
25.911044,93.563582,0,214.0,9.015509788449524
27.663402,96.08233,0,396.0,10.759583898850556
25.356967,90.943667,0,429.0,11.08264483156831
27.547036,96.249071,0,684.0,23.04728376798721
25.346573,94.234429,0,1755.0,16.285325663124585
22.340095,92.787131,0,212.0,22.928052513731263
27.449016,94.109742,0,348.0,21.42820647145751
24.152701,91.984901,0,58.0,6.091478002079769
26.410799,91.797865,0,57.0,0.6752059787394532
25.65495,92.990521,0,187.0,20.67187808013608
27.066391,92.088091,0,2080.0,23.00962454892994
26.607764,90.141231,0,75.0,2.1342998941463125
27.46317,93.618014,0,1035.0,11.09730601209501
25.528079,94.597157,0,1475.0,18.009697068630487
28.360314,94.397223,0,3706.0,23.691279259823578
25.614996,93.494354,0,244.0,3.0543699951638654
28.226875,97.322774,0,4274.0,35.02251023762291
23.19916,92.950159,0,502.0,16.796238729882134
27.470189,92.267181,0,2893.0,38.19975812149179
24.681647,92.585644,0,22.0,2.385944030388813
28.648426,94.68821,0,1368.0,36.056815664867834
28.389413,95.293316,0,1466.0,31.15404257237138
23.779129,92.692236,0,558.0,17.562691357484656
24.523491,92.901356,0,78.0,6.795864695099743
25.202217,93.768931,0,1626.0,20.80971857959822
25.449502,94.45667,0,1162.0,13.6170618313427
26.939653,93.876358,0,85.0,4.532714210582481
25.178609,90.887227,0,138.0,18.459100112744974
27.7266,94.266772,0,1628.0,25.682184661491608
26.344388,89.86168,0,46.0,2.5695028228896355
24.608969,92.46047,0,19.0,2.7818863802117484
27.049553,93.313382,0,726.0,31.488059842929353
26.291274,91.043825,0,42.0,1.9091524329963763
26.668709,93.339304,0,76.0,1.2171181316034883
24.769525,93.143448,0,48.0,1.8175220187198482
27.628546,91.969204,0,3618.0,13.771202292081655
24.215799,93.79564,0,938.0,18.329819733358647
25.794861,90.293338,0,230.0,10.698770358091485
24.147713,93.329052,0,504.0,12.017034920835405
28.524538,95.603109,0,1700.0,31.27769994171204
24.449805,94.12157,0,911.0,15.951766186006651
24.43343,92.538402,0,107.0,9.321835749415003
27.512771,88.584495,0,1553.0,32.249628968960806
27.50442,94.352195,0,102.0,1.391763426244203
23.622408,92.668475,0,416.0,31.852459831613984
28.354037,94.364112,0,3608.0,33.239755086314034
27.116168,92.571184,0,776.0,48.64875249351705
28.113323,97.250232,0,4015.0,31.160066779905723
27.067594,95.736649,0,1503.0,23.110507626297558
26.728001,92.076701,0,103.0,1.391763426244203
26.054311,94.984399,0,1647.0,23.43835288995592
24.122825,92.48849,0,57.0,12.646669179823956
26.965086,92.646473,0,156.0,11.927252133664076
26.186225,92.309163,0,61.0,1.9091524329963763
28.662338,94.076721,0,2331.0,14.710076334813873
27.381762,92.410923,0,2187.0,9.256681995438619
24.565333,92.742749,0,50.0,5.885129333686067
24.879842,94.651242,0,544.0,22.64628690782382
24.773715,94.076956,0,865.0,18.695768272361338
26.899401,92.44707,0,181.0,7.125016348901798
24.978804,93.816946,0,1462.0,23.397741000263863
27.659047,92.490883,0,4110.0,24.983602550302642
28.025154,97.237373,0,4506.0,15.288517970232027
27.628225,96.402081,0,1158.0,14.938380345292417
28.890598,95.915192,0,2807.0,43.53560155636589
25.232736,90.385927,0,108.0,12.625545951830574
26.674706,93.484475,0,82.0,3.1996013002506887
28.662865,95.626872,0,2285.0,41.00065719710698
25.505309,93.374132,0,417.0,4.787290497376919
26.594654,91.322327,0,61.0,1.3502244696996157
27.828215,88.746928,0,5092.0,4.72794257368475
26.466795,90.179853,0,48.0,1.5095270002735288
28.361108,93.421002,0,2685.0,25.91570359318582
28.89529,94.911149,0,1715.0,37.29868767505919
28.54982,94.248066,0,1709.0,57.52125742284869
27.701681,94.621783,0,350.0,13.378045743109908
25.187586,94.125867,0,1138.0,23.833218174029394
27.762181,88.532714,0,2959.0,35.49716625587208
26.098073,94.94923,0,965.0,27.057328608247758
27.702488,88.502481,0,5051.0,28.09715358325669
25.174062,94.549865,0,1821.0,28.54342951460882
28.625569,95.039025,0,551.0,19.31534334540923
28.055757,94.779111,0,969.0,14.218362225962915
25.542702,93.710238,0,805.0,15.81919394750014
26.031471,90.364342,0,34.0,2.052775101535614
27.473227,92.664946,0,2727.0,30.788511285352257
27.811816,96.862277,0,3392.0,33.69213334921483
23.953485,92.964965,0,584.0,31.220188351035127
25.728923,94.57178,0,1256.0,26.628589703310887
26.620189,94.644446,0,352.0,25.14243049054343
25.355018,94.121835,0,1169.0,14.628281989748366
25.668054,93.744305,0,444.0,4.972358392400693
24.557584,93.1032,0,198.0,21.359971104778165
28.884185,96.408628,0,4096.0,28.982082267594397
28.037859,96.54287,0,1812.0,44.516991244541515
27.63905,93.567677,0,1744.0,24.513786157374394
27.474701,94.867469,0,104.0,1.6876048941769748
28.401137,94.385628,0,2571.0,27.613098503754813
26.217036,93.395119,0,877.0,15.61282805727163
23.163367,92.890406,0,665.0,32.17843344762769
27.551611,91.596683,0,3036.0,29.016402209363452
26.025137,90.361839,0,32.0,1.5095270002735288
24.662122,93.798824,0,768.0,6.4231509137348155
27.828508,94.209466,0,1045.0,32.43799291994331
25.45042,92.147727,0,1450.0,1.5095270002735288
26.533316,90.611077,0,60.0,7.393958126885864
27.338807,88.406738,0,2712.0,33.366673111946376
27.317674,88.584007,0,1192.0,23.88025197506953
28.393433,94.38956,0,2858.0,19.50369624652719
24.572073,93.658112,0,529.0,26.87562351871521
23.723519,92.816354,0,289.0,12.416385315606288
28.531629,94.046432,0,3131.0,21.57900758977469
26.846767,91.849055,0,232.0,4.5823147648922165
28.021231,93.737634,0,926.0,40.97848172860279
27.816823,92.814104,0,2058.0,26.427602343109324
26.316253,92.789532,0,61.0,1.3502244696996157
23.557122,91.246622,0,61.0,5.427642598914455
25.729303,90.12352,0,246.0,12.485117908823954
26.065991,93.412385,0,385.0,2.9018215173024653
25.259096,92.94244,0,700.0,28.386037765789645
25.370508,91.415007,0,1483.0,4.380487094158032
25.745465,91.321186,0,804.0,2.6350263783644494
25.318931,93.701728,0,908.0,24.23693389272071
26.224857,91.94976,0,138.0,12.092764221354727
27.783518,93.066225,0,3048.0,14.310239191234691
26.340854,91.844166,0,55.0,3.9454763934793324
27.754894,93.959409,0,754.0,25.446969184311794
26.113748,90.488216,0,104.0,8.118116632592285
27.53069,96.756034,0,1552.0,21.702479637244338
27.133266,92.067922,0,1513.0,23.370608576255947
28.853512,96.161493,0,4076.0,25.24112818756747
26.131524,91.794343,0,59.0,0.7548944975654582
28.700968,96.448646,0,3637.0,35.732108376040394
26.580737,93.572559,0,102.0,4.262693045214654
25.530696,90.731832,0,400.0,0.6752059787394532
28.836344,95.212748,0,2117.0,25.865944942192726
25.240805,91.578667,0,915.0,35.842881944700835
26.365882,92.794091,0,75.0,3.389067065438376
28.292398,93.463044,0,4457.0,29.26142427299514
24.369403,92.023454,0,35.0,3.931095784160226
25.847001,89.992849,0,30.0,1.6876048941769748
26.572066,93.418952,0,139.0,14.426843693074732
27.621082,95.897431,0,153.0,0.9548412538721887
27.449677,93.381607,0,2892.0,17.528368921801512
28.194353,92.909029,0,4564.0,41.76700327958529
28.297506,94.652159,0,390.0,12.334204111082284
25.193233,92.18999,0,468.0,25.104175174071393
27.910495,88.755607,0,5022.0,23.85957416726988
24.018003,92.778984,0,537.0,21.880527338520384
25.799657,93.940553,0,955.0,29.933967330901833
27.259425,95.316999,0,115.0,0.9548412538721887
27.46075,95.663159,0,153.0,4.0586642321882005
27.580301,96.07009,0,226.0,3.372286683433898
23.509545,93.255376,0,1072.0,22.30965536562337
26.739421,93.501312,0,71.0,3.372286683433898
26.884117,92.564396,0,118.0,1.0675202709770988
22.66654,92.533618,0,60.0,10.45164277519746
24.340096,92.381112,0,55.0,1.5095270002735288
27.762697,94.638027,0,795.0,36.14941470551866
25.040735,92.610847,0,338.0,28.179591173109774
26.248665,91.864792,0,46.0,1.5095270002735288
24.421212,93.777735,0,777.0,1.7210061534334908
27.978925,94.80169,0,954.0,9.106749100388141
27.711222,96.587795,0,1219.0,26.217612768234883
26.868994,93.209849,0,96.0,1.4320961841646465
24.665154,92.887925,0,25.0,4.5823147648922165
23.121197,92.570665,0,261.0,27.951522826640524
26.871586,95.382878,0,516.0,27.135908187759505
27.374594,88.706942,0,3123.0,33.42031725512858
27.905225,94.929957,0,317.0,17.156881303434954
22.116386,92.828764,0,334.0,13.362200604250484
24.131875,92.443761,0,116.0,8.984876931685683
25.577683,93.286013,0,508.0,7.179645410861981
24.902577,92.68474,0,25.0,0.7548944975654582
26.053561,91.516276,0,53.0,2.3619913818349927
26.777833,93.30629,0,73.0,1.9091524329963763
23.821284,92.616836,0,366.0,9.427411064372352
27.381515,92.463637,0,1968.0,29.060227993139616
23.689284,93.33906,0,1356.0,30.803288801229016
24.999579,93.326587,0,268.0,11.08264483156831
27.920847,95.110115,0,587.0,25.156319133694215
24.29577,93.141174,0,703.0,36.47198661836821
24.362162,94.141581,0,1254.0,26.54275430663689
25.811601,94.676093,0,1071.0,37.53572012676889
29.411425,96.084154,0,3503.0,3.109633021988153
24.767418,94.585729,0,422.0,27.30716708684455
27.576895,92.592225,0,2777.0,40.492408611962745
24.94593,93.15524,0,95.0,7.187414250982758
25.217417,90.801959,0,82.0,24.585856570338393
25.872177,94.373536,0,763.0,14.822992028929937
24.736906,93.794624,0,792.0,1.7210061534334908
23.4788,92.931189,0,846.0,10.744415839592216
27.317111,93.784277,0,1047.0,37.37946186375299
23.830844,92.894795,0,595.0,30.995420639340725
28.182088,92.941785,0,3615.0,26.24522678855696
24.431379,93.067311,0,318.0,26.682404295840968
23.641117,93.268715,0,1492.0,25.9702632075234
26.639976,90.886557,0,67.0,2.7199233149201807
23.85726,91.803282,0,104.0,2.0248682972773406
26.902379,93.098197,0,141.0,0.9548412538721887
23.20514,92.462623,0,276.0,14.222050628593287
25.249099,92.82265,0,1054.0,10.430760195064721
24.401684,94.262224,0,617.0,35.842881944700835
22.822802,92.71614,0,428.0,22.515777778250598
24.779636,93.278012,0,1324.0,8.935631425418535
25.510917,91.63653,0,1637.0,7.2338446967252255
25.868456,90.943069,0,314.0,19.078375781087
29.129992,95.929405,0,2234.0,16.7265941611426
28.213673,96.900471,0,3460.0,25.339228429293662
28.26087,94.699402,0,393.0,21.622443658222437
25.628438,93.281215,0,387.0,16.114830614616515
27.098053,95.429049,0,317.0,28.53213600726159
25.21692,93.256955,0,1267.0,31.52580662322919
25.447684,91.449998,0,1523.0,3.7692440164074177
27.422599,94.311078,0,104.0,3.1818128120974354
26.152998,90.021984,0,50.0,2.263636058426967
23.287219,91.607647,0,39.0,5.875572624808732
25.898687,92.168139,0,670.0,5.9892184039642435
25.542954,90.59703,0,268.0,6.2010537824392635
27.174301,88.42518,0,1528.0,27.910514579944596
26.645767,90.391031,0,86.0,2.263636058426967
28.136313,97.141603,0,3891.0,56.44943302232448
28.920882,96.126761,0,4371.0,23.767137164218948
25.503169,92.621433,0,720.0,0.9548412538721887
27.588883,96.237232,0,619.0,19.67241406345793
28.75644,94.680236,0,2258.0,27.135908187759505
24.013619,92.180532,0,99.0,0.6752059787394532
25.744129,89.880068,0,27.0,1.2171181316034883
26.216059,91.222178,0,45.0,1.012750369636371
26.201128,94.557872,0,1246.0,21.01416343922592
27.252683,88.513714,0,1225.0,13.59376654330582
26.295253,92.617534,0,61.0,0.7548944975654582
26.770362,91.291805,0,176.0,3.584252301697434
26.689086,92.239513,0,86.0,0.0
23.525468,93.069354,0,937.0,32.212374446006656
27.932705,95.635328,0,131.0,3.0543699951638654
24.741805,93.528778,0,341.0,11.727024027980926
26.368214,91.564901,0,49.0,0.6752059787394532
27.21787,88.330539,0,696.0,36.97565033577395
28.48253,93.929725,0,2712.0,38.16145934957146
25.453444,90.891496,0,473.0,11.904688112848122
25.213572,93.42673,0,711.0,23.964565442577435
27.683609,96.260695,0,304.0,4.393377408433921
27.971977,95.211501,0,382.0,5.322852793549541
24.534309,92.499636,0,68.0,7.725405004429305
27.108731,92.438124,0,2359.0,21.908229920876853
28.809937,94.581256,0,2468.0,39.55846108339827
28.19668,94.296016,0,1954.0,28.884223166147564
27.68273,94.651237,0,351.0,20.957647957804443
28.698465,95.281417,0,3036.0,29.939155901858676
27.436753,95.718831,0,164.0,2.6350263783644494
26.35345,94.972784,0,1671.0,30.298369765118693
26.519722,90.096381,0,51.0,1.9091524329963763
27.597147,93.752002,0,2167.0,27.414816008015812
24.084653,92.014259,0,46.0,0.6752059787394532
28.218396,94.426711,0,2136.0,13.362200604250484
27.987485,96.120004,0,260.0,2.385944030388813
24.829915,93.414669,0,314.0,29.18694100835105
25.59868,92.286694,0,1135.0,6.466625310264721
26.712347,90.443779,0,114.0,0.3376147110174216
27.978966,93.686851,0,1777.0,26.26469097186144
24.461697,92.463944,0,35.0,0.7548944975654582
24.685956,93.041861,0,392.0,41.01433771404048
24.826013,93.010721,0,28.0,2.3859440303888126
27.416107,95.653441,0,140.0,1.5095270002735288
24.702831,92.61505,0,19.0,1.2171181316034883
23.285131,93.114474,0,1049.0,23.82756479623918
26.726387,91.064061,0,65.0,1.5095270002735288
24.628629,93.61299,0,682.0,21.837811101082977
27.499279,88.356508,0,3754.0,40.74168479816883
25.184462,93.962137,0,1384.0,18.70367847873935
28.223555,95.773169,0,740.0,10.606834346352132
25.880294,94.900011,0,941.0,8.543726239832896
27.578954,96.730797,0,2746.0,29.614346339829297
28.584854,94.149918,0,1938.0,10.744415839592216
25.49918,91.530365,0,1684.0,15.922779458176539
27.797521,95.03333,0,243.0,38.09873035103551
26.448656,90.522783,0,56.0,4.691966863384949
24.414197,93.979553,0,1015.0,35.73757406617853
25.284425,91.268371,0,768.0,23.015576714911568
27.528562,92.3549,0,3397.0,22.656437373598656
24.538729,93.289111,0,270.0,23.391930812551294
25.633431,93.243177,0,407.0,15.332459668819096
27.59411,91.852615,0,2965.0,18.6508616564494
26.449929,91.94346,0,62.0,1.2171181316034883
25.971119,90.999597,0,61.0,3.646970455272818
25.431413,92.664043,0,816.0,4.0586642321882005
25.948833,90.723528,0,67.0,3.3384705437643523
25.432222,91.152636,0,980.0,38.626413303003226
26.597643,93.99501,0,91.0,2.160788974078258
29.055703,94.894936,0,777.0,23.759567592645983
25.491617,93.364131,0,382.0,8.543726239832896
28.589273,94.996626,0,1326.0,41.47356609668653
26.094772,94.161392,0,516.0,25.6502330242665
28.339387,96.129139,0,1710.0,36.89873172581748
23.78424,92.34768,0,510.0,26.585728256225636
22.776599,92.714635,0,381.0,29.358425201839857
24.433066,93.690337,0,908.0,7.86095868417308
28.465474,94.375314,0,2337.0,18.735276035994968
25.96016,94.095337,0,592.0,16.723558006484023
25.789991,94.749008,0,662.0,14.233109137789887
25.165557,94.119219,0,972.0,15.79642499508292
23.781843,92.633432,0,327.0,6.893893059635488
26.216495,94.588607,0,1026.0,24.851517280914507
27.669684,93.600292,0,1260.0,22.513729930717684
25.516989,93.971299,0,1595.0,29.50153621491294
24.159276,92.147286,0,92.0,6.2010537824392635
27.171166,95.003844,0,105.0,1.6876048941769748
26.732254,91.624279,0,103.0,0.7548944975654582
26.336937,90.860295,0,45.0,3.109633021988153
26.594512,91.8275,0,71.0,2.3619913818349927
27.880045,95.326106,0,141.0,2.160788974078258
24.623037,94.122667,0,852.0,0.6752059787394532
28.26163,96.532083,0,1044.0,33.067916533314715
27.833483,95.962821,0,151.0,4.1140753309278875
23.658741,92.93934,0,838.0,23.63796307368513
25.964548,93.213518,0,157.0,3.9454763934793324
28.507264,94.980575,0,1781.0,38.70825624807791
23.806254,93.339652,0,824.0,31.440754691242105
26.837955,94.495892,0,96.0,1.0675202709770988
26.094157,93.73857,0,153.0,1.012750369636371
26.314627,93.51803,0,715.0,14.907015718609202
25.980953,92.376744,0,579.0,4.380487094158032
26.021857,89.867968,0,25.0,1.3502244696996157
25.606893,90.033396,0,111.0,9.508656426564368
26.317962,93.364348,0,733.0,23.82756479623918
27.790649,96.346097,0,445.0,6.804089732608741
25.373768,93.788164,0,1431.0,34.42232793850156
25.64734,93.6654,0,338.0,1.0675202709770988
24.26407,93.288533,0,934.0,3.584252301697434
23.167747,92.435357,0,127.0,2.433138796850444
26.740688,92.178646,0,105.0,0.4774537773095774
23.314689,93.075383,0,777.0,10.181894327886758
27.681198,95.333414,0,117.0,0.9548412538721887
25.716387,90.016687,0,80.0,7.5431500972118775
25.931777,91.020662,0,56.0,6.926249082072704
26.237396,93.742227,0,254.0,16.21928176965065
27.853982,95.2169,0,142.0,2.3619913818349927
27.808403,95.427014,0,122.0,1.0675202709770988
27.676458,91.933529,0,4346.0,30.999070289500416
27.240829,88.195451,0,1922.0,25.59796625507007
26.154339,91.073956,0,40.0,4.763641690726178
25.550087,91.072056,0,984.0,4.691966863384949
27.116366,94.211236,0,86.0,0.3376147110174216
26.506044,90.64583,0,56.0,3.646970455272818
24.017538,94.025202,0,765.0,45.06203532296563
27.680705,93.396347,0,1959.0,42.200631091885704
25.936503,90.463239,0,154.0,18.926021867372565
27.293991,95.400242,0,123.0,2.3859440303888126
25.408006,92.414864,0,1237.0,1.9678637764222802
25.600321,91.737851,0,1677.0,10.92491063265941
27.886542,95.516598,0,134.0,0.4774537773095774
26.266048,92.637499,0,60.0,0.7548944975654582
27.467321,93.975804,0,2228.0,13.655785447175505
28.30921,95.519538,0,504.0,16.02875346654702
27.713278,95.080685,0,113.0,1.9678637764222802
24.023699,92.063474,0,133.0,6.063765138410265
26.835219,94.958753,0,263.0,10.48288165556538
25.911566,91.206735,0,180.0,13.202548211490393
28.112853,94.523033,0,940.0,25.996650770804457
24.398146,94.353373,0,313.0,33.27369602543111
26.947793,92.315471,0,382.0,27.390618540180746
28.297161,93.670733,0,2707.0,36.48677279072832
23.980147,92.000838,0,63.0,14.656793243901692
27.538881,92.185736,0,3379.0,20.11955452093631
26.492073,92.610227,0,64.0,0.3376147110174216
28.235722,96.902745,0,3437.0,46.51607763274762
25.487462,91.675602,0,1843.0,12.106073141102074
24.372947,94.097878,0,1225.0,33.296989754761654
28.460073,95.555159,0,2084.0,13.585991207888908
24.73745,94.225656,0,1429.0,39.85340016616135
26.646084,90.889514,0,69.0,2.5695028228896355
26.444352,91.55669,0,56.0,2.385944030388813
23.130432,92.949552,0,639.0,47.51850796200055
22.951562,93.057871,0,1135.0,30.729268773830185
26.732953,93.683421,0,77.0,5.128711509483252
25.473355,90.939958,0,549.0,6.990494340294632
24.691381,94.182621,0,1286.0,34.90979342704048
27.330962,93.780608,0,1035.0,32.333986324775005
27.574829,92.503826,0,2269.0,50.44340804941785
25.852886,94.295259,0,1089.0,13.29860327052246
28.589802,93.438029,0,3181.0,41.69184152538975
26.245512,91.044318,0,40.0,1.6876048941769748
24.528213,92.560747,0,30.0,1.0675202709770988
28.088627,93.922588,0,1599.0,33.90556740947305
25.342533,93.438352,0,1424.0,29.076632747398463
26.615981,90.031913,0,88.0,2.263636058426967
26.931583,93.172309,0,208.0,19.85142324911409
24.516722,94.292028,0,861.0,25.352949515010675
22.415058,92.89191,0,1366.0,27.22787596691276
26.773875,91.447507,0,128.0,1.0675202709770988
25.382641,90.147435,0,120.0,17.355474512865367
25.22257,90.898591,0,95.0,18.56861104463105
27.459633,88.169502,0,3609.0,38.71127928679015
26.462631,91.339535,0,48.0,1.8175220187198482
27.962722,92.948053,0,2731.0,35.44531443124698
23.674186,91.421504,0,59.0,3.6313935493230582
28.286177,93.823613,0,2161.0,37.638775480074024
22.964465,92.411835,0,68.0,6.629140282386492
26.122618,90.374969,0,37.0,2.4563945664087456
28.013359,95.199937,0,404.0,29.243849399234282
26.802413,95.404117,0,1403.0,15.128378509366811
23.395334,91.687949,0,75.0,5.427642598914455
29.047064,94.965506,0,1158.0,23.290881363103495
27.664129,94.331749,0,721.0,27.19727721314564
25.485565,93.921017,0,819.0,16.665741309979975
24.188948,94.220666,0,375.0,17.393118144442386
26.342534,92.397937,0,60.0,0.0
27.648136,95.480663,0,125.0,0.7548944975654582
24.668553,93.643712,0,927.0,9.832003846683149
29.189328,95.87787,0,2258.0,5.759620519825523
26.74202,91.976307,0,106.0,5.237476066812513
25.761873,90.378179,0,320.0,14.624713477272469
25.665184,90.294264,0,637.0,5.006282271664123
26.949498,93.568859,0,114.0,1.391763426244203
26.159596,94.672905,0,1856.0,24.766412182574726
26.468095,91.608868,0,56.0,1.0675202709770988
27.9126,93.56189,0,1825.0,26.539566558618308
27.541646,91.713758,0,1836.0,39.04400208600562
26.975386,95.3225,0,410.0,18.58722489121147
27.426858,95.5506,0,142.0,2.6350263783644494
24.362487,93.157051,0,513.0,18.737906048136225
28.297323,95.678205,0,397.0,2.7199233149201807
27.508153,93.806865,0,1724.0,21.837811101082977
26.752494,94.798982,0,205.0,4.763641690726178
25.681866,90.953997,0,782.0,6.457954637909866
27.620375,96.433172,0,1169.0,28.616649624513762
27.635425,93.28121,0,2986.0,40.41472972667954
24.935134,93.072227,0,61.0,6.853224835121291
24.925994,93.021214,0,58.0,4.763641690726178
28.070441,96.999976,0,1987.0,0.0
28.246229,93.76755,0,2669.0,36.90466170362531
26.088517,91.909109,0,134.0,16.18139460308577
25.043149,93.352658,0,343.0,17.355474512865367
28.627592,93.908884,0,3072.0,20.957647957804443
29.32985,94.656143,0,3661.0,16.051123667414398
22.909111,93.072425,0,888.0,35.18353501801075
25.520398,92.782684,0,502.0,7.416536974278209
27.359493,93.691134,0,1594.0,19.295109135877045
26.793994,94.757844,0,106.0,1.391763426244203
26.261861,92.386287,0,62.0,0.4774537773095774
25.222722,92.685662,0,1102.0,12.638224684699054
26.146992,93.27626,0,303.0,16.11800792223731
26.227953,94.770104,0,1636.0,20.462735458857964
27.417098,96.917967,0,3409.0,36.52151012618015
25.633829,94.720689,0,1657.0,37.80372524729629
29.035075,94.632377,0,3885.0,38.379067082746815
25.991956,92.262437,0,715.0,7.660316591254672
24.427602,94.354588,0,568.0,25.831023238728513
28.532499,93.369313,0,4443.0,19.310287408745566
27.067604,93.084995,0,1419.0,23.559569441413892
27.299342,93.742864,0,1445.0,18.286465087500847
27.436815,92.992488,0,943.0,30.373076230050252
27.650856,93.667011,0,1772.0,10.539890808166064
25.665176,94.117124,0,1279.0,13.597652288351247
28.555798,94.661003,0,1296.0,5.5507182121273235
23.329069,92.709623,0,549.0,20.347638404920296
23.645713,91.785979,0,127.0,4.715981714482646
22.093574,92.93698,0,136.0,19.496208222897444
29.132638,96.090788,0,2781.0,10.367837459092085
28.64891,93.408115,0,4318.0,34.92799566298539
28.560369,94.652586,0,797.0,22.30965536562337
25.311161,91.667702,0,1355.0,36.837609669333595
28.042854,96.671424,0,2360.0,48.86367858728718
26.933574,92.899157,0,109.0,0.7548944975654582
25.908733,91.025712,0,61.0,2.3859440303888126
25.943263,93.418472,0,167.0,2.698950908923438
26.052053,91.717893,0,385.0,27.675690641336114
26.528309,93.288427,0,277.0,15.81919394750014
27.741331,95.25773,0,112.0,0.0
25.910333,94.582402,0,1233.0,33.169529390014134
26.361284,90.899432,0,37.0,0.0
27.50362,94.037459,0,1226.0,46.59093169362771
22.295319,93.03498,0,1540.0,22.228525063117385
28.515464,95.771504,0,829.0,18.174763056324142
25.883498,94.955026,0,1483.0,28.738431183880497
28.793599,94.585048,0,1827.0,35.71296387875258
27.301576,96.400983,0,1086.0,28.12178338655737
29.348558,95.827059,0,4844.0,28.271664280037818
28.160746,97.291493,0,4206.0,10.014068499821951
28.440493,93.375727,0,2662.0,52.188377852621386
27.483876,96.27243,0,401.0,14.073633716023295
26.6553,93.653889,0,79.0,3.8436681673213813
26.929438,92.23439,0,418.0,14.481123401789075
26.738536,90.108419,0,214.0,2.433138796850444
23.319979,92.604854,0,584.0,16.802277923382565
24.082702,93.053479,0,394.0,29.26142427299514
25.687695,93.227295,0,335.0,20.451031062849548
25.237204,93.796695,0,1636.0,6.388151156051586
23.092237,91.690884,0,36.0,5.385977098599754
25.242947,94.198018,0,1283.0,19.71921385391193
25.917908,90.322766,0,119.0,9.898627976311248
23.01898,93.247066,0,785.0,26.185065798950866
25.025091,94.449489,0,1924.0,25.548918931181753
26.595462,93.034807,0,59.0,1.012750369636371
26.174956,91.595953,0,44.0,0.0
27.72517,95.661628,0,134.0,4.315448959323992
26.181933,93.918581,0,118.0,2.160788974078258
24.065871,94.073723,0,817.0,32.433533012318165
25.324224,93.803541,0,1303.0,38.67344937613533
27.07934,95.044607,0,106.0,2.160788974078258
24.537578,93.771198,0,768.0,0.0
24.650383,93.055309,0,93.0,7.973233172986173
27.288596,92.335953,0,2839.0,5.095619550423829
23.648312,93.102724,0,983.0,25.682184661491608
26.597645,94.210368,0,102.0,0.0
24.200222,94.143732,0,793.0,12.05719326306978
27.76944,95.841948,0,136.0,1.6876048941769748
26.092031,90.053929,0,33.0,2.698950908923438
23.297075,92.877132,0,843.0,15.81919394750014
27.162791,92.176597,0,2408.0,32.89642925170675
23.112995,93.308272,0,1363.0,21.47206914335925
27.473972,93.768532,0,1145.0,19.809928581927807
28.173407,93.497077,0,1940.0,36.080907034405485
27.235292,92.478421,0,1813.0,31.012445448807313
26.593225,93.016301,0,75.0,1.6876048941769748
28.740838,94.49838,0,3369.0,17.78094311313834
28.095869,94.481062,0,531.0,22.991754575465418
28.605013,93.340412,0,4368.0,26.975266961464445
26.974148,95.447873,0,938.0,9.920728647509225
29.080333,94.69997,0,3427.0,41.701801771793086
25.318653,90.894884,0,541.0,3.372286683433898
27.657961,95.062733,0,111.0,0.9548412538721887
27.184514,94.328608,0,87.0,2.160788974078258
27.841257,96.036904,0,160.0,4.520227592644634
27.352049,96.876183,0,1264.0,12.106073141102073
25.618932,93.205041,0,295.0,26.762796183610217
24.337899,94.2752,0,511.0,29.417424610323668
22.79442,92.795257,0,340.0,2.6350263783644494
28.007627,95.633887,0,157.0,1.012750369636371
23.099075,91.522393,0,18.0,1.9678637764222802
27.801794,95.546481,0,128.0,2.698950908923438
27.856394,96.222799,0,220.0,2.4563945664087456
25.522704,92.988365,0,225.0,4.072588647671146
26.397696,93.984482,0,110.0,3.8436681673213813
25.753074,93.667279,0,196.0,0.0
27.474917,95.762802,0,149.0,0.7548944975654582
26.868321,92.999809,0,95.0,0.9548412538721887
26.604939,94.902139,0,314.0,8.43945063280957
27.329415,95.198441,0,114.0,1.3502244696996157
27.541337,88.125129,0,4391.0,22.58116805648409
27.044077,94.414876,0,89.0,1.8175220187198482
27.685411,92.709746,0,1234.0,30.298369765118693
26.359472,89.801119,0,39.0,1.4320961841646465
25.414301,92.383076,0,1213.0,11.994659682683803
28.310582,96.693246,0,3026.0,23.750100573474086
26.920475,95.451705,0,1334.0,22.010090182675167
23.068172,91.690694,0,36.0,1.6876048941769748
25.601655,90.15321,0,408.0,3.109633021988153
25.527642,91.05137,0,942.0,4.787290497376919
27.988025,96.880242,0,3672.0,25.316906879011295
27.088194,93.939003,0,91.0,2.433138796850444
28.014382,94.825455,0,851.0,19.08864740084677
27.86147,97.154643,0,2814.0,24.828512257206842
26.284142,93.229605,0,263.0,8.691301602734168
26.401659,90.164372,0,45.0,1.012750369636371
25.475354,92.605334,0,741.0,1.5095270002735288
26.47515,92.627449,0,66.0,1.3502244696996157
25.322822,90.512951,0,160.0,7.062044068464845
27.895152,95.320643,0,138.0,0.9548412538721887
26.704465,90.330376,0,121.0,1.9678637764222802
23.039727,92.548604,0,447.0,18.86880068973455
28.142414,93.05395,0,3974.0,16.30726771871584
27.475306,94.906893,0,108.0,0.3376147110174216
27.677593,94.138068,0,981.0,42.59277249123389
26.118908,93.89605,0,125.0,1.0675202709770988
27.648151,93.594811,0,1326.0,24.55166335676786
24.71576,93.20685,0,127.0,13.640311227766057
26.67301,93.183837,0,73.0,0.3376147110174216
24.91682,94.088183,0,1082.0,18.27288969553102
26.218741,93.32945,0,778.0,25.13721917646905
25.888728,93.136687,0,156.0,6.804089732608741
24.920225,94.04579,0,794.0,3.109633021988153
26.137122,94.073427,0,386.0,19.533610377933154
24.370533,92.718103,0,168.0,21.04572088407583
26.984377,95.118812,0,122.0,2.052775101535614
27.701398,88.193346,0,5453.0,33.766329870041986
26.979704,92.639546,0,272.0,2.6350263783644494
26.079523,94.565698,0,1687.0,33.06040433527305
26.325681,89.975514,0,52.0,3.584252301697434
27.221904,88.079568,0,3094.0,25.8709276511253
24.710463,93.479542,0,674.0,44.3722527214999
25.975657,90.012568,0,36.0,3.389067065438376
27.541226,96.615735,0,1316.0,35.08521565442879
26.126421,90.657812,0,53.0,1.2171181316034883
23.143156,92.814889,0,749.0,24.214872463290742
26.51292,89.907353,0,58.0,0.7548944975654582
26.842481,93.68433,0,76.0,1.2171181316034883
24.993231,92.823589,0,308.0,14.88955708015987
27.530385,95.576363,0,123.0,1.5095270002735288
27.563947,93.372599,0,2639.0,30.461275517775352
27.014054,95.842341,0,1950.0,13.655785447175505
28.095181,96.347363,0,3193.0,27.006281842074504
26.206075,93.898191,0,123.0,4.787290497376919
24.27233,92.816955,0,601.0,41.066341753930836
25.699928,91.151481,0,985.0,19.98488347684215
27.358462,94.780194,0,100.0,0.3376147110174216
24.880821,92.316703,0,21.0,1.0675202709770988
28.870038,95.099029,0,1233.0,22.753549669872495
26.431053,92.526253,0,63.0,1.2171181316034883
26.960003,95.485811,0,857.0,10.176527410054078
29.174005,94.862977,0,3166.0,37.8835697865198
27.906297,96.965665,0,2098.0,37.86364636173037
28.954511,96.28756,0,3056.0,31.211784490588542
27.282695,96.250759,0,779.0,34.6605872943073
28.038688,94.495668,0,795.0,18.329819733358647
28.389729,93.306842,0,3391.0,19.109168969144935
27.230353,93.266725,0,1406.0,23.708378786470846
27.325348,95.457238,0,127.0,2.160788974078258
26.009802,94.839009,0,1019.0,32.96459132297932
26.751459,91.027198,0,91.0,2.433138796850444
26.30666,91.838377,0,52.0,2.6350263783644494
28.633801,94.335696,0,2303.0,11.927252133664076
25.009299,94.364394,0,1380.0,14.882566829789898
25.998098,92.249812,0,396.0,29.640778436590377
28.636148,94.40789,0,2634.0,50.99037340278884
26.701662,91.224034,0,61.0,2.9018215173024653
28.345324,95.013815,0,255.0,10.024987862075742
28.146547,95.460191,0,240.0,0.7548944975654582
25.850267,93.126208,0,161.0,3.646970455272818
27.087841,94.966035,0,101.0,0.4774537773095774
28.106474,92.929965,0,4810.0,28.966958884266845
27.596252,91.847748,0,2903.0,35.66911962606628
22.751339,92.755021,0,404.0,20.366489959327367
23.508803,91.657375,0,62.0,5.875572624808732
26.377998,92.040698,0,50.0,4.679912393493258
26.566992,92.509933,0,55.0,0.0
27.212928,88.304128,0,933.0,26.12141199648494
22.67763,93.079399,0,635.0,35.891671117465485
26.607846,94.485477,0,639.0,14.910504539706803
22.145708,92.621508,0,260.0,21.50051299286269
27.325643,94.82096,0,101.0,3.109633021988153
28.980814,95.352621,0,3234.0,29.125749544053328
25.718592,92.190224,0,793.0,1.6876048941769748
27.186584,92.366485,0,1847.0,34.378811283947016
27.194753,93.517876,0,1295.0,16.228736705934203
28.011962,95.304727,0,156.0,3.931095784160226
27.753522,96.523697,0,2104.0,50.69843988678565
27.214045,92.192447,0,3099.0,17.390226107566324
27.161605,92.949275,0,1085.0,16.419546536130245
24.039032,92.464984,0,70.0,10.759583898850556
25.117893,93.251093,0,474.0,19.109168969144935
26.942066,93.374608,0,124.0,1.391763426244203
23.919404,91.521721,0,123.0,11.471257006629077
27.885493,88.640467,0,5556.0,20.195968498069956
23.687919,93.273514,0,981.0,34.7014168409633
27.87111,88.576309,0,4039.0,24.623564786163612
28.416728,96.667729,0,3265.0,25.5743067157341
25.54295,92.47534,0,1025.0,12.646669179823956
26.014587,93.966617,0,204.0,12.442210235207455
23.799449,93.334531,0,929.0,21.954998832237578
28.260078,95.094846,0,1510.0,25.21348422255498
23.635943,91.412728,0,48.0,11.777437041002203
28.945004,94.326277,0,3554.0,17.14216531267885
26.504025,91.685849,0,60.0,1.0675202709770988
27.573998,96.162014,0,520.0,32.7658094454412
28.628646,95.443174,0,2376.0,32.712173193848756
27.625337,94.085482,0,1813.0,32.331742392927794
24.721021,94.041855,0,780.0,3.1996013002506887
25.435877,91.709267,0,1676.0,1.391763426244203
28.842131,95.596814,0,2504.0,16.453666886955713
25.96859,90.865374,0,57.0,5.641219812715514
27.172424,94.484166,0,92.0,2.8821812090202448
26.259821,94.226188,0,341.0,9.015509788449522
24.516986,92.615558,0,34.0,0.3376147110174216
26.691641,92.872401,0,72.0,3.1818128120974354
24.296037,92.83969,0,153.0,16.041541080351973
28.767676,96.527465,0,3707.0,36.163613546991115
24.562918,93.333192,0,367.0,26.630175011834265
25.037246,92.878739,0,513.0,30.570243024081392
27.7223,94.208349,0,1153.0,35.86819845525075
24.660557,94.471492,0,693.0,15.439986990629265
24.356928,93.114732,0,169.0,3.016961309815993
25.680082,94.098984,0,1318.0,13.771202292081657
25.585163,90.321428,0,729.0,8.848748933297978
26.21618,90.557445,0,29.0,0.0
23.04138,93.064276,0,1283.0,21.74126669291606
28.059464,97.098106,0,4000.0,24.50836784352711
26.210643,90.61715,0,37.0,4.072588647671146
25.525142,93.608223,0,806.0,13.214598833651115
23.960101,93.168454,0,831.0,15.403125863548038
28.907132,95.381158,0,3282.0,27.758778382352286
24.026024,93.881669,0,1325.0,35.15617890951678
23.674673,92.052719,0,184.0,17.981998056475522
26.234451,93.824813,0,132.0,4.315448959323992
26.098975,90.519799,0,70.0,6.182930165948259
24.323628,93.217521,0,622.0,24.771744420729636
22.660146,92.583423,0,350.0,21.014163439225918
26.302338,90.912352,0,36.0,0.0
24.850333,93.650004,0,681.0,28.616649624513762
27.301684,88.783151,0,3440.0,46.10947465489339
27.502923,92.172341,0,4022.0,36.176913590965455
26.568871,91.626619,0,68.0,1.8175220187198482
26.013547,91.586075,0,284.0,25.218671059688106
27.882404,92.632896,0,5423.0,22.902099885228424
24.363984,92.93762,0,649.0,12.05273862304095
26.573273,92.703516,0,68.0,0.9548412538721887
27.200114,93.661634,0,876.0,12.106073141102073
23.812227,91.820522,0,117.0,1.6876048941769748
25.475056,93.656766,0,1585.0,10.647801946937111
25.63494,91.593674,0,1503.0,6.423150913734816
28.782505,94.820019,0,819.0,21.42820647145751
26.44885,94.07578,0,93.0,1.0675202709770988
28.306224,95.628126,0,801.0,26.12795202639169
24.146281,92.271735,0,258.0,15.825692089271731
25.857334,90.941532,0,322.0,15.599614256886392
27.666204,92.360442,0,4471.0,10.64269042231061
26.757645,90.345691,0,165.0,3.8436681673213813
24.9129,94.381453,0,698.0,27.031051615459802
24.979742,93.102446,0,272.0,6.526986519680234
27.346319,93.704535,0,1650.0,17.387333467314576
27.596747,95.056582,0,111.0,0.7548944975654582
25.008189,92.933249,0,364.0,25.22039963647754
25.700937,92.74225,0,332.0,10.678414922779545
24.70582,93.650774,0,1058.0,29.293821191076745
26.488666,90.817857,0,46.0,3.4389123953782974
26.744983,92.106631,0,114.0,0.3376147110174216
27.57864,95.443707,0,123.0,0.0
24.212654,94.113969,0,1142.0,30.22842291505514
25.244109,90.146932,0,97.0,3.3384705437643523
25.449739,92.588299,0,749.0,9.136946117762886
25.069312,92.367607,0,20.0,3.843668167321381
28.884546,96.445004,0,4047.0,34.180534158075666
24.849231,92.384435,0,21.0,2.4563945664087456
25.201635,94.154962,0,1522.0,7.179645410861981
24.610039,93.636092,0,960.0,28.732851681077435
25.530711,92.830699,0,207.0,10.860111440590474
24.59279,92.519513,0,38.0,4.393377408433921
25.861723,90.068177,0,28.0,0.3376147110174216
24.084375,93.857346,0,1234.0,24.113367317502654
27.687121,92.595265,0,3316.0,38.94008566342802
27.805039,88.352218,0,4727.0,19.473721300909236
26.202342,94.862189,0,2322.0,37.08573289536603
25.250396,94.222498,0,1228.0,29.191012396664323
26.2245,89.84068,0,31.0,0.4774537773095774
25.904004,94.263157,0,857.0,14.481123401789075
28.226872,94.289576,0,2452.0,35.57739351993357
27.077235,93.556593,0,326.0,24.068871827128465
27.797424,95.590963,0,128.0,1.2171181316034883
23.988505,92.090986,0,296.0,20.29804034743402
24.671891,93.109405,0,94.0,6.18293016594826
26.535154,90.705289,0,52.0,2.1342998941463125
25.647667,93.092119,0,206.0,7.179645410861981
26.8166,95.608914,0,2362.0,24.43413404727132
28.162139,94.457939,0,1603.0,35.492543378828444
26.244838,91.370688,0,48.0,6.696346521504578
28.122044,93.787694,0,1191.0,31.7353754997287
25.899325,93.797769,0,153.0,3.372286683433898
26.78269,90.456311,0,153.0,3.8436681673213813
27.125631,93.71362,0,130.0,3.9454763934793324
27.169859,94.263788,0,90.0,4.315448959323992
24.150047,92.796052,0,767.0,20.425249359005747
24.958636,94.64591,0,517.0,16.506228230622458
27.737748,88.702729,0,4886.0,20.75932234748779
26.299574,94.477343,0,1310.0,15.80618797245988
25.501512,89.984306,0,47.0,7.363740476577823
26.894566,92.690212,0,94.0,1.7210061534334908
24.309108,91.982645,0,35.0,3.372286683433898
25.60436,91.921096,0,1598.0,13.42939420550633
27.364596,96.541529,0,1312.0,23.277229246838033
27.293709,93.949145,0,235.0,1.6876048941769748
27.483213,94.204161,0,166.0,0.7548944975654582
25.935311,92.75944,0,78.0,3.109633021988153
26.547585,93.769837,0,95.0,1.6876048941769748
26.057638,94.772346,0,1906.0,32.70669025808719
27.627922,93.077283,0,1195.0,21.11088313257194
26.659105,91.841523,0,84.0,3.3214321859461395
28.931972,96.268231,0,3640.0,23.784155578580865
25.321214,93.567066,0,955.0,13.362200604250484
25.934361,90.506921,0,81.0,6.671226398049395
25.716178,91.930065,0,1011.0,17.823067005330284
27.92035,96.967284,0,1170.0,31.995079624503205
24.244504,94.028878,0,1651.0,31.03430875051448
24.104168,94.228818,0,267.0,11.333816091683135
26.042135,91.101239,0,42.0,0.6752059787394532
26.888002,90.439494,0,322.0,1.391763426244203
25.067624,94.327733,0,1388.0,26.90682716160217
26.06936,93.110442,0,93.0,5.6011820198056075
28.359867,96.221104,0,2054.0,44.89316797446717
27.91882,95.332221,0,146.0,1.3502244696996157
23.364695,91.658629,0,80.0,6.526986519680234
27.398695,96.895308,0,2329.0,24.74862531519583
25.869216,91.228276,0,225.0,13.342363797088236
27.635318,91.671767,0,3736.0,27.726186750640906
27.567419,95.283324,0,121.0,2.698950908923438
25.067308,94.110636,0,834.0,6.893893059635488
29.237037,95.885484,0,3919.0,41.91007547318012
26.64333,91.215135,0,57.0,1.391763426244203
23.09178,91.580609,0,86.0,7.832625705078162
28.483853,94.703657,0,825.0,26.37455222965262
26.013861,93.184601,0,124.0,4.520227592644634
28.047894,96.089791,0,643.0,12.264517683654695
26.285212,93.172645,0,110.0,6.063765138410265
24.179344,93.204891,0,1212.0,20.572315320153606
27.601794,96.4289,0,1591.0,32.362009707375876
25.471369,92.496186,0,1039.0,18.682574951711565
26.018814,91.407141,0,52.0,0.7548944975654582
26.386751,90.496734,0,51.0,3.471741285563965
27.916416,93.287839,0,1193.0,32.81818198165607
26.222396,94.108464,0,479.0,12.334204111082284
22.386865,93.15974,0,933.0,33.425567049364545
26.819369,91.962676,0,194.0,1.391763426244203
23.378729,91.824683,0,164.0,5.095619550423829
27.088273,94.886518,0,99.0,2.263636058426967
27.337895,94.140118,0,100.0,0.4774537773095774
28.478557,95.397392,0,2567.0,34.99583458614565
27.060024,94.212194,0,86.0,0.3376147110174216
23.837406,92.124616,0,112.0,9.520202144985053
28.214314,95.357868,0,557.0,21.64844674283294
27.679548,92.460998,0,3724.0,24.23693389272071
29.191313,95.903805,0,2705.0,43.90182188752165
25.555111,90.547095,0,283.0,4.0586642321882005
26.795908,95.354246,0,594.0,18.946773780002005
26.770833,93.199061,0,81.0,2.0248682972773406
23.857725,91.498381,0,74.0,3.7086168298207194
24.274705,92.86754,0,98.0,14.306577356818368
26.108432,94.495316,0,1140.0,28.248694136289817
26.672684,93.522871,0,77.0,0.4774537773095774
24.625942,93.325678,0,579.0,5.226703690794332
26.640866,91.583809,0,72.0,0.7548944975654582
25.182375,92.648225,0,1360.0,13.073217111846773
27.130879,93.299541,0,1174.0,36.49980810743768
28.661448,96.376969,0,3870.0,28.062319345545895
26.442967,90.36545,0,70.0,11.371914526441127
29.001386,95.02908,0,1107.0,19.694600815138024
25.522465,90.279842,0,779.0,26.644435887199457
27.423902,95.131628,0,116.0,1.9678637764222802
27.928572,97.340108,0,4025.0,18.122699715761893
23.66595,92.7474,0,470.0,34.74020709678246
28.974166,94.558688,0,2814.0,28.82467335352175
26.126603,95.094035,0,1822.0,17.63108390496476
26.595914,92.237575,0,75.0,3.843668167321381
27.401921,88.308364,0,1933.0,26.064074661084867
27.667952,95.124699,0,115.0,0.6752059787394532
28.213784,94.479141,0,2128.0,37.77568430595466
25.210938,91.914063,0,578.0,4.520227592644634
27.311448,94.721487,0,101.0,0.0
25.349691,91.114981,0,683.0,29.92228709167213
26.502857,90.980374,0,48.0,1.012750369636371
27.947988,96.719258,0,1065.0,47.61125588393508
27.935191,93.477844,0,1730.0,32.27216653674432
25.955434,94.940582,0,925.0,23.985107940837526
28.086481,94.709754,0,985.0,43.929163148088335
27.95281,96.245338,0,397.0,14.054953065884908
28.17232,93.172372,0,1802.0,36.123647330579075
27.19896,95.439042,0,226.0,4.822542232360713
26.492241,95.048389,0,1713.0,38.69918363545329
24.101358,93.088762,0,219.0,10.357309866020204
27.71984,92.921515,0,2306.0,23.370608576255947
26.618557,90.728881,0,76.0,2.433138796850444
25.929036,92.861996,0,75.0,1.5095270002735288
26.177137,91.821284,0,81.0,13.582101615290334
27.315706,88.405963,0,1669.0,13.644181682158639
27.859341,93.822737,0,1339.0,22.02700214625758
22.422946,92.97885,0,751.0,29.13119796737811
27.182922,88.628356,0,708.0,24.52281262777141
24.16132,93.831983,0,1073.0,28.650334328953043
27.438105,94.305965,0,99.0,2.160788974078258
25.916135,94.82989,0,647.0,27.559258000655575
28.126614,96.2232,0,2434.0,20.11955452093631
27.642104,95.065509,0,112.0,0.3376147110174216
23.664067,91.803384,0,125.0,9.748032163491192
24.498327,94.364772,0,322.0,8.104435709194412
28.071562,93.424325,0,728.0,13.915808695897175
27.439823,95.269915,0,123.0,1.6876048941769748
26.125124,91.475235,0,44.0,0.0
23.283073,92.721731,0,480.0,11.583636009094745
23.609879,91.722923,0,158.0,13.862736065994177
27.368113,92.959016,0,1281.0,26.360054096082706
26.687936,93.589853,0,81.0,2.160788974078258
27.383986,96.048062,0,467.0,4.072588647671146
25.739768,93.764304,0,385.0,24.729037079462447
25.41485,91.672354,0,1652.0,4.100293712915969
25.00457,92.719039,0,254.0,12.05719326306978
28.442543,93.206612,0,2346.0,43.8022108108573
27.229538,92.451965,0,1972.0,40.225997592777354
27.749043,92.956666,0,1166.0,58.43411333065743
25.99823,90.708754,0,52.0,1.0675202709770988
27.633548,93.5263,0,2138.0,28.183918600004585
29.026435,94.808508,0,1515.0,44.85654251700833
25.747039,93.714417,0,378.0,21.96560850853191
28.391829,94.549645,0,1404.0,38.1708472381523
25.851105,90.775613,0,86.0,13.893092084630068
27.562986,91.840692,0,2522.0,33.23444546638256
24.91651,92.64094,0,19.0,2.7818863802117484
27.160659,88.448127,0,1242.0,20.80971857959822
23.32032,92.797932,0,712.0,31.00879875148093
25.593011,93.389845,0,240.0,8.710355024840407
26.113387,90.870162,0,39.0,2.9018215173024653
27.484061,96.592455,0,594.0,3.8140748342903543
25.006525,92.981545,0,473.0,24.655816005757636
26.439406,91.799397,0,56.0,0.3376147110174216
26.639848,91.967506,0,77.0,1.6876048941769748
28.484418,95.608647,0,2530.0,24.513786157374394
28.188667,94.186352,0,1287.0,27.31781173736662
27.655926,94.045138,0,2097.0,25.22039963647754
27.026865,95.025332,0,106.0,2.263636058426967
28.368686,95.166955,0,1975.0,20.685718648031223
26.732365,93.457887,0,78.0,1.391763426244203
24.155723,93.326846,0,541.0,11.09730601209501
28.618067,95.272383,0,1290.0,40.41337530810542
27.902805,93.36578,0,845.0,27.487195534510278
29.114401,96.067061,0,2913.0,35.573713626392
28.01403,95.901158,0,211.0,2.7199233149201807
25.083639,92.310096,0,110.0,16.796238729882134
26.506242,90.156698,0,60.0,1.391763426244203
26.163227,94.190939,0,304.0,10.160408198552636
27.840924,95.575888,0,137.0,1.8175220187198482
27.683099,91.831132,0,4050.0,12.485117908823954
26.251732,93.188414,0,178.0,7.973233172986173
26.684017,91.25287,0,63.0,3.471741285563965
28.026558,93.293513,0,2478.0,12.688796216696051
27.70858,96.306327,0,390.0,3.8140748342903543
28.335282,95.28033,0,1183.0,13.858936140922939
28.205583,96.046401,0,2691.0,32.80837483092349
26.458538,92.843269,0,68.0,2.3619913818349927
28.136306,95.754266,0,214.0,3.1818128120974354
25.276377,93.487808,0,1689.0,15.80618797245988
25.271721,92.668138,0,1356.0,9.73677691573277
24.533095,93.618001,0,750.0,14.624713477272469
27.396234,96.213839,0,383.0,18.62703081108459
28.885165,95.777255,0,2185.0,28.738431183880497
27.793238,88.640234,0,4443.0,26.522022837937527
25.456089,91.784894,0,1739.0,26.02957529225479
23.587243,91.582944,0,66.0,7.249252620737
26.050034,92.409236,0,649.0,21.80569647219029
26.399554,90.899229,0,39.0,2.4563945664087456
24.083122,92.065477,0,123.0,17.968128165837005
28.201598,94.423975,0,1613.0,44.456687325172815
25.960243,91.757137,0,249.0,19.310287408745566
25.700422,94.977365,0,2297.0,10.759583898850556
28.549152,94.01988,0,2910.0,21.57900758977469
27.46818,93.146216,0,1095.0,15.609525869125669
27.443198,92.630884,0,1819.0,40.405923871204976
28.322582,96.253272,0,3596.0,23.620787756210934
27.209014,92.276181,0,1852.0,35.29811642184922
24.403966,93.376466,0,396.0,26.6047916406615
25.377315,91.753103,0,1667.0,31.085210914647718
27.754337,93.564613,0,1583.0,27.518761706905163
25.175887,90.536548,0,26.0,0.7548944975654582
24.113552,93.736912,0,1098.0,28.02741135506512
26.92455,94.87133,0,112.0,2.4563945664087456
27.143501,93.635965,0,879.0,20.387669768422825
24.136608,92.781814,0,308.0,10.39935064946811
26.677719,92.827354,0,73.0,3.1818128120974354
24.074131,94.097042,0,531.0,24.978339816373094
26.04687,92.260105,0,96.0,12.442210235207455
24.008912,93.799158,0,1108.0,24.863891037796268
24.833558,93.015287,0,34.0,6.466625310264721
25.657139,93.434618,0,245.0,10.197976691639713
27.88948,95.060541,0,378.0,26.661848999984905
27.069418,93.014755,0,805.0,48.15841040902176
27.903608,94.426701,0,403.0,40.851330756811414
27.626368,96.170025,0,502.0,5.5507182121273235
25.376636,91.132162,0,563.0,39.281875714160186
27.504399,94.437858,0,113.0,0.4774537773095774
27.882008,95.972195,0,174.0,1.391763426244203
27.376912,95.170845,0,115.0,3.7086168298207194
27.106105,93.727288,0,246.0,12.416385315606288
27.058432,92.59763,0,364.0,23.889642136750812
26.282222,92.828337,0,87.0,1.5095270002735288
25.584453,92.536047,0,837.0,21.119849260205303
26.319944,94.636779,0,506.0,2.6350263783644494
24.399264,92.277149,0,107.0,0.7548944975654582
28.092761,96.342162,0,2731.0,40.240387171303354
23.732326,92.943161,0,825.0,16.850495113189584
26.781547,94.565709,0,115.0,1.8175220187198482
25.376617,91.338811,0,1429.0,19.026908838399848
23.984693,92.505932,0,656.0,34.44108336670712
28.031447,95.618309,0,160.0,1.8175220187198482
27.902783,92.773148,0,4406.0,32.71326956168635
25.268007,92.240515,0,951.0,0.9548412538721887
24.482972,92.644101,0,60.0,15.599614256886392
26.014186,94.304268,0,793.0,19.13222129626394
26.367691,91.204164,0,41.0,2.1342998941463125
27.935196,97.079509,0,3802.0,21.75417412559628
28.581578,96.012336,0,2347.0,32.167104228386144
27.972969,88.41538,0,5273.0,10.246059403967996
23.667788,91.514076,0,78.0,9.748032163491192
28.586049,96.260122,0,3248.0,38.747510381982416
27.955589,95.787315,0,148.0,3.109633021988153
26.121028,93.962938,0,128.0,1.8175220187198482
24.822971,92.945672,0,27.0,2.433138796850444
25.699866,92.624525,0,543.0,25.23422161628461
29.394173,96.006027,0,4363.0,35.19860831175928
25.319205,90.100061,0,101.0,12.53638838286113
25.259445,94.003517,0,1233.0,16.970296539403275
25.818245,91.455703,0,316.0,4.532714210582481
23.514089,91.479583,0,22.0,2.4563945664087456
28.08386,93.120267,0,4285.0,5.128711509483252
22.595485,92.888229,0,1068.0,16.316660416077156
26.664312,91.426498,0,80.0,0.4774537773095774
24.791678,92.560638,0,35.0,3.109633021988153
29.030481,96.122554,0,4176.0,35.347642252668074
26.595653,91.071597,0,52.0,2.052775101535614
27.776517,92.815345,0,1931.0,56.695898362864575
25.35359,94.308682,0,1380.0,23.82944947796483
23.30714,93.176758,0,898.0,15.616129405024543
27.421184,95.412566,0,128.0,1.6876048941769748
26.567037,93.341273,0,400.0,13.736694948969422
28.574569,94.978099,0,1685.0,36.534517257929956
26.886421,95.527171,0,1450.0,26.647603284988666
26.759311,93.513324,0,75.0,0.4774537773095774
26.084248,90.233423,0,27.0,0.0
27.226766,94.153906,0,89.0,1.7210061534334908
26.287043,90.310969,0,36.0,2.0248682972773406
24.258481,93.238521,0,408.0,6.729688843059036
25.620985,91.940596,0,1358.0,36.461541111294395
27.487499,94.071997,0,958.0,35.19013130827779
27.772098,95.633966,0,133.0,2.5695028228896355
27.396547,93.758078,0,634.0,19.721672911135652
28.416943,95.766567,0,1608.0,35.08521565442879
25.685691,92.96643,0,130.0,0.6752059787394532
26.141846,93.460697,0,657.0,13.03657849691309
28.434734,95.444284,0,2790.0,20.36884474380089
23.244026,93.163648,0,1133.0,50.774975335782436
26.505104,93.222219,0,190.0,13.617061831342701
25.747512,92.88769,0,99.0,3.6313935493230582
24.568936,93.360513,0,482.0,27.166621360864877
23.329745,92.847367,0,744.0,11.56032367563233
24.907849,94.004507,0,900.0,27.68758601868061
28.376088,95.670715,0,1733.0,53.37074054577121
28.702367,94.855546,0,1669.0,32.42460957107069
27.432198,95.337445,0,125.0,0.7548944975654582
24.560918,93.529331,0,1278.0,26.579368859069575
26.860137,92.505508,0,115.0,1.391763426244203
23.523619,92.431505,0,490.0,14.833525810160392
25.404552,94.596506,0,1469.0,29.20050840501194
26.908514,92.398192,0,227.0,2.385944030388813
27.381266,92.209599,0,1908.0,29.438826853068107
28.905498,94.232852,0,3163.0,35.94391041143398
28.957214,95.15631,0,2651.0,29.876785365169766
26.628485,89.873186,0,79.0,4.1140753309278875
25.187082,93.388363,0,999.0,32.27216653674432
25.975043,91.183266,0,46.0,2.1342998941463125
25.366911,94.219875,0,1605.0,10.905017436104703
28.045502,96.255429,0,1840.0,19.026908838399848
27.080548,95.437246,0,247.0,9.468127301102086
27.212884,93.571837,0,844.0,38.232511808357785
28.259138,94.795537,0,608.0,38.949764177101216
27.525106,88.632934,0,2241.0,29.814178740496565
28.001121,94.171172,0,966.0,26.181807531443237
25.67709,94.541593,0,941.0,33.797146076019644
27.799117,96.360995,0,797.0,34.62355780343659
25.664288,90.182046,0,313.0,6.466625310264721
27.34997,88.590641,0,1462.0,28.41308537579142
27.091137,95.793815,0,1598.0,32.51251731617001
25.675803,91.824637,0,887.0,9.719867702432294
27.035594,92.175017,0,1353.0,31.820083970374533
25.54925,90.325788,0,750.0,9.094640304149001
25.207675,90.372809,0,83.0,16.46605279144296
27.940138,95.242841,0,173.0,5.150652185902698
22.231521,92.845943,0,378.0,11.70863207289246
25.829819,93.129742,0,256.0,25.501422004208997
26.983861,95.64875,0,1114.0,35.934015957032045
27.357132,88.29888,0,1894.0,21.439183868623598
23.411247,92.369074,0,100.0,6.620689796446781
25.416604,90.329599,0,338.0,22.75959931811348
25.933995,91.407074,0,60.0,3.1996013002506887
23.307692,93.324884,0,1285.0,16.808314433366295
25.914639,93.010534,0,99.0,3.4389123953782974
23.849819,92.049732,0,124.0,7.7827822999817355
28.503896,94.320588,0,2293.0,34.29441470522327
28.859782,95.7451,0,2676.0,29.57329291839993
23.853284,92.143657,0,288.0,27.006281842074504
25.888251,93.513046,0,202.0,9.719867702432294
27.204241,95.821315,0,732.0,36.491988188351336
24.277596,92.012869,0,29.0,2.160788974078258
26.375164,91.117637,0,45.0,0.7548944975654582
27.923914,95.110661,0,526.0,24.995875604843178
26.346945,94.170672,0,131.0,3.035723707408927
27.320332,88.65105,0,1768.0,22.93403552098762
28.396669,95.131259,0,1185.0,38.50896869263104
23.968695,93.944789,0,1795.0,36.03447666205926
25.716811,93.751926,0,329.0,25.206565855680676
28.124166,95.816032,0,301.0,4.0586642321882005
26.81703,94.01818,0,80.0,0.4774537773095774
26.382712,89.879883,0,44.0,1.4320961841646465
28.06361,94.453182,0,1079.0,23.15186130691137
26.128523,91.605427,0,51.0,1.8175220187198482
26.32662,93.606808,0,596.0,31.5998693266394
28.796675,94.70071,0,2049.0,35.399807401498194
28.109882,92.858993,0,4259.0,26.47888107199723
23.230945,93.09381,0,1023.0,35.088060152136464
27.954638,96.883778,0,3573.0,14.365035635987491
26.241566,95.071457,0,1136.0,22.311730096566148
28.600099,93.610123,0,2902.0,33.573963453775406
25.985229,94.883738,0,980.0,28.732851681077435
28.347602,95.67679,0,1016.0,39.188333767783945
25.801924,91.359411,0,302.0,23.767137164218948
25.754531,92.151904,0,897.0,5.051152528017926
25.501865,92.471091,0,1140.0,3.471741285563965
27.896519,93.562707,0,1660.0,17.390226107566324
25.12707,93.651747,0,1049.0,5.051152528017926
24.448477,93.259611,0,255.0,23.417092949793638
28.598718,94.02868,0,2258.0,19.481220754681733
26.529525,90.673067,0,61.0,2.3619913818349927
23.811394,91.619617,0,58.0,1.391763426244203
26.54442,90.501896,0,70.0,2.7199233149201807
28.152825,95.157224,0,372.0,31.89744914744901
26.023745,91.834892,0,148.0,18.520635899770767
27.880571,93.407037,0,1316.0,29.95471185588949
25.963556,90.099281,0,27.0,2.385944030388813
25.716606,93.020045,0,126.0,6.0637651384102655
28.565354,93.785033,0,3109.0,25.14243049054343
25.137906,93.424709,0,557.0,38.54414157288248
27.394598,95.125632,0,111.0,0.7548944975654582
28.072626,93.649757,0,900.0,18.743164636660495
26.126655,90.404893,0,33.0,7.085726953533679
24.965942,93.344514,0,213.0,10.905017436104703
27.626657,88.606256,0,2428.0,34.59426437814668
27.75305,95.039459,0,118.0,0.6752059787394532
27.60711,93.072093,0,1378.0,22.73538675151149
26.054486,93.939265,0,133.0,1.9678637764222802
28.259805,95.413179,0,993.0,29.802413569555988
26.579522,93.144241,0,72.0,1.0675202709770988
27.996637,93.073631,0,2787.0,63.71010996281813
26.595153,91.733334,0,71.0,4.0586642321882005
27.054067,94.803127,0,97.0,0.7548944975654582
24.659271,92.503515,0,61.0,11.694816974599773
24.811097,94.56444,0,799.0,11.141162071267171
28.017239,95.262916,0,212.0,8.118116632592285
24.206337,94.135177,0,699.0,28.665750219765908
27.513426,95.396636,0,128.0,2.1342998941463125
25.213117,93.246118,0,1271.0,22.72124551965916
22.316353,92.689145,0,178.0,21.818550314312215
27.889292,88.147278,0,6314.0,37.78209804008131
27.829189,93.38203,0,1811.0,28.05505294022374
27.834926,96.246151,0,232.0,0.9548412538721887
26.517599,91.15214,0,46.0,2.160788974078258
27.022041,94.543774,0,88.0,1.012750369636371
27.947158,97.067698,0,3870.0,28.46421224394294
25.506932,94.53585,0,1147.0,12.709800424919228
27.688395,91.784178,0,3980.0,27.632497705086994
24.876224,93.777445,0,1211.0,21.1936199425887
25.831457,93.026677,0,114.0,5.226703690794332
24.920908,92.865565,0,68.0,5.759620519825523
28.860275,94.878945,0,1677.0,6.853224835121291
23.655765,92.512587,0,105.0,6.317550481225067
26.370859,91.262288,0,44.0,1.4320961841646465
27.603729,91.639722,0,2496.0,25.816033842711853
23.932351,91.4764,0,78.0,7.0144286129802715
24.271287,92.844749,0,163.0,22.149067082891257
29.08983,95.085518,0,2361.0,34.827148385600786
24.239228,92.047404,0,69.0,16.26020470831196
27.733114,92.218609,0,4203.0,13.617061831342701
27.482712,93.791579,0,1242.0,13.362200604250482
28.078162,93.848109,0,1617.0,29.897601687912424
27.691017,95.284173,0,116.0,0.4774537773095774
27.526231,94.042941,0,1140.0,52.87003079262627
22.171123,92.611889,0,302.0,25.246306185093243
23.217306,91.579912,0,32.0,5.570959980093077
26.869922,94.726373,0,99.0,0.7548944975654582
24.852753,93.716035,0,1055.0,24.96956478415581
26.721562,91.10466,0,63.0,1.6876048941769748
25.725882,94.773092,0,1193.0,33.12254477015194
28.436575,96.076498,0,2344.0,28.578672018335237
27.511516,95.418466,0,128.0,3.109633021988153
27.322233,92.850823,0,1050.0,28.458539294810752
25.508604,91.738142,0,1702.0,16.49387935313133
25.157346,90.472015,0,21.0,3.7692440164074177
24.661647,93.042388,0,295.0,7.746973739247727
27.627005,94.463379,0,267.0,18.777298908490536
26.978771,95.537043,0,1290.0,22.228525063117385
26.423647,90.277149,0,48.0,1.3502244696996157
26.915195,92.734604,0,104.0,1.012750369636371
27.474149,96.22968,0,569.0,15.439986990629265
26.352674,92.013071,0,51.0,0.7548944975654582
23.106582,92.848851,0,670.0,15.100918952502713
26.295848,90.968829,0,42.0,2.160788974078258
25.322289,90.590351,0,34.0,2.7818863802117484
26.442168,94.864398,0,702.0,23.245980176205812
28.198897,96.515693,0,1130.0,52.65352765856416
26.398334,94.110454,0,105.0,2.7199233149201807
25.702761,94.212295,0,924.0,19.51367436634892
22.31164,92.850651,0,292.0,30.673535456259355
27.145446,88.165349,0,1047.0,6.063765138410265
25.206062,91.640384,0,520.0,20.630280325836836
26.69174,92.787097,0,75.0,0.9548412538721887
26.140312,94.324557,0,579.0,10.698770358091485
26.102111,90.223643,0,26.0,0.0
22.296502,92.809767,0,279.0,27.097435772987733
25.109502,92.54893,0,1033.0,48.90197705931382
28.383831,95.072862,0,296.0,21.665757838123444
28.202028,93.546459,0,2335.0,35.79666740644384
25.232887,93.542931,0,1561.0,11.009016379683203
25.22067,94.489618,0,1662.0,28.40027887525534
22.053262,92.926879,0,69.0,6.526986519680234
27.661301,95.279021,0,120.0,4.262693045214654
26.066004,92.053602,0,399.0,29.41206971845314
26.210752,93.035014,0,87.0,1.0675202709770988
27.847212,93.717847,0,1734.0,19.610609129170935
26.003545,92.975402,0,75.0,0.7548944975654582
25.853805,93.258129,0,191.0,1.6876048941769748
27.073673,92.986534,0,903.0,16.11800792223731
27.822208,94.036578,0,1703.0,21.1936199425887
28.194347,93.439393,0,2377.0,28.835768652404315
24.465843,92.345856,0,67.0,10.176527410054078
25.378763,92.341956,0,1245.0,6.317550481225067
26.989654,94.649754,0,91.0,3.035723707408927
27.84079,93.67263,0,1528.0,16.994131174577053
26.519943,90.6476,0,54.0,3.3214321859461395
26.362525,91.154634,0,41.0,1.2171181316034883
28.814301,96.300259,0,2808.0,40.15797939322387
25.598433,90.772793,0,331.0,2.7818863802117484
27.285742,95.819543,0,350.0,11.333816091683135
27.466444,88.182123,0,3354.0,33.05503637475864
23.530054,92.330558,0,144.0,17.562691357484656
23.276831,92.430623,0,166.0,13.94980312049591
28.087405,96.898872,0,3631.0,33.821757317608586
27.921942,96.700296,0,1661.0,16.394677036750892
25.563541,91.520074,0,1726.0,3.372286683433898
27.193236,93.299757,0,1530.0,21.4589234656262
28.290705,93.75061,0,3213.0,39.693155676176936
27.538323,96.285881,0,467.0,29.544096281560353
23.442283,93.366065,0,1089.0,24.13187068397173
24.302498,92.056342,0,47.0,2.160788974078258
27.849439,92.751909,0,4009.0,11.891126739446706
24.402733,93.293328,0,504.0,8.898506676457863
26.403641,92.414853,0,60.0,1.8175220187198482
28.451489,93.399648,0,3885.0,44.372252721499905
29.159915,94.900149,0,2774.0,50.19714643182018
28.043075,95.577657,0,166.0,2.433138796850444
26.165689,91.319403,0,50.0,1.8175220187198482
27.4217,95.379287,0,126.0,2.0248682972773406
25.88375,92.128373,0,918.0,5.427642598914455
24.992785,92.994064,0,311.0,32.087580878338315
26.046702,90.578766,0,49.0,3.1996013002506887
26.063888,89.833749,0,28.0,2.1342998941463125
28.946275,96.388195,0,3535.0,35.76760233334517
26.057934,92.744386,0,75.0,2.7199233149201807
25.292952,91.15205,0,284.0,2.263636058426967
24.02246,92.189318,0,62.0,8.47871314708616
24.592465,93.839503,0,770.0,0.9548412538721887
24.448473,93.096553,0,565.0,24.828512257206842
27.20695,92.650425,0,1281.0,31.205779114725832
26.952914,94.880571,0,101.0,1.6876048941769748
28.634208,93.653502,0,3901.0,16.335425999817126
27.228474,88.519806,0,1097.0,18.354148990926813
28.502051,93.33202,0,3924.0,7.7827822999817355
29.214675,96.270801,0,4487.0,33.239755086314034
27.105775,94.166659,0,82.0,1.8175220187198482
26.709332,90.452997,0,113.0,0.6752059787394532
27.697246,92.640349,0,1913.0,40.7595724093528
28.295855,94.632063,0,533.0,24.862123938667224
26.084892,92.371332,0,246.0,36.461541111294395
24.695707,93.557604,0,919.0,41.058552454886296
27.133137,88.127064,0,1727.0,27.24009953036473
27.198615,92.773551,0,496.0,36.934278635907546
26.657738,93.114592,0,81.0,8.111279210562941
28.652449,93.797191,0,4121.0,26.577778623734837
26.207848,91.526261,0,50.0,2.160788974078258
26.787667,93.442183,0,74.0,2.1342998941463125
28.143252,96.604515,0,2025.0,36.720659051375364
25.533665,94.753748,0,1752.0,12.368881699581566
27.173946,88.426792,0,1597.0,18.910438451642744
25.544814,90.283846,0,569.0,16.604613279818164
29.137943,94.749307,0,3158.0,24.793055768073742
26.231884,94.237502,0,636.0,23.1243042038524
26.312992,90.72887,0,41.0,1.7210061534334908
24.777133,92.625908,0,19.0,0.7548944975654582
28.17482,93.96179,0,1100.0,23.82756479623918
23.859928,91.579686,0,95.0,16.316660416077156
23.595318,91.702825,0,131.0,13.994979876087653
27.616358,92.304052,0,4109.0,23.910281085478015
28.417617,96.070589,0,2524.0,42.306809764388404
25.127244,93.592476,0,1618.0,13.012087348940218
28.580188,94.320453,0,2953.0,34.33517817177374
28.598543,95.507773,0,1645.0,25.575997825418
22.525086,92.906837,0,646.0,22.361441170119782
25.427299,92.354864,0,1243.0,1.6876048941769748
23.301721,93.189512,0,1137.0,21.03896406549848
27.379686,96.565537,0,1435.0,24.214872463290742
26.196267,94.464837,0,789.0,2.160788974078258
27.75608,92.089684,0,4091.0,40.225997592777354
23.531287,92.742065,0,798.0,17.456590925928477
26.081081,91.503968,0,52.0,2.3859440303888126
25.480567,94.501235,0,1193.0,20.09079841920037
23.718661,91.205416,0,38.0,8.792413167178566
28.023199,93.041427,0,2883.0,37.03288716020909
24.765549,93.159037,0,57.0,16.067079210634994
23.205305,92.84341,0,586.0,27.820820246061835
25.978852,93.794073,0,134.0,0.3376147110174216
28.251888,93.890242,0,3074.0,37.20088215826085
25.607224,90.620277,0,510.0,5.951584521749746
22.765679,92.946694,0,817.0,40.854621173422785
26.473974,91.395609,0,47.0,1.3502244696996157
25.688145,94.751968,0,1448.0,20.912284186111254
25.068639,93.63589,0,682.0,17.528368921801512
26.516683,91.566874,0,57.0,0.0
28.120149,94.986367,0,1169.0,20.82800310374709
24.701239,92.722835,0,20.0,0.9548412538721887
24.713896,93.250139,0,773.0,19.443685247106973
28.272599,95.920449,0,1919.0,25.011641570269948
28.645057,95.092301,0,1807.0,25.253207609369632
24.903113,92.826784,0,26.0,4.857533338413092
26.877239,90.406991,0,305.0,3.3214321859461395
25.187357,92.157748,0,450.0,18.434948822922014
25.353907,91.555675,0,1626.0,4.5823147648922165
27.173754,94.165434,0,87.0,1.8175220187198482
28.338193,94.396987,0,3843.0,13.585991207888908
25.650254,93.030362,0,243.0,7.973233172986173
27.508499,93.819054,0,1559.0,8.077000600578957
27.077964,93.660051,0,170.0,12.338544811627347
23.741907,91.197577,0,35.0,7.804184683040922
23.632713,93.009942,0,573.0,33.658013886398436
28.027873,95.676015,0,164.0,0.7548944975654582
28.324564,95.856669,0,1996.0,31.370731297170074
24.993058,92.985249,0,196.0,11.405135172235026
25.45392,91.488613,0,1600.0,19.632888661818416
28.834807,94.853726,0,840.0,31.469154042220758
23.96122,93.311576,0,962.0,22.351097728070876
25.353275,91.122275,0,507.0,22.09236283290953
28.724553,95.270401,0,3224.0,41.865818996052866
23.745724,91.401166,0,62.0,2.5695028228896355
25.493684,91.497298,0,1572.0,0.7548944975654582
24.371634,93.614547,0,947.0,15.359426015518492
25.350783,90.264041,0,47.0,1.391763426244203
29.021607,96.447088,0,4801.0,27.33148759579469
23.59582,93.338421,0,1574.0,11.471257006629077
28.125972,96.850242,0,4021.0,53.76866143484262
27.94203,96.527773,0,1760.0,23.14989453360643
27.047968,94.127275,0,85.0,5.062306669977521
28.080186,94.104882,0,1661.0,19.026908838399848
28.527558,95.501128,0,2755.0,27.773571465522775
25.349022,92.192853,0,1274.0,3.389067065438376
24.952698,93.439322,0,260.0,40.863172940977826
27.683753,88.450787,0,3437.0,20.307500221928045
28.075845,94.595227,0,1041.0,30.793438591859307
28.957414,95.661302,0,2733.0,35.39236551897403
27.150223,97.108878,0,2046.0,23.43255754631402
24.582118,93.863566,0,770.0,1.5095270002735288
28.381804,94.839533,0,1307.0,31.20217484109817
29.212777,94.772621,0,3769.0,30.613878778886903
27.741444,94.028097,0,700.0,46.54419507602035
27.202986,92.173905,0,2921.0,25.13026814739183
25.504922,91.430288,0,1539.0,15.503408837548553
28.671226,94.531555,0,1863.0,28.577263761514807
27.824236,95.82981,0,137.0,3.109633021988153
25.757751,92.024695,0,873.0,18.434948822922014
23.132105,92.765881,0,552.0,21.579007589774694
28.275458,94.275182,0,1200.0,40.89667601609378
27.264254,92.09915,0,3093.0,21.86985930890943
26.717038,92.791187,0,70.0,4.0586642321882005
27.338786,93.333743,0,2093.0,31.215386668546028
27.097755,94.263745,0,90.0,1.9091524329963763
27.888184,96.445473,0,1046.0,32.11375232594793
23.983745,93.009415,0,598.0,25.011641570269948
25.641103,94.439255,0,1630.0,34.419364581269726
24.312622,92.576934,0,107.0,16.13388303516631
29.08798,96.066471,0,2378.0,60.101844183728296
26.855971,95.271168,0,1151.0,39.07356605812686
27.844453,88.551284,0,3626.0,27.097435772987733
27.891182,94.879421,0,425.0,25.584450735534
27.955363,93.358216,0,3047.0,40.25065721620709
25.162024,91.474442,0,34.0,7.187414250982758
26.057627,91.030294,0,46.0,5.759620519825523
23.3313,91.375409,0,42.0,3.3214321859461395
27.598753,93.385447,0,2436.0,33.51246889744556
25.943674,91.805776,0,385.0,24.007487888376225
24.995433,94.097,0,923.0,17.528368921801512
25.877744,93.336762,0,256.0,1.8175220187198482
25.581621,92.623774,0,720.0,12.946519289312022
27.019652,94.141823,0,82.0,1.2171181316034883
29.193771,94.549982,0,3884.0,47.248301801071165
25.516007,93.039426,0,185.0,12.316824087292753
24.592296,93.132788,0,255.0,14.948817884559377
28.984059,95.915011,0,3666.0,28.633500565305706
26.733548,95.39777,0,1248.0,40.778100455043855
25.372567,93.305229,0,316.0,1.2171181316034883
26.164049,91.968699,0,57.0,0.7548944975654582
25.215754,94.267292,0,1366.0,23.525030346517163
26.247838,91.781147,0,61.0,1.8175220187198482
26.579451,93.324086,0,243.0,13.121887013841768
27.351286,93.592173,0,2175.0,13.62869225114325
23.493162,91.899705,0,118.0,5.427642598914455
26.229181,93.272804,0,667.0,17.65096881191823
24.186802,92.098048,0,45.0,4.679912393493258
28.889055,96.48343,0,3439.0,65.21017302873587
27.606909,93.550094,0,2150.0,22.850066084228267
28.540813,96.293454,0,4137.0,31.764434242777654
25.897346,90.492148,0,93.0,8.842508257902008
26.887441,94.367317,0,88.0,3.372286683433898
23.039606,93.289407,0,1664.0,32.017967739025586
26.496516,91.961774,0,64.0,0.3376147110174216
27.73903,93.024512,0,1440.0,27.791305644779218
26.34725,92.455204,0,59.0,1.7210061534334908
25.197533,90.626983,0,36.0,6.926249082072704
28.133564,93.338443,0,1587.0,28.994445658830436
26.666343,93.486753,0,75.0,0.3376147110174216
29.193828,95.904885,0,2611.0,66.23065078796266
25.178017,93.233191,0,1593.0,16.775080376991273
28.884179,95.590733,0,2703.0,26.39386309825657
24.732051,93.107812,0,31.0,3.7238672163946718
25.383288,89.844528,0,118.0,15.128378509366811
25.332435,90.193175,0,90.0,10.622217433072436
25.736369,93.459447,0,248.0,1.5095270002735288
27.968263,94.5283,0,474.0,26.443644220164746
27.289121,94.133275,0,93.0,1.9091524329963763
25.607381,94.241749,0,1232.0,21.235933252719057
28.222029,95.475809,0,773.0,29.672441289936117
27.613759,94.873171,0,107.0,0.9548412538721887
25.465521,90.396681,0,1217.0,15.649096780194936
25.159444,94.313789,0,1233.0,15.46672895722096
27.591272,93.746311,0,2040.0,37.41231346081317
26.31802,90.182267,0,39.0,1.9678637764222802
28.081667,95.246842,0,1099.0,31.912418357302126
25.390312,93.090364,0,285.0,21.611596098722195
27.957416,96.910418,0,2621.0,34.01428726698705
27.939417,95.622084,0,134.0,2.1342998941463125
28.068568,88.562168,0,5741.0,8.327142652905913
28.835967,94.801536,0,711.0,28.201216963012183
27.781558,92.36075,0,5008.0,14.738401087941828
27.14032,94.04931,0,86.0,0.3376147110174216
28.42937,93.659441,0,2945.0,36.934278635907546
26.016252,91.394286,0,51.0,2.7199233149201807
24.494923,93.924557,0,770.0,2.263636058426967
24.839602,94.480791,0,1435.0,36.63475100992616
25.756677,90.406867,0,318.0,4.822542232360713
29.068236,94.964027,0,1573.0,25.411135016332114
26.660297,92.576003,0,68.0,1.391763426244203
27.730631,92.25546,0,4719.0,11.32904382173426
28.016024,93.208954,0,1855.0,30.25643716352927
27.945245,94.532431,0,930.0,17.965352552782274
26.363444,91.326236,0,50.0,5.427642598914455
26.441869,91.349153,0,48.0,2.160788974078258
28.693788,94.923802,0,1714.0,38.590662802973
27.572717,96.899122,0,3370.0,16.041541080351973
26.136157,90.360342,0,34.0,0.6752059787394532
27.096033,94.396511,0,89.0,0.6752059787394532
27.509497,96.555298,0,707.0,20.347638404920296
25.272652,90.780118,0,401.0,18.434948822922014
25.842711,92.733327,0,128.0,2.160788974078258
26.305898,92.79322,0,65.0,4.289153328819018
25.759339,91.561263,0,725.0,19.85873383010241
26.546478,91.296521,0,53.0,0.3376147110174216
25.679175,94.422304,0,2056.0,22.315878731951145
26.716438,91.746809,0,91.0,2.5695028228896355
24.322233,93.631356,0,1311.0,12.604382648379184
23.096101,91.384246,0,29.0,4.315448959323992
26.250162,94.161428,0,386.0,17.390226107566324
27.21669,95.132797,0,109.0,1.0675202709770988
25.22052,91.793457,0,261.0,7.1171765367879605
27.36021,92.367353,0,2349.0,21.959243572668015
27.379163,95.783479,0,143.0,5.885129333686067
26.804087,92.84772,0,78.0,2.385944030388813
27.66186,94.166894,0,1253.0,24.513786157374394
27.826135,95.803855,0,135.0,2.8821812090202448
28.588696,94.242521,0,2369.0,33.92085215846511
25.991434,94.698284,0,1728.0,17.180394194416053
26.126491,91.083652,0,42.0,3.1818128120974354
26.743683,92.692196,0,77.0,4.72794257368475
27.77968,92.907967,0,1768.0,39.202986732656605
27.773151,95.052737,0,122.0,2.052775101535614
25.943051,93.762979,0,143.0,2.052775101535614
28.996789,94.900491,0,425.0,8.077000600578957
28.45628,96.114418,0,4060.0,37.82292467876958
26.526406,91.831323,0,62.0,3.035723707408927
27.569387,96.813575,0,3225.0,36.042522272818985
23.395488,93.081505,0,890.0,29.02188679208434
25.924708,90.308624,0,65.0,11.694816974599773
27.714717,95.329293,0,118.0,6.0637651384102655
25.192703,93.032063,0,544.0,14.854566860458755
27.631782,95.745565,0,140.0,2.160788974078258
28.577997,96.374467,0,3296.0,19.473721300909236
28.58364,94.340556,0,2850.0,34.078971944854835
27.561771,91.843147,0,2432.0,24.863891037796268
26.718989,92.765804,0,72.0,1.9091524329963763
29.191064,96.315595,0,4230.0,17.562691357484656
27.58479,96.595526,0,1885.0,46.375987554385574
23.805201,92.288421,0,167.0,15.19676900939817
26.521615,90.133182,0,55.0,0.4774537773095774
27.421331,94.942175,0,104.0,0.7548944975654582
27.691743,94.670254,0,217.0,24.260799584868057
26.674962,91.983995,0,84.0,1.4320961841646465
26.320127,91.492741,0,48.0,2.698950908923438
22.696026,93.071963,0,700.0,29.08619467351647
23.944949,94.16208,0,384.0,14.581811078563677
25.286018,92.403231,0,820.0,8.077000600578957
25.406806,91.864228,0,1790.0,8.710355024840407
22.772924,92.742395,0,418.0,16.416440373585463
24.189598,93.098204,0,445.0,9.321835749415003
23.225577,91.626588,0,41.0,5.875572624808732
26.581588,89.931363,0,68.0,1.5095270002735288
28.646445,93.588527,0,3373.0,23.251844073281546
26.991146,93.674705,0,146.0,20.850827869025263
24.181718,92.189357,0,89.0,15.483414558201002
27.696096,92.479288,0,3924.0,37.114180275811215
26.382325,91.885418,0,58.0,2.7818863802117484
26.596589,92.128583,0,71.0,1.0675202709770988
26.17288,92.566259,0,62.0,1.0675202709770988
26.42013,93.213155,0,718.0,2.4563945664087456
26.237172,93.820066,0,137.0,2.4563945664087456
27.981294,92.797773,0,4117.0,31.220188351035127
28.314332,95.551422,0,1240.0,37.77728798285175
25.389431,90.728862,0,450.0,10.905017436104703
26.316543,91.760036,0,50.0,0.4774537773095774
23.936069,93.029453,0,777.0,14.310239191234691
28.531518,95.5911,0,2090.0,38.973562732723956
29.364989,95.86833,0,4347.0,9.256681995438619
26.469351,90.737348,0,49.0,3.5204050825976285
25.85414,90.387503,0,176.0,2.7199233149201807
26.01048,94.280227,0,808.0,13.206566483906398
26.417988,90.239901,0,54.0,0.7548944975654582
27.872734,97.038109,0,2594.0,37.510463024105825
27.658016,94.782655,0,120.0,0.4774537773095774
26.396685,91.803552,0,57.0,1.391763426244203
26.139181,90.764665,0,41.0,1.6876048941769748
26.014282,92.132363,0,331.0,7.454009592341948
29.394658,95.952714,0,4245.0,26.22573938607517
26.22591,92.073312,0,53.0,1.9091524329963763
25.551364,92.73756,0,456.0,6.91817481667161
26.777234,91.908352,0,145.0,3.5204050825976285
25.22275,93.758726,0,2068.0,11.768288932020646
24.313909,92.502857,0,54.0,12.207567919707348
24.437024,93.737167,0,793.0,2.385944030388813
26.720513,90.037729,0,191.0,0.0
25.248254,94.215826,0,1260.0,30.89167755260865
24.866095,92.528366,0,26.0,0.0
27.093287,93.099766,0,1176.0,30.621347645231793
26.435172,91.07391,0,45.0,1.9678637764222802
24.395424,93.660024,0,1455.0,37.19921925289739
25.494536,94.75377,0,2968.0,37.01523296718523
25.426901,93.965778,0,784.0,19.47622154296677
26.046008,93.051709,0,86.0,1.8175220187198482
23.226738,93.221597,0,758.0,27.90464791971911
24.237502,93.506548,0,846.0,25.789351911538603
24.546076,94.416634,0,659.0,14.481123401789075
24.252422,92.226011,0,76.0,6.2010537824392635
27.694994,92.445788,0,4810.0,26.644435887199457
24.623944,94.015801,0,782.0,1.012750369636371
27.534422,92.98452,0,551.0,20.553719488933126
25.615169,91.146198,0,1142.0,12.925951545439487
23.612639,93.0352,0,698.0,15.79642499508292
27.866807,88.79395,0,4964.0,17.274046531083112
28.852166,94.069207,0,4065.0,31.274111327369866
23.257695,93.041144,0,685.0,22.159545251940987
28.913412,94.225107,0,3270.0,31.027024196613823
25.572275,94.864766,0,1699.0,33.608258310846004
24.141649,92.509244,0,193.0,26.24522678855696
23.163641,91.574205,0,84.0,8.867442917822803
26.27189,93.536675,0,730.0,17.355474512865367
26.527768,91.222202,0,51.0,3.646970455272818
27.887739,93.418743,0,1062.0,37.678358808520535
26.110172,93.015933,0,78.0,3.7692440164074177
26.285796,92.521694,0,62.0,1.012750369636371
23.700745,93.006774,0,971.0,20.54441298478533
25.022642,93.091481,0,394.0,12.709800424919228
28.720461,95.072932,0,1726.0,22.361441170119782
27.39028,94.310634,0,98.0,4.380487094158032
25.236691,93.491347,0,1394.0,22.902099885228424
28.539069,93.286425,0,4688.0,34.79435850887287
28.63684,95.757318,0,1896.0,37.038767555809535
25.852754,91.288706,0,167.0,13.824682316158707
27.52349,96.900076,0,2732.0,36.93512402800127
27.442442,93.500447,0,1938.0,15.951766186006651
28.251203,95.962656,0,2125.0,36.492857256492904
26.751335,93.092847,0,82.0,0.7548944975654582
26.309578,91.097279,0,40.0,3.0543699951638654
28.042687,96.711995,0,3315.0,38.91623609507671
27.921669,95.437909,0,132.0,0.6752059787394532
25.675447,89.949889,0,103.0,16.665741309979975
25.878874,91.690008,0,404.0,7.416536974278209
27.404748,88.79258,0,4404.0,19.533610377933154
27.599413,92.738724,0,1847.0,13.828493153203073
24.010434,93.07708,0,346.0,23.553818131340975
26.882237,95.485093,0,1688.0,28.1492673515536
28.289723,96.157605,0,1775.0,39.48456125615153
28.306379,93.397527,0,3889.0,45.03626127495801
24.727685,93.437324,0,236.0,14.851062468857862
25.737557,90.95547,0,741.0,4.072588647671146
27.618669,95.070821,0,113.0,2.3859440303888126
27.576961,92.380581,0,4048.0,17.156881303434954
26.97439,95.239507,0,514.0,14.203597427432591
27.542425,88.20011,0,4779.0,31.018521490079827
29.351244,96.029427,0,4215.0,28.966958884266845
27.942712,95.780505,0,142.0,2.3619913818349927
27.337461,96.055316,0,215.0,12.407763538952459
27.863063,94.566029,0,1703.0,45.084302376449294
24.793221,92.676792,0,16.0,1.2171181316034883
26.452452,92.803395,0,66.0,3.3384705437643523
23.512847,93.355142,0,1378.0,23.374487477783493
26.596183,90.287217,0,75.0,1.9091524329963763
26.656009,94.633286,0,157.0,6.0172848640320336
28.273499,97.192662,0,3578.0,37.80132368153039
26.836858,90.327787,0,241.0,1.9091524329963763
28.11438,96.104095,0,1525.0,41.314155309190944
25.607741,90.26291,0,548.0,10.309790918800937
25.598828,90.268319,0,430.0,0.7548944975654582
25.11465,93.132841,0,768.0,15.220619174941184
25.862844,90.78536,0,68.0,6.804089732608741
23.858299,91.563028,0,168.0,6.281942803729766
27.244265,88.658038,0,1243.0,24.932657538079724
28.09725,93.045518,0,4468.0,12.604382648379184
26.05568,94.303931,0,891.0,16.481519112248904
25.35144,94.371177,0,950.0,18.394605946907408
26.297628,92.983995,0,342.0,14.434094830851231
27.917469,93.577256,0,1644.0,12.925951545439487
23.897737,92.668404,0,321.0,18.86358755562412
28.844629,95.120771,0,1289.0,17.721756522654722
25.359396,93.78114,0,1163.0,17.083143246452856
28.195259,94.657702,0,762.0,32.51806533253391
25.353135,92.627633,0,858.0,9.39236065800289
28.006253,97.110529,0,3742.0,33.86473809008295
27.641358,95.427837,0,123.0,1.0675202709770988
28.117011,95.900757,0,946.0,34.17150965459309
27.702376,95.303971,0,118.0,0.7548944975654582
25.73217,89.970136,0,26.0,2.9018215173024653
22.429267,92.926171,0,546.0,19.741330699998958
26.067072,92.650736,0,71.0,1.6876048941769748
27.565,92.178544,0,4232.0,19.78056829771728
26.493536,94.756862,0,503.0,23.061135616050905
28.512773,95.776302,0,659.0,38.072781873990834
28.671503,96.189796,0,2294.0,23.56723462203258
27.39001,93.75808,0,634.0,6.466625310264721
25.415694,91.359868,0,1505.0,9.191033686643834
27.128905,94.50005,0,91.0,3.109633021988153
23.140881,93.323897,0,1391.0,17.676493644843124
26.034029,95.068892,0,1639.0,21.6115960987222
26.36062,92.389386,0,60.0,0.4774537773095774
25.188381,91.608724,0,123.0,1.391763426244203
23.063727,92.476577,0,61.0,4.763641690726178
27.805979,93.601502,0,848.0,17.456590925928477
23.419587,93.382322,0,1000.0,30.554006084563266
26.571001,92.349704,0,65.0,2.6350263783644494
24.804963,93.093674,0,66.0,17.097922562599933
23.337133,92.671386,0,299.0,10.698770358091485
27.535413,95.283424,0,121.0,1.3502244696996157
29.198123,95.605573,0,3948.0,26.630175011834265
27.65654,95.768292,0,148.0,1.6876048941769748
26.363115,90.030387,0,54.0,1.6876048941769748
28.988197,94.898888,0,466.0,0.0
26.33021,94.878743,0,742.0,18.122699715761893
24.597605,94.04329,0,782.0,1.0675202709770988
28.165179,96.924242,0,3317.0,48.38128255490089
26.004405,91.387983,0,57.0,3.035723707408927
24.985047,93.093267,0,349.0,44.38263934949217
25.972877,93.715187,0,173.0,6.853224835121291
25.54472,91.90063,0,1842.0,6.423150913734816
23.966272,92.714493,0,580.0,20.766204419266597
27.486461,91.807001,0,3099.0,32.8464809288236
28.963894,95.195221,0,3026.0,38.91996498677513
29.032362,95.236994,0,3397.0,28.46421224394294
26.515261,89.907486,0,60.0,1.391763426244203
26.006532,90.178797,0,29.0,0.9548412538721887
23.975188,92.805318,0,571.0,22.99771348109526
27.796286,93.386985,0,1747.0,32.10351627298505
26.664621,95.090662,0,710.0,10.744415839592216
26.319909,94.989098,0,2075.0,28.475552296795804
27.760083,93.012798,0,1201.0,12.946519289312022
27.509306,94.844246,0,104.0,2.1342998941463125
24.861631,93.819774,0,813.0,3.7692440164074177
27.456946,93.105342,0,703.0,32.312656619027514
23.881823,92.524875,0,69.0,15.609525869125669
28.080696,96.67363,0,2065.0,31.121473842613405
29.112924,95.86211,0,2065.0,48.12150023826162
26.119146,94.236942,0,1299.0,43.032468831800706
23.890287,91.484713,0,75.0,6.926249082072704
27.653931,92.724351,0,1496.0,33.336091126582886
27.238682,93.483504,0,945.0,35.973557385134
27.366352,96.296434,0,597.0,11.102188334009536
27.255889,95.627854,0,176.0,10.48288165556538
22.629429,93.07994,0,1145.0,26.577778623734844
25.803381,94.147312,0,1294.0,21.743418679701104
27.712847,93.619426,0,1310.0,12.909470487562636
25.708992,93.002889,0,142.0,11.653262308925731
24.438758,93.198252,0,327.0,32.367608666295006
27.107468,93.172791,0,1848.0,11.945269066172736
28.655063,94.268959,0,2807.0,33.46122113078387
25.87136,93.29129,0,184.0,1.4320961841646465
27.551639,94.812759,0,104.0,2.052775101535614
24.756695,93.016737,0,36.0,6.281942803729766
25.171538,92.691543,0,1490.0,9.468127301102086
28.64717,95.672821,0,2388.0,32.80837483092349
27.613967,96.599244,0,2408.0,27.993888359268144
24.445386,93.859852,0,769.0,1.6876048941769748
26.650667,95.001856,0,764.0,18.373043149964378
23.060653,92.6357,0,352.0,33.52812500173322
26.142012,90.220322,0,35.0,1.3502244696996157
25.636532,91.978014,0,975.0,18.743164636660495
27.636115,96.850755,0,4068.0,35.16089877335206
24.855778,94.626497,0,786.0,26.630175011834265
23.088815,91.774338,0,33.0,2.0248682972773406
25.502089,93.87401,0,1499.0,33.862693945765855
26.749937,93.447561,0,75.0,1.6876048941769748
25.707498,92.809063,0,158.0,5.051152528017926
24.207875,92.556307,0,215.0,9.898627976311248
28.048781,96.135307,0,672.0,15.483414558201002
27.501089,91.953764,0,2997.0,34.66156061782989
23.08669,91.56954,0,86.0,10.288594753560313
27.708008,95.705381,0,131.0,5.139693807411478
23.411842,92.647352,0,761.0,14.397796297014603
25.937775,93.186696,0,170.0,7.660316591254672
28.008115,96.13442,0,309.0,5.641219812715514
25.915488,94.818488,0,1043.0,22.25977894945414
24.039511,94.183911,0,340.0,14.833525810160392
25.91291,95.006109,0,2387.0,24.600232017293425
22.696244,92.681322,0,238.0,23.104591120404265
28.504852,94.874563,0,1219.0,17.571258778322424
22.818888,92.476132,0,69.0,3.7692440164074177
26.378022,95.039616,0,1082.0,19.471220634490695
26.848674,92.398962,0,150.0,4.972358392400693
29.013691,95.162022,0,2125.0,18.28646508750085
26.582313,94.439901,0,246.0,14.039987708969864
22.681508,92.78149,0,437.0,31.373109839710963
28.30245,94.104031,0,1537.0,50.9702441746883
28.122389,93.992337,0,1814.0,27.990970091758022
25.929592,90.112953,0,39.0,2.7199233149201807
28.240135,94.367073,0,2883.0,34.2235824990441
27.321507,95.161017,0,118.0,4.072588647671146
28.55618,94.375067,0,1898.0,37.333355385331636
25.63082,90.374827,0,557.0,7.667577242751911
23.64605,91.197694,0,18.0,5.150652185902698
28.710875,96.127756,0,2946.0,29.77230894379481
27.010518,93.154722,0,444.0,8.327142652905913
26.975848,94.135219,0,85.0,2.4563945664087456
27.685456,93.675841,0,1455.0,22.476822833218517
28.313851,93.196612,0,3568.0,15.196769009398173
24.623081,94.425775,0,608.0,19.953446056132567
27.13362,92.119727,0,1560.0,38.492119025382095
28.543812,95.049292,0,1002.0,25.07455219584297
28.252241,94.929266,0,777.0,32.863871480635545
28.137259,96.422539,0,1880.0,45.90283204619512
28.65908,95.221096,0,1734.0,33.03247176064103
27.169327,94.619202,0,96.0,1.8175220187198482
28.455237,93.840708,0,1730.0,46.84630153422965
24.111703,93.444799,0,1367.0,13.206566483906398
27.498601,96.59387,0,822.0,15.291903460514277
28.032183,93.659129,0,927.0,43.33729752664123
24.684952,92.48955,0,52.0,11.329043821734258
24.128586,91.661018,0,49.0,1.9678637764222802
28.982168,94.289527,0,3929.0,27.93835272960235
23.89359,92.700101,0,299.0,30.347789794448904
25.647898,92.233562,0,1044.0,3.372286683433898
27.697937,93.580054,0,1769.0,8.543726239832896
22.681058,92.691468,0,283.0,10.555380466061171
28.051816,95.179578,0,1443.0,30.083778970748106
23.649043,92.354074,0,245.0,14.426843693074732
23.095329,91.616061,0,27.0,4.679912393493258
25.263051,91.378703,0,546.0,21.97409103386415
27.378713,92.535455,0,1273.0,17.86786049808541
25.602718,90.047676,0,125.0,6.2010537824392635
25.394572,91.061101,0,526.0,13.154219364771198
24.44113,93.301301,0,554.0,12.299416420588914
24.199749,92.864851,0,109.0,8.056359672969409
24.779165,94.148105,0,1128.0,28.644724980772644
25.539191,89.957068,0,48.0,5.006282271664123
25.921349,90.060603,0,29.0,1.012750369636371
28.230913,94.799874,0,768.0,27.423880886999655
24.998847,93.722061,0,1141.0,3.3214321859461395
24.900614,92.931793,0,30.0,1.7210061534334908
27.811543,94.535588,0,758.0,29.154333752122543
28.218482,92.945995,0,4390.0,6.423150913734816
27.525796,93.443137,0,1356.0,36.102291366410206
25.328443,91.036202,0,357.0,12.942408717624641
25.704436,94.938154,0,1370.0,32.65176013874374
28.231071,95.171583,0,1475.0,37.86524115867093
26.506364,92.619509,0,69.0,1.8175220187198482
26.294416,92.005985,0,53.0,3.109633021988153
28.87585,95.151809,0,2212.0,52.44874710656887
28.624342,95.330976,0,3019.0,35.75396004422658
29.024645,94.454077,0,3641.0,27.253840178947062
23.624915,91.553855,0,87.0,11.653262308925731
26.175783,90.102006,0,35.0,1.4320961841646465
27.631372,94.98222,0,109.0,2.052775101535614
26.491041,90.070903,0,50.0,0.0
22.594843,93.097268,0,1303.0,18.053902977226738
25.170445,93.306845,0,1275.0,18.001393061764166
26.353112,95.052589,0,2164.0,14.452204002210557
27.37966,88.232257,0,2073.0,29.30595368733661
26.050175,92.765873,0,68.0,0.9548412538721887
28.310627,95.096008,0,1221.0,31.852459831613984
27.320073,88.108495,0,3181.0,37.247373202381205
27.784882,96.511555,0,2005.0,30.431088723501656
26.248037,90.44753,0,37.0,1.5095270002735288
28.75752,95.622911,0,2374.0,20.186438039091527
28.694257,94.761124,0,1233.0,33.66215336793683
26.112282,92.752977,0,68.0,4.262693045214654
27.171619,93.279112,0,1470.0,23.759567592645983
23.168353,91.717228,0,92.0,4.393377408433921
24.550172,93.064229,0,49.0,2.1342998941463125
25.991731,95.030991,0,1810.0,20.17690151592555
27.875423,95.830342,0,140.0,0.4774537773095774
27.594682,95.345484,0,119.0,1.0675202709770988
26.566878,93.762925,0,102.0,2.8821812090202448
25.675998,90.294101,0,573.0,17.038709505535593
25.56092,89.87447,0,26.0,0.4774537773095774
26.420194,91.621498,0,55.0,1.8175220187198482
25.564649,90.165813,0,379.0,21.40622814196707
28.374472,96.887914,0,4049.0,29.308648588977857
25.768438,94.289839,0,745.0,13.961113236643119
28.640778,94.604191,0,1418.0,31.764434242777654
25.315927,92.014372,0,657.0,22.37797645656136
25.951695,94.985922,0,1326.0,8.18615983912048
28.412771,94.508904,0,2643.0,30.337664384844906
27.894665,96.771504,0,2212.0,18.27560580814835
27.47876,93.565252,0,999.0,10.111883288785483
25.647589,93.114315,0,259.0,10.309790918800937
26.711821,92.067943,0,98.0,2.433138796850444
24.606395,93.259633,0,516.0,26.284131994347053
26.587372,91.377437,0,60.0,0.7548944975654582
26.948623,94.747006,0,94.0,3.5204050825976285
27.843271,92.745104,0,3916.0,4.787290497376919
25.931817,94.924011,0,1136.0,24.094842552110705
28.524425,95.346083,0,2426.0,47.09361965530517
24.594192,93.025499,0,585.0,12.47226309643889
28.967929,95.493437,0,3196.0,26.593674030621376
27.636647,91.82647,0,3888.0,15.23762774435772
23.3602,93.205868,0,867.0,26.055867140830543
28.568949,95.161264,0,967.0,23.374487477783493
27.907474,96.903047,0,1406.0,17.713280866330773
26.255378,90.714745,0,38.0,2.052775101535614
27.870914,93.596471,0,1698.0,31.323088369431147
26.870444,93.704228,0,76.0,0.9548412538721887
23.913906,91.758475,0,256.0,16.133883035166313
29.186533,95.900754,0,2837.0,29.798489985377355
23.401611,91.408817,0,62.0,5.520212884789397
26.599983,89.899892,0,74.0,1.0675202709770988
24.817356,93.576397,0,338.0,13.832302773749781
28.193719,95.04736,0,952.0,22.54033110168392
25.896572,90.065308,0,28.0,0.6752059787394532
23.657972,93.393618,0,1099.0,19.30270023544207
28.392675,94.207631,0,2676.0,41.66441692204802
25.526953,92.932201,0,168.0,15.599614256886392
26.633765,90.760281,0,92.0,3.843668167321381
25.261827,92.821633,0,1021.0,6.317550481225067
26.572204,92.660105,0,68.0,3.584252301697434
27.931645,95.353278,0,139.0,4.044691235386269
24.865519,92.721856,0,24.0,2.7199233149201807
26.231859,90.414443,0,31.0,2.7199233149201807
27.75539,96.229802,0,259.0,5.226703690794332
23.636338,91.487938,0,85.0,6.18293016594826
27.463621,92.860369,0,2045.0,9.298200036904948
25.709464,91.198216,0,1207.0,13.089463376910485
25.956094,90.083977,0,27.0,2.7199233149201807
27.486929,93.982546,0,2280.0,25.8709276511253
25.368924,90.772338,0,200.0,19.711834233588025
25.379654,90.605077,0,251.0,14.86507416766643
25.337026,93.109621,0,278.0,2.7199233149201807
28.383263,94.139857,0,3203.0,43.37238901526399
25.457301,91.905048,0,1779.0,4.072588647671146
24.85783,94.399419,0,757.0,27.094354082385102
26.105273,90.21056,0,27.0,1.012750369636371
29.2001,95.61866,0,3244.0,41.37468734245809
25.834917,91.516552,0,493.0,17.136274503575986
24.457617,92.872642,0,107.0,2.8821812090202448
26.830465,94.569266,0,103.0,1.5095270002735288
23.530068,92.799062,0,302.0,22.850066084228267
26.791331,91.738321,0,164.0,3.471741285563965
28.797832,96.07446,0,3990.0,24.20198926725632
27.780908,94.051001,0,816.0,18.661440507023002
27.743247,93.787177,0,1597.0,15.503408837548553
26.809623,92.262533,0,118.0,4.168739961832943
27.029456,95.156079,0,112.0,1.012750369636371
23.484703,92.437443,0,392.0,9.20898742169279
27.180898,95.656932,0,396.0,32.285674292260644
28.475974,94.532559,0,2476.0,20.411167997672813
25.56435,92.747537,0,466.0,6.466625310264721
27.523443,91.770724,0,1478.0,36.72836821946153
26.162333,94.103068,0,340.0,17.959799689657103
27.696172,95.20371,0,117.0,2.052775101535614
24.961486,93.136251,0,49.0,2.0248682972773406
23.346022,91.685641,0,89.0,7.085726953533678
27.004252,93.80035,0,90.0,1.3502244696996157
25.977748,93.339165,0,164.0,4.262693045214654
26.390548,94.761592,0,1247.0,29.700096647446678
26.943779,94.470174,0,87.0,1.3502244696996157
25.089984,93.751337,0,1603.0,43.82002912224529
27.52802,96.589997,0,1161.0,16.874539775268598
27.188417,95.642987,0,343.0,26.113233272206745
27.161046,95.371188,0,134.0,0.9548412538721887
27.64937,96.131576,0,471.0,14.938380345292417
23.841067,94.127318,0,263.0,19.08864740084677
28.871461,95.273317,0,3150.0,50.29864295334362
28.722783,94.199499,0,2881.0,33.573963453775406
25.802166,89.926165,0,29.0,2.160788974078258
25.835309,93.083196,0,152.0,8.588925239163549
27.737955,94.13475,0,845.0,43.24667654838039
28.28022,95.842284,0,2431.0,31.51166169188398
24.490412,93.459523,0,614.0,15.70167123678081
26.768556,93.323152,0,77.0,2.8821812090202448
24.014256,92.401706,0,119.0,8.459106004104362
26.397908,91.988605,0,56.0,3.4389123953782974
26.723526,92.301711,0,90.0,2.385944030388813
24.453752,94.046789,0,848.0,14.724246751696764
28.12122,92.918681,0,4887.0,25.067574195417883
24.184691,94.19555,0,678.0,23.273326481355983
24.75424,94.19442,0,1479.0,19.868475685293085
25.712267,92.006766,0,933.0,15.06995574963759
25.836735,92.697695,0,426.0,22.546463428392716
27.776101,92.370365,0,5385.0,30.888004108711907
26.206835,93.478542,0,782.0,16.83544559915647
28.751584,96.355007,0,3673.0,35.92681617394175
26.491951,90.424256,0,62.0,1.391763426244203
23.187726,91.649895,0,63.0,6.379370208442804
26.605219,91.873416,0,72.0,1.5095270002735288
28.451164,94.919903,0,1295.0,22.315878731951145
25.814135,91.77084,0,517.0,28.924263824099626
24.20615,92.090563,0,58.0,11.395654497719997
25.892585,90.334826,0,192.0,21.80998227163216
28.677329,95.603094,0,2823.0,33.10221431149837
25.912817,89.89378,0,30.0,1.391763426244203
28.938729,94.577641,0,2072.0,28.202657674715695
27.518176,95.461428,0,126.0,0.9548412538721887
28.358939,94.229254,0,1774.0,24.104107613054275
27.442149,96.197546,0,327.0,4.1140753309278875
23.578634,93.314466,0,998.0,24.863891037796268
22.936434,93.122141,0,577.0,25.25493250635702
26.00513,93.572171,0,275.0,7.085726953533678
28.207791,94.070313,0,1482.0,38.925183943046605
23.142446,91.619746,0,42.0,1.4320961841646465
29.013051,95.400276,0,3255.0,58.820553530791315
26.231521,90.194461,0,37.0,3.3214321859461395
25.150789,92.56671,0,1161.0,26.206228705814937
27.963773,93.733809,0,890.0,40.96738188968084
25.958484,91.490743,0,58.0,2.3859440303888126
26.243888,92.958836,0,129.0,16.601549599020238
28.828894,95.198888,0,1699.0,21.20922266022638
27.744351,94.047074,0,756.0,32.473628752650036
22.847032,92.625683,0,131.0,25.831023238728513
24.316334,94.221181,0,381.0,16.419546536130245
25.671897,92.676898,0,676.0,8.246892638951962
26.931529,93.423285,0,111.0,1.5095270002735288
26.621258,91.147664,0,49.0,3.843668167321381
23.520233,92.56483,0,772.0,22.07341542334565
26.078914,92.228992,0,309.0,7.973233172986173
25.281027,92.066343,0,1030.0,5.9892184039642435
24.358511,92.434696,0,49.0,1.391763426244203
29.277711,96.034135,0,4107.0,44.92870055059524
24.552382,93.071837,0,43.0,2.6350263783644494
28.019171,94.864589,0,1090.0,21.683049555760363
26.97545,93.832734,0,82.0,2.5695028228896355
25.49825,92.636441,0,729.0,3.8436681673213813
27.497287,95.224259,0,120.0,0.4774537773095774
27.158302,93.919102,0,100.0,0.7548944975654582
23.080604,93.093195,0,1234.0,47.83918443961687
26.516397,91.036455,0,43.0,3.7692440164074177
22.342087,92.780569,0,218.0,19.51367436634892
27.357446,88.412528,0,3100.0,34.03756281454756
25.574812,93.700793,0,600.0,17.653807205632088
24.975072,93.596263,0,816.0,34.00618364641802
25.362987,90.788023,0,260.0,31.315930062176403
25.480104,93.658496,0,1738.0,10.046788047511114
28.852841,95.274979,0,3589.0,20.957647957804443
28.132915,95.024193,0,982.0,34.86371779585994
27.427891,93.392227,0,3044.0,11.981212095058318
25.110137,93.432501,0,582.0,20.96670452547173
27.990166,95.463898,0,136.0,1.391763426244203
23.807949,91.842547,0,136.0,9.8764738609297
26.276603,94.622085,0,1107.0,19.37587916013665
26.120862,92.582527,0,57.0,2.862405226111748
25.206078,91.733167,0,529.0,14.948817884559377
28.616268,94.883524,0,1291.0,38.7150572661946
27.515081,88.564166,0,1418.0,28.622268515554758
25.458333,91.500199,0,1678.0,18.133676292596157
27.333164,88.478026,0,620.0,25.915703593185818
22.875929,92.842292,0,432.0,48.05336880287437
26.419783,94.76538,0,1296.0,8.280429976643655
27.675452,95.958331,0,195.0,0.4774537773095774
25.665677,92.649851,0,758.0,3.8436681673213813
25.308974,91.989308,0,434.0,27.68015241505697
27.053072,92.16004,0,1423.0,36.492857256492904
22.646643,92.684886,0,332.0,29.538782259558097
25.269032,91.08065,0,386.0,5.396424351416363
27.166004,95.642305,0,416.0,14.833525810160392
27.378877,88.523856,0,1544.0,17.856675484800242
26.271792,92.944929,0,504.0,2.052775101535614
28.319092,96.818117,0,3970.0,52.08553789281805
23.556665,91.815948,0,100.0,3.471741285563965
23.406149,93.217697,0,1120.0,25.18752509848418
26.510322,91.041844,0,44.0,5.258953144814
26.056249,92.336649,0,202.0,16.30726771871584
25.50768,92.508328,0,996.0,24.62715144491095
26.01954,94.884488,0,941.0,28.46421224394294
26.182107,94.051151,0,280.0,22.30965536562337
23.760523,92.07795,0,168.0,13.597652288351247
26.483463,94.500632,0,409.0,18.48321077857491
28.077245,95.185776,0,1146.0,24.899192476857934
26.585869,92.338371,0,71.0,0.9548412538721887
24.147652,92.865521,0,190.0,10.683507759366373
26.490579,94.215228,0,136.0,10.850104629797377
25.224477,92.172698,0,760.0,10.482881655565379
26.623681,94.496147,0,290.0,12.407763538952459
27.874989,95.836782,0,138.0,2.4563945664087456
26.646869,92.078038,0,82.0,1.391763426244203
28.815791,95.336148,0,3429.0,33.74163505181039
25.457945,92.644583,0,798.0,12.489399527599762
24.229688,92.744796,0,133.0,3.372286683433898
26.924898,95.578379,0,1128.0,14.752539390568927
26.799434,93.605786,0,76.0,1.2171181316034883
25.873972,89.975788,0,18.0,10.622217433072436
26.358309,90.057794,0,47.0,1.5095270002735288
27.053075,95.251468,0,135.0,5.479268333625944
28.251588,95.049234,0,1067.0,16.656589723865856
28.277708,94.668566,0,313.0,1.3502244696996157
27.253825,93.640846,0,1278.0,33.44969447134621
26.374886,92.028717,0,54.0,1.391763426244203
24.310656,93.842758,0,848.0,6.526986519680234
27.964045,93.626494,0,1792.0,35.377471484176
26.38392,90.103316,0,44.0,1.3502244696996157
26.838777,93.029107,0,88.0,2.052775101535614
28.790343,94.221714,0,2438.0,48.991657940824616
27.206694,88.165407,0,2722.0,5.427642598914455
28.932691,95.783881,0,2361.0,16.808314433366295
25.733215,92.346887,0,739.0,19.173113592628148
26.778897,92.244948,0,111.0,0.9548412538721887
27.189574,88.477433,0,745.0,30.68841605381868
26.271459,94.812105,0,1030.0,24.260799584868057
26.267093,95.040132,0,1867.0,32.44133705799606
25.818244,94.399528,0,1684.0,26.12795202639169
26.632685,94.467686,0,154.0,3.471741285563965
27.936531,93.345921,0,2064.0,39.208844066957944
27.090649,94.897821,0,98.0,1.6876048941769748
24.030609,91.83227,0,69.0,2.433138796850444
22.691698,92.651816,0,576.0,19.29510913587704
25.935954,91.91286,0,576.0,3.016961309815993
24.168507,92.452307,0,152.0,8.697657668757381
25.92338,89.908581,0,31.0,1.9091524329963763
28.115666,95.87588,0,843.0,35.37374583378865
27.43538,96.165094,0,277.0,7.8538855043146905
28.035199,93.861466,0,1800.0,51.973868323198325
25.034785,92.83195,0,563.0,27.910514579944596
25.963948,93.760434,0,139.0,1.012750369636371
27.559692,96.215738,0,531.0,15.81919394750014
28.138923,94.00961,0,1408.0,27.38759135157418
25.588531,92.483526,0,912.0,12.442210235207455
28.120835,95.952366,0,973.0,40.899300601961514
25.604996,93.425707,0,246.0,2.8821812090202448
25.774034,90.824559,0,574.0,3.372286683433898
26.750286,92.696308,0,81.0,1.7210061534334908
27.669275,95.799638,0,143.0,2.5695028228896355
23.974028,93.812398,0,1436.0,19.07066731571445
28.026559,94.129031,0,714.0,37.19921925289739
27.680097,93.657038,0,1532.0,36.0407347065913
26.944677,95.007309,0,119.0,3.109633021988153
25.948266,92.441549,0,432.0,11.08264483156831
26.528303,92.339185,0,55.0,1.0675202709770988
25.804483,90.914874,0,292.0,22.334533970239395
23.951751,92.010963,0,78.0,9.046032026213705
27.38811,92.91926,0,1785.0,12.659323964606125
28.516117,94.041739,0,2621.0,31.744679866591962
28.005777,94.55824,0,747.0,21.1936199425887
26.233958,90.611153,0,38.0,1.3502244696996157
27.485344,92.048585,0,3889.0,9.427411064372352
26.069025,91.402124,0,47.0,1.4320961841646465
27.635225,94.747193,0,118.0,1.391763426244203
27.206624,92.181036,0,2897.0,30.684697159813553
23.308199,91.62167,0,58.0,13.12188701384177
26.886091,93.562007,0,86.0,0.6752059787394532
27.068059,94.049765,0,83.0,2.052775101535614
24.159438,92.71875,0,161.0,20.3853179274
26.627608,90.949155,0,65.0,1.0675202709770988
25.505492,90.081054,0,49.0,2.052775101535614
25.722462,92.2455,0,828.0,8.327142652905913
26.253957,94.398226,0,1077.0,12.416385315606288
28.509563,95.757664,0,1239.0,34.05979539736006
26.663957,94.728728,0,812.0,24.170658339888423
26.990667,92.223982,0,1616.0,30.811902922435316
28.035421,93.203222,0,2305.0,63.8104599969853
24.594746,92.845992,0,34.0,1.391763426244203
26.660195,95.176555,0,1129.0,28.222814437179903
25.033375,92.822849,0,898.0,24.578664031459276
23.075983,91.759337,0,48.0,9.748032163491192
27.06713,93.593239,0,282.0,7.832625705078162
24.451733,93.953816,0,774.0,1.0675202709770988
23.104194,93.152775,0,830.0,25.25665721979561
27.878821,93.343133,0,1483.0,33.239755086314034
24.852314,92.928778,0,42.0,16.46605279144296
27.677927,94.175937,0,1367.0,39.89618024744353
22.94712,92.81361,0,863.0,6.2010537824392635
26.82327,95.61195,0,2344.0,5.427642598914455
27.662929,91.659976,0,3318.0,30.671054054075753
26.505973,91.6562,0,60.0,0.3376147110174216
26.927862,94.653268,0,93.0,3.109633021988153
25.357715,93.722911,0,772.0,14.481123401789075
27.312395,88.446827,0,508.0,26.335861931523375
26.562327,92.338863,0,61.0,1.8175220187198482
27.832378,96.117989,0,186.0,6.2010537824392635
27.507217,92.169818,0,4044.0,25.5743067157341
28.260781,95.212621,0,334.0,10.92491063265941
28.561728,94.199785,0,2121.0,24.55166335676786
27.067783,93.95467,0,87.0,1.5095270002735288
25.889618,94.063545,0,432.0,3.4389123953782974
27.023804,93.820633,0,90.0,1.4320961841646465
25.82776,94.960766,0,2188.0,32.95054926917401
23.514735,92.798167,0,335.0,11.499465999742787
25.578043,90.913052,0,702.0,3.8436681673213813
22.501832,93.030494,0,1471.0,15.38297517411388
27.993101,97.163995,0,3637.0,15.104354647150723
24.627996,93.911779,0,770.0,1.391763426244203
23.922398,92.828975,0,249.0,38.46757814830217
28.106789,97.315843,0,4357.0,15.951766186006651
28.069165,96.978392,0,1517.0,46.2822617735928
25.692526,90.067575,0,41.0,4.72794257368475
28.477073,94.234614,0,3144.0,30.664848918844484
26.926303,94.304693,0,86.0,0.9548412538721887
25.771057,90.207565,0,198.0,9.51443116720917
27.765267,97.053155,0,3172.0,28.062319345545895
26.775683,94.23446,0,93.0,0.9548412538721887
27.482028,96.045457,0,182.0,4.100293712915969
25.985547,94.958091,0,1445.0,20.387669768422825
27.938918,93.493594,0,1772.0,42.652467306096796
25.484311,91.624975,0,1710.0,17.5484006137923
26.039923,93.392293,0,346.0,15.825692089271735
28.875751,94.125535,0,3078.0,52.23008485684332
27.514658,92.590935,0,2428.0,35.35790224961881
25.26614,92.004703,0,605.0,25.07455219584297
24.98419,94.258108,0,1664.0,22.048116262785268
26.798242,93.199671,0,86.0,1.391763426244203
27.201029,92.520022,0,1206.0,15.38297517411388
25.324805,92.589029,0,1216.0,13.278657435202685
27.350908,93.572684,0,1791.0,19.370844026969944
26.800343,93.418953,0,84.0,4.222687118252763
25.34491,91.919358,0,975.0,19.493711369590404
28.876814,95.639083,0,2961.0,22.838033840590064
24.404005,93.7868,0,784.0,1.8175220187198482
24.017778,93.987939,0,1035.0,26.899031814363664
24.004756,91.80645,0,98.0,0.7548944975654582
28.062788,95.617426,0,178.0,1.9678637764222802
22.905167,92.615001,0,149.0,5.479268333625944
26.211832,90.063397,0,53.0,1.2171181316034883
24.460128,93.768679,0,779.0,2.3859440303888126
27.906676,96.080977,0,189.0,1.4320961841646465
28.904211,95.339955,0,3737.0,45.74607266852494
26.07422,90.417165,0,33.0,2.0248682972773406
23.298977,92.535048,0,1067.0,19.295109135877045
25.831375,92.317682,0,718.0,9.83200384668315
24.324361,93.555332,0,971.0,27.19727721314564
25.217171,92.670754,0,1199.0,9.697272655464083
27.993813,94.577358,0,691.0,14.481123401789075
22.389897,92.731871,0,427.0,11.386165083355712
25.973275,94.809755,0,1657.0,36.673466655756364
25.562869,90.163557,0,344.0,15.42994442228038
26.6912,91.890561,0,88.0,1.391763426244203
26.687847,94.323758,0,117.0,2.5695028228896355
25.357867,91.120802,0,397.0,22.466555410680765
28.126096,96.131833,0,1872.0,33.19190654322504
26.560565,94.247302,0,122.0,0.7548944975654582
25.707489,90.872729,0,450.0,17.274046531083112
25.162609,93.741148,0,617.0,30.555255646111654
25.171655,92.82541,0,1152.0,4.972358392400693
26.330227,94.871759,0,673.0,11.630105013404506
25.230859,91.36466,0,381.0,41.639442180141906
26.982555,92.278468,0,1002.0,44.824355494355615
28.464773,93.888647,0,2530.0,24.74862531519583
26.644383,93.184019,0,61.0,0.3376147110174216
23.126921,91.679367,0,31.0,4.495148566143528
28.505171,95.415598,0,2444.0,28.407394824527156
26.603006,92.815052,0,71.0,8.459106004104362
24.198913,91.92819,0,115.0,4.289153328819018
23.815598,91.485595,0,54.0,3.4389123953782974
27.192891,95.993374,0,933.0,27.644424321631288
26.959243,94.777722,0,94.0,1.391763426244203
26.163526,91.190323,0,43.0,2.7199233149201807
27.20599,94.580902,0,94.0,7.543150097211876
27.673948,91.84515,0,4142.0,14.066164922222868
27.568949,96.362162,0,526.0,25.990057882346726
27.621936,96.574208,0,2156.0,34.319282596071126
23.119005,92.475918,0,115.0,23.187221488773567
26.793206,92.314656,0,110.0,2.052775101535614
26.057105,95.015251,0,1782.0,32.05109916793514
25.704584,93.168812,0,227.0,6.0637651384102655
27.846314,88.258008,0,5352.0,5.006282271664123
25.991988,91.70954,0,333.0,13.362200604250482
25.480143,90.795229,0,251.0,6.466625310264721
26.57533,94.018498,0,96.0,1.391763426244203
27.651579,95.082034,0,113.0,0.7548944975654582
25.703694,94.346534,0,1818.0,27.84439391191528
23.420643,92.856152,0,826.0,34.873327665117856
24.796419,92.468047,0,34.0,8.697657668757381
23.189688,92.444983,0,101.0,16.21928176965065
25.567328,91.994526,0,1350.0,23.391930812551294
27.295314,93.219215,0,1789.0,15.825692089271735
26.258713,94.892751,0,1888.0,22.499387499803486
27.574425,95.893094,0,153.0,4.289153328819018
25.745343,93.395635,0,257.0,1.391763426244203
24.824477,94.616378,0,627.0,9.015509788449524
25.403196,90.758534,0,182.0,9.898627976311248
25.337971,93.844648,0,1909.0,15.042369244334244
25.03841,94.33172,0,1387.0,8.219958742497676
26.456204,91.101701,0,48.0,4.168739961832943
27.670406,93.512613,0,1720.0,28.05505294022374
26.951418,92.489238,0,232.0,7.973233172986173
22.695572,93.027337,0,860.0,24.932657538079724
29.127382,94.859425,0,2766.0,45.56606191861454
26.037173,90.3723,0,32.0,1.0675202709770988
26.889787,93.561625,0,88.0,1.7210061534334908
28.361263,96.300812,0,3918.0,49.73664504238683
22.188247,93.128977,0,1174.0,44.8127706454555
28.973264,96.428833,0,4610.0,30.921035750838698
28.925156,95.883739,0,2759.0,40.46813396606929
23.469892,92.670428,0,591.0,19.85142324911409
24.268834,93.492549,0,988.0,13.585991207888908
27.187105,92.567647,0,1324.0,30.414714507014207
25.634203,92.807338,0,271.0,3.5204050825976285
24.094466,93.442054,0,1725.0,12.260147486012336
27.244199,93.114991,0,1515.0,5.226703690794332
25.896498,90.60611,0,68.0,8.280429976643655
25.753293,93.695058,0,193.0,2.263636058426967
25.739613,91.434717,0,354.0,25.663693996261472
28.35014,96.346052,0,3607.0,19.188418756936425
27.662903,91.812109,0,4329.0,32.06250837762413
26.932251,92.490864,0,173.0,5.570959980093077
24.005558,94.15945,0,385.0,26.417969659276
28.539875,95.608239,0,1278.0,40.05711897530876
26.999826,93.648018,0,302.0,17.159822613054004
27.992427,97.302679,0,4278.0,34.29242363523321
26.095953,90.168525,0,28.0,1.2171181316034883
25.974303,90.681232,0,54.0,3.016961309815993
24.633681,92.957112,0,29.0,2.433138796850444
26.421684,93.709033,0,136.0,2.7199233149201807
27.594324,88.379083,0,1946.0,61.76814149592233
26.495769,90.531463,0,60.0,3.6313935493230582
27.242275,95.361273,0,127.0,5.875572624808732
26.395743,94.058103,0,102.0,1.6876048941769748
25.623031,91.390746,0,1668.0,10.046788047511114
23.748245,92.37759,0,220.0,25.206565855680676
26.621603,90.833459,0,54.0,3.1996013002506887
28.499523,93.777364,0,2168.0,35.78577413644265
24.106833,94.177095,0,715.0,26.762796183610217
27.959768,93.235945,0,1118.0,23.21858658494179
26.532673,93.234021,0,169.0,8.697657668757381
27.286207,93.269554,0,2159.0,25.730832278525277
26.344071,92.38039,0,58.0,1.9678637764222802
27.349094,94.831364,0,101.0,1.2171181316034883
24.034179,93.133113,0,718.0,29.18694100835105
27.483403,93.426235,0,2553.0,40.61320907975954
26.738805,92.053874,0,105.0,0.4774537773095774
24.643994,94.493743,0,603.0,26.80049163668117
25.399682,91.129178,0,833.0,6.603755221333418
25.544277,90.647807,0,436.0,11.395654497719995
26.559296,91.758158,0,64.0,2.263636058426967
28.328629,94.030082,0,1387.0,45.569407475043604
28.720537,95.00585,0,1743.0,45.07342059162951
27.279205,88.764532,0,2265.0,16.228736705934203
24.313149,93.037659,0,139.0,32.12739051551343
23.160377,91.573488,0,83.0,16.753888986635726
27.024968,95.484166,0,689.0,9.937269293441107
26.456293,94.500212,0,366.0,11.447690637127957
27.728205,93.103434,0,1682.0,26.79421507792808
26.486618,91.830091,0,62.0,5.150652185902698
24.213393,92.713664,0,173.0,26.233861962637395
28.121245,95.346982,0,208.0,2.433138796850444
25.623287,93.831236,0,1019.0,10.246059403967996
26.483451,92.592414,0,65.0,0.7548944975654582
25.644513,90.651756,0,320.0,6.804089732608741
24.713082,92.845376,0,23.0,1.6876048941769748
26.300303,94.847427,0,866.0,28.30605964365266
28.702204,93.856184,0,4143.0,24.111515804807524
27.411046,95.341351,0,124.0,2.052775101535614
25.467606,94.131061,0,1805.0,15.042369244334246
25.001424,93.158577,0,137.0,16.82339398738753
27.368938,88.709657,0,3065.0,34.348081929044824
26.057422,92.51013,0,183.0,4.72794257368475
25.536094,93.927163,0,1812.0,25.71910306033686
25.997641,92.583774,0,74.0,2.7199233149201807
24.081039,92.870701,0,443.0,9.142972736785135
25.056406,92.831331,0,723.0,31.91356927243142
27.557811,88.284177,0,3542.0,30.17480904438851
24.473652,92.276013,0,64.0,8.16580964839238
25.719587,94.204536,0,1164.0,20.70185001577313
26.550454,91.585475,0,61.0,1.5095270002735288
26.230745,91.892269,0,53.0,1.0675202709770988
25.882057,89.989358,0,30.0,2.7818863802117484
27.989578,95.669328,0,161.0,0.4774537773095774
25.184327,90.765166,0,56.0,8.691301602734168
28.538939,96.151328,0,3267.0,8.735690934280582
25.261123,90.458149,0,51.0,6.629140282386492
27.26957,93.443567,0,1553.0,14.549536520794929
25.957609,91.086232,0,57.0,3.372286683433898
26.435091,92.639196,0,69.0,2.263636058426967
28.461033,96.259783,0,3668.0,36.973120451146535
28.721141,94.186088,0,2926.0,29.85724624003213
25.653531,90.763947,0,395.0,6.526986519680234
25.394096,94.173831,0,1334.0,20.441660999453667
22.644519,92.991809,0,929.0,19.741330699998958
27.06243,92.268753,0,2541.0,30.68841605381868
27.442506,92.192832,0,2358.0,28.386037765789645
27.231958,93.346081,0,1064.0,6.671226398049395
28.327295,94.319193,0,3091.0,48.94315600528589
28.021063,95.380714,0,159.0,3.7692440164074177
28.269415,95.736833,0,578.0,7.264626465193748
27.359005,96.391443,0,1321.0,21.42820647145751
25.728429,92.881752,0,112.0,7.572619707513907
23.479786,93.118127,0,910.0,20.357067134725927
26.276898,92.25536,0,56.0,2.160788974078258
27.885383,88.22799,0,5240.0,14.710076334813873
24.991582,93.091056,0,456.0,15.042369244334246
26.742603,94.816288,0,140.0,13.771202292081655
24.808845,94.567457,0,780.0,26.56505117707799
23.559231,93.313549,0,1123.0,27.46310439725756
25.516302,91.692695,0,1806.0,0.9548412538721887
27.272007,94.507399,0,92.0,1.2171181316034883
25.883033,90.049783,0,26.0,2.263636058426967
26.74851,92.802588,0,76.0,1.8175220187198482
28.213921,94.471493,0,2507.0,20.411167997672813
25.745784,91.017869,0,538.0,21.908229920876853
24.331481,92.866028,0,153.0,18.329819733358647
27.887838,96.36546,0,804.0,43.70463596904506
24.986515,94.189048,0,1417.0,26.185065798950866
27.162379,93.711982,0,352.0,27.432940772267944
25.118946,92.875799,0,209.0,15.179705807856672
26.937209,92.912999,0,109.0,3.931095784160226
27.354307,96.188803,0,679.0,8.280429976643653
26.365743,93.08035,0,490.0,17.90136233968102
25.249419,91.979201,0,279.0,25.419674139022334
23.741858,91.44115,0,74.0,3.3214321859461395
25.999709,94.417119,0,795.0,28.378912600173926
26.49135,93.16434,0,191.0,12.106073141102073
26.15587,92.054551,0,59.0,0.9548412538721887
26.186931,93.04324,0,80.0,2.433138796850444
28.296505,96.144095,0,2016.0,48.61508280039358
27.91078,96.9441,0,926.0,13.904455774158935
26.850493,94.89813,0,138.0,3.8436681673213813
28.327776,94.203984,0,1147.0,37.37452826837425
25.304386,94.515074,0,1144.0,32.6109934357264
27.640096,92.427317,0,4595.0,7.125016348901798
27.838118,95.854458,0,139.0,0.7548944975654582
26.324364,94.384558,0,618.0,8.380191745041826
24.771273,92.475125,0,24.0,4.289153328819018
24.167675,92.292023,0,156.0,5.730255777235155
27.384503,93.720878,0,1380.0,28.27596762384706
24.683453,94.424934,0,672.0,28.845470930234946
27.157597,88.212105,0,1002.0,24.346788347899246
23.770691,92.508065,0,395.0,32.53469816945699
26.760683,92.645323,0,81.0,1.2171181316034883
28.785082,94.67582,0,2558.0,34.369895822693806
27.341894,93.281584,0,2214.0,16.665741309979975
28.29714,94.305301,0,2038.0,37.47781378511902
28.85269,96.12988,0,3651.0,33.658013886398436
27.311506,92.784059,0,450.0,7.506142784255757
25.49222,93.374931,0,409.0,23.292830705929312
25.049501,92.762975,0,627.0,24.578664031459272
28.360119,93.96825,0,848.0,25.159789433981928
22.983951,92.66425,0,128.0,8.280429976643655
25.125625,94.19226,0,1390.0,24.591248866909307
25.994442,90.93006,0,61.0,2.1342998941463125
22.907387,92.694377,0,597.0,14.97660914519633
27.468853,94.491258,0,104.0,4.0586642321882005
26.150622,93.55141,0,1118.0,31.820083970374533
28.556127,94.871295,0,2236.0,18.023526254904873
28.785426,95.955957,0,2397.0,27.723220674069758
26.618426,94.43238,0,173.0,25.43844441156941
26.706628,94.651736,0,422.0,11.371914526441127
26.776919,93.030255,0,73.0,1.8175220187198482
28.041854,92.823963,0,3836.0,3.6313935493230582
25.852855,93.983471,0,411.0,17.562691357484656
27.188665,92.325912,0,1797.0,43.66542315243808
25.386894,90.422962,0,448.0,3.584252301697434
23.536216,93.168355,0,1168.0,31.699271442972726
24.124178,93.82878,0,859.0,15.042369244334244
27.422462,88.282895,0,2650.0,31.312349744847193
25.596289,91.8246,0,1440.0,10.430760195064721
25.542814,92.798038,0,395.0,6.804089732608741
28.039723,93.001873,0,2944.0,16.184555998670856
25.898401,92.077533,0,710.0,13.214598833651115
24.630815,94.26184,0,1047.0,21.596396693896956
27.827684,96.276348,0,248.0,5.520212884789397
25.213669,92.008645,0,104.0,29.30999587509259
27.141419,92.851021,0,1016.0,22.140679470491683
27.202433,88.117553,0,3086.0,30.06448299334969
26.762821,93.185434,0,82.0,1.3502244696996157
27.314484,94.36691,0,89.0,2.263636058426967
26.333153,90.751975,0,39.0,0.3376147110174216
25.554524,93.86406,0,1020.0,34.89732750522344
25.672932,93.683332,0,297.0,1.8175220187198482
26.072099,90.798526,0,48.0,1.7210061534334908
26.132299,89.779271,0,30.0,2.862405226111748
25.573894,91.655347,0,1680.0,0.9548412538721887
26.242279,93.490157,0,830.0,18.097971328519403
25.424953,91.298588,0,1423.0,12.946519289312022
26.780161,91.78666,0,149.0,2.1342998941463125
23.526656,91.848461,0,105.0,3.372286683433898
26.261549,94.609169,0,1680.0,10.373096895258447
25.474007,91.429249,0,1596.0,5.322852793549541
28.011638,94.502289,0,750.0,15.403125863548038
27.877874,96.503092,0,1553.0,33.789960817580415
25.977382,93.172989,0,140.0,5.150652185902698
25.168349,93.154747,0,992.0,26.10832406962671
25.207612,92.661131,0,1262.0,12.625545951830574
28.046592,96.103179,0,721.0,9.191033686643834
25.887566,92.456564,0,535.0,18.779921287170044
26.835224,95.28028,0,651.0,24.71299262486534
24.4779,93.625061,0,1176.0,26.732892343033605
24.619496,93.047011,0,177.0,6.526986519680234
27.88886,95.186457,0,241.0,21.596396693896956
27.455148,92.369316,0,3039.0,23.029456383543423
27.648345,95.139448,0,115.0,1.8175220187198482
27.185168,93.343811,0,1514.0,24.650445283609805
23.007804,92.618819,0,322.0,23.833218174029394
24.285503,93.298523,0,475.0,21.777809823956574
25.638804,90.116149,0,271.0,0.7548944975654582
27.647932,96.082458,0,425.0,2.6350263783644494
26.089529,90.49589,0,45.0,5.951584521749746
23.621662,91.429224,0,52.0,2.7199233149201807
28.139861,95.515734,0,243.0,1.8175220187198482
26.339688,93.895296,0,117.0,5.961015914468944
28.887653,94.268992,0,2199.0,24.36320187730541
23.443688,91.920458,0,104.0,3.5204050825976285
27.678518,94.772671,0,129.0,1.9678637764222802
27.667636,95.036091,0,119.0,3.471741285563965
24.468949,93.826266,0,770.0,2.7818863802117484
27.544821,88.705658,0,3289.0,26.042726513582522
26.381627,93.798805,0,135.0,3.109633021988153
29.071912,95.568778,0,3872.0,32.91701586172606
28.169871,95.360233,0,451.0,13.582101615290334
26.124846,93.00418,0,79.0,0.7548944975654582
26.833482,94.193868,0,86.0,1.6876048941769748
25.487607,90.412782,0,1006.0,5.062306669977521
26.503588,92.398243,0,61.0,1.3502244696996157
27.346167,88.613248,0,1609.0,18.658796522106226
26.808525,94.660862,0,101.0,2.433138796850444
25.459903,94.34029,0,1413.0,31.315930062176403
28.02773,97.036353,0,2770.0,45.344465011530446
23.660372,92.744761,0,435.0,39.476648235244184
24.545938,94.061307,0,795.0,1.5095270002735288
26.596698,93.604322,0,96.0,2.7818863802117484
26.552802,92.659663,0,57.0,0.0
27.545156,96.351144,0,472.0,19.603175151704185
25.346183,92.740806,0,963.0,4.168739961832943
23.729247,91.740603,0,255.0,19.694600815138024
27.349862,93.695791,0,1440.0,25.623277607780846
27.053292,94.496594,0,69.0,8.917089630363527
26.075229,90.302186,0,33.0,1.3502244696996157
27.587048,88.46796,0,3144.0,26.732892343033605
24.661875,93.153547,0,194.0,20.75932234748779
23.422544,93.184271,0,1087.0,18.58722489121147
28.574006,94.886063,0,2167.0,12.979350497927722
25.875878,94.330624,0,790.0,29.75658040269571
26.735359,94.81519,0,452.0,22.415117053734082
26.194738,90.245521,0,34.0,0.3376147110174216
27.577593,88.131064,0,5495.0,34.97388961135889
24.244898,93.582269,0,805.0,23.590208033306137
25.568601,92.581871,0,784.0,6.091478002079769
27.814337,94.755088,0,488.0,12.646669179823956
25.204038,92.306059,0,646.0,9.64622531297678
27.919041,95.478985,0,137.0,0.7548944975654582
28.246373,94.322854,0,1765.0,29.788022541457384
25.921894,92.325102,0,605.0,11.447690637127957
27.610622,95.354932,0,116.0,1.9091524329963763
27.949835,93.861511,0,1035.0,24.53544118605691
26.497036,91.428202,0,49.0,1.7210061534334908
25.353186,93.653045,0,607.0,30.68841605381868
23.718618,92.698666,0,872.0,29.27223030098363
27.090435,92.206368,0,2317.0,19.80014826842025
25.065351,92.722257,0,346.0,28.96145603883933
24.956363,93.508412,0,1517.0,15.874325631883014
28.891469,95.807103,0,1600.0,21.419418908984124
24.096178,92.504179,0,430.0,6.2010537824392635
27.670452,96.732571,0,3199.0,11.504160042371817
23.481297,92.658458,0,366.0,26.6047916406615
24.759194,94.319568,0,526.0,9.015509788449524
25.993853,90.95653,0,59.0,3.1818128120974354
26.404071,93.327191,0,633.0,14.920965202252992
28.91635,96.495346,0,3602.0,23.32204212346056
26.088369,90.04709,0,31.0,0.4774537773095774
26.480806,92.584967,0,66.0,1.391763426244203
24.962177,94.03524,0,832.0,17.721756522654722
27.260456,95.339737,0,129.0,3.931095784160226
25.571698,94.064877,0,2620.0,16.874539775268598
27.099736,94.995323,0,102.0,0.3376147110174216
22.093735,92.887407,0,496.0,11.945269066172736
25.299229,93.055486,0,413.0,12.04828213833979
26.552081,92.225661,0,65.0,1.8175220187198482
27.412721,95.439329,0,129.0,2.862405226111748
28.206342,94.18069,0,819.0,41.394387744693525
24.083866,92.497006,0,566.0,16.753888986635726
26.638329,93.787103,0,82.0,2.1342998941463125
27.889476,96.037287,0,168.0,3.016961309815993
26.101053,94.94778,0,1120.0,17.02683613640949
22.707723,93.037283,0,871.0,18.370345512861498
25.64667,92.079661,0,906.0,6.423150913734816
27.093114,93.952009,0,89.0,2.4563945664087456
27.257589,97.014019,0,2343.0,35.39236551897403
23.770747,91.832555,0,124.0,5.237476066812513
27.609264,95.014309,0,110.0,0.6752059787394532
26.818862,94.69169,0,102.0,1.012750369636371
25.146214,92.70877,0,1650.0,1.9678637764222802
23.358862,92.653876,0,691.0,14.103462835639398
25.1129,94.508621,0,2072.0,18.43494882292201
23.955183,92.965333,0,696.0,33.72721251377584
26.471022,90.930947,0,45.0,1.4320961841646465
25.822569,90.793522,0,180.0,23.750100573474086
28.741995,94.544263,0,3024.0,29.207287929987988
26.350196,93.631068,0,502.0,25.74422675587385
24.035641,92.541797,0,156.0,24.74862531519583
26.483856,94.898413,0,416.0,13.342363797088236
28.65297,95.31841,0,1886.0,59.95755470599998
25.108235,92.651802,0,1041.0,37.04296651263543
24.994174,94.655414,0,658.0,28.084099366691156
27.179678,88.363186,0,1090.0,56.77188414381171
26.240707,91.727106,0,56.0,2.3619913818349927
27.383739,95.766055,0,149.0,0.6752059787394532
24.33583,93.228317,0,237.0,32.367608666295006
24.48135,94.230594,0,966.0,30.378128880975513
27.176292,93.53181,0,2009.0,30.89167755260865
25.438186,93.45803,0,587.0,12.814236200163856
28.459309,93.758699,0,2425.0,57.20704734629106
25.408747,94.61734,0,1710.0,37.21334842151191
28.653415,93.991572,0,3064.0,24.634322367669885
22.440833,92.789908,0,242.0,16.48461023921887
25.539072,92.269107,0,1271.0,7.86095868417308
27.471396,94.088286,0,1240.0,41.278359841805916
28.55952,93.809936,0,4005.0,17.282793933851345
26.82295,93.128854,0,87.0,0.7548944975654582
26.968499,94.305089,0,90.0,2.3859440303888126
27.614105,95.612781,0,135.0,0.3376147110174216
25.814029,94.294801,0,566.0,17.596929516517847
24.001871,91.927934,0,105.0,12.888835435012426
26.274647,93.771951,0,366.0,11.37191452644113
25.997646,89.821052,0,29.0,1.6876048941769748
28.692697,94.655535,0,1208.0,60.307726270829846
24.34772,92.406702,0,55.0,1.2171181316034883
26.633114,94.445864,0,163.0,4.0586642321882005
28.146293,92.793185,0,4739.0,32.53469816945699
27.809507,96.489929,0,1830.0,32.57012547147069
26.579783,91.615858,0,61.0,2.052775101535614
28.230002,94.374703,0,2825.0,27.888503825996008
27.836149,95.467445,0,125.0,1.6876048941769748
27.016609,95.588749,0,1403.0,29.07799907556935
23.671541,93.077337,0,823.0,23.08682830638936
28.05059,95.611494,0,172.0,2.7818863802117484
24.827874,93.295637,0,1011.0,32.80837483092349
28.013151,96.81076,0,3453.0,44.4840356665782
28.872629,96.276725,0,3604.0,27.820820246061835
28.454682,95.941971,0,2490.0,35.474038649735355
24.965192,93.75157,0,1802.0,12.925951545439487
26.373122,92.05175,0,57.0,2.8821812090202448
27.214167,88.166511,0,2467.0,30.966194387550598
28.504005,94.051986,0,3007.0,23.63796307368513
25.880601,90.032445,0,83.0,8.767251443500896
29.097865,95.496288,0,3354.0,18.351447785210315
25.555745,91.177712,0,1252.0,13.797972309147761
25.192249,91.382402,0,65.0,13.709786427291844
27.418685,88.732167,0,3479.0,17.367068064949923
26.176938,90.76229,0,34.0,0.4774537773095774
25.213338,94.025509,0,1287.0,33.85962725015854
22.080372,92.873579,0,252.0,13.721326122250654
27.821836,94.082399,0,1265.0,14.567477216824015
27.579879,95.766143,0,147.0,0.4774537773095774
24.202799,92.202188,0,115.0,5.730255777235155
27.882387,92.845747,0,3793.0,36.134314696635705
27.664178,93.927026,0,1519.0,22.016434325499112
26.807985,90.356533,0,198.0,3.3214321859461395
27.650254,93.398576,0,2545.0,21.393026047204742
26.149187,91.840278,0,62.0,2.8821812090202448
26.463729,93.446851,0,455.0,8.56312820868944
28.009778,88.802535,0,5411.0,2.160788974078258
27.269233,96.174154,0,793.0,29.541439484010905
25.884976,92.333456,0,555.0,9.719867702432296
26.438646,92.794117,0,64.0,0.4774537773095774
27.349141,95.036513,0,121.0,2.052775101535614
25.983085,90.199177,0,31.0,1.0675202709770988
25.249516,90.10255,0,52.0,14.233109137789887
25.528225,91.976352,0,1428.0,21.000618813993764
28.729736,95.929602,0,2975.0,42.80933648328434
25.161186,92.35117,0,317.0,11.7637119046499
28.639544,94.359612,0,1733.0,24.377777615061017
24.296866,92.190847,0,42.0,2.1342998941463125
28.824967,96.562049,0,4295.0,27.41028169409525
28.064001,93.703937,0,1701.0,15.747500365404113
25.671349,90.503163,0,394.0,11.671751367544037
24.455817,92.735508,0,150.0,12.260147486012336
28.325333,93.534535,0,2876.0,34.13234572621558
25.399668,92.20616,0,1344.0,6.054498479394494
27.608835,88.270813,0,3333.0,18.202088390873595
25.517252,91.95955,0,1561.0,38.4045168714115
25.290214,90.908884,0,763.0,54.57031729351152
25.486131,90.993157,0,690.0,11.395654497719995
26.78183,95.427181,0,1137.0,26.880307851328986
27.932986,94.954412,0,488.0,14.920965202252992
23.762575,92.77128,0,620.0,29.39063279226727
26.867207,95.537392,0,1510.0,40.80122898599703
23.791426,91.985635,0,132.0,8.867442917822803
28.073148,94.927503,0,907.0,35.08426737770889
27.610543,93.510857,0,2579.0,21.83994971124597
26.212472,93.632498,0,747.0,11.395654497719997
28.213245,94.927371,0,1213.0,47.38868521390073
27.576009,92.73501,0,2203.0,28.899422426198566
26.816149,94.055355,0,81.0,2.1342998941463125
26.974342,92.817165,0,114.0,2.8821812090202448
25.413685,90.650733,0,900.0,17.367068064949923
24.949615,93.498035,0,1426.0,23.446076727072096
27.825099,94.131145,0,1270.0,22.40687120493745
27.218588,94.765031,0,103.0,3.109633021988153
27.060736,95.891659,0,1264.0,12.50650945509941
25.118464,93.870216,0,1620.0,29.594494506474955
26.386201,90.016664,0,45.0,0.0
27.620461,94.423128,0,419.0,30.61014308018781
23.953489,91.527091,0,148.0,2.385944030388813
27.778791,96.808111,0,2142.0,34.599150277388894
24.224819,93.439619,0,638.0,20.648782326696498
27.913,96.343044,0,1268.0,19.662542604417947
29.262757,95.904136,0,3994.0,42.85319517531308
27.45156,95.2078,0,116.0,2.385944030388813
23.89012,91.633236,0,46.0,0.6752059787394532
25.42687,91.49031,0,1599.0,23.088802938308035
29.300941,95.919937,0,3834.0,56.472982123436324
28.264937,95.974532,0,2389.0,27.590686362179106
23.393984,92.451108,0,282.0,13.378045743109908
24.667754,94.039159,0,789.0,2.1342998941463125
29.106735,95.993175,0,3962.0,30.09406096139528
27.300067,88.83912,0,3990.0,24.426873343832085
24.220985,93.783445,0,1127.0,20.37590688735051
27.579295,92.07487,0,4434.0,33.72412031569735
24.508204,93.63341,0,953.0,23.104591120404265
24.818287,94.543606,0,894.0,18.737906048136225
27.133079,94.035429,0,87.0,1.8175220187198482
28.263324,95.098058,0,1651.0,17.14510977096244
25.901951,94.614537,0,1568.0,23.934638252629068
28.90192,95.76053,0,2290.0,29.970253193070146
28.229125,95.365114,0,1149.0,28.264489545044988
24.810861,93.356372,0,259.0,18.77467605427877
25.677175,93.948104,0,1676.0,29.793257091501435
27.271516,95.529314,0,148.0,1.5095270002735288
27.660206,92.64001,0,2084.0,8.917089630363527
25.370838,93.194564,0,697.0,6.25509971741467
28.810207,94.226182,0,2474.0,36.733505603395045
22.909511,92.650061,0,429.0,21.047972492487517
27.257071,94.052376,0,97.0,4.0586642321882005
27.895252,88.281939,0,4860.0,20.664953051436868
25.530696,90.836599,0,580.0,5.759620519825523
26.508169,94.523069,0,399.0,23.74441766331019
24.427217,93.506244,0,990.0,46.62466245292635
26.658821,91.668482,0,83.0,2.1342998941463125
26.145998,90.085698,0,28.0,2.3619913818349927
28.286983,96.731152,0,3559.0,25.5743067157341
26.947847,93.550409,0,117.0,2.7199233149201807
26.571473,95.097212,0,1414.0,31.274111327369873
28.388522,94.877341,0,894.0,42.03111377419729
27.942997,92.910547,0,3718.0,21.50051299286269
27.432843,95.206552,0,119.0,1.5095270002735288
24.258318,93.366309,0,555.0,17.594079543115168
27.610703,93.550405,0,2019.0,24.38870074689113
29.142583,94.884868,0,2354.0,36.25383773744479
25.2552,90.206033,0,70.0,21.66575783812344
26.369217,93.284114,0,544.0,16.738731980922584
23.558508,91.855653,0,104.0,7.6530487205434135
25.653506,94.876189,0,1529.0,29.327500611186558
25.831445,92.811629,0,114.0,14.452204002210557
28.222014,95.25286,0,1224.0,49.36290700643989
26.933853,94.239527,0,86.0,1.391763426244203
27.335394,96.531436,0,1539.0,10.052230095483228
27.660757,96.4829,0,2536.0,26.82087387239509
25.777901,92.118401,0,1165.0,12.925951545439487
25.967739,91.235297,0,57.0,2.7199233149201807
25.720919,94.020596,0,1306.0,7.653048720543413
24.94456,93.754308,0,1494.0,45.297780008813035
26.091812,91.057624,0,40.0,0.3376147110174216
23.96301,92.521125,0,184.0,22.278501281930417
24.459134,93.416166,0,436.0,24.16881343581011
25.616782,94.592917,0,1076.0,14.262549526279019
25.382044,93.064656,0,342.0,6.926249082072704
28.928181,96.353665,0,4456.0,25.65191625517833
24.372643,92.040872,0,63.0,4.822542232360713
23.875491,92.646996,0,193.0,20.462735458857964
26.554388,90.118244,0,60.0,2.7199233149201807
27.800086,95.227295,0,122.0,1.391763426244203
25.255952,93.759624,0,1538.0,35.91601046714895
28.815069,94.805421,0,659.0,29.734272666889545
25.735481,91.311577,0,685.0,26.272794209239258
23.38254,91.73498,0,56.0,3.0543699951638654
27.6492,88.366161,0,4839.0,13.644181682158639
25.517856,91.088958,0,987.0,16.316660416077156
26.014944,90.651675,0,58.0,1.5095270002735288
26.104103,91.599309,0,55.0,1.6876048941769748
25.852759,93.349273,0,218.0,15.922779458176539
26.868808,90.400449,0,293.0,6.893893059635488
25.749284,93.970112,0,1030.0,23.56148608281846
28.491094,96.043537,0,3414.0,22.753549669872495
23.761391,92.135735,0,175.0,11.461836902818336
27.56092,91.774862,0,2905.0,17.274046531083112
25.23201,93.794189,0,1650.0,8.716696336468738
28.949632,96.05726,0,3467.0,73.40041103181076
25.671178,94.59757,0,720.0,14.592550602033427
27.28793,94.506937,0,97.0,5.710593137499643
26.655302,92.190389,0,81.0,1.2171181316034883
27.983491,94.431041,0,740.0,23.290881363103495
28.335492,94.805696,0,1098.0,14.624713477272469
26.879739,94.113373,0,80.0,4.393377408433921
28.419059,93.249225,0,3213.0,25.411135016332114
25.356717,94.344342,0,1220.0,10.024987862075742
25.793293,92.502911,0,713.0,34.25554494168284
26.527158,92.203207,0,61.0,1.0675202709770988
28.195495,95.83544,0,1041.0,15.268186189415482
25.372492,92.758418,0,937.0,15.609525869125669
27.117807,93.394969,0,931.0,25.07455219584297
26.929442,94.067168,0,88.0,1.7210061534334908
25.251249,92.485767,0,846.0,8.219958742497676
24.661745,92.537846,0,23.0,3.372286683433898
26.551593,90.860631,0,50.0,3.3214321859461395
27.271115,94.109934,0,90.0,3.1818128120974354
24.242347,94.015975,0,1354.0,24.736162827283795
25.647521,92.437653,0,813.0,4.679912393493258
28.187058,94.836427,0,617.0,12.826703654485945
26.549594,90.509418,0,64.0,0.6752059787394532
26.40849,89.991236,0,48.0,0.9548412538721887
26.901594,95.708078,0,1796.0,18.92342579250582
25.580747,94.538527,0,912.0,9.8764738609297
25.706617,92.414601,0,883.0,10.435985108785149
25.611162,94.886296,0,1478.0,34.54042250584795
27.583542,95.300091,0,113.0,1.012750369636371
28.236781,95.398885,0,1481.0,34.15143732408173
26.439062,92.58086,0,62.0,1.391763426244203
26.859132,92.727515,0,94.0,3.931095784160226
23.109445,91.795607,0,91.0,12.338544811627347
27.863672,94.931731,0,476.0,22.295124527309753
25.281841,94.010678,0,1283.0,21.546350076535884
25.439692,90.837982,0,353.0,4.072588647671146
26.124226,90.74645,0,38.0,2.862405226111748
26.244149,94.720992,0,1194.0,26.158981435332173
24.30179,92.98525,0,889.0,14.491950708622538
26.07686,90.234162,0,26.0,0.3376147110174216
27.033995,92.197178,0,1598.0,23.567234622032583
23.429731,91.330173,0,55.0,3.3214321859461395
25.907609,91.359364,0,244.0,15.329084884541667
25.620583,91.843243,0,1269.0,19.80014826842025
23.972717,93.072946,0,182.0,15.42994442228038
28.113337,95.540731,0,217.0,1.9678637764222802
26.546586,95.093604,0,1439.0,40.021036288278026
25.646541,90.925449,0,736.0,9.142972736785135
26.564608,90.924213,0,51.0,3.1818128120974354
27.412729,94.708048,0,104.0,5.139693807411478
27.724644,91.904601,0,4497.0,15.436640338110504
28.820021,94.256122,0,2206.0,25.548918931181753
26.67301,91.436067,0,86.0,4.495148566143528
28.034355,94.869665,0,832.0,28.264489545044988
27.264935,96.905038,0,1263.0,19.721672911135652
27.686727,92.774469,0,2046.0,13.262676008304846
29.141687,94.331571,0,3709.0,27.326930240367503
27.883385,93.517123,0,1045.0,13.206566483906398
28.006138,93.15025,0,2310.0,10.111883288785483
24.243976,93.828426,0,858.0,29.50153621491294
23.927676,92.256733,0,226.0,17.109734569428905
24.781389,93.926373,0,779.0,2.160788974078258
23.55638,91.512176,0,47.0,7.804184683040922
28.751627,96.002828,0,3563.0,32.02597107856493
23.549298,91.233049,0,40.0,3.8436681673213813
27.111463,97.096766,0,2566.0,35.872715082565435
24.204647,92.043665,0,59.0,6.804089732608741
25.67782,90.639398,0,306.0,1.8175220187198482
23.41207,91.670725,0,53.0,0.7548944975654582
24.13068,91.724546,0,115.0,3.646970455272818
25.576321,94.229868,0,1597.0,23.691279259823578
26.863531,92.554523,0,104.0,1.5095270002735288
22.254597,92.703097,0,449.0,28.37463602375791
28.303612,93.141281,0,2784.0,36.232654007001685
25.710548,90.830662,0,513.0,24.426873343832085
27.929498,94.16351,0,651.0,11.690207903932867
25.171662,90.425481,0,54.0,4.289153328819018
26.371462,90.8185,0,41.0,6.2010537824392635
27.092926,94.761223,0,96.0,1.0675202709770988
26.795551,95.069231,0,626.0,12.942408717624641
26.426858,94.641305,0,957.0,21.56377602443453
26.040374,91.745353,0,373.0,20.68341276454514
25.436176,93.460684,0,571.0,22.433654341377153
26.44325,90.330538,0,47.0,3.372286683433898
24.935149,94.006285,0,796.0,5.875572624808732
26.082321,95.126033,0,1966.0,35.328036918917455
24.700831,92.807034,0,30.0,3.5204050825976285
28.924507,96.142311,0,3926.0,26.10832406962671
23.676947,91.472277,0,64.0,11.546311187499878
24.18308,92.74538,0,118.0,16.2287367059342
26.617825,94.427681,0,139.0,11.179986107668157
23.57822,91.559934,0,67.0,10.683507759366373
26.71738,92.836957,0,74.0,1.7210061534334908
26.20167,94.654148,0,1446.0,28.20697905496611
28.429802,95.608234,0,1546.0,34.60794120280249
25.648671,92.278268,0,1037.0,8.588925239163549
25.705379,91.259284,0,1077.0,34.9155437050667
26.010582,91.698861,0,411.0,24.190938283150036
26.715923,90.191938,0,188.0,3.1818128120974354
24.354051,93.232283,0,280.0,32.677050778813964
23.629159,91.657624,0,81.0,2.433138796850444
28.948314,95.935049,0,3459.0,26.064074661084863
28.277118,93.981901,0,2406.0,37.590982545821966
23.718669,92.453338,0,373.0,19.193516920934954
25.102417,93.466014,0,498.0,33.70865055645308
27.398538,95.802742,0,143.0,2.052775101535614
25.953827,90.653008,0,67.0,3.3214321859461395
28.289628,95.551517,0,797.0,33.86473809008295
28.645627,95.990685,0,1141.0,59.844883352122785
26.302969,91.395394,0,44.0,1.2171181316034883
27.981434,96.376685,0,838.0,28.9339142910423
25.323499,90.895235,0,530.0,2.8821812090202448
25.412002,91.944847,0,1621.0,7.1171765367879605
27.88738,92.82294,0,4319.0,31.08642096192824
24.168034,93.43284,0,641.0,16.714445457116103
27.646271,94.407538,0,475.0,16.60461327981816
26.522227,93.464377,0,227.0,13.519692644101001
24.565639,92.979823,0,51.0,13.206566483906398
26.381324,91.574733,0,56.0,2.4563945664087456
27.342352,96.979134,0,3569.0,27.559258000655575
23.584329,91.845164,0,120.0,9.321835749415003
25.373473,92.155229,0,1323.0,5.808222980428714
25.46508,93.616416,0,1433.0,7.363740476577823
28.152033,93.323658,0,1848.0,17.168642770835042
23.322832,92.415893,0,326.0,15.951766186006655
27.650693,95.019787,0,111.0,0.7548944975654582
26.982999,92.186551,0,1596.0,36.75831307751383
28.635064,95.668108,0,2200.0,42.38312765927275
29.104198,95.857277,0,1897.0,3.1996013002506887
25.986613,91.218145,0,52.0,3.5204050825976285
27.79917,91.695358,0,3382.0,27.951522826640524
23.764621,92.767592,0,831.0,33.17379405775469
28.423503,95.396192,0,1755.0,38.523506161705484
25.936767,90.502552,0,230.0,33.09364658108503
27.809287,93.010688,0,2550.0,40.89667601609378
29.098657,96.093432,0,3013.0,24.75752120048139
26.738119,93.188739,0,79.0,2.0248682972773406
29.096842,94.800543,0,3404.0,34.06686306057424
26.920935,95.304217,0,664.0,16.133883035166313
25.492082,93.088125,0,230.0,9.697272655464083
25.582851,92.942773,0,131.0,5.875572624808732
27.971594,88.729488,0,5287.0,25.76429782575938
24.892467,94.278119,0,715.0,1.391763426244203
25.752351,93.106516,0,183.0,1.7210061534334908
24.289774,92.967097,0,903.0,30.673535456259355
26.877664,94.880596,0,256.0,20.09079841920037
27.382464,88.046422,0,3975.0,28.845470930234946
24.179429,92.610133,0,91.0,15.210403137986306
25.690118,90.601499,0,287.0,11.999138465478147
27.809638,94.966131,0,593.0,29.77230894379481
25.306502,94.409848,0,1249.0,19.59573743353876
26.788712,93.040776,0,71.0,3.109633021988153
25.40424,93.849714,0,1637.0,7.572619707513907
28.314659,93.740137,0,3329.0,30.04387577458915
22.935224,92.556445,0,243.0,20.600166246926694
24.577099,93.816477,0,768.0,0.0
24.502354,92.492803,0,72.0,1.0675202709770988
24.739331,93.950037,0,776.0,1.0675202709770988
25.278771,93.693638,0,527.0,9.280430939864935
27.867129,88.194677,0,5747.0,44.69488186535207
28.161902,95.633395,0,236.0,2.8821812090202448
26.044772,92.87366,0,72.0,2.263636058426967
24.518475,93.931534,0,773.0,2.052775101535614
23.180241,92.89021,0,646.0,23.82756479623918
24.480473,92.492198,0,55.0,11.314713656809744
27.681549,93.383385,0,2022.0,32.869302256737036
26.761944,94.097074,0,82.0,1.0675202709770988
29.172503,96.135773,0,3352.0,38.64539642007791
27.366181,93.901637,0,879.0,25.990057882346726
27.200662,88.631035,0,647.0,24.691575152551952
25.536537,92.552139,0,917.0,4.0586642321882005
28.211299,97.121531,0,3705.0,35.29811642184922
26.452539,91.890924,0,57.0,1.391763426244203
27.663302,88.511044,0,4716.0,48.51510611224626
29.274356,95.816532,0,2849.0,22.991754575465418
26.241682,91.09815,0,41.0,0.7548944975654582
28.553822,95.419596,0,3463.0,47.976459061196465
25.866331,93.973553,0,282.0,11.333816091683135
28.217129,94.003983,0,1962.0,42.38074861212636
27.940072,95.415433,0,128.0,0.0
27.522411,96.592939,0,1033.0,24.75752120048139
26.264798,93.302665,0,485.0,24.23693389272071
26.727683,94.622536,0,155.0,18.743164636660495
24.206136,94.074955,0,1526.0,22.515777778250598
25.619384,92.257722,0,1145.0,2.0248682972773406
27.250808,95.927933,0,540.0,1.9678637764222802
25.648124,91.77775,0,984.0,5.730255777235155
28.046748,96.946296,0,2842.0,39.31462864873003
26.236613,90.528294,0,29.0,1.7210061534334908
24.241289,93.859227,0,822.0,17.168642770835042
26.26419,90.18572,0,34.0,0.9548412538721887
24.026045,93.534995,0,1121.0,27.505240762859906
27.504257,96.037327,0,180.0,0.7548944975654582
28.450901,94.328278,0,3521.0,2.4563945664087456
27.124559,95.449913,0,335.0,21.280347710648364
24.026479,92.537781,0,66.0,13.362200604250482
25.519761,90.767828,0,331.0,17.576967469876386
26.708011,90.395357,0,110.0,0.7548944975654582
23.376565,93.076732,0,982.0,32.04539160072092
27.273664,88.278718,0,525.0,5.258953144814
25.692881,93.035255,0,371.0,15.042369244334246
29.134974,95.570121,0,3144.0,14.350447206010987
28.094875,96.42923,0,1683.0,34.39563830979855
29.061831,94.358687,0,3588.0,28.724478891475947
28.381095,95.655106,0,1656.0,38.079076328995825
25.829974,92.583959,0,427.0,3.8140748342903543
28.295522,93.524659,0,3239.0,24.793055768073742
27.454724,95.742374,0,147.0,3.035723707408927
28.739085,96.340537,0,4347.0,21.191389684474625
28.399688,94.517584,0,2092.0,28.509525790324393
25.674227,90.964663,0,825.0,8.582483688827132
23.67562,92.075657,0,270.0,8.219958742497676
27.546694,92.060058,0,4150.0,0.6752059787394532
28.507209,94.32341,0,2283.0,28.462794189425193
28.651473,94.189754,0,2685.0,22.684823831912844
24.840617,93.298993,0,1181.0,11.795709540896548
26.964671,95.61434,0,1348.0,18.133676292596157
25.292023,91.960822,0,1059.0,5.322852793549541
27.153465,94.459602,0,95.0,2.4563945664087456
27.548067,92.761369,0,1219.0,27.057328608247758
27.454529,95.103275,0,112.0,1.2171181316034883
27.454118,95.998855,0,173.0,1.6876048941769748
25.594562,93.65169,0,441.0,7.609288731470621
25.70929,92.838998,0,159.0,2.0248682972773406
27.955111,88.372043,0,5189.0,19.239320641900026
23.769384,91.639763,0,106.0,7.973233172986173
25.007839,92.928853,0,244.0,18.910438451642744
27.266287,92.790227,0,1511.0,31.95265267394044
26.424611,91.964932,0,62.0,2.052775101535614
24.813502,94.224586,0,1029.0,33.52812500173322
23.146534,93.053881,0,1032.0,17.959799689657103
25.883656,92.511752,0,578.0,12.260147486012336
27.006703,93.220017,0,435.0,23.446076727072096
27.29789,94.847969,0,102.0,1.012750369636371
24.549117,94.0432,0,790.0,1.4320961841646465
26.068939,90.682615,0,39.0,4.520227592644634
25.558541,90.458474,0,472.0,12.510782808631909
25.816651,91.574376,0,331.0,14.549536520794929
22.699977,92.63199,0,289.0,14.710076334813873
28.119012,95.49147,0,213.0,2.5695028228896355
26.369573,92.138198,0,52.0,3.3384705437643523
27.23456,95.255752,0,119.0,0.7548944975654582
23.760965,92.544447,0,444.0,21.526722307380663
26.133547,92.666825,0,61.0,1.012750369636371
25.556137,90.674302,0,481.0,8.104435709194412
26.379226,91.228279,0,41.0,1.9091524329963763
26.950849,94.779998,0,106.0,5.875572624808732
26.083514,93.522465,0,885.0,2.0248682972773406
25.388769,91.786297,0,1799.0,4.532714210582481
25.539759,92.904653,0,172.0,15.483414558201002
27.753404,92.958457,0,1343.0,42.779253086391705
25.234001,90.625498,0,72.0,11.405135172235026
25.676884,92.825277,0,189.0,6.804089732608741
24.781763,93.705647,0,1084.0,27.29499332496881
26.695182,95.325869,0,1104.0,25.663693996261472
28.582117,96.116157,0,3819.0,35.565430802303304
26.104314,92.597896,0,60.0,0.3376147110174216
26.332936,93.786265,0,176.0,14.262549526279019
23.397815,91.599751,0,78.0,12.557681307308359
28.051213,93.198203,0,3165.0,18.829656405370873
23.82951,93.232666,0,1431.0,21.092935083028795
24.896865,93.128306,0,47.0,15.128378509366811
25.417187,92.350593,0,1256.0,3.3214321859461395
28.243726,96.877271,0,3985.0,36.755748569205345
28.814202,96.204807,0,3587.0,32.990483623988744
26.691133,94.395691,0,117.0,3.035723707408927
28.864527,95.64722,0,2912.0,3.1818128120974354
26.258053,90.348714,0,45.0,5.759620519825523
28.512848,95.419564,0,2296.0,40.021036288278026
27.542003,93.350545,0,3217.0,28.64612749644701
28.070514,95.822502,0,218.0,3.389067065438376
28.314475,94.90894,0,1407.0,24.44139147294047
28.625987,93.645596,0,3915.0,22.526013004139898
27.788141,93.203432,0,1697.0,18.05666126835963
22.774394,92.859909,0,237.0,12.455100051295563
28.373903,96.07675,0,3415.0,35.63890752897078
24.288503,93.967478,0,889.0,5.710593137499643
26.359602,92.194965,0,59.0,0.4774537773095774
28.01098,95.461197,0,148.0,2.6350263783644494
23.540651,92.325041,0,173.0,10.030442717931757
28.994518,96.07662,0,3772.0,14.397796297014603
26.592833,90.508413,0,71.0,1.5095270002735288
24.995907,93.030498,0,181.0,19.31534334540923
26.451423,91.772611,0,59.0,3.6313935493230582
26.334253,93.98712,0,112.0,4.1140753309278875
23.984256,92.889583,0,628.0,25.597966255070073
25.466193,92.298941,0,1364.0,6.25509971741467
27.699007,96.939899,0,4385.0,36.782228693879276
25.556024,90.098538,0,46.0,1.2171181316034883
24.272637,93.409403,0,1517.0,5.006282271664123
22.772767,92.973998,0,570.0,22.476822833218517
27.651373,93.405759,0,2778.0,9.015509788449524
25.309681,93.576696,0,792.0,23.118392858722878
24.220676,94.235312,0,586.0,10.430760195064721
25.004266,93.32031,0,306.0,15.251218301460002
28.100323,94.401952,0,1604.0,18.053902977226738
26.347712,94.543203,0,1194.0,29.502867876342275
24.22369,93.351148,0,991.0,19.279915138601716
25.667696,90.579121,0,299.0,10.759583898850556
28.932319,94.806819,0,625.0,37.20670096119459
24.566551,93.278129,0,172.0,33.85553742798295
28.455645,93.856984,0,2224.0,33.3982497427651
24.860244,94.205923,0,1892.0,22.79182488065121
28.84439,95.204762,0,1955.0,47.098760986480016
28.147081,96.216333,0,2487.0,21.568129435647887
26.361119,94.569094,0,1299.0,20.793701549500007
23.919154,91.499889,0,122.0,8.842508257902008
27.162731,93.582445,0,1204.0,27.680152415056966
24.654027,94.084045,0,801.0,7.179645410861981
25.518128,94.229978,0,1559.0,14.434094830851231
24.913674,93.098098,0,45.0,3.0543699951638654
28.353954,93.693438,0,3010.0,43.485447681241126
26.961493,95.711551,0,1183.0,32.312656619027514
25.810388,93.873458,0,346.0,11.583636009094745
25.793258,94.967499,0,1941.0,11.804833968770467
26.252089,91.541943,0,56.0,5.730255777235155
28.357362,95.720029,0,1476.0,36.65110902894253
23.41995,92.506472,0,846.0,20.023484965553834
26.667285,93.916799,0,83.0,3.471741285563965
26.50005,91.951083,0,65.0,1.391763426244203
25.557685,90.714308,0,286.0,2.3619913818349927
26.51241,93.913925,0,95.0,2.263636058426967
23.656819,93.385367,0,1266.0,16.067079210634994
25.358412,91.794355,0,1151.0,27.993888359268137
25.410201,93.6762,0,953.0,26.6047916406615
28.304396,93.348755,0,3850.0,24.650445283609805
27.971564,97.050354,0,2385.0,27.935424611554197
26.020049,94.625391,0,1717.0,21.14000384355273
25.851534,93.699672,0,150.0,1.3502244696996157
25.700601,91.024974,0,829.0,1.9678637764222802
26.409166,94.616045,0,941.0,13.456950139244555
27.164915,94.216009,0,86.0,0.7548944975654582
28.787459,95.259447,0,2066.0,20.556045219583464
25.544266,92.538532,0,929.0,19.77321914637618
24.534224,93.864078,0,769.0,0.0
26.213054,93.833429,0,128.0,3.646970455272818
27.731691,92.615843,0,2886.0,12.909470487562636
29.290939,95.820237,0,3095.0,16.23188685787168
26.187098,91.26734,0,46.0,1.6876048941769748
25.911507,90.065584,0,26.0,2.263636058426967
26.121517,91.441356,0,50.0,2.160788974078258
24.660608,93.117219,0,64.0,4.715981714482646
27.20385,96.921557,0,1318.0,12.638224684699054
26.737759,90.388288,0,135.0,2.3619913818349927
28.250968,97.051432,0,2175.0,35.65813994416841
23.465713,92.916629,0,967.0,19.416098262857755
23.323994,91.292524,0,15.0,1.8175220187198482
28.299084,93.814198,0,2480.0,16.332300234000865
24.395345,93.927455,0,867.0,21.43040257774228
25.987218,90.866104,0,48.0,2.385944030388813
27.553029,88.372245,0,2937.0,24.260799584868057
28.54143,94.431064,0,1635.0,36.258247503868105
28.496611,93.710434,0,2290.0,36.39522791236143
27.410496,93.259274,0,2260.0,12.485117908823954
23.926151,92.109982,0,348.0,5.479268333625944
24.123681,93.150638,0,501.0,11.179986107668157
26.096742,94.915926,0,846.0,40.838820706291465
28.006325,93.745167,0,1043.0,37.60152555834086
27.271003,95.875502,0,333.0,7.431549720212324
26.726224,94.103161,0,87.0,0.7548944975654582
29.124625,94.970348,0,850.0,45.56271557272448
27.782353,96.610421,0,2899.0,41.488721100944495
28.222848,94.459457,0,2540.0,21.395227183926938
27.239214,92.364858,0,2142.0,37.16592466590954
23.273392,93.202978,0,729.0,33.03784710054073
25.940242,92.19692,0,853.0,13.582101615290334
28.333642,95.525946,0,1152.0,47.57654919531657
25.273676,93.30984,0,1061.0,26.206228705814937
26.452456,92.194806,0,63.0,3.0543699951638654
27.849792,94.410539,0,413.0,31.179329496657864
27.941808,97.313617,0,3406.0,49.64518012188957
26.075468,91.669665,0,194.0,20.532771786488425
28.549251,95.123978,0,1357.0,26.628589703310887
24.769487,93.606727,0,511.0,16.067079210634994
25.19592,90.572055,0,150.0,23.29867729659865
26.288261,92.783939,0,70.0,0.9548412538721887
26.586743,92.865045,0,72.0,4.903792362690797
27.512775,96.496378,0,517.0,4.431819877885358
27.437885,95.041144,0,106.0,1.8175220187198482
27.622863,93.391758,0,3197.0,35.69836234728593
27.833922,88.469562,0,4249.0,25.575997825418
27.570685,94.374248,0,370.0,38.81446815097858
26.777004,91.448192,0,131.0,2.160788974078258
25.797289,92.826378,0,101.0,1.5095270002735288
24.91974,93.421232,0,386.0,8.710355024840405
26.572059,93.534087,0,106.0,3.1996013002506887
28.48418,94.211512,0,2189.0,31.774882874770427
28.174042,93.479046,0,2140.0,18.122699715761893
28.189136,95.237533,0,844.0,37.506385535388326
26.540054,89.979851,0,59.0,0.3376147110174216
26.656335,91.108782,0,55.0,3.4389123953782974
26.212435,94.692734,0,1861.0,27.135908187759508
26.247129,94.630731,0,1118.0,12.106073141102073
25.750268,92.046991,0,982.0,13.824682316158707
25.758558,90.966231,0,660.0,9.39236065800289
24.268781,92.495944,0,45.0,1.9678637764222802
25.618746,94.378305,0,1349.0,28.91598750701401
26.77106,94.194039,0,89.0,2.7199233149201807
26.334178,90.060828,0,47.0,1.7210061534334908
26.364284,91.855285,0,58.0,2.9018215173024653
23.411862,91.70288,0,44.0,2.4563945664087456
24.299878,92.323438,0,85.0,8.16580964839238
24.431225,94.319845,0,437.0,15.131806783066482
24.137749,92.593216,0,108.0,12.726575502846693
24.26681,91.942676,0,116.0,20.212632236452095
27.907835,96.820828,0,1691.0,33.825855593836835
27.955653,93.310498,0,2204.0,34.06686306057424
27.452158,92.502127,0,1529.0,25.831023238728513
28.282415,95.398313,0,1405.0,32.712173193848756
25.233373,91.066836,0,360.0,16.604613279818164
26.698825,94.181126,0,93.0,2.385944030388813
25.700904,92.042391,0,882.0,10.160408198552636
25.996004,92.593119,0,84.0,1.3502244696996157
27.165134,92.896382,0,1196.0,22.37797645656136
23.322863,93.303025,0,1043.0,23.492341062623062
24.758678,93.316448,0,426.0,26.055867140830543
29.136205,94.792979,0,3644.0,28.994445658830436
23.171201,92.483459,0,495.0,39.208844066957944
27.621416,94.45987,0,348.0,39.50468533483597
28.254875,93.983506,0,2836.0,52.756168300703806
27.834305,96.65958,0,3117.0,17.282793933851345
23.14129,92.528212,0,380.0,3.016961309815993
25.285091,94.144957,0,1581.0,12.53638838286113
25.357027,90.641935,0,184.0,9.015509788449524
25.635227,93.27345,0,397.0,20.404122377890886
28.643096,95.432066,0,2159.0,41.09422074053228
28.191019,94.218902,0,1293.0,30.177366030617918
26.281897,91.973621,0,47.0,0.3376147110174216
24.378765,92.743349,0,240.0,13.904455774158935
25.44543,92.271244,0,1233.0,9.280430939864935
25.663994,90.368192,0,530.0,2.385944030388813
25.462937,91.002467,0,601.0,5.139693807411478
25.70392,93.792003,0,478.0,22.684823831912844
23.107031,93.142745,0,1054.0,19.563463986717068
27.927392,92.923682,0,4084.0,10.555380466061171
27.264196,94.776537,0,97.0,0.7548944975654582
26.024717,94.754749,0,1503.0,34.54434428629451
29.19272,94.498474,0,3696.0,33.63419153712273
26.129294,90.480061,0,39.0,4.072588647671146
27.899078,95.894281,0,154.0,0.4774537773095774
27.388275,92.848325,0,959.0,32.333986324775005
26.823332,92.520264,0,99.0,0.4774537773095774
24.747129,93.163576,0,80.0,16.394677036750892
26.817706,94.586973,0,98.0,2.263636058426967
27.103396,92.46402,0,2536.0,34.97102503575276
27.015804,94.107867,0,86.0,0.9548412538721887
28.41304,94.159857,0,3488.0,34.11826393583708
24.358047,93.644643,0,1493.0,27.29042583865915
27.524232,93.798662,0,1738.0,11.314713656809744
27.862211,96.859746,0,1821.0,40.052266599643744
25.129133,92.187485,0,21.0,8.118116632592285
27.520941,95.077742,0,116.0,4.1140753309278875
27.108284,95.264363,0,121.0,1.3502244696996157
25.955662,92.217098,0,628.0,4.5823147648922165
28.717192,95.00205,0,1558.0,29.195082782485805
24.525227,92.99646,0,496.0,27.264519412325694
28.02349,95.220889,0,355.0,31.052506099322
26.445888,92.315958,0,63.0,4.072588647671146
22.533388,92.865008,0,729.0,21.71973034111031
26.547961,90.577465,0,59.0,3.109633021988153
23.531309,92.858399,0,715.0,26.509251945803687
24.071689,91.779775,0,98.0,15.649096780194936
26.286694,93.323063,0,659.0,17.84828088839682
23.772497,91.527065,0,135.0,2.4563945664087456
27.216713,88.545849,0,1751.0,17.63108390496476
26.108663,92.822399,0,66.0,1.391763426244203
25.703596,91.885833,0,892.0,22.243118000960607
27.166381,92.27981,0,2385.0,41.053357375195716
27.156848,94.130543,0,85.0,0.7548944975654582
28.598584,95.150741,0,1090.0,26.522022837937527
28.131122,95.779401,0,245.0,2.5695028228896355
27.34561,96.138773,0,383.0,20.347638404920296
28.855227,94.790686,0,977.0,31.87900683454692
25.38699,92.052507,0,1445.0,11.319492607131133
25.968924,92.703557,0,66.0,2.6350263783644494
26.377919,93.828079,0,139.0,3.8140748342903543
25.409665,93.105165,0,265.0,10.860111440590474
24.146591,92.436587,0,99.0,8.38679794033457
24.159512,92.260626,0,158.0,6.926249082072704
27.147371,93.47636,0,1342.0,30.09406096139528
25.115463,93.690675,0,650.0,20.648782326696498
24.463385,94.190673,0,1458.0,15.268186189415482
28.024181,94.359473,0,885.0,27.56824365871051
26.822097,91.902815,0,197.0,1.012750369636371
25.37613,90.684619,0,533.0,7.543150097211876
27.959266,96.111646,0,240.0,5.051152528017927
25.614715,93.254093,0,453.0,3.3214321859461395
25.783198,93.864963,0,362.0,17.80061664566053
24.775117,92.840456,0,23.0,0.6752059787394532
26.006246,92.931756,0,72.0,2.052775101535614
28.21801,96.710919,0,1938.0,55.67604238601661
24.875996,93.779134,0,1166.0,25.62327760778085
23.116483,92.726729,0,565.0,34.7014168409633
25.948456,94.523906,0,998.0,5.062306669977521
28.069826,94.353123,0,922.0,19.97521748091228
28.848553,95.023199,0,1868.0,25.757610218736986
25.224939,91.599919,0,509.0,29.69219983443898
27.576734,96.749851,0,2386.0,14.506372352544124
22.964948,93.136956,0,344.0,15.747500365404113
27.226414,96.893431,0,1654.0,36.71637457580036
28.195287,93.286407,0,1881.0,37.18091583547507
26.739512,90.097981,0,227.0,3.9454763934793324
25.555024,94.632519,0,1052.0,22.159545251940987
28.347368,96.085334,0,2174.0,43.67142079827721
26.789107,92.269999,0,115.0,2.4563945664087456
26.335254,91.36319,0,45.0,3.471741285563965
28.148268,93.991358,0,1192.0,33.27263643325093
27.210868,94.841327,0,100.0,1.0675202709770988
26.296391,90.108016,0,48.0,0.9548412538721887
26.738798,93.500206,0,76.0,1.0675202709770988
27.555329,96.451941,0,796.0,4.822542232360713
27.555201,92.066178,0,3975.0,23.391930812551294
24.591035,93.674176,0,584.0,12.106073141102073
27.128941,92.385897,0,2590.0,19.23169663439495
22.120883,92.601591,0,404.0,7.572619707513907
24.371141,93.231136,0,320.0,33.573963453775406
25.73727,94.793341,0,1279.0,28.2530034750777
26.07721,91.357558,0,50.0,5.427642598914455
25.379637,90.065976,0,98.0,7.085726953533678
25.325583,93.990038,0,1343.0,7.210668433030249
26.516942,91.59368,0,58.0,2.160788974078258
24.710258,94.217177,0,1508.0,26.246849689869403
26.315347,94.562999,0,977.0,15.79642499508292
26.217359,92.662203,0,68.0,0.6752059787394532
24.731049,93.761768,0,948.0,2.3859440303888126
24.850479,94.483012,0,776.0,10.606834346352132
26.692961,93.306213,0,64.0,0.3376147110174216
24.20054,92.17782,0,83.0,9.970261598239336
28.695073,95.907312,0,1922.0,31.83859224240431
26.638205,93.268665,0,83.0,5.051152528017926
27.762384,96.418505,0,2110.0,22.705068521453082
25.707687,94.077931,0,1187.0,13.934706376086588
26.943346,95.434002,0,1628.0,26.504460290652286
24.842912,92.464291,0,18.0,1.391763426244203
25.800009,89.915769,0,30.0,1.4320961841646465
27.081755,94.863292,0,96.0,1.0675202709770988
27.91786,94.066161,0,1723.0,18.130932944052347
28.722224,95.746559,0,3090.0,24.922097110464204
26.216133,90.992165,0,35.0,0.0
24.701218,92.734607,0,19.0,5.641219812715514
28.656865,94.516625,0,1727.0,36.89364713622583
22.468627,92.978573,0,644.0,9.473928575668808
28.478997,94.368057,0,2446.0,23.007639994882204
26.166498,91.702571,0,205.0,14.203597427432591
28.570376,95.160289,0,964.0,14.222050628593289
25.620631,93.897417,0,1961.0,59.16497653965935
27.17636,94.701067,0,93.0,1.0675202709770988
28.727754,94.50607,0,3889.0,9.520202144985053
27.680265,92.770687,0,2210.0,38.96092425814325
27.823204,94.801203,0,629.0,23.259659228223583
25.847782,90.419833,0,122.0,15.980689173942812
23.641599,92.329356,0,368.0,26.568233966514043
27.628893,95.772588,0,147.0,3.471741285563965
27.541973,96.028912,0,171.0,1.7210061534334908
27.622424,96.367674,0,1232.0,30.61014308018781
24.793229,93.401968,0,567.0,12.485117908823954
25.414425,91.762568,0,1837.0,16.753888986635726
29.223975,96.121846,0,3599.0,24.052154087563277
26.490174,91.746359,0,64.0,3.471741285563965
22.007039,92.928028,0,126.0,27.057328608247758
25.634659,93.037091,0,297.0,12.088324264908154
26.094788,94.531525,0,1460.0,19.08864740084677
26.840088,93.869365,0,75.0,2.5695028228896355
28.267293,94.895504,0,1339.0,31.160066779905723
23.009777,92.645753,0,594.0,30.475092737794842
27.151372,93.104987,0,1062.0,12.30377093525282
26.082372,94.460148,0,933.0,17.062425420209564
26.024056,92.03921,0,257.0,10.373096895258449
24.923153,92.609575,0,19.0,2.433138796850444
26.718283,93.301017,0,72.0,3.389067065438376
27.494568,92.874874,0,1527.0,36.812924917204015
25.635966,91.705765,0,1425.0,5.396424351416363
25.382152,90.155519,0,120.0,14.222050628593287
25.799859,90.850453,0,336.0,4.393377408433921
26.034511,92.143056,0,345.0,8.56312820868944
27.293513,94.656027,0,100.0,7.1171765367879605
28.650383,94.621376,0,913.0,12.625545951830572
28.410421,96.636719,0,3660.0,62.45750982183011
23.192245,92.866755,0,514.0,42.8837043079595
24.79299,93.940258,0,781.0,2.8821812090202448
23.883262,91.308491,0,37.0,6.466625310264721
25.708835,94.983024,0,2455.0,29.734272666889545
25.752342,90.332378,0,333.0,5.520212884789397
28.304141,95.333941,0,2735.0,30.551506678153704
25.34233,90.188319,0,133.0,14.99394764674036
28.013107,97.306093,0,4701.0,48.81583858204151
26.695535,94.373304,0,116.0,2.4563945664087456
27.959726,92.925625,0,3010.0,35.72390637044199
23.949876,92.445418,0,148.0,9.970261598239336
29.209354,96.070877,0,4074.0,65.69825355248601
28.244734,93.4734,0,3316.0,41.69246423333712
27.329613,88.288489,0,1372.0,15.691829697242303
24.998475,93.404371,0,603.0,27.31933183917133
22.464092,93.122439,0,607.0,34.283460811774525
25.911387,90.598376,0,68.0,4.1140753309278875
29.174002,96.205912,0,3468.0,56.94985285319851
26.232911,92.59054,0,56.0,1.9678637764222802
26.277985,94.710499,0,1185.0,35.94840588382745
28.281139,94.561698,0,793.0,17.274046531083112
25.512217,92.102736,0,1093.0,5.875572624808732
27.347027,96.3594,0,1167.0,23.0611356160509
27.833999,93.464267,0,1399.0,21.64844674283294
26.501036,94.896205,0,328.0,13.202548211490393
27.109221,94.765997,0,100.0,5.139693807411478
28.517358,96.063304,0,3600.0,68.06320812018795
29.013715,95.32772,0,3107.0,23.15186130691137
28.361049,94.581925,0,1224.0,21.86985930890943
28.634691,94.00143,0,2229.0,30.8622671178205
27.86425,95.287132,0,144.0,1.9678637764222802
28.65268,96.350619,0,3243.0,31.670097621922785
24.643346,92.448195,0,14.0,1.4320961841646465
25.642355,91.823165,0,1004.0,9.44488394710172
25.374448,90.587324,0,196.0,4.0586642321882005
28.230132,97.268113,0,4226.0,10.698770358091485
29.165919,96.146684,0,2671.0,14.920965202252992
26.414324,92.916988,0,69.0,2.8821812090202448
27.37023,88.698426,0,2518.0,18.64821573021375
23.855975,91.785049,0,97.0,3.843668167321381
22.394233,92.758088,0,604.0,30.720611476635867
24.673757,93.432344,0,307.0,22.6056192976606
26.84343,93.150869,0,95.0,2.1342998941463125
28.252638,93.272586,0,2854.0,17.605475947467195
27.41193,95.071821,0,110.0,0.7548944975654582
26.242987,91.830643,0,117.0,20.3853179274
26.564745,93.516888,0,222.0,9.304114994285008
25.040222,94.271643,0,1094.0,26.579368859069575
27.578926,95.833288,0,157.0,2.6350263783644494
22.397394,92.902384,0,658.0,17.470976189870605
27.598124,93.948917,0,2695.0,46.29225284677329
27.595459,95.19167,0,113.0,0.3376147110174216
27.964893,88.356246,0,5137.0,11.877548072775069
27.255597,95.480847,0,156.0,8.001043010589031
28.632844,93.376661,0,3191.0,31.572869057177765
23.99433,92.852209,0,397.0,26.477281042311844
25.21527,94.548022,0,1757.0,21.880527338520384
26.010238,94.804581,0,1174.0,36.77112945913797
28.968257,96.146,0,3341.0,42.85607607697462
25.154133,92.164014,0,96.0,12.709800424919228
24.574295,92.492914,0,39.0,11.976725812374069
28.009423,96.0884,0,289.0,7.8538855043146905
27.774691,92.350189,0,4740.0,43.66378700458582
27.544069,92.383447,0,3597.0,38.18101115300364
28.266034,95.519185,0,1092.0,19.689673297252913
23.675124,92.642739,0,447.0,38.279961821565266
24.611379,93.020861,0,415.0,8.530765609948133
27.760054,91.774878,0,4458.0,23.893396656492648
28.145543,94.756868,0,875.0,18.910438451642744
27.316404,94.906227,0,104.0,0.9548412538721887
27.532268,88.332227,0,4687.0,40.66726026452703
26.698338,94.431036,0,117.0,2.862405226111748
28.041276,93.064253,0,3379.0,57.475147598549626
27.705213,91.759619,0,3634.0,36.47198661836821
26.059911,92.589145,0,63.0,1.0675202709770988
27.289937,92.936017,0,401.0,19.193516920934954
27.605099,93.8999,0,2025.0,24.578664031459276
23.614237,93.082802,0,1113.0,25.383779592542716
26.675634,94.717646,0,254.0,6.379370208442804
26.814517,92.245427,0,129.0,2.8821812090202448
24.669382,92.923137,0,27.0,2.052775101535614
26.509686,93.780604,0,101.0,2.052775101535614
23.578376,92.880711,0,526.0,16.36040582530699
24.755714,93.594978,0,322.0,19.97521748091228
27.013951,93.480209,0,436.0,32.38774917111953
27.944719,97.074025,0,3930.0,35.0472412985805
27.064696,95.33892,0,310.0,6.0637651384102655
27.482428,96.256166,0,458.0,3.5204050825976285
26.74079,92.938304,0,69.0,3.5204050825976285
25.484977,92.658206,0,699.0,5.269658122688171
28.177799,96.198649,0,1912.0,25.791020813818797
25.943012,93.436515,0,145.0,5.885129333686067
26.150889,90.330634,0,27.0,0.0
26.573273,91.381258,0,59.0,1.3502244696996157
23.333826,92.973359,0,1331.0,25.51670402283305
26.250586,90.785088,0,39.0,5.226703690794332
26.569125,93.687617,0,149.0,12.913592996362771
26.176239,89.902434,0,44.0,0.3376147110174216
25.21742,91.911292,0,653.0,3.372286683433898
24.709582,94.240418,0,1435.0,20.307500221928045
22.175686,92.624252,0,197.0,21.271475106637943
25.41102,94.186733,0,1396.0,20.991582376941242
28.162683,94.779013,0,456.0,22.109185631718635
25.740564,90.692254,0,380.0,14.833525810160392
27.358674,92.062014,0,3530.0,31.976746229701007
27.567837,94.848958,0,106.0,0.9548412538721887
28.61227,95.239427,0,1953.0,30.31992998760618
24.629829,92.421465,0,17.0,0.6752059787394532
27.862116,95.485399,0,126.0,1.6876048941769748
26.884055,95.261705,0,770.0,29.36379749222132
28.070717,95.074291,0,1405.0,24.712992624865343
28.22712,97.049716,0,2449.0,44.92470127706058
25.656013,90.408927,0,464.0,14.910504539706803
25.255051,90.210271,0,67.0,10.769682941155354
22.368711,93.174204,0,634.0,25.3169068790113
28.652097,95.2601,0,2787.0,12.364552990274646
25.226928,91.131016,0,476.0,4.1140753309278875
27.510341,96.415769,0,547.0,12.713996547077366
26.406026,92.172482,0,49.0,0.0
25.289524,90.234526,0,55.0,8.716696336468738
26.598348,92.788864,0,59.0,1.9091524329963763
24.91331,92.744237,0,22.0,2.6350263783644494
25.789571,90.266057,0,213.0,3.109633021988153
26.393064,93.376749,0,696.0,27.974910378512003
29.106976,95.553607,0,3721.0,35.59118566547325
25.916652,91.380809,0,84.0,17.083143246452856
24.866684,94.461394,0,914.0,20.186438039091524
26.620385,90.929716,0,54.0,1.0675202709770988
25.398615,92.160764,0,1275.0,11.727024027980926
26.326431,94.918507,0,1084.0,31.543470762039785
28.572929,94.189193,0,2017.0,18.800883222254644
27.062018,93.413453,0,726.0,16.83544559915647
25.016445,93.194385,0,221.0,21.6115960987222
23.607863,92.911284,0,488.0,11.850338620094183
27.31842,93.124434,0,1791.0,5.237476066812513
27.566962,88.527473,0,2031.0,33.80945632495554
26.216293,90.787412,0,44.0,1.3502244696996157
26.271853,91.171325,0,44.0,1.9678637764222802
27.506916,94.328035,0,107.0,1.3502244696996157
28.211485,93.587954,0,2689.0,22.373844274024943
25.94574,93.430707,0,185.0,0.7548944975654582
27.820884,94.737387,0,647.0,17.18920118358791
28.023747,96.093103,0,295.0,8.001043010589031
24.564749,92.920839,0,68.0,2.4563945664087456
24.865058,93.097109,0,64.0,11.043443551421285
27.87793,96.520928,0,1867.0,18.09247027171656
27.364825,94.974921,0,109.0,1.7210061534334908
28.840168,94.119564,0,2644.0,25.6502330242665
29.038419,95.816372,0,1718.0,10.21937711459359
25.630644,92.048241,0,1030.0,5.570959980093077
26.019401,94.058964,0,235.0,28.71191174376069
28.290071,94.400459,0,2365.0,38.471415185119426
27.363535,92.668632,0,2674.0,11.371914526441127
26.116704,93.65298,0,417.0,17.605475947467195
27.216558,94.475445,0,93.0,3.016961309815993
28.573925,95.963503,0,2336.0,25.816033842711853
26.70594,94.629321,0,123.0,3.5204050825976285
24.984731,93.377427,0,383.0,22.662524505739434
25.844983,91.98118,0,853.0,11.179986107668157
24.002779,91.819074,0,76.0,1.8175220187198482
22.507318,93.099122,0,696.0,23.21858658494179
23.716799,93.199665,0,721.0,24.260799584868057
28.047728,93.564517,0,1222.0,43.849678106950535
28.176265,94.970653,0,1238.0,17.93200256558677
27.150307,95.793139,0,457.0,16.82339398738753
24.502463,92.305885,0,35.0,1.3502244696996157
26.135747,92.075241,0,55.0,2.385944030388813
26.739146,94.444734,0,106.0,3.1996013002506887
25.605996,94.158997,0,1253.0,24.094842552110705
25.359066,93.843484,0,1675.0,9.702926731742245
24.104903,93.907433,0,1125.0,15.128378509366811
24.148842,92.425081,0,137.0,14.434094830851231
28.639129,94.707412,0,1600.0,46.88811970919671
29.144703,95.595185,0,3862.0,26.644435887199457
27.648854,88.809522,0,4944.0,17.687823087123586
27.725416,91.649845,0,3918.0,8.380191745041826
25.216716,93.089984,0,345.0,27.839976418289996
23.972549,92.920304,0,844.0,23.057179184220935
26.691345,93.60093,0,79.0,7.2338446967252255
25.635798,92.690397,0,654.0,8.710355024840407
27.54778,92.910016,0,1000.0,24.969564784155807
26.600843,92.923943,0,75.0,2.1342998941463125
28.552077,93.654583,0,2361.0,50.38094326737035
27.351107,88.836353,0,3914.0,12.351556609584488
24.735665,92.853956,0,25.0,1.5095270002735288
27.906808,94.832794,0,1026.0,33.83200108362739
27.126705,93.126159,0,1600.0,29.349019491371177
26.855538,92.733749,0,97.0,1.391763426244203
27.991008,97.037947,0,3017.0,32.005383208083494
23.07347,93.341155,0,537.0,33.15459432084846
25.42577,91.24428,0,1301.0,47.727129330800295
27.620749,95.272923,0,119.0,1.391763426244203
25.732606,91.137983,0,893.0,20.186438039091527
24.064158,92.258177,0,125.0,10.48288165556538
25.720067,94.61408,0,1369.0,37.960636107814395
25.901577,92.392441,0,602.0,10.606834346352132
23.34412,93.249374,0,1151.0,13.362200604250482
25.498402,92.16156,0,1360.0,10.046788047511114
25.666447,93.14487,0,194.0,9.232867658932431
22.534815,92.717822,0,600.0,30.31992998760618
23.502472,92.455396,0,230.0,21.18915910142139
28.122956,94.442453,0,902.0,17.97922516743013
23.366818,91.395668,0,51.0,1.8175220187198482
27.297525,95.921939,0,392.0,10.48288165556538
28.466995,93.566947,0,4752.0,22.72124551965916
26.548381,93.607164,0,399.0,18.77467605427877
24.667614,94.437854,0,403.0,32.74612665551688
26.309795,90.612786,0,42.0,1.8175220187198482
26.622819,92.251268,0,76.0,2.3619913818349927
27.89923,95.028083,0,300.0,13.617061831342701
25.675407,93.650372,0,300.0,3.584252301697434
26.024634,94.958343,0,1461.0,34.52178114261242
26.090942,91.358414,0,47.0,1.7210061534334908
25.752577,93.001052,0,128.0,9.20898742169279
28.028483,97.375062,0,4463.0,20.195968498069956
25.696529,93.565842,0,212.0,4.315448959323992
25.374446,90.410669,0,510.0,12.925951545439487
24.121332,92.138916,0,77.0,8.30048370216806
28.736895,94.948115,0,547.0,38.92518394304661
25.40069,92.367836,0,1281.0,4.0586642321882005
25.675671,94.809477,0,1798.0,22.65440780520033
26.794392,95.414747,0,1379.0,41.64194151302286
28.402667,96.73541,0,4122.0,24.310253666689327
25.558205,93.062174,0,183.0,6.620689796446781
27.678977,95.440058,0,121.0,0.7548944975654582
28.714365,95.161369,0,3899.0,6.2010537824392635
23.683138,91.324287,0,29.0,1.4320961841646465
24.267704,92.90866,0,397.0,32.177300876132
23.708921,91.667258,0,76.0,3.931095784160226
27.402629,93.268293,0,2460.0,25.9239819496776
25.921449,93.896325,0,151.0,1.0675202709770988
26.646921,93.206002,0,63.0,1.0675202709770988
27.619884,92.709236,0,1460.0,32.89968148413902
25.619163,92.680133,0,649.0,2.263636058426967
25.851004,92.348022,0,592.0,13.813242495843944
24.695329,92.489266,0,26.0,3.7692440164074177
26.422585,90.42676,0,51.0,5.479268333625944
28.37443,95.407031,0,1786.0,18.576591357356477
24.903592,92.943628,0,49.0,10.357309866020204
28.136226,95.713958,0,194.0,1.8175220187198482
27.238548,95.772672,0,671.0,13.250675442783336
26.55415,91.597898,0,66.0,3.109633021988153
25.415428,93.392236,0,438.0,10.052230095483228
25.342432,90.185427,0,104.0,19.333025419312577
24.852219,92.796441,0,29.0,1.7210061534334908
28.797432,96.433406,0,3855.0,25.869266917472842
25.469483,93.844911,0,999.0,41.82081467791243
27.606457,94.259694,0,713.0,19.47122063449069
27.435137,95.611508,0,145.0,2.3859440303888126
25.766107,91.211642,0,828.0,8.380191745041826
28.468642,94.478604,0,1377.0,24.27913368416974
25.101681,94.467391,0,2235.0,22.99771348109526
27.009117,92.935835,0,386.0,22.73538675151149
29.081318,95.808007,0,3361.0,44.8127706454555
23.983639,91.873351,0,91.0,10.698770358091485
23.206019,92.676744,0,1028.0,25.104175174071393
25.627751,89.899632,0,25.0,0.9548412538721887
27.698978,96.332027,0,444.0,5.139693807411478
25.284928,91.159441,0,276.0,6.9262490820727045
26.330409,90.449738,0,40.0,0.3376147110174216
25.271147,90.504212,0,122.0,12.368881699581566
27.496242,93.919244,0,2655.0,44.096908348432954
25.276669,90.598204,0,190.0,9.937269293441107
25.66653,90.281041,0,458.0,11.009016379683203
27.051832,94.827507,0,96.0,2.5695028228896355
26.539433,95.044304,0,654.0,7.062044068464845
24.444407,93.875873,0,768.0,0.0
25.944543,91.53376,0,311.0,26.337475856826448
25.956451,89.880428,0,25.0,5.641219812715514
26.461873,90.340613,0,54.0,2.7199233149201807
27.257273,95.63429,0,186.0,0.0
27.494871,88.443719,0,2469.0,34.02744708503922
25.95107,90.178795,0,32.0,3.471741285563965
25.190338,93.950102,0,1489.0,12.04828213833979
24.055818,91.721495,0,81.0,6.317550481225067
25.190356,91.717054,0,324.0,7.210668433030249
25.511362,93.374191,0,451.0,30.888004108711907
27.273742,95.368834,0,124.0,0.4774537773095774
22.278108,92.611399,0,147.0,12.814236200163856
26.710318,92.4849,0,81.0,1.391763426244203
23.923762,92.027465,0,68.0,6.721369339369457
25.500234,94.647387,0,1907.0,36.43626970061044
28.374789,93.559061,0,1178.0,34.97007006492132
27.663691,88.31037,0,3427.0,17.562691357484656
24.454597,92.974489,0,207.0,31.657244784569066
27.059163,94.588951,0,90.0,2.3619913818349927
26.791299,91.433343,0,152.0,1.391763426244203
24.179718,92.909248,0,476.0,39.11780737746779
27.207292,94.331125,0,91.0,3.646970455272818
26.797918,93.06835,0,75.0,2.3619913818349927
27.439605,92.161435,0,2440.0,22.866094792802045
23.417207,92.82815,0,625.0,3.1996013002506887
28.472352,94.389613,0,2149.0,21.837811101082977
25.808904,92.517166,0,666.0,20.250651404968387
24.874845,94.246977,0,897.0,22.22435314380804
28.176229,93.879929,0,1772.0,44.49846298244427
28.720883,94.207201,0,3077.0,26.477281042311844
24.73774,93.900219,0,774.0,1.5095270002735288
27.307863,88.060076,0,2904.0,36.95286693789239
26.624546,93.634966,0,83.0,0.0
23.587798,91.594863,0,128.0,20.071596921784117
28.130256,97.031184,0,1387.0,42.79372386341867
25.252695,90.313827,0,93.0,17.676493644843124
27.993207,95.923731,0,213.0,10.288594753560313
27.823509,96.232997,0,212.0,8.842508257902008
25.933938,91.270475,0,156.0,24.131870683971734
25.277516,92.864953,0,748.0,5.269658122688171
27.572949,92.95172,0,790.0,41.01433771404048
24.404152,94.010689,0,844.0,14.663910850320782
22.730094,92.959536,0,1040.0,24.66476323347238
25.454924,91.444757,0,1646.0,4.857533338413092
25.912714,91.949314,0,703.0,25.22039963647754
27.387423,92.956545,0,1107.0,20.991582376941242
26.268848,92.837661,0,241.0,18.779921287170044
28.355063,94.855293,0,1114.0,31.43720133561486
28.299176,93.846093,0,1462.0,40.543529349765556
25.7166,90.473416,0,213.0,22.19302812592693
28.30174,96.329718,0,2445.0,11.023785365182015
25.781421,94.941434,0,1723.0,32.6539608690512
24.126171,91.840447,0,50.0,2.6350263783644494
24.657734,93.611869,0,769.0,20.09079841920037
28.970409,95.532063,0,3396.0,29.686933196903503
27.297023,92.785841,0,1200.0,13.421509132977462
25.301386,94.25475,0,1205.0,15.642509997984074
25.651518,92.681149,0,680.0,10.373096895258447
28.052837,94.937359,0,1356.0,30.347789794448904
26.426497,90.346675,0,54.0,1.2171181316034883
28.302832,96.679869,0,3872.0,37.421335768904704
26.181941,89.868736,0,30.0,4.100293712915969
26.899545,95.420843,0,568.0,18.264738251186536
23.099315,92.60525,0,368.0,36.10941316964864
23.603242,91.434266,0,65.0,3.7238672163946718
28.940106,96.488237,0,4664.0,16.168741484530738
28.798148,95.365815,0,3627.0,11.461836902818336
24.930089,94.400391,0,1027.0,26.477281042311844
25.676174,90.609755,0,276.0,3.6313935493230582
28.104691,96.744412,0,3855.0,30.414714507014207
26.122069,91.439186,0,49.0,1.3502244696996157
24.470339,93.864061,0,771.0,1.0675202709770988
28.891209,95.822129,0,1687.0,13.94980312049591
29.151509,95.546133,0,3240.0,6.926249082072704
26.141329,91.99782,0,53.0,2.1342998941463125
27.203324,94.198158,0,90.0,4.289153328819018
26.158241,92.796981,0,530.0,35.088060152136464
27.653199,92.738391,0,1889.0,45.42386605301651
24.728816,92.464903,0,15.0,1.0675202709770988
25.488875,91.11103,0,984.0,5.9892184039642435
26.298181,93.894709,0,122.0,2.263636058426967
25.102682,94.294068,0,1496.0,18.354148990926813
26.803505,93.148064,0,87.0,0.9548412538721887
26.434642,93.200202,0,662.0,13.59376654330582
26.234804,90.053509,0,58.0,2.7818863802117484
26.361025,90.29661,0,53.0,2.433138796850444
25.308231,93.281501,0,638.0,12.814236200163856
25.915324,93.793099,0,145.0,2.160788974078258
27.604719,92.898117,0,999.0,18.232085761299903
25.347814,91.887377,0,1240.0,27.422370420775675
27.567396,91.811858,0,2472.0,32.69571889992479
25.797095,90.198768,0,109.0,3.1996013002506887
26.145556,92.365734,0,65.0,2.4563945664087456
27.697237,95.217826,0,112.0,2.385944030388813
23.743382,92.09306,0,165.0,6.423150913734816
26.840948,93.59517,0,75.0,2.160788974078258
27.080982,92.884486,0,1261.0,27.484186071108013
25.278734,93.179504,0,330.0,15.220619174941184
24.28135,93.337548,0,492.0,33.4926163333653
26.935371,92.96149,0,138.0,1.391763426244203
26.529789,91.622357,0,59.0,0.7548944975654582
24.280239,92.121905,0,74.0,4.822542232360713
28.31366,95.147402,0,792.0,42.89979704321712
27.99993,96.837043,0,3270.0,0.0
23.944111,94.081356,0,1013.0,14.043730788347142
25.597408,89.965663,0,31.0,1.0675202709770988
23.970841,93.25782,0,894.0,35.22119200961522
24.203845,92.636844,0,69.0,8.118116632592285
25.713854,91.084266,0,906.0,24.00748788837622
26.336085,91.11172,0,40.0,0.4774537773095774
28.813929,94.465689,0,4167.0,20.574638191200428
26.84487,94.241074,0,86.0,0.7548944975654582
27.89156,94.273903,0,895.0,14.222050628593287
26.166758,92.735323,0,72.0,4.262693045214654
26.844362,95.049697,0,156.0,7.363740476577823
23.627283,91.906338,0,160.0,11.694816974599773
24.706902,92.401382,0,30.0,9.33362956516774
25.371199,92.177504,0,1299.0,6.795864695099743
28.472765,93.301603,0,4194.0,27.14359186707415
25.125863,92.485057,0,284.0,19.026908838399848
25.395395,90.524832,0,320.0,25.020393802691324
27.799012,95.895577,0,140.0,13.142105387504266
24.451829,93.639491,0,1547.0,18.523305392734873
26.36282,91.786221,0,52.0,1.3502244696996157
25.401216,89.903408,0,51.0,18.87922133905067
25.304206,90.668144,0,127.0,3.7692440164074177
25.089782,92.80843,0,106.0,2.433138796850444
25.500316,93.92582,0,1505.0,20.655714751806986
28.276698,95.047022,0,1160.0,19.116857123396308
25.226027,94.453455,0,1578.0,15.483414558201002
25.148078,92.594432,0,620.0,30.279322670326124
29.254008,95.628603,0,4311.0,18.491238668119102
23.668261,93.411542,0,952.0,0.4774537773095774
24.728956,93.931339,0,777.0,4.393377408433921
27.464628,92.992047,0,1458.0,29.77230894379481
29.227509,94.600839,0,4078.0,30.4499619262742
24.173729,92.170776,0,98.0,1.012750369636371
22.181374,92.975952,0,1288.0,9.427411064372352
27.503308,94.443341,0,119.0,0.3376147110174216
28.7579,95.29603,0,2243.0,17.387333467314576
27.803157,92.754205,0,3058.0,8.159014354942736
23.805057,91.44377,0,37.0,4.393377408433921
25.443065,90.85746,0,460.0,5.72043313097531
28.711161,95.717333,0,2509.0,23.50965552634715
25.332999,90.489822,0,201.0,7.832625705078162
26.755021,92.232934,0,101.0,1.7210061534334908
26.624158,94.593395,0,548.0,31.002719133873992
27.057367,93.199557,0,1208.0,28.41308537579142
28.431951,95.579722,0,2472.0,46.629537767134266
25.48249,93.327388,0,392.0,7.5431500972118775
24.805019,93.079959,0,34.0,0.9548412538721887
25.654682,93.693154,0,322.0,2.433138796850444
26.783587,91.544997,0,154.0,0.7548944975654582
27.378883,95.689034,0,179.0,2.5695028228896355
26.677451,94.756066,0,708.0,42.40452205807587
29.308783,95.796325,0,3332.0,22.384172683758795
28.355815,94.253807,0,2545.0,40.511262387791305
26.817072,93.069691,0,79.0,2.0248682972773406
26.851093,92.011131,0,364.0,15.80618797245988
28.10207,93.473747,0,1807.0,44.22027895831317
27.660384,91.872861,0,3999.0,5.128711509483252
28.188009,97.2079,0,4029.0,26.158981435332173
27.867715,94.194595,0,1164.0,19.71921385391193
25.797314,93.287111,0,375.0,21.743418679701104
27.505477,96.144878,0,213.0,5.139693807411478
28.070506,93.387305,0,1036.0,17.93200256558677
25.909065,94.280363,0,829.0,12.81007731882675
27.135286,94.294984,0,88.0,1.0675202709770988
27.847085,96.013502,0,154.0,1.9678637764222802
27.190569,92.375565,0,1723.0,41.314155309190944
28.779287,94.92409,0,896.0,14.350447206010987
23.462383,92.626666,0,608.0,23.3822424378352
26.415141,91.001099,0,44.0,2.160788974078258
29.247202,95.949239,0,3230.0,49.423237786901055
23.747447,91.475452,0,70.0,8.984876931685683
28.215958,96.730942,0,2000.0,14.833525810160396
27.43852,95.505339,0,139.0,2.052775101535614
28.557425,95.034625,0,1370.0,33.3824690287381
24.672743,92.457705,0,19.0,0.6752059787394532
25.321239,90.476598,0,140.0,11.795709540896548
24.753344,93.720475,0,1885.0,36.65110902894253
29.052951,94.279385,0,4201.0,20.634907946565825
24.249703,94.165992,0,729.0,28.75097817866279
24.746027,93.060877,0,143.0,3.1818128120974354
26.382242,93.694131,0,927.0,13.250675442783336
28.653592,94.564791,0,1166.0,57.59349827710547
26.289487,92.014958,0,46.0,0.0
26.344713,91.962719,0,54.0,2.4563945664087456
27.694766,88.729611,0,3826.0,13.421509132977462
23.571277,92.50947,0,245.0,22.872101356921007
25.533219,94.815501,0,2103.0,22.134385795907054
27.776773,94.362759,0,1367.0,36.26089278326507
22.796009,92.751916,0,397.0,10.367837459092085
24.974719,93.262834,0,159.0,10.939804462619982
26.234213,92.261929,0,79.0,10.744415839592216
25.783394,94.073714,0,1340.0,20.37590688735051
26.819632,95.138293,0,498.0,31.00879875148093
25.664977,94.524321,0,1398.0,19.116857123396308
27.175569,92.739916,0,790.0,16.55551062724403
27.457078,92.858974,0,2147.0,17.825870781046216
27.335016,88.580533,0,1536.0,22.72124551965916
27.574486,92.588382,0,2587.0,23.691279259823578
26.622914,92.467666,0,71.0,2.3859440303888126
26.712676,92.738909,0,75.0,2.3859440303888126
28.553728,95.923496,0,2745.0,27.57273464849654
28.190524,97.051098,0,2437.0,55.260383228509376
26.955365,92.193925,0,910.0,14.222050628593287
28.908414,95.546304,0,3008.0,22.134385795907054
27.36428,94.453415,0,100.0,1.8175220187198482
28.911572,95.452029,0,2356.0,16.738731980922584
25.609706,93.963904,0,2002.0,31.20217484109817
26.550593,92.141481,0,68.0,2.433138796850444
27.411579,94.282346,0,96.0,0.7548944975654582
26.198346,93.171402,0,101.0,2.9018215173024653
27.158259,97.050763,0,1582.0,8.380191745041826
26.284343,91.742207,0,108.0,6.804089732608741
28.117236,95.803977,0,274.0,2.385944030388813
25.748817,93.833912,0,382.0,21.837811101082977
25.72705,93.824425,0,315.0,1.7210061534334908
26.505789,91.085835,0,44.0,1.7210061534334908
27.161881,97.004835,0,1537.0,43.83243510941507
28.656388,94.166237,0,2829.0,23.015576714911568
27.716193,96.264357,0,305.0,1.7210061534334908
28.872423,96.254177,0,4042.0,40.36793317012353
28.062686,95.531294,0,173.0,2.1342998941463125
26.845523,94.891111,0,155.0,13.085403969626222
26.915529,93.976807,0,81.0,2.052775101535614
25.968379,93.559065,0,167.0,0.4774537773095774
28.788079,94.026735,0,4415.0,27.301081332967016
28.581425,94.582932,0,1602.0,28.304627934141028
28.068955,94.479192,0,704.0,25.453785781140812
27.318691,95.103436,0,111.0,0.7548944975654582
25.416648,90.67887,0,611.0,17.14510977096244
27.38818,92.095955,0,2637.0,26.21110856138564
27.308341,95.095092,0,109.0,0.9548412538721887
24.341275,93.473403,0,926.0,32.433533012318165
25.149684,93.17588,0,785.0,37.927313249696354
26.471276,92.910631,0,70.0,1.0675202709770988
26.526491,94.203756,0,107.0,2.7818863802117484
27.240908,92.755563,0,1469.0,44.24702889927062
27.725182,91.909838,0,4532.0,26.185065798950866
28.803312,95.644337,0,3019.0,13.915808695897175
26.537522,91.381522,0,56.0,1.5095270002735288
24.473613,93.490031,0,1158.0,36.22912067045694
26.318876,90.777463,0,42.0,2.3859440303888126
25.68707,93.621182,0,280.0,14.86507416766643
28.011091,97.199757,0,3870.0,15.36952380130432
26.496271,91.354061,0,49.0,1.4320961841646465
28.286473,94.612116,0,1014.0,35.231532366207624
28.589327,94.680811,0,916.0,37.941603069976914
26.041603,93.965718,0,144.0,0.7548944975654582
27.903959,88.605773,0,4770.0,15.639215353862252
26.621814,92.960113,0,58.0,0.0
27.585349,94.832252,0,104.0,0.6752059787394532
27.522183,94.355321,0,112.0,0.9548412538721887
29.074531,95.055277,0,2344.0,9.298200036904948
27.640313,91.98982,0,3338.0,30.099199560774515
28.08677,92.694224,0,5806.0,30.26279742592672
27.821308,95.221138,0,128.0,0.7548944975654582
27.323046,96.960119,0,2686.0,40.95169776430825
28.846529,94.381311,0,3048.0,21.835672195716146
25.481597,93.976119,0,1603.0,30.73297765675388
26.505122,90.65905,0,54.0,2.160788974078258
26.939437,94.068432,0,81.0,2.7199233149201807
27.996812,96.198236,0,421.0,3.1996013002506887
26.239024,95.01762,0,1918.0,20.462735458857964
27.289251,95.355148,0,125.0,1.6876048941769748
29.021495,95.142703,0,1921.0,11.630105013404506
27.323429,93.223212,0,1949.0,19.593257362113764
28.135152,96.53134,0,1133.0,23.118392858722878
25.523282,92.62901,0,720.0,0.0
25.375402,90.110598,0,135.0,11.038532615965034
25.526522,90.623198,0,297.0,11.850338620094183
24.341445,93.529793,0,1351.0,24.16881343581011
28.179286,92.804796,0,5964.0,42.8104923209509
27.888259,94.07758,0,1391.0,31.02823851193866
25.692692,94.457274,0,1579.0,17.528368921801512
27.418256,95.334052,0,122.0,1.5095270002735288
24.340792,92.566529,0,45.0,5.438007905136233
27.714152,93.358695,0,1748.0,27.057328608247758
24.388137,93.082367,0,841.0,21.108640778693708
27.360896,94.232449,0,95.0,1.7210061534334908
27.014549,92.224333,0,1929.0,14.724246751696764
25.827638,91.871998,0,611.0,7.125016348901798
28.686304,95.978746,0,2291.0,60.17095021416864
26.882531,92.323773,0,162.0,2.385944030388813
27.651035,88.350857,0,4853.0,49.44844401958281
25.372098,94.381505,0,975.0,27.33604368814356
25.728096,94.579036,0,1379.0,23.607416355093264
28.538207,93.538149,0,3998.0,37.91539520003223
28.694451,94.069534,0,3652.0,27.253840178947062
25.64114,91.462913,0,1077.0,51.273246764242586
28.656948,94.525518,0,1615.0,24.359555875506427
27.163443,88.22841,0,1439.0,29.594494506474955
25.867184,92.557273,0,652.0,11.891126739446706
26.068858,90.444833,0,41.0,2.385944030388813
27.620314,94.398291,0,413.0,26.054225141170225
27.981831,97.249442,0,4101.0,28.835768652404315
26.416458,92.1703,0,54.0,1.0675202709770988
28.965464,94.975201,0,839.0,31.681773339828517
24.066183,92.403486,0,193.0,18.640275035451136
22.732383,92.970155,0,821.0,21.242603631151898
28.006413,96.362848,0,657.0,30.32879956333259
29.221373,95.65046,0,3714.0,13.008000378136531
26.733949,90.436121,0,124.0,0.7548944975654582
25.129757,94.091949,0,1106.0,32.760344366697694
27.571396,96.907444,0,3374.0,22.83201427000805
23.446473,91.44859,0,36.0,4.0586642321882005
26.967914,94.455661,0,87.0,1.0675202709770988
27.324245,93.851717,0,1214.0,31.993934384330498
24.715173,94.039557,0,780.0,2.385944030388813
23.969864,93.030894,0,1183.0,28.71191174376069
28.088914,93.765861,0,1113.0,37.3358287640657
26.118126,89.844066,0,33.0,1.6876048941769748
28.152504,93.588388,0,1485.0,20.991582376941242
27.160494,92.817676,0,1115.0,9.920728647509225
28.531946,93.92135,0,3481.0,32.18183069514744
22.283004,92.673483,0,150.0,16.13388303516631
26.949681,92.685111,0,173.0,5.051152528017926
28.120911,96.395098,0,2868.0,63.94351461682942
28.129678,95.423385,0,254.0,0.3376147110174216
25.570716,92.640612,0,641.0,5.062306669977521
23.930968,93.328292,0,1162.0,15.23762774435772
28.5161,93.354673,0,3655.0,19.858733830102413
27.978277,95.591325,0,147.0,2.263636058426967
26.408116,92.6829,0,63.0,5.427642598914455
28.077979,95.393254,0,158.0,1.4320961841646465
26.326211,91.583034,0,55.0,3.1996013002506887
28.06808,96.044497,0,566.0,6.762860735059933
24.92887,93.311113,0,205.0,7.825525624597575
23.454943,92.495688,0,742.0,17.390226107566324
27.763974,94.457713,0,530.0,6.893893059635488
27.152063,94.408452,0,92.0,2.263636058426967
25.76708,93.978131,0,654.0,10.683507759366373
28.282298,93.870568,0,2157.0,41.14401636965156
28.53158,94.903378,0,1142.0,41.498816017264325
25.650399,94.833831,0,872.0,28.713308565785912
27.968443,96.126591,0,256.0,4.044691235386269
25.414523,91.654702,0,1715.0,19.59573743353876
23.681582,93.205499,0,1229.0,25.006387956247202
27.051417,94.121283,0,80.0,0.3376147110174216
28.954638,95.468311,0,2615.0,28.30605964365266
25.563908,91.960559,0,1275.0,5.759620519825523
27.444556,92.306572,0,1908.0,28.828834963868516
25.625605,91.578487,0,1490.0,10.14426119696945
27.865167,93.363611,0,2425.0,36.4615411112944
22.778416,92.490786,0,69.0,8.582483688827132
26.150275,93.279609,0,311.0,14.203597427432591
28.27156,93.866033,0,2210.0,29.421439641486938
27.524841,96.861473,0,1876.0,35.78577413644265
22.328913,92.87425,0,440.0,15.80618797245988
26.981206,94.501813,0,94.0,0.3376147110174216
27.183504,95.809691,0,286.0,7.187414250982758
25.040525,92.952191,0,467.0,30.006459623930038
27.603921,93.505488,0,2358.0,33.04214610609459
26.780557,93.617033,0,77.0,1.4320961841646465
27.80848,93.847087,0,1334.0,21.86345496604329
27.370593,93.876754,0,467.0,14.452204002210557
22.366662,92.954912,0,296.0,3.471741285563965
25.12498,93.890255,0,2118.0,29.50153621491294
25.820957,94.119182,0,1174.0,16.416440373585463
27.036243,93.859714,0,90.0,2.1342998941463125
22.879574,93.090298,0,853.0,15.359426015518492
26.105196,90.136534,0,27.0,1.2171181316034883
28.745355,96.080969,0,2994.0,23.691279259823578
26.610574,92.209859,0,75.0,0.6752059787394532
26.764947,92.118069,0,110.0,2.5695028228896355
26.29802,90.232276,0,38.0,0.4774537773095774
25.497608,90.048742,0,181.0,8.588925239163549
28.553917,93.417572,0,3158.0,49.11583196946335
23.048002,92.915074,0,480.0,23.345372577275818
25.571086,90.764116,0,346.0,4.431819877885358
24.867454,93.550961,0,1248.0,24.16881343581011
28.734177,96.47223,0,3949.0,13.16632060042364
27.813472,88.264868,0,5694.0,24.793055768073742
25.747753,92.316237,0,932.0,11.630105013404506
27.867984,93.428065,0,1929.0,22.72124551965916
28.840344,96.212634,0,3409.0,43.87174098858912
29.281843,95.73164,0,4062.0,36.47198661836821
25.203898,92.859101,0,693.0,21.458923465626196
28.45554,96.088502,0,3112.0,21.439183868623598
28.083943,95.558176,0,199.0,4.393377408433921
26.389756,90.623607,0,43.0,1.7210061534334908
26.910723,94.870719,0,117.0,1.6876048941769748
26.909528,92.126798,0,326.0,23.025492008528037
28.318998,93.999831,0,2643.0,42.536958426139904
25.731095,91.599367,0,910.0,10.160408198552636
28.762616,96.237697,0,1963.0,20.462735458857964
28.204975,95.532696,0,403.0,5.062306669977521
25.714983,91.534312,0,1257.0,2.385944030388813
25.880025,92.04595,0,749.0,11.179986107668157
25.998114,90.742913,0,48.0,1.8175220187198482
22.444792,92.707654,0,795.0,15.79642499508292
25.707282,93.693676,0,307.0,1.9678637764222802
26.244508,90.439924,0,39.0,0.7548944975654582
28.220394,96.186301,0,2832.0,31.747005138760134
29.075167,94.765459,0,2538.0,39.80134377749163
24.674793,92.552594,0,33.0,3.1818128120974354
24.879567,94.552587,0,819.0,34.801114773942054
27.498584,94.457568,0,111.0,1.2171181316034883
27.862254,92.633181,0,5144.0,38.59294718251652
25.327598,94.285911,0,1977.0,12.088324264908154
28.955791,95.669926,0,2547.0,14.426843693074732
27.355507,95.687156,0,151.0,5.258953144814
24.905615,92.530788,0,13.0,5.139693807411478
27.489583,92.713873,0,2388.0,22.656437373598656
26.762345,91.22754,0,78.0,0.7548944975654582
24.279476,93.522149,0,974.0,24.750404884789177
28.913347,96.289189,0,3322.0,37.636348800262844
26.630223,90.715164,0,93.0,0.7548944975654582
25.922898,92.895056,0,74.0,2.385944030388813
25.712621,93.589542,0,204.0,5.095619550423829
26.109472,94.469947,0,895.0,25.937218580253923
25.056925,94.520734,0,1186.0,29.176079067978527
26.417291,93.721523,0,209.0,15.747500365404113
27.837614,93.053006,0,2793.0,22.872101356921007
25.900071,90.194762,0,60.0,4.262693045214654
27.963824,88.592379,0,4814.0,7.085726953533679
28.689558,95.728291,0,2496.0,31.187749878253733
24.373792,92.729229,0,221.0,30.222049417311833
24.346694,92.929487,0,450.0,10.860111440590474
25.382834,91.886005,0,902.0,33.54272388055239
25.362994,90.390219,0,128.0,4.679912393493258
26.050744,93.388234,0,388.0,15.056170008863386
25.373935,94.124268,0,1273.0,23.708378786470846
27.298849,95.91794,0,406.0,14.882566829789898
27.287881,93.419234,0,1855.0,20.3853179274
25.431875,90.365632,0,573.0,27.367901029378203
23.000188,93.031149,0,659.0,25.192720252234967
26.328804,93.791121,0,164.0,2.8821812090202448
28.971281,96.103507,0,3435.0,17.038709505535593
25.481182,90.893782,0,531.0,12.814236200163856
25.979046,94.442355,0,794.0,30.461275517775352
26.189087,92.093184,0,54.0,4.495148566143528
28.611346,95.894304,0,1022.0,36.95286693789239
28.331014,96.760008,0,4299.0,36.439757778863154
27.860117,88.55877,0,4361.0,31.671265565493904
28.38268,93.842099,0,1437.0,30.653673803588866
28.44148,94.980086,0,2245.0,42.70086646530362
27.973194,95.305718,0,153.0,3.3384705437643523
26.245846,93.999944,0,113.0,0.0
28.706108,93.971459,0,2997.0,24.214872463290742
28.077488,95.779641,0,202.0,1.4320961841646465
25.138723,91.685001,0,12.0,1.7210061534334908
25.86799,91.328918,0,164.0,15.825692089271731
24.302262,94.058822,0,1349.0,29.54940859650111
24.076027,92.966926,0,309.0,22.12808957706723
28.667964,94.3348,0,1669.0,35.732108376040394
23.367151,92.987295,0,1294.0,34.29242363523321
27.894668,93.323704,0,1234.0,15.799680131047701
25.462595,93.838197,0,1112.0,33.23444546638256
29.004629,94.493642,0,2121.0,29.927479327463576
26.77972,92.474922,0,98.0,1.2171181316034883
24.608719,92.614085,0,32.0,0.7548944975654582
25.280136,92.125747,0,1002.0,2.7818863802117484
23.635189,92.485264,0,612.0,30.444931177872785
26.135103,91.025125,0,38.0,1.4320961841646465
25.422061,90.515288,0,760.0,22.25977894945414
26.225246,93.996615,0,113.0,0.7548944975654582
25.496405,92.11722,0,1355.0,22.62393276031727
28.60284,93.775198,0,3130.0,46.36695929495294
28.196676,93.323386,0,3134.0,26.98147462867471
26.483227,93.681071,0,254.0,15.822443421774969
26.209933,93.647541,0,609.0,29.710619869594673
28.385038,94.650993,0,1073.0,34.76246967942593
24.123316,91.700135,0,76.0,3.109633021988153
28.023712,95.327261,0,153.0,0.4774537773095774
25.427459,93.94917,0,1040.0,34.61867922481203
24.341859,92.714738,0,301.0,13.934706376086588
25.570566,91.016824,0,802.0,4.495148566143528
26.09991,92.519284,0,114.0,12.523592988487046
25.420931,90.917728,0,410.0,18.77467605427877
27.665122,95.428931,0,123.0,2.5695028228896355
23.450459,91.874258,0,98.0,4.431819877885358
28.093416,95.121956,0,736.0,41.22707666999943
22.754533,92.850554,0,481.0,31.7830050163129
26.304433,91.405284,0,45.0,1.2171181316034883
24.913989,93.364721,0,574.0,26.619074628049795
24.719212,93.721817,0,1766.0,25.548918931181753
28.978921,94.282959,0,3939.0,35.10227516571538
27.034109,95.582238,0,668.0,29.47087836702284
28.035943,94.288287,0,802.0,21.03896406549848
25.992718,93.142878,0,118.0,4.691966863384949
25.694168,90.776643,0,352.0,6.4231509137348155
26.633966,92.316919,0,77.0,0.0
24.278368,92.766948,0,172.0,19.47622154296677
25.186939,93.295526,0,842.0,17.968128165837005
24.464156,92.988779,0,373.0,7.543150097211876
26.23631,92.028005,0,54.0,3.389067065438376
28.339146,93.328966,0,3803.0,17.447952614184832
24.229196,93.953557,0,1331.0,21.072718295480193
27.340736,93.091431,0,1510.0,26.61114117316587
25.504134,94.701816,0,1543.0,38.255087818029985
23.388302,92.407329,0,209.0,15.07339984228436
28.527004,94.010208,0,2869.0,25.406009385457274
26.070991,92.732858,0,62.0,1.012750369636371
27.555946,95.135623,0,107.0,0.3376147110174216
29.132767,94.549456,0,4112.0,39.52836959663145
27.613908,96.374076,0,1318.0,32.19088659927004
27.933026,94.406416,0,1036.0,35.15617890951678
28.781673,94.122798,0,4139.0,17.14216531267885
25.854576,91.398665,0,109.0,26.60637925462931
29.277927,96.003699,0,4326.0,44.305601337620985
26.347339,92.420407,0,58.0,0.9548412538721887
26.693687,95.392238,0,2042.0,38.40374626982999
28.013846,93.745937,0,1122.0,15.79642499508292
23.56751,91.432374,0,34.0,2.862405226111748
27.049298,94.458612,0,87.0,3.1996013002506887
23.321728,92.571926,0,354.0,26.6047916406615
25.375613,94.245721,0,2145.0,13.421509132977462
24.94177,93.987368,0,792.0,4.5823147648922165
27.127332,93.420431,0,1760.0,19.603175151704185
28.336579,96.839566,0,3614.0,45.548365140763664
23.875542,92.990863,0,763.0,33.224883818624676
25.648905,90.688468,0,347.0,9.374782742021159
26.653938,92.385438,0,82.0,1.8175220187198482
28.290145,96.530311,0,2612.0,42.68921840705873
27.454844,94.186517,0,237.0,2.433138796850444
27.412054,93.13861,0,1314.0,22.25977894945414
26.457868,91.534327,0,54.0,1.9678637764222802
26.052079,94.572929,0,1574.0,16.796238729882134
22.14002,92.657221,0,199.0,5.438007905136233
27.485541,93.0606,0,751.0,23.736837298027716
25.577517,90.821844,0,529.0,9.651911596193768
29.035621,95.597833,0,3137.0,25.74590029069077
23.425551,91.406067,0,34.0,10.39935064946811
24.054909,93.731018,0,1131.0,30.92592371819028
25.910842,91.017964,0,65.0,1.0675202709770988
23.172908,92.729541,0,523.0,20.738657385574744
23.825305,92.680402,0,492.0,12.351556609584488
25.643821,92.262179,0,1043.0,4.289153328819018
26.148019,94.91081,0,1387.0,12.455100051295563
24.895489,94.126568,0,841.0,16.03195153188694
28.192397,94.21557,0,1164.0,27.70244316502917
25.777778,91.206103,0,672.0,16.26648939037411
26.189979,93.168522,0,98.0,4.0586642321882005
25.154939,90.415294,0,27.0,5.226703690794332
24.678542,93.620125,0,490.0,21.544170447316425
27.307947,92.421796,0,1958.0,32.6759519939448
27.351282,95.551322,0,204.0,11.913719450447159
26.969554,92.344942,0,590.0,12.021504376221527
25.779871,92.107502,0,1109.0,10.663120448541864
23.409417,91.824627,0,256.0,22.228525063117385
27.909343,96.992941,0,1874.0,33.23444546638256
26.026794,93.979058,0,194.0,14.084828259712214
28.118404,95.951259,0,909.0,40.684569666008954
24.486265,93.506693,0,1384.0,36.73778549772594
27.886621,93.354149,0,1211.0,48.21891474784642
24.246155,92.24118,0,196.0,22.850066084228267
27.238042,88.05178,0,2842.0,16.360405825306987
23.671021,91.302593,0,42.0,2.6350263783644494
26.885453,92.152602,0,177.0,0.7548944975654582
26.365695,91.333676,0,44.0,1.8175220187198482
25.944691,94.496094,0,1535.0,19.116857123396308
26.121651,92.939491,0,72.0,2.160788974078258
23.254452,92.731709,0,708.0,45.12133726295228
28.651262,94.598248,0,903.0,23.82944947796483
26.95213,92.74109,0,242.0,9.280430939864935
27.70331,92.980611,0,1938.0,40.05850508824328
23.129416,91.682585,0,34.0,1.3502244696996157
23.416963,91.757118,0,65.0,1.3502244696996157
26.273936,90.504777,0,95.0,19.89037156536882
26.211964,90.766959,0,37.0,0.4774537773095774
24.113664,92.506284,0,516.0,14.794858563459922
27.348103,93.222252,0,1423.0,17.71328086633077
26.769274,95.085609,0,994.0,20.846265656650555
23.279903,91.654065,0,92.0,8.280429976643655
25.711334,93.617248,0,229.0,8.406583585732115
23.845494,92.16888,0,305.0,24.295616484437332
26.61943,94.139753,0,94.0,2.3859440303888126
25.671704,92.978764,0,147.0,4.532714210582481
26.756262,92.50957,0,87.0,2.698950908923438
26.382869,94.934732,0,872.0,16.665741309979975
27.584106,91.896836,0,2227.0,5.6011820198056075
29.179391,96.097303,0,4279.0,34.912668820456496
26.064207,94.611681,0,1215.0,33.85553742798295
26.489533,91.591378,0,51.0,1.2171181316034883
23.906322,92.762014,0,624.0,16.83544559915647
26.768952,91.699765,0,123.0,1.8175220187198482
25.615223,90.107135,0,309.0,7.973233172986173
27.508215,95.937543,0,164.0,1.5095270002735288
26.452742,94.674396,0,769.0,25.628335153181883
24.375939,92.307988,0,44.0,0.7548944975654582
25.227483,92.435655,0,618.0,6.423150913734816
28.695818,96.429514,0,3558.0,30.099199560774515
26.521845,94.614608,0,380.0,27.414816008015812
25.694809,91.208657,0,1289.0,16.18139460308577
26.907721,93.415602,0,95.0,2.385944030388813
25.963707,93.660364,0,199.0,0.3376147110174216
25.47004,92.097333,0,1242.0,31.9721596942536
23.583834,91.480875,0,71.0,1.5095270002735288
28.521993,94.988252,0,1573.0,40.84672298256123
27.716164,93.001578,0,1330.0,44.484035666578194
26.598367,93.959819,0,101.0,2.4563945664087456
27.939682,95.958258,0,191.0,5.427642598914455
24.797548,94.247591,0,872.0,21.14000384355273
28.371721,95.392291,0,1754.0,44.28314167391131
23.749288,91.82219,0,139.0,4.822542232360713
29.05363,95.192341,0,3476.0,29.755269015513335
24.668343,94.421673,0,427.0,28.760730367696652
24.125863,93.190251,0,1080.0,39.188333767783945
26.399713,92.317463,0,56.0,0.9548412538721887
24.383106,92.635284,0,85.0,7.393958126885864
27.595862,92.527373,0,2996.0,24.13187068397173
27.66564,93.301164,0,2110.0,13.362200604250484
23.857605,91.748196,0,110.0,12.260147486012336
23.966051,92.872489,0,686.0,38.24574994050483
24.347418,93.31643,0,310.0,7.660316591254672
23.803889,91.538635,0,96.0,16.55551062724403
25.786697,90.561009,0,116.0,16.874539775268598
25.895484,93.641562,0,205.0,1.6876048941769748
26.47991,91.296215,0,48.0,3.1818128120974354
27.98617,95.798557,0,153.0,1.7210061534334908
25.737638,90.187689,0,203.0,11.37191452644113
24.057615,91.525367,0,53.0,5.641219812715514
24.208061,92.986556,0,304.0,35.717524151384175
26.684832,94.376359,0,115.0,2.4563945664087456
26.104314,92.44212,0,263.0,8.691301602734168
27.382794,94.82649,0,101.0,1.012750369636371
24.735642,93.41012,0,635.0,17.038709505535593
27.592806,93.824408,0,1573.0,6.721369339369457
28.553643,94.149031,0,2468.0,11.371914526441127
24.309955,94.168059,0,1091.0,25.530275981014736
27.338383,92.148734,0,3229.0,51.45180242168543
25.227223,90.662103,0,196.0,7.746973739247727
25.537317,91.088116,0,995.0,17.856675484800242
23.492221,92.780743,0,635.0,40.78603417913518
23.300247,91.530394,0,26.0,2.263636058426967
28.640645,93.575029,0,3285.0,57.90640860442306
29.117626,94.764992,0,2339.0,19.473721300909236
26.480799,90.833967,0,52.0,0.3376147110174216
26.643286,94.829889,0,619.0,21.014163439225925
27.259872,88.644234,0,1889.0,22.417177837100077
24.299918,93.502043,0,1423.0,20.023484965553834
26.336515,90.252078,0,39.0,6.926249082072704
24.690595,92.670453,0,46.0,1.4320961841646465
25.613193,92.429902,0,904.0,12.709800424919228
27.693585,94.475158,0,992.0,24.750404884789177
26.576492,95.049691,0,794.0,22.54033110168392
27.941626,88.274221,0,5180.0,12.50650945509941
27.291603,92.558048,0,1377.0,16.21928176965065
23.60748,91.900456,0,131.0,2.5695028228896355
27.295705,94.757779,0,100.0,1.6876048941769748
25.76388,92.910671,0,84.0,3.931095784160226
27.037661,95.869801,0,1250.0,20.069194999629435
26.322128,93.27362,0,310.0,2.4563945664087456
24.511154,94.021423,0,785.0,3.0543699951638654
25.065746,93.53058,0,929.0,18.523305392734873
24.748654,92.813762,0,23.0,0.4774537773095774
25.173596,94.040341,0,1053.0,36.696651209450216
28.304434,93.34723,0,3925.0,33.4926163333653
28.542936,95.154986,0,1139.0,16.444369946673778
26.105223,93.462158,0,922.0,20.186438039091527
26.237848,92.953216,0,233.0,17.69065401563772
22.323486,92.662421,0,180.0,4.857533338413092
26.353308,90.659225,0,48.0,2.263636058426967
23.473816,92.598468,0,703.0,16.26020470831196
25.721127,93.376934,0,246.0,2.8821812090202448
25.452312,92.009896,0,1543.0,5.237476066812513
26.962506,92.939782,0,336.0,11.485371105544893
25.480602,91.28653,0,1489.0,2.3619913818349927
24.595071,94.039722,0,783.0,1.391763426244203
24.887131,92.287462,0,16.0,0.9548412538721887
24.268465,93.727742,0,1275.0,9.970261598239336
27.955191,88.62228,0,4956.0,7.0144286129802715
28.247472,96.283631,0,2835.0,45.199535222412045
27.602511,88.185924,0,4790.0,4.0586642321882005
25.881816,90.912763,0,322.0,1.2171181316034883
24.806937,94.543507,0,827.0,27.798689254445293
25.048832,94.274955,0,1026.0,1.3502244696996157
28.032557,93.679898,0,731.0,30.749039875040545
23.659974,91.630964,0,51.0,7.917305155246911
24.046399,93.478878,0,1163.0,22.872101356921007
26.539201,94.441082,0,450.0,13.05694776697101
26.966165,94.753716,0,98.0,1.7210061534334908
26.954512,94.484575,0,88.0,0.9548412538721887
27.506498,94.691375,0,103.0,2.052775101535614
27.837889,95.591426,0,128.0,0.7548944975654582
26.120297,92.725072,0,68.0,8.691301602734168
27.756577,94.602211,0,970.0,35.934915703877515
22.483779,93.105659,0,960.0,31.35169061480272
25.743119,93.646967,0,193.0,1.5095270002735288
28.765548,96.560481,0,3632.0,10.769682941155354
25.264363,93.531416,0,1452.0,11.630105013404506
26.262501,91.900931,0,49.0,1.0675202709770988
27.231794,97.025657,0,1864.0,29.260073022738787
27.271653,94.184262,0,88.0,1.012750369636371
28.070681,93.310053,0,1782.0,27.390618540180746
26.168839,93.302247,0,532.0,9.421579043017086
27.511874,95.668132,0,139.0,1.6876048941769748
25.554417,91.019007,0,836.0,24.79837920987269
26.02158,90.24697,0,30.0,0.6752059787394532
26.324788,94.658849,0,703.0,8.691301602734168
27.518598,94.133724,0,852.0,33.51768926123237
27.634254,95.126611,0,108.0,0.6752059787394532
24.402361,93.294704,0,491.0,25.5743067157341
25.965708,93.004529,0,79.0,5.322852793549541
28.737311,96.495225,0,3906.0,36.82229258372596
26.072761,93.1881,0,105.0,0.7548944975654582
26.299837,94.034325,0,114.0,1.9091524329963763
24.39331,94.210618,0,888.0,23.039362969872315
28.254227,95.584758,0,387.0,5.226703690794332
22.195674,92.610322,0,182.0,17.097922562599933
26.077418,92.014219,0,245.0,4.857533338413092
27.556352,93.019824,0,1278.0,16.632155145358805
25.957368,92.737184,0,69.0,0.7548944975654582
27.966818,97.108433,0,4210.0,25.996650770804457
25.766144,92.668787,0,421.0,7.832625705078162
25.259175,90.434229,0,31.0,0.4774537773095774
25.673995,90.91739,0,552.0,3.3384705437643523
28.113401,93.393733,0,1635.0,23.799267833265674
26.737061,94.219482,0,99.0,0.7548944975654582
27.281378,94.167314,0,89.0,0.9548412538721887
26.288686,95.043852,0,2061.0,31.58578773967389
26.616997,93.320991,0,77.0,1.391763426244203
26.37752,94.953057,0,656.0,34.54826512264056
25.309074,93.109707,0,463.0,14.129503142051032
25.464122,91.948702,0,1733.0,15.021639835845441
28.197011,93.9606,0,1198.0,49.68799052980178
28.670035,95.885591,0,2006.0,39.42403227637743
28.197442,95.35511,0,862.0,35.63890752897078
25.957016,93.183707,0,153.0,2.5695028228896355
23.479303,93.356312,0,1325.0,21.743418679701104
27.08839,93.873439,0,98.0,0.6752059787394532
24.560944,92.448681,0,19.0,0.9548412538721887
26.402268,92.649564,0,65.0,1.3502244696996157
27.684108,93.716361,0,1761.0,34.27947575354142
27.602544,92.745342,0,1547.0,25.07455219584297
25.618728,91.566416,0,1525.0,14.262549526279019
26.415196,92.545044,0,64.0,1.7210061534334908
23.944102,94.060729,0,1120.0,32.689132570406855
26.925127,93.625398,0,93.0,2.3619913818349927
25.057324,93.428821,0,814.0,24.842673073850357
27.193225,96.924306,0,1272.0,2.4563945664087456
25.346322,90.986248,0,299.0,3.389067065438376
26.867215,94.783565,0,108.0,0.7548944975654582
23.818926,92.490039,0,975.0,27.14359186707415
25.771821,92.570364,0,688.0,22.184664148243595
23.811162,92.038839,0,100.0,16.26020470831196
27.558537,93.893374,0,2207.0,18.06768906469106
28.367995,94.481336,0,2037.0,25.22039963647754
26.633707,90.308042,0,93.0,2.0248682972773406
25.932278,92.435381,0,560.0,13.904455774158935
26.033501,89.820798,0,31.0,2.5695028228896355
28.5166,94.378705,0,1723.0,18.27288969553102
27.756803,94.326867,0,967.0,50.843628331737285
27.118015,94.736147,0,95.0,2.0248682972773406
29.109781,95.583855,0,3579.0,17.02683613640949
27.640346,92.426685,0,4597.0,1.391763426244203
27.171029,95.08249,0,108.0,0.7548944975654582
27.187152,92.81065,0,788.0,26.194836702465118
27.692026,96.163,0,286.0,4.315448959323992
26.303301,90.274606,0,48.0,0.3376147110174216
24.006463,92.729536,0,500.0,20.66495305143687
23.175693,93.080705,0,944.0,15.747500365404113
25.927545,93.077095,0,120.0,7.2338446967252255
28.495696,94.289445,0,2835.0,39.07651938101343
27.622167,93.460635,0,2537.0,21.526722307380663
27.311972,92.747824,0,727.0,19.98488347684215
25.887446,91.459387,0,68.0,3.471741285563965
26.644536,90.758915,0,93.0,1.391763426244203
25.882498,94.45381,0,1542.0,38.7723707937631
26.279627,89.994915,0,57.0,3.8436681673213813
24.118637,94.132728,0,837.0,19.37587916013665
23.777016,91.740837,0,185.0,8.767251443500896
26.237056,92.708945,0,62.0,1.391763426244203
25.199564,93.95056,0,1420.0,9.015509788449524
27.724478,91.885822,0,4514.0,4.222687118252763
27.585452,88.692656,0,3231.0,45.297780008813035
24.433303,93.026798,0,111.0,5.749849383709693
27.766126,94.885219,0,414.0,25.453785781140812
27.507503,95.038851,0,111.0,3.372286683433898
27.351586,96.557579,0,1297.0,22.115489497306395
26.036749,92.63371,0,71.0,1.2171181316034883
25.48202,91.015338,0,577.0,17.831476655982783
28.324794,96.753949,0,3892.0,32.11261530059655
27.766499,96.443791,0,2118.0,33.76118818850125
24.548106,93.391668,0,509.0,14.910504539706803
28.31552,94.992587,0,243.0,13.089463376910485
27.629245,94.470678,0,250.0,22.144873841221017
24.76122,93.808202,0,777.0,1.5095270002735288
25.285355,92.013662,0,881.0,40.03075915578156
27.958062,93.303973,0,2109.0,34.06282477031529
23.188094,93.205234,0,869.0,20.923637802436197
26.297463,95.097942,0,1575.0,36.693218577738165
28.509701,95.953393,0,2578.0,33.38352154900421
27.484149,88.548595,0,1669.0,36.505887632648864
26.45666,95.06121,0,1715.0,14.434094830851231
26.461489,90.19029,0,50.0,2.5695028228896355
23.083674,91.748428,0,67.0,3.9454763934793324
24.060197,92.767404,0,641.0,28.237197059835257
23.873375,91.706609,0,126.0,10.052230095483228
26.394406,93.616236,0,389.0,21.993159796292126
27.489473,95.133401,0,117.0,0.0
26.872223,93.244922,0,97.0,2.5695028228896355
28.374246,94.320774,0,3549.0,27.839976418289996
24.458057,94.22414,0,1495.0,8.811234328732239
23.22242,92.398865,0,152.0,16.11800792223731
23.682321,93.393101,0,1244.0,21.64844674283294
24.025025,92.75139,0,472.0,26.39225472997553
25.603376,94.350272,0,1368.0,43.96500434310841
27.716077,94.871089,0,129.0,2.7818863802117484
27.922594,96.014105,0,182.0,4.972358392400693
26.028348,93.260939,0,154.0,2.7199233149201807
25.829113,89.82627,0,27.0,3.4389123953782974
27.04547,95.443638,0,541.0,8.917089630363527
24.062641,93.517587,0,680.0,12.510782808631909
26.311569,90.890184,0,37.0,0.0
25.180385,94.498166,0,1596.0,17.156881303434954
25.877894,91.776157,0,360.0,11.913719450447159
23.954213,91.636002,0,58.0,7.33339277230879
28.556723,93.744929,0,3814.0,42.54578507886862
27.628616,92.854965,0,2189.0,31.105769677100664
28.581443,94.973424,0,2069.0,40.52807656480464
25.867951,91.745593,0,459.0,27.472142708863853
24.541941,93.063246,0,68.0,3.7692440164074177
28.56031,95.877619,0,1633.0,50.83134977788657
25.426135,92.238148,0,1315.0,17.083143246452856
26.368763,90.601806,0,47.0,4.0586642321882005
26.274387,93.80269,0,140.0,8.380191745041826
25.958945,91.932471,0,492.0,28.14782196842062
24.68394,93.682326,0,880.0,11.499465999742787
25.547017,91.174607,0,1270.0,2.052775101535614
26.527825,92.249352,0,61.0,1.2171181316034883
27.759937,94.247948,0,379.0,42.04693554484103
27.552999,92.890179,0,753.0,7.660316591254672
26.642976,90.96196,0,73.0,3.016961309815993
27.309095,92.466326,0,1748.0,30.72061147663586
26.908915,94.448932,0,91.0,2.1342998941463125
26.920351,92.771366,0,176.0,15.128378509366811
27.038316,95.550424,0,605.0,5.139693807411478
24.854113,93.541684,0,1373.0,22.904097758623656
23.302516,92.771843,0,838.0,19.632888661818416
24.437239,93.070105,0,252.0,28.037600489728426
25.530357,91.09282,0,1004.0,14.851062468857862
28.262301,95.252635,0,766.0,30.25898156200578
26.766692,93.297446,0,73.0,4.1140753309278875
24.702285,93.032497,0,67.0,14.833525810160396
23.88364,94.108818,0,544.0,21.072718295480193
24.983024,93.883178,0,907.0,2.052775101535614
24.139136,94.011545,0,1078.0,22.838033840590064
24.71266,92.990986,0,34.0,3.389067065438376
25.657981,91.806019,0,909.0,9.191033686643834
22.867663,92.647279,0,364.0,23.653214487235278
28.221231,95.075691,0,1458.0,30.444931177872785
25.884026,93.505197,0,193.0,6.0172848640320336
26.272879,94.697841,0,1143.0,17.01197993242201
28.86162,96.028159,0,2685.0,50.74669439556815
23.406886,92.528744,0,488.0,40.04325099636187
26.689412,91.876412,0,86.0,0.9548412538721887
27.225081,95.874168,0,242.0,10.683507759366373
28.790562,96.564836,0,4411.0,37.12086641175678
27.931376,93.559519,0,1488.0,19.78056829771728
25.669618,94.528821,0,1196.0,28.713308565785912
25.518337,93.983373,0,1490.0,28.735641668064062
24.590082,92.658117,0,32.0,2.263636058426967
27.121865,94.655002,0,90.0,0.6752059787394532
26.225817,92.322671,0,63.0,7.179645410861981
25.791203,90.777126,0,175.0,22.482980057433945
25.605764,93.925988,0,1884.0,14.043730788347142
24.337548,93.413462,0,1676.0,28.031778898204124
25.457597,91.62168,0,1608.0,19.714294515298057
27.07311,94.154394,0,83.0,1.4320961841646465
27.230276,94.687007,0,96.0,4.262693045214654
26.997562,95.466632,0,547.0,16.21928176965065
27.30009,95.678843,0,141.0,2.862405226111748
25.217022,91.621002,0,123.0,14.663910850320782
24.030106,93.980984,0,958.0,30.25643716352927
26.846399,93.908459,0,75.0,3.3384705437643523
25.039762,94.51382,0,865.0,29.16385084782155
23.605182,93.3255,0,1443.0,15.345949929234184
24.692212,94.268684,0,1207.0,37.53490600791177
28.391682,95.593468,0,1553.0,20.991582376941242
28.808324,95.130515,0,2384.0,44.36809598308936
24.172318,93.277504,0,705.0,23.70647974476465
26.94924,94.922435,0,107.0,0.6752059787394532
25.648144,91.758247,0,976.0,14.851062468857862
29.219969,95.884093,0,3909.0,42.25651373952644
25.206426,93.14657,0,459.0,18.09247027171656
26.430761,93.289023,0,639.0,13.346333865774348
24.459158,94.105375,0,1027.0,21.393026047204742
27.669998,92.548749,0,3237.0,43.33171975024536
27.624279,93.534026,0,2297.0,23.620787756210934
24.673687,94.543724,0,266.0,3.7086168298207194
22.089759,92.994259,0,941.0,43.43068952684463
27.735149,96.622706,0,2264.0,37.32593294252776
27.520214,92.239316,0,3730.0,19.59573743353876
23.99062,93.261325,0,843.0,19.632888661818416
28.44643,95.197269,0,1119.0,31.018521490079827
27.458577,94.850369,0,105.0,2.433138796850444
26.401171,93.105932,0,535.0,13.421509132977462
27.169628,94.978856,0,108.0,1.2171181316034883
26.768456,91.220503,0,81.0,1.0675202709770988
26.886753,94.786926,0,100.0,3.646970455272818
25.311775,92.056121,0,402.0,29.700096647446678
23.883822,91.979609,0,94.0,1.9678637764222802
23.061644,92.766387,0,924.0,20.14825547074991
27.413109,94.455685,0,99.0,1.8175220187198482
28.442048,93.332882,0,3069.0,38.7814011789035
23.134345,91.740022,0,95.0,8.280429976643653
28.13826,93.858487,0,2021.0,38.18257425135251
27.391661,96.486505,0,1536.0,18.9959411552139
28.316253,93.641562,0,2711.0,32.81164453127253
28.500396,94.737815,0,2369.0,31.399251223220567
22.666674,92.828154,0,465.0,7.085726953533678
28.33228,93.874728,0,1027.0,42.11913857362693
27.613081,93.368864,0,2819.0,33.96966754417951
26.181182,94.65329,0,1493.0,20.793701549500007
25.49049,90.137892,0,77.0,17.9597996896571
27.804827,95.906758,0,144.0,1.5095270002735288
24.352807,92.618678,0,40.0,1.0675202709770988
25.732987,91.743047,0,716.0,9.566235322594842
26.279544,92.75021,0,73.0,4.289153328819018
24.717047,92.882559,0,30.0,1.0675202709770988
25.931786,92.466565,0,536.0,8.47871314708616
23.416205,91.592917,0,71.0,8.842508257902008
27.120418,92.32234,0,2940.0,22.662524505739434
23.676236,92.430699,0,819.0,15.747500365404113
25.947008,90.403054,0,70.0,12.260147486012336
26.510799,93.775084,0,105.0,3.0543699951638654
28.120247,95.862063,0,520.0,23.842636023792362
27.836021,96.520643,0,2177.0,35.061492096739244
28.294938,95.738679,0,553.0,29.549408596501117
26.911204,95.052418,0,124.0,6.754583602188046
26.615772,94.559988,0,693.0,22.067094489482304
27.57254,95.889809,0,156.0,3.5204050825976285
28.626324,94.001887,0,2501.0,18.779921287170044
25.600283,91.97964,0,1320.0,0.7548944975654582
26.089104,90.788088,0,41.0,10.759583898850556
23.798183,92.80001,0,148.0,18.860980285499235
26.138059,92.414382,0,74.0,1.2171181316034883
25.30386,94.051358,0,1123.0,22.902099885228424
27.85426,94.701492,0,924.0,8.582483688827132
26.789359,95.090347,0,589.0,21.173535912596044
26.39141,91.062838,0,37.0,4.0586642321882005
25.295851,90.383663,0,107.0,16.26648939037411
24.531021,92.952707,0,40.0,5.885129333686067
25.938139,91.570086,0,600.0,37.49333053668788
24.922076,93.487557,0,1045.0,20.22214606536205
28.511522,95.835342,0,993.0,46.221252605455796
27.929319,95.139091,0,292.0,6.91817481667161
27.14755,94.480496,0,89.0,3.0543699951638654
26.157903,93.538421,0,894.0,13.94980312049591
25.725335,91.476498,0,1121.0,17.062425420209564
25.304677,93.596821,0,890.0,33.18871167439839
27.076242,95.809085,0,1561.0,22.7111368468225
27.303666,96.023249,0,276.0,4.431819877885358
25.508831,94.631055,0,1523.0,21.8890564811688
27.908884,92.950817,0,3239.0,6.091478002079769
27.672631,92.89891,0,1784.0,22.417177837100077
25.210184,92.870361,0,905.0,3.7692440164074177
27.556566,94.757983,0,103.0,0.7548944975654582
26.594063,93.410054,0,76.0,1.6876048941769748
26.735651,90.743913,0,219.0,6.721369339369457
25.660316,92.342479,0,1020.0,12.416385315606288
25.741989,94.35474,0,1404.0,34.11927018081244
27.268383,93.372462,0,1796.0,21.526722307380663
26.693875,93.219824,0,77.0,2.3859440303888126
27.917851,95.627643,0,130.0,2.7199233149201807
27.526934,88.295836,0,4839.0,35.056743220846
26.426614,94.290075,0,192.0,4.100293712915969
27.62026,93.489957,0,2218.0,29.243849399234282
27.202792,88.414155,0,2241.0,35.231532366207624
26.699924,92.198449,0,92.0,0.7548944975654582
23.320236,92.559831,0,524.0,19.875777892472538
28.711906,96.076212,0,2658.0,17.01197993242201
29.154409,94.520008,0,3859.0,32.317149379423704
26.352658,92.304989,0,58.0,0.7548944975654582
27.056494,94.362537,0,87.0,2.052775101535614
23.540619,92.691052,0,626.0,31.211784490588542
27.863051,96.502927,0,1577.0,21.315786893450447
26.3825,94.67601,0,408.0,1.0675202709770988
25.53278,92.433534,0,1185.0,19.610609129170935
27.10073,93.93044,0,94.0,2.7199233149201807
25.56278,93.61817,0,502.0,19.078375781087
25.68445,93.692602,0,379.0,0.4774537773095774
25.511589,94.296666,0,1992.0,12.925951545439487
28.697729,95.473134,0,3649.0,25.884207429480977
25.943965,91.419162,0,59.0,5.6011820198056075
28.633985,94.852623,0,1451.0,45.15089624002761
24.349654,92.615038,0,108.0,16.82339398738753
27.555252,95.149903,0,113.0,0.9548412538721887
26.850383,94.485306,0,93.0,2.4563945664087456
25.411377,90.809327,0,274.0,0.6752059787394532
23.899094,91.573994,0,119.0,6.0637651384102655
27.875535,94.570817,0,1156.0,11.546311187499878
28.238017,93.930431,0,1951.0,26.054225141170225
24.86642,94.393649,0,671.0,25.5133092609215
29.202949,96.192017,0,4546.0,9.719867702432296
28.313399,95.625052,0,670.0,37.339950208121046
28.653113,95.205153,0,2055.0,23.863335760507066
27.57412,94.869762,0,108.0,0.7548944975654582
24.686171,93.693582,0,954.0,20.387669768422825
27.700532,96.349114,0,1029.0,6.344120839226984
26.310672,93.61222,0,800.0,8.811234328732239
25.256457,93.127417,0,474.0,19.211346516583987
25.829647,91.401631,0,462.0,8.710355024840407
27.737237,93.509504,0,1841.0,41.112994067216555
28.863375,94.530637,0,2204.0,29.260073022738787
25.56775,91.393772,0,1634.0,20.802856206079007
27.523131,94.528696,0,114.0,3.1996013002506887
23.117927,93.257612,0,1074.0,21.85491172445446
25.629587,91.050251,0,898.0,16.931476365156406
27.718272,94.281554,0,1023.0,43.31385665828305
25.686835,92.967889,0,131.0,4.903792362690797
24.200226,94.11253,0,1148.0,14.073633716023295
28.340768,94.256081,0,2904.0,44.28627766987951
25.043424,92.70168,0,720.0,22.866094792802045
22.713013,92.899881,0,795.0,31.86169841848211
24.973893,92.526324,0,23.0,4.691966863384949
26.02613,94.382617,0,769.0,27.097435772987733
24.348785,94.127496,0,1078.0,24.470388462172572
25.104437,94.408785,0,1664.0,4.5823147648922165
27.988729,93.601351,0,1642.0,40.324399968067056
25.699594,90.45643,0,341.0,6.620689796446781
27.749651,93.007703,0,1235.0,35.88986674043215
25.15186,93.164342,0,1003.0,26.45165926284944
24.865074,93.972289,0,782.0,2.385944030388813
27.537457,92.173828,0,4151.0,28.724478891475947
23.6625,91.851747,0,154.0,3.6313935493230582
23.495916,92.570884,0,1031.0,24.8373642231443
27.596127,92.461037,0,3680.0,36.26089278326507
26.361497,91.353319,0,53.0,3.389067065438376
27.520372,93.019385,0,1142.0,26.762796183610217
25.244543,93.245155,0,820.0,13.266673433270926
25.220109,90.191814,0,43.0,4.822542232360713
24.57467,92.982594,0,42.0,8.063246165697251
24.193589,92.246352,0,161.0,7.832625705078162
27.080386,95.039329,0,104.0,3.1818128120974354
24.877425,93.661384,0,641.0,24.842673073850357
23.302909,93.318828,0,1650.0,29.69219983443898
25.533447,92.514187,0,1043.0,7.393958126885864
23.723704,92.556307,0,896.0,21.76062380611809
24.718534,92.290549,0,60.0,7.085726953533679
27.629279,96.733922,0,3030.0,23.842636023792362
26.400099,91.521683,0,47.0,1.2171181316034883
28.324596,94.299558,0,2325.0,20.186438039091524
28.849912,95.335107,0,3880.0,37.57799691284942
24.080276,93.187617,0,1192.0,19.632888661818416
26.209299,91.044199,0,35.0,0.0
23.721764,91.832908,0,170.0,7.085726953533678
26.232228,93.104639,0,92.0,3.3384705437643523
26.155603,92.950893,0,73.0,1.3502244696996157
26.844227,92.437078,0,128.0,1.2171181316034883
27.797209,93.201731,0,2000.0,30.00258415231565
26.365196,90.33945,0,86.0,27.49471678527194
23.591919,92.419907,0,522.0,29.00405523929883
25.81943,94.04022,0,986.0,18.64821573021375
25.231456,90.336707,0,159.0,3.4389123953782974
26.225162,92.708087,0,62.0,2.052775101535614
27.615179,95.447833,0,129.0,3.109633021988153
27.428938,96.423163,0,798.0,9.191033686643834
24.541232,92.870484,0,49.0,2.6350263783644494
26.98775,93.851512,0,85.0,0.7548944975654582
26.335574,91.015697,0,45.0,4.315448959323992
29.144149,95.910369,0,4139.0,32.42014603617745
26.737876,90.62532,0,155.0,3.109633021988153
27.333691,93.216633,0,1761.0,11.7637119046499
28.309422,93.561582,0,3618.0,41.84117574754283
26.986884,93.211482,0,366.0,37.92493035776031
25.664191,90.871592,0,637.0,6.721369339369457
27.695961,94.70403,0,386.0,16.919509454227438
28.009036,94.505138,0,752.0,22.178388218559995
26.656194,91.196601,0,57.0,1.4320961841646465
23.763808,91.660941,0,95.0,3.109633021988153
26.223503,90.121767,0,49.0,5.641219812715514
27.741815,95.666479,0,136.0,3.646970455272818
28.178092,93.336422,0,2856.0,59.21570774851716
25.934,92.986943,0,92.0,1.6876048941769748
25.71699,94.437319,0,1525.0,15.599614256886392
25.318437,93.315396,0,850.0,14.350447206010987
26.74762,95.016223,0,498.0,2.3619913818349927
24.602642,94.206738,0,999.0,24.434134047271318
26.839303,95.051106,0,164.0,2.385944030388813
26.065159,94.944199,0,789.0,26.47087935835388
24.137312,92.566255,0,100.0,17.14510977096244
25.497016,91.394551,0,1497.0,12.017034920835405
28.986693,94.923085,0,842.0,19.07066731571445
25.162048,94.321211,0,1320.0,23.88588673441924
25.226798,91.607171,0,186.0,20.648782326696498
27.070985,93.377039,0,454.0,26.12795202639169
24.256142,93.718306,0,1127.0,25.14243049054343
25.229574,90.287232,0,100.0,5.520212884789397
28.144346,96.431796,0,2103.0,33.296989754761654
28.836062,95.262192,0,2878.0,18.09247027171656
27.683641,88.61981,0,3644.0,34.41145966051805
27.836046,93.991575,0,833.0,13.362200604250484
27.284891,93.941006,0,265.0,6.696346521504578
23.804844,91.785508,0,113.0,13.089463376910485
27.738106,93.722879,0,1179.0,13.6170618313427
28.510033,94.6066,0,1578.0,32.934331972438066
28.470872,94.820906,0,680.0,19.496208222897444
27.483946,93.123728,0,1557.0,32.7909254377919
23.187209,92.673275,0,531.0,27.26604445073282
24.773391,94.474513,0,595.0,34.14741989500063
25.68656,89.993564,0,53.0,14.833525810160396
24.153089,93.903729,0,905.0,28.544840660015435
27.052868,93.678411,0,321.0,28.845470930234946
24.68575,93.178091,0,339.0,31.670097621922785
24.91023,92.718053,0,17.0,0.3376147110174216
28.610848,95.118368,0,1262.0,35.72664083522243
25.689233,91.346292,0,1107.0,31.35526241524792
26.337885,95.021452,0,1648.0,25.156319133694215
25.745227,93.314899,0,217.0,5.150652185902698
25.704689,94.425276,0,1646.0,14.084828259712214
26.452537,93.961688,0,96.0,2.160788974078258
27.498227,95.45337,0,130.0,3.0543699951638654
27.946929,95.902035,0,178.0,3.1818128120974354
25.165429,92.572604,0,805.0,34.276486320934104
23.387518,93.159902,0,1039.0,27.26604445073282
28.086841,96.46301,0,1236.0,22.228525063117385
26.012815,91.791012,0,418.0,23.04728376798721
25.78242,94.015652,0,684.0,18.25386240130491
25.483335,92.135436,0,1439.0,25.799362760193993
25.317857,91.86117,0,668.0,41.27259912026187
25.752733,91.168507,0,753.0,16.850495113189584
22.870401,92.794377,0,1098.0,36.60371100091371
24.144354,93.977543,0,1339.0,22.159545251940987
25.385434,94.030246,0,1212.0,24.53544118605691
28.596547,94.852973,0,1726.0,25.411135016332118
23.901549,91.855936,0,95.0,7.973233172986173
29.194537,95.673636,0,3721.0,32.71326956168635
27.926815,94.162042,0,739.0,16.054316318325498
28.615799,94.261328,0,3219.0,24.655816005757636
24.043889,91.75388,0,266.0,7.832625705078162
25.987063,91.992293,0,446.0,19.89037156536882
28.497394,96.178744,0,3246.0,15.49341556950095
25.917526,90.100024,0,31.0,2.263636058426967
28.822103,94.528082,0,2434.0,45.699271840711766
24.689739,94.070532,0,793.0,1.9678637764222802
23.897458,92.568665,0,473.0,38.82422460049922
26.749828,92.660506,0,79.0,1.9678637764222802
26.765831,92.019431,0,113.0,1.9091524329963763
27.782773,96.874853,0,4015.0,28.118887671283172
28.294554,96.157431,0,1605.0,23.750100573474086
24.910393,94.13784,0,942.0,17.285708504282233
28.59501,94.678242,0,922.0,23.67606426211324
26.775941,93.763472,0,82.0,5.808222980428714
25.088875,93.003795,0,813.0,17.14510977096244
26.096936,90.028037,0,30.0,3.646970455272818
28.960625,95.622313,0,3792.0,21.182465401537318
25.894561,89.854511,0,31.0,1.8175220187198482
27.50117,95.960688,0,168.0,0.9548412538721887
28.659265,95.770851,0,2611.0,22.209742632332187
25.879368,92.232095,0,721.0,28.458539294810752
25.926136,93.034688,0,104.0,1.391763426244203
25.950968,92.353947,0,563.0,13.03657849691309
29.009012,96.376559,0,4810.0,15.951766186006651
27.050142,92.275618,0,2624.0,24.13187068397173
27.027342,94.317917,0,94.0,2.7199233149201807
25.747095,94.037002,0,642.0,11.37191452644113
25.360728,93.654118,0,551.0,17.183330483447964
28.187799,93.926924,0,1096.0,20.775375663823805
26.445448,91.876819,0,60.0,3.1818128120974354
25.537731,92.931091,0,206.0,0.7548944975654582
26.819266,94.118632,0,83.0,1.0675202709770988
26.00149,93.127692,0,110.0,2.3619913818349927
27.566988,94.984579,0,105.0,0.0
25.705433,93.53573,0,185.0,2.433138796850444
26.310233,94.34201,0,495.0,14.549536520794929
28.031903,97.283332,0,4385.0,38.01048912835688
23.115312,93.180147,0,790.0,24.591248866909307
26.320739,93.672087,0,517.0,18.743164636660495
27.945148,95.263488,0,161.0,2.9018215173024653
25.192724,92.447919,0,506.0,2.9018215173024653
23.924869,91.410741,0,49.0,2.862405226111748
25.279997,92.202645,0,694.0,22.499387499803486
23.382327,92.697345,0,648.0,18.871406554124068
28.938894,94.426051,0,4140.0,53.58054651998529
27.7232,95.461151,0,121.0,0.9548412538721887
25.4365,90.98205,0,447.0,9.232867658932431
27.315061,93.603561,0,1926.0,11.485371105544893
23.571909,91.927373,0,133.0,6.629140282386492
26.433843,91.865313,0,59.0,3.372286683433898
26.024716,94.16645,0,847.0,37.24571514151944
26.831707,93.948464,0,82.0,3.3214321859461395
24.631726,93.531698,0,1094.0,29.07799907556935
28.352761,94.270324,0,2851.0,9.039936374210699
27.263595,97.040577,0,3144.0,29.763135779358187
28.233323,95.931208,0,2303.0,19.630414815023528
25.225084,91.732658,0,1044.0,13.617061831342701
24.556847,93.630085,0,909.0,20.441660999453667
24.483345,93.915074,0,769.0,1.5095270002735288
24.881996,94.493501,0,964.0,12.574686308048038
25.136203,92.667929,0,1435.0,13.206566483906398
26.762396,94.35111,0,103.0,1.6876048941769748
27.883666,94.995354,0,302.0,13.828493153203071
27.636507,93.960412,0,1667.0,23.322042123460562
27.087319,93.639713,0,262.0,16.8595168388382
25.970379,94.019052,0,831.0,29.88199190250392
27.091528,93.432722,0,1009.0,26.60637925462931
26.711454,94.345303,0,111.0,1.9678637764222802
28.386371,95.812735,0,1095.0,39.954897530327855
25.191375,92.419294,0,519.0,12.958842095998698
25.717768,94.262332,0,982.0,18.608468412150337
23.756942,91.422971,0,55.0,2.7199233149201807
28.274841,94.270861,0,1317.0,30.439898898614633
26.247104,91.752141,0,146.0,2.052775101535614
26.788709,92.220857,0,111.0,0.7548944975654582
24.405153,93.320449,0,328.0,24.927378187010557
28.999973,95.418494,0,2725.0,0.0
24.925779,92.762686,0,23.0,0.0
28.651183,93.705347,0,3609.0,22.656437373598656
27.366668,95.650271,0,151.0,0.7548944975654582
25.799322,94.965681,0,1762.0,15.021639835845441
25.949398,92.811531,0,80.0,2.263636058426967
26.878006,94.928395,0,130.0,1.2171181316034883
28.123927,97.037125,0,1995.0,37.247373202381205
26.324392,92.339881,0,59.0,0.6752059787394532
28.549269,93.677824,0,2511.0,37.68561849263843
22.971114,92.581436,0,202.0,16.041541080351973
27.202936,94.489949,0,94.0,0.3376147110174216
27.271334,92.68258,0,627.0,26.38903751874389
23.854482,92.619311,0,392.0,6.091478002079769
27.376976,96.434216,0,1078.0,32.28117293765781
25.764593,91.48693,0,600.0,14.277243114666133
27.275224,88.628121,0,1399.0,38.239521615473514
27.91251,97.029872,0,2977.0,39.98835039489205
28.765888,94.038061,0,3508.0,1.8175220187198482
25.640501,94.441138,0,1505.0,39.55344988164576
24.915642,93.717323,0,1095.0,25.892501797807935
26.342479,89.994493,0,50.0,1.012750369636371
27.84694,97.045282,0,3331.0,32.59775007945755
28.05488,95.836286,0,216.0,1.4320961841646465
28.539183,94.700514,0,1307.0,38.258199215420035
28.761137,96.060175,0,3115.0,45.354656986211836
27.850527,93.255176,0,1349.0,13.582101615290334
24.361532,92.93562,0,558.0,33.95646109807802
28.000879,94.629126,0,919.0,11.204175805954709
27.720959,88.569169,0,2871.0,27.03723822261716
25.248478,93.294104,0,1041.0,30.6151238242545
25.550405,92.892912,0,208.0,7.454009592341948
26.585564,92.861748,0,74.0,1.391763426244203
26.03763,94.727806,0,1965.0,41.18721283765573
27.991489,95.408122,0,137.0,1.012750369636371
23.42522,93.091572,0,566.0,7.062044068464845
27.512443,92.126686,0,4085.0,34.29242363523321
22.919677,92.78505,0,650.0,33.659048854902686
26.960844,94.814045,0,95.0,1.012750369636371
23.288675,93.233462,0,1137.0,14.054953065884908
27.42763,96.759371,0,833.0,14.233109137789887
25.643951,93.041092,0,256.0,11.405135172235026
26.104377,93.573324,0,892.0,5.095619550423829
24.605014,92.584087,0,29.0,2.160788974078258
24.15858,92.018557,0,41.0,2.385944030388813
27.748578,88.325566,0,4879.0,44.00182355022962
23.597384,91.17994,0,19.0,3.7238672163946718
25.628295,93.605387,0,275.0,0.9548412538721887
28.269505,94.840876,0,333.0,14.491950708622538
26.626941,92.596668,0,60.0,3.0543699951638654
28.556208,93.471332,0,3502.0,25.006387956247202
29.05221,95.229813,0,3682.0,19.98488347684215
24.463391,93.708177,0,844.0,0.9548412538721887
27.569704,96.534182,0,924.0,13.142105387504266
26.917922,93.170733,0,152.0,3.3214321859461395
28.315282,93.702861,0,3028.0,11.804833968770469
26.217541,93.061465,0,84.0,1.7210061534334908
27.882694,95.095934,0,352.0,22.62393276031727
28.969919,95.539667,0,3419.0,10.315082561193282
27.808674,94.773936,0,757.0,33.05825736162379
25.099621,94.272932,0,1096.0,0.6752059787394532
23.251725,93.31403,0,1706.0,31.315930062176403
24.317918,92.69771,0,148.0,16.919509454227438
27.054296,94.934176,0,104.0,4.0586642321882005
25.847094,91.39043,0,192.0,9.20898742169279
27.307596,88.223831,0,1564.0,29.14753247032426
24.837845,93.871423,0,786.0,6.25509971741467
28.033983,97.109912,0,4143.0,31.744679866591962
26.493301,93.197652,0,124.0,11.913719450447159
27.183192,92.997868,0,1605.0,35.13066788374841
27.497765,93.67559,0,1120.0,15.533342334438306
27.706697,92.564018,0,3035.0,33.83507296292275
28.658519,94.506065,0,2204.0,38.49671617994502
26.334706,90.339017,0,166.0,11.818505884684436
24.068791,93.593582,0,1036.0,22.70911433198824
26.783959,95.166914,0,655.0,18.9959411552139
27.653004,93.717903,0,1363.0,14.833525810160392
25.651171,90.635518,0,314.0,1.9091524329963763
28.088862,94.709118,0,794.0,32.52693827064724
27.340519,93.414788,0,1923.0,25.006387956247202
24.241081,93.420047,0,1190.0,27.974910378512003
24.116503,94.069687,0,1255.0,21.869859308909426
27.96491,94.982388,0,588.0,31.244175851188178
22.077646,92.659327,0,185.0,7.187414250982758
26.952891,92.509736,0,197.0,2.263636058426967
25.532463,94.344301,0,1590.0,25.51670402283305
28.364911,95.559162,0,1027.0,42.91529851523395
23.488705,92.430797,0,533.0,33.424517225006475
24.36059,93.005262,0,502.0,11.54163616146147
22.862861,93.070021,0,381.0,20.07880037349212
25.263028,92.208433,0,883.0,19.89037156536882
24.952494,94.538204,0,1176.0,21.596396693896956
26.466032,93.542942,0,535.0,15.004339331196158
26.821669,93.435196,0,88.0,0.3376147110174216
25.314088,89.992042,0,42.0,4.5823147648922165
27.934452,95.403379,0,130.0,5.720433130975309
26.847824,94.909388,0,134.0,1.2171181316034883
25.291573,90.620731,0,90.0,17.493961698201165
25.328816,91.353645,0,1400.0,10.482881655565379
29.049314,95.978833,0,3560.0,28.828834963868516
26.755864,90.664929,0,207.0,2.698950908923438
27.147754,95.384621,0,428.0,29.77230894379481
26.680837,91.673313,0,82.0,1.4320961841646465
27.101501,95.348034,0,241.0,17.87903663354801
25.91351,92.431999,0,571.0,6.2010537824392635
27.769916,94.656415,0,1058.0,16.75085894072259
26.243238,92.475745,0,67.0,1.391763426244203
28.568355,94.331875,0,2370.0,34.77407285385961
28.437543,95.922867,0,2119.0,40.39236654050496
26.795108,94.925329,0,353.0,9.520202144985053
27.067771,92.380622,0,1730.0,54.42120327413443
26.011235,90.891086,0,46.0,2.052775101535614
27.737051,94.042088,0,727.0,48.63843103758655
27.990689,97.059582,0,3872.0,21.182465401537314
24.936128,93.68235,0,731.0,28.987578250072634
25.894927,92.402719,0,538.0,0.0
24.106949,91.961275,0,60.0,10.14426119696945
25.525622,92.027235,0,1434.0,8.056359672969409
27.643879,94.744162,0,121.0,1.7210061534334908
26.284131,91.578293,0,51.0,2.7199233149201807
26.536852,91.325638,0,50.0,3.0543699951638654
23.918167,91.965551,0,90.0,20.857668622063194
26.104108,93.111194,0,95.0,3.109633021988153
28.159447,95.624163,0,249.0,2.5695028228896355
24.835796,93.678405,0,1319.0,29.538782259558097
25.1966,92.075458,0,358.0,51.763092855485404
25.565052,89.965846,0,48.0,10.779771619960357
25.507657,91.630677,0,1694.0,11.386165083355712
24.246663,92.518407,0,73.0,9.374782742021159
27.79507,93.181636,0,1972.0,36.42230980353445
27.441705,95.685959,0,148.0,1.8175220187198482
26.586454,92.003046,0,72.0,1.9678637764222802
24.237192,94.166258,0,484.0,12.646669179823956
27.462564,96.33233,0,1181.0,34.7014168409633
28.416945,95.834676,0,760.0,22.991754575465418
25.22284,92.962365,0,785.0,15.345949929234184
26.580338,91.617917,0,62.0,2.1342998941463125
29.143821,96.155102,0,3263.0,38.24341460687454
23.314579,91.592992,0,32.0,0.9548412538721887
25.374795,94.484398,0,1882.0,36.620100719315154
25.922064,91.43802,0,62.0,1.012750369636371
29.122705,95.940245,0,2611.0,30.819282883959332
25.410787,94.255071,0,1902.0,18.28646508750085
27.975138,96.957672,0,1828.0,51.508004272984884
26.708592,92.5347,0,81.0,1.7210061534334908
29.311611,95.787408,0,3827.0,25.575997825418
29.284194,96.051437,0,4151.0,60.017500735278894
28.220707,94.798291,0,701.0,11.471257006629077
27.292617,95.815273,0,168.0,5.051152528017927
27.856729,88.303171,0,5197.0,25.6502330242665
28.056343,97.056519,0,3528.0,25.904106824861078
27.952017,95.349089,0,138.0,2.7199233149201807
27.6341,96.72609,0,3218.0,51.96294129840429
25.721244,90.425161,0,324.0,16.787174901536922
25.063526,94.51986,0,1056.0,28.972459897875353
27.499654,96.283042,0,368.0,2.0248682972773406
28.166504,93.293164,0,2359.0,31.674768900362572
28.759543,96.494542,0,3874.0,36.11297289008781
27.208007,93.077528,0,1146.0,40.23490701224109
26.891531,94.302077,0,83.0,2.263636058426967
23.837068,91.87321,0,113.0,5.885129333686067
27.400982,88.60239,0,1443.0,14.938380345292417
26.995142,92.453232,0,623.0,10.101065645351623
27.081517,94.942416,0,100.0,1.2171181316034883
27.934679,88.367285,0,5199.0,22.249367941393537
28.567186,94.993082,0,2184.0,33.90556740947305
23.824687,92.461169,0,687.0,18.05666126835963
25.227362,91.420879,0,532.0,21.47425899848928
25.160332,92.989688,0,708.0,22.991754575465418
25.613465,92.087182,0,976.0,15.81919394750014
26.486532,94.480474,0,793.0,18.96231828867539
23.690238,93.213041,0,1010.0,5.385977098599754
25.345325,91.418912,0,1490.0,10.663120448541864
23.611152,92.574207,0,447.0,20.09079841920037
28.678039,94.481014,0,3676.0,26.948858144511448
28.024048,93.586947,0,782.0,35.86819845525075
27.118419,95.609243,0,688.0,31.576393336997814
27.759469,93.916357,0,1119.0,19.98488347684215
28.317243,93.567102,0,3040.0,31.670097621922785
27.341259,94.112659,0,105.0,0.4774537773095774
28.917143,96.48721,0,4298.0,41.783723931317006
28.600455,93.831798,0,4262.0,32.42460957107069
24.333577,93.866516,0,766.0,2.263636058426967
27.555949,96.695558,0,1673.0,32.24850128082579
23.958728,91.652327,0,51.0,3.7692440164074177
26.148148,93.770478,0,146.0,6.2010537824392635
28.106622,96.768473,0,3525.0,35.039635753721
28.758593,95.742951,0,2810.0,12.638224684699054
25.817945,93.087817,0,153.0,4.72794257368475
25.056433,94.123704,0,816.0,5.479268333625944
26.524976,94.676583,0,628.0,32.40339699534798
28.330438,93.325836,0,3373.0,25.584450735534
26.535367,92.406894,0,53.0,0.4774537773095774
26.112785,90.972391,0,39.0,2.8821812090202448
22.117657,92.992448,0,888.0,36.258247503868105
28.691573,95.486483,0,3665.0,25.998298576512585
24.188647,92.627466,0,170.0,17.047607783695927
26.019954,89.984109,0,32.0,1.7210061534334908
25.782175,91.610952,0,601.0,8.30048370216806
27.840781,92.725526,0,3201.0,38.36671296873473
29.180386,94.531325,0,4172.0,32.18183069514744
25.779342,92.12709,0,929.0,25.998298576512585
27.145163,93.862886,0,121.0,3.3214321859461395
28.124215,95.050135,0,1406.0,31.071894543103195
28.147521,94.716673,0,518.0,18.09247027171656
26.696039,92.643176,0,76.0,0.7548944975654582
26.483485,92.034087,0,60.0,2.5695028228896355
25.785239,92.224475,0,852.0,3.7692440164074177
24.765821,93.678337,0,771.0,19.211346516583987
26.528916,92.498109,0,63.0,0.7548944975654582
25.967922,94.077392,0,298.0,14.273571375658685
28.932261,95.43665,0,2511.0,18.86358755562412
25.544371,93.188202,0,310.0,3.8436681673213813
23.657941,91.874567,0,167.0,2.433138796850444
26.691558,92.883201,0,72.0,3.4389123953782974
27.723822,91.646451,0,4192.0,52.54043464641461
26.535226,91.061836,0,43.0,0.7548944975654582
28.840596,95.862197,0,1575.0,33.20467980258028
23.090238,92.709273,0,622.0,34.723732538271605
25.729075,89.916296,0,57.0,4.100293712915969
25.928137,92.5766,0,415.0,22.02700214625758
27.769829,95.938279,0,149.0,1.2171181316034883
24.157208,93.107508,0,355.0,33.103284963509616
26.68817,92.712475,0,68.0,0.7548944975654582
24.921605,94.521248,0,988.0,21.674406116056463
28.534715,94.218851,0,1964.0,19.59573743353876
28.72278,94.180414,0,3119.0,31.24537431237192
28.363547,96.460833,0,2954.0,59.694572683054574
22.293379,92.584236,0,113.0,4.289153328819018
25.72994,91.560412,0,1157.0,3.5204050825976285
26.145251,90.006454,0,29.0,1.3502244696996157
28.600702,96.00493,0,2665.0,36.461541111294395
23.388006,93.032085,0,783.0,21.83994971124597
27.480835,92.316563,0,2076.0,43.134590720117586
26.756386,91.022171,0,93.0,1.6876048941769748
28.275831,93.236999,0,3283.0,29.734272666889545
25.883901,90.001936,0,30.0,3.7238672163946718
25.676589,92.955943,0,124.0,2.3619913818349927
27.316588,92.144903,0,3654.0,10.939804462619982
28.267307,97.135219,0,4425.0,30.510211836286032
24.857815,94.298068,0,938.0,24.111515804807524
27.689634,96.443504,0,1394.0,20.66264400478191
25.319329,91.133818,0,414.0,6.173847782643145
26.923726,92.578928,0,114.0,2.263636058426967
24.203069,94.2542,0,309.0,10.865111054657977
26.171229,90.485261,0,31.0,2.0248682972773406
25.359941,91.978532,0,1028.0,48.4128221029476
26.249027,93.747921,0,311.0,15.99993592924168
23.98188,92.451081,0,203.0,16.156076286300124
23.585438,93.065573,0,661.0,4.787290497376919
25.97687,89.9196,0,27.0,4.380487094158032
25.110462,92.721949,0,1318.0,25.757610218736986
26.114221,90.538124,0,37.0,0.4774537773095774
24.289299,93.272515,0,700.0,32.7909254377919
28.204853,94.649444,0,492.0,17.755607999836727
25.028812,93.46111,0,343.0,18.434948822922014
26.658006,92.53438,0,71.0,1.0675202709770988
24.08299,92.091609,0,93.0,11.242759899173228
25.173844,93.627212,0,1399.0,14.129503142051032
25.845439,92.473561,0,620.0,4.787290497376919
28.481438,94.165234,0,2430.0,31.345735896973334
28.428844,94.848223,0,1032.0,27.888503825996008
28.798653,95.742012,0,2846.0,25.376933525152303
25.751512,93.18192,0,141.0,2.4563945664087456
27.048291,93.908349,0,91.0,1.7210061534334908
28.064356,96.139407,0,654.0,14.938380345292417
26.751581,90.389053,0,148.0,4.0586642321882005
26.269758,90.927555,0,38.0,2.052775101535614
28.822786,94.345532,0,3246.0,32.777826228602564
28.541891,94.603248,0,750.0,21.546350076535884
24.321444,92.651922,0,65.0,3.8436681673213813
28.265757,94.947648,0,995.0,27.974910378512003
24.041655,92.317645,0,85.0,4.168739961832943
24.101979,94.060351,0,675.0,8.406583585732115
25.375987,91.256006,0,1324.0,8.280429976643653
26.783362,92.702144,0,80.0,1.6876048941769748
25.359954,92.453609,0,1009.0,15.439986990629265
26.729961,90.473664,0,121.0,1.6876048941769748
24.001745,91.709991,0,83.0,2.052775101535614
27.499779,96.170632,0,229.0,1.7210061534334908
26.9184,92.806004,0,96.0,1.6876048941769748
26.176527,90.793198,0,33.0,0.0
26.147296,93.392329,0,536.0,21.33568552558723
26.29709,92.786522,0,73.0,2.5695028228896355
25.128549,92.738588,0,1386.0,59.539868696056224
27.77124,92.429035,0,5164.0,21.829253707465693
26.182798,91.431576,0,46.0,2.263636058426967
24.661864,93.350686,0,1310.0,27.238572082130066
26.387258,94.90998,0,593.0,21.286998796640923
24.141063,93.749978,0,1074.0,10.64269042231061
25.325193,91.045688,0,286.0,21.822832559041473
26.875697,95.058225,0,146.0,2.6350263783644494
25.435068,90.056103,0,103.0,9.577706463587903
26.619017,92.185698,0,81.0,3.035723707408927
27.370231,96.914685,0,2524.0,36.439757778863154
23.575516,91.629951,0,47.0,4.520227592644634
26.882843,90.41296,0,309.0,4.380487094158032
25.893217,92.675316,0,235.0,10.92491063265941
25.635927,90.412619,0,510.0,19.31534334540923
26.617481,92.53648,0,64.0,0.7548944975654582
28.319851,95.449542,0,1805.0,54.51214351196725
26.487688,90.28367,0,53.0,1.6876048941769748
25.662594,92.873487,0,127.0,15.004339331196158
26.608485,94.139316,0,93.0,1.391763426244203
28.230214,93.856809,0,2503.0,38.92518394304661
26.197539,89.846987,0,34.0,2.3619913818349927
23.95477,91.414853,0,38.0,3.1996013002506887
28.009675,96.156659,0,346.0,7.952308641158609
23.629839,93.138905,0,1312.0,27.6742031146876
24.666842,92.777871,0,30.0,2.698950908923438
27.527021,95.613378,0,132.0,2.160788974078258
26.284667,93.683479,0,382.0,20.17928621572882
26.260904,94.10013,0,237.0,18.305448954250746
26.765247,94.265043,0,97.0,1.6876048941769748
27.580257,95.832156,0,149.0,1.4320961841646465
27.974096,95.557489,0,138.0,1.0675202709770988
24.255702,92.979063,0,128.0,4.0586642321882005
26.17751,93.754253,0,165.0,2.7818863802117484
28.123963,96.358199,0,3061.0,42.36646637202451
27.624645,94.313767,0,318.0,26.064074661084863
26.845773,92.832339,0,82.0,2.263636058426967
27.852203,96.233945,0,232.0,5.427642598914455
28.221802,96.351786,0,2893.0,37.688037649222295
26.441152,91.613466,0,56.0,1.8175220187198482
27.275287,94.439162,0,91.0,1.6876048941769748
27.911443,94.362631,0,806.0,31.220188351035127
23.403338,92.484455,0,408.0,3.3384705437643523
25.297091,92.190629,0,765.0,21.4589234656262
23.95439,94.161612,0,284.0,18.512624441809514
26.975863,93.962842,0,83.0,2.263636058426967
27.711778,95.80238,0,139.0,2.263636058426967
26.943514,92.212087,0,697.0,33.732364879349106
28.680989,94.347431,0,2623.0,27.38759135157418
27.887821,96.546928,0,1228.0,28.987578250072634
25.348757,93.006412,0,388.0,11.179986107668157
24.001301,93.455748,0,1118.0,9.462322208025617
28.006072,93.833543,0,957.0,34.74020709678246
27.105047,94.857805,0,99.0,1.9678637764222802
25.353805,91.509712,0,1615.0,6.281942803729766
25.412779,94.539948,0,993.0,37.0832203956562
26.774669,91.953549,0,142.0,3.389067065438376
28.924974,95.248464,0,3073.0,18.262020066776483
25.386766,91.422419,0,1527.0,4.289153328819018
25.550174,94.055806,0,2579.0,15.51006672197381
25.200418,91.185609,0,38.0,21.83567219571615
27.407932,95.084503,0,108.0,2.160788974078258
28.647132,95.376934,0,3333.0,30.49015291352645
28.441028,93.995489,0,3014.0,41.242479805498455
28.244456,95.888663,0,2145.0,34.06282477031528
28.693492,96.000596,0,2119.0,15.793169048263966
25.915113,92.625573,0,364.0,6.526986519680234
28.202634,93.981176,0,1261.0,26.246849689869403
27.983991,96.797664,0,2464.0,18.445687755403306
24.436087,92.333207,0,42.0,1.6876048941769748
27.065566,94.026676,0,89.0,0.7548944975654582
25.181762,92.177394,0,421.0,3.109633021988153
26.413607,89.918125,0,47.0,1.9678637764222802
26.575153,92.347739,0,65.0,1.3502244696996157
28.434879,95.790333,0,820.0,18.434948822922014
22.078508,92.818575,0,611.0,20.7662044192666
25.628396,94.306306,0,2204.0,20.064389997069007
27.299612,92.87314,0,795.0,24.141114359485858
26.17852,92.264382,0,58.0,2.3859440303888126
25.738702,92.79196,0,169.0,7.125016348901798
24.888002,93.004305,0,95.0,13.362200604250484
23.848878,92.214305,0,110.0,7.454009592341948
24.611231,93.562515,0,1555.0,28.604000124906698
27.974778,96.021856,0,223.0,4.715981714482646
25.344216,90.043614,0,80.0,6.173847782643145
27.448057,92.205715,0,1996.0,56.60190898124344
28.185465,93.738461,0,1984.0,30.37433953750847
28.05934,95.493449,0,167.0,2.1342998941463125
25.322034,94.035392,0,1158.0,13.519692644101001
26.98321,93.350901,0,586.0,30.5802270679675
28.184123,96.303504,0,2426.0,47.583580294487696
27.277133,94.847724,0,103.0,0.9548412538721887
26.306682,91.595895,0,50.0,1.2171181316034883
24.237518,92.075339,0,135.0,16.041541080351973
22.349051,93.040741,0,1130.0,29.710619869594673
28.29108,93.874814,0,2598.0,35.09943315911282
28.16295,94.033319,0,802.0,31.25974906882519
23.084823,92.398599,0,68.0,12.814236200163856
26.132873,92.41922,0,77.0,1.2171181316034883
27.512066,88.29246,0,4803.0,29.665849859262984
27.296143,92.521027,0,1187.0,33.02386755579665
27.224963,93.553106,0,867.0,5.730255777235155
27.85824,88.618669,0,4861.0,51.15373450421992
26.142401,91.27949,0,38.0,0.0
27.758889,92.103493,0,4488.0,36.134314696635705
26.53666,94.463559,0,312.0,15.747500365404113
25.464018,93.969166,0,1400.0,39.79429568756374
26.37879,93.746878,0,500.0,10.046788047511114
28.441258,95.935204,0,2807.0,30.886779445974373
26.448688,91.423767,0,56.0,1.0675202709770988
28.03459,96.105082,0,506.0,18.87140655412407
27.658158,92.58408,0,2828.0,39.24978392744962
27.535831,93.812493,0,1607.0,12.416385315606288
25.423372,90.289273,0,169.0,4.495148566143528
28.079757,96.446784,0,1433.0,45.5703632033515
26.221816,94.957118,0,1786.0,19.521153528373762
25.194625,93.428044,0,642.0,27.974910378512003
23.889464,91.963548,0,101.0,7.8962247464795094
27.74475,94.506089,0,420.0,8.543726239832896
27.82474,96.409414,0,1373.0,33.14071386408493
25.848934,93.098544,0,166.0,10.890071351587057
27.573165,92.915358,0,1383.0,22.349028218086264
28.46719,93.432135,0,3201.0,30.90636316982921
27.604614,92.033643,0,3874.0,47.09361965530516
24.658408,93.935031,0,778.0,5.322852793549542
25.424785,92.775032,0,664.0,27.069679712969403
27.627613,91.94238,0,3365.0,27.057328608247758
24.479792,92.494515,0,61.0,10.024987862075742
27.024881,92.800263,0,144.0,6.926249082072704
25.609323,90.000965,0,29.0,3.471741285563965
25.248284,90.234341,0,61.0,4.763641690726178
25.98241,93.559719,0,196.0,7.062044068464845
29.248388,95.615404,0,4179.0,32.96459132297932
25.747227,91.140569,0,704.0,35.49716625587208
26.330085,93.085106,0,351.0,22.228525063117385
26.54396,94.206968,0,109.0,1.6876048941769748
24.677718,94.479288,0,664.0,10.606834346352132
24.849887,94.472571,0,790.0,33.31073869919926
26.232074,94.864332,0,2022.0,25.74590029069077
24.497864,93.641622,0,964.0,22.850066084228267
26.578654,94.784892,0,733.0,26.24522678855696
27.92308,94.603055,0,1015.0,28.713308565785912
28.810558,95.115411,0,2250.0,45.59662051668176
26.557191,93.476603,0,255.0,16.8595168388382
27.020871,93.788529,0,98.0,1.391763426244203
27.037796,95.748474,0,1556.0,11.333816091683135
27.238207,97.025993,0,1876.0,22.149067082891257
27.809923,88.253617,0,5767.0,29.076632747398463
24.093985,94.238749,0,233.0,7.125016348901798
28.264911,95.340744,0,2289.0,38.379067082746815
25.660479,94.72393,0,1288.0,22.991754575465418
25.075919,92.672968,0,287.0,17.14510977096244
27.820321,96.134333,0,189.0,2.5695028228896355
25.796893,90.874143,0,374.0,4.0586642321882005
25.614279,93.370604,0,291.0,11.043443551421285
28.323729,95.633699,0,1168.0,46.181499463509546
25.421922,92.454325,0,1048.0,2.8821812090202448
27.309028,93.637503,0,1484.0,18.714218682084812
25.309916,92.974179,0,480.0,22.09236283290953
28.477515,94.623285,0,1401.0,19.31534334540923
24.308551,92.655553,0,102.0,19.53361037793315
26.103633,91.73724,0,113.0,6.2010537824392635
28.316399,93.276886,0,3768.0,34.97675368176345
26.576982,90.618626,0,70.0,1.4320961841646465
27.242169,88.786612,0,2378.0,40.544200857003126
23.014932,92.387584,0,46.0,1.7210061534334908
22.213431,92.627327,0,127.0,4.380487094158033
26.24041,94.556141,0,1007.0,25.158054376798784
25.205568,93.195869,0,703.0,25.034387530343444
28.60057,94.453571,0,3309.0,22.417177837100077
23.351099,91.793708,0,100.0,5.051152528017926
24.783825,93.42886,0,842.0,19.23169663439495
27.428102,88.713785,0,3666.0,16.970296539403275
23.467908,91.733131,0,56.0,4.520227592644634
28.970951,96.143345,0,3092.0,34.46178797032803
28.16418,95.860913,0,607.0,54.8201740151519
25.097965,93.951291,0,966.0,2.3859440303888126
23.719927,91.184402,0,49.0,6.466625310264721
27.925823,88.481304,0,4950.0,23.025492008528037
27.227523,92.753698,0,1417.0,36.57606932744572
26.819729,92.896067,0,79.0,4.691966863384949
27.822099,97.084707,0,2418.0,21.182465401537318
27.4061,94.74887,0,110.0,4.1140753309278875
26.77794,94.995914,0,374.0,10.45164277519746
28.825172,95.182867,0,1630.0,14.663910850320782
26.455937,91.284265,0,48.0,4.1140753309278875
26.485681,93.159585,0,160.0,13.085403969626222
28.349431,93.594715,0,2029.0,27.367901029378203
26.711447,92.350475,0,88.0,3.5204050825976285
25.817406,94.004001,0,852.0,17.282793933851345
27.01151,94.90641,0,103.0,2.160788974078258
25.988461,91.262828,0,100.0,19.603175151704185
26.729966,95.001392,0,708.0,16.481519112248904
29.057295,95.958784,0,3723.0,24.009351471470993
27.378127,95.393608,0,126.0,1.0675202709770988
27.555954,94.693263,0,105.0,1.0675202709770988
26.308589,90.800474,0,38.0,1.0675202709770988
25.48076,91.303394,0,1483.0,13.214598833651115
26.195886,93.748558,0,177.0,6.853224835121291
25.180742,90.495175,0,99.0,22.58116805648409
24.191555,93.427035,0,579.0,9.566235322594842
24.581598,93.784836,0,768.0,0.0
26.11291,93.176671,0,198.0,12.407763538952459
25.293669,93.217514,0,569.0,15.747500365404113
27.530998,95.982355,0,170.0,1.9091524329963763
29.104843,95.187281,0,2769.0,37.10665502172081
27.821094,95.647343,0,132.0,3.584252301697434
26.116947,90.453785,0,36.0,2.3859440303888126
23.216231,91.355197,0,41.0,7.140669081283051
26.822632,94.409418,0,92.0,2.698950908923438
25.02119,93.102779,0,554.0,44.67912405049935
27.897967,95.901414,0,154.0,2.4563945664087456
27.802362,92.986139,0,3037.0,19.53361037793315
27.745304,95.62041,0,130.0,2.7199233149201807
28.338574,96.301426,0,4101.0,30.19014503549518
25.908406,93.295566,0,165.0,2.8821812090202448
27.491315,88.186811,0,3775.0,31.550531128925854
25.431446,94.00375,0,1309.0,34.342127617443346
22.704293,92.614916,0,195.0,19.741330699998958
26.469709,92.319656,0,59.0,4.0586642321882005
25.777009,90.920917,0,515.0,12.364552990274646
24.236861,93.204306,0,567.0,28.644724980772644
27.547673,93.969806,0,2372.0,16.419546536130245
25.667915,91.515532,0,1122.0,14.321218120542097
26.451548,93.730539,0,118.0,1.012750369636371
27.695775,91.857827,0,4329.0,29.81940502019479
24.834882,92.778559,0,23.0,0.9548412538721887
25.187125,93.963501,0,1293.0,19.603175151704185
28.038657,96.779368,0,2760.0,20.912284186111254
26.327743,93.908998,0,115.0,4.0586642321882005
27.425571,92.162085,0,2161.0,49.12173363014849
27.996836,94.740758,0,766.0,21.11088313257194
23.861693,92.197785,0,128.0,9.468127301102086
27.456423,95.06381,0,113.0,2.1342998941463125
26.39879,93.030278,0,535.0,5.759620519825523
23.681491,91.815095,0,126.0,1.8175220187198482
26.810227,93.139752,0,84.0,1.391763426244203
22.28132,93.171539,0,1340.0,28.338954722538684
27.477604,92.467471,0,2520.0,27.548768527766555
22.29556,92.990072,0,898.0,26.360054096082706
29.04449,94.384267,0,4214.0,31.64321208246038
27.592414,93.848399,0,1631.0,10.224719622276762
28.00915,96.924104,0,2121.0,38.06176053983252
23.57715,93.136652,0,1208.0,19.239320641900026
28.2204,95.611368,0,309.0,1.4320961841646465
25.825511,94.494467,0,1348.0,29.561355069386384
27.398992,93.470591,0,2443.0,14.663910850320782
26.824168,94.856504,0,292.0,9.73677691573277
27.174987,92.594,0,1628.0,23.92340109573501
26.141496,93.261572,0,468.0,11.56032367563233
25.965865,94.483446,0,1325.0,20.212632236452095
25.602766,89.893362,0,22.0,2.1342998941463125
26.844399,91.848599,0,232.0,1.5095270002735288
24.977981,92.911003,0,210.0,5.322852793549541
25.934445,94.458388,0,1408.0,27.897311656033175
25.981654,91.936586,0,535.0,6.317550481225067
26.527704,90.29993,0,60.0,0.7548944975654582
26.712991,91.10451,0,59.0,1.5095270002735288
26.698967,92.136089,0,97.0,2.6350263783644494
27.818818,95.828473,0,136.0,0.6752059787394532
24.842902,93.427091,0,684.0,13.91959061491351
27.639269,93.293957,0,3138.0,17.605475947467195
27.983225,96.723537,0,1209.0,23.88588673441924
27.645255,91.923106,0,3465.0,18.35954987108923
26.833085,93.758151,0,77.0,1.3502244696996157
26.134467,90.270148,0,35.0,1.2171181316034883
25.511216,91.394032,0,1489.0,8.111279210562941
26.789856,93.171176,0,81.0,3.0543699951638654
25.564967,92.542015,0,912.0,4.380487094158033
25.887984,92.674704,0,283.0,6.396919649384459
27.117806,93.303519,0,810.0,23.736837298027716
27.192046,92.835381,0,597.0,19.583332911822215
24.288534,92.14681,0,43.0,3.8140748342903543
28.74325,96.248884,0,2752.0,35.658139944168404
25.831205,92.518857,0,616.0,22.546463428392716
27.881614,93.82046,0,1573.0,28.222814437179903
26.053379,93.537178,0,502.0,15.251218301460002
25.229187,93.888965,0,1159.0,16.02875346654702
27.442615,88.102644,0,4364.0,29.51750907883067
25.721344,94.831289,0,848.0,21.665757838123444
24.703116,92.439514,0,11.0,0.0
25.313975,91.805779,0,1040.0,27.32693024036751
25.513177,91.442483,0,1578.0,24.66655208306602
23.536949,92.914042,0,1449.0,10.160408198552636
27.571038,92.669464,0,2490.0,21.260377126997213
26.647887,92.932314,0,70.0,2.6350263783644494
27.557137,95.333598,0,120.0,0.7548944975654582
28.171852,96.737071,0,3544.0,36.35408096003235
27.226089,93.660437,0,704.0,22.99771348109526
28.087805,96.43605,0,1435.0,28.644724980772644
29.278667,96.160825,0,4126.0,28.616649624513762
28.057632,93.150214,0,3151.0,12.30377093525282
28.374265,94.632249,0,673.0,30.29329268429791
27.09911,94.83611,0,102.0,0.7548944975654582
27.643161,92.843221,0,1658.0,40.63992485769936
22.212457,92.877391,0,505.0,28.062319345545895
26.51073,94.991447,0,1700.0,21.014163439225918
26.429749,93.715267,0,208.0,18.933807308939233
27.627984,96.021098,0,238.0,3.8140748342903543
29.279353,96.129892,0,4155.0,27.951522826640524
25.595237,90.232212,0,397.0,12.50650945509941
24.797217,92.555395,0,28.0,8.049466975528398
24.658933,92.58675,0,31.0,2.1342998941463125
27.157,93.464759,0,1200.0,5.9892184039642435
25.548261,93.666556,0,719.0,8.38679794033457
26.375458,92.410993,0,58.0,1.0675202709770988
24.411818,92.446134,0,38.0,2.862405226111748
24.457327,93.697712,0,972.0,14.199903426374894
28.883303,94.31086,0,3270.0,22.62393276031727
26.640567,93.070711,0,69.0,8.29380481769877
28.729591,94.477567,0,4046.0,38.925183943046605
24.777816,92.978857,0,29.0,5.520212884789397
24.978115,93.539916,0,904.0,30.65988313340736
24.851677,94.358569,0,1398.0,22.64628690782382
26.048442,90.546124,0,178.0,22.515777778250598
25.749716,92.021049,0,839.0,2.1342998941463125
25.130094,92.514537,0,419.0,22.817959650490277
27.395071,88.371158,0,2006.0,48.527451306189036
26.530127,93.870985,0,95.0,3.3384705437643523
27.885158,94.470508,0,543.0,21.80569647219029
25.347254,92.318181,0,1181.0,5.759620519825523
23.992312,91.418167,0,43.0,2.0248682972773406
25.555657,94.84036,0,2644.0,17.038709505535593
25.402461,91.152551,0,941.0,2.433138796850444
26.076333,94.115457,0,292.0,32.486972326994305
26.538001,93.780925,0,98.0,3.035723707408927
25.965954,94.091949,0,555.0,26.880307851328986
28.243166,96.92953,0,2941.0,32.280047406790196
27.746777,92.507152,0,3754.0,33.44025753518539
28.035348,95.280826,0,303.0,8.842508257902008
28.343435,94.920067,0,1245.0,27.098976401426935
23.502642,93.292712,0,1206.0,23.559569441413892
23.75973,93.033552,0,631.0,28.61243420119806
26.568263,94.450211,0,577.0,20.22214606536205
24.472392,93.306221,0,754.0,25.915703593185818
23.222357,92.384323,0,95.0,7.2338446967252255
27.212924,95.982542,0,1215.0,39.94582490429605
28.847979,96.442132,0,3649.0,32.087580878338315
28.337217,93.376467,0,4086.0,43.9248777098823
29.049352,94.755243,0,2364.0,33.56147477240979
28.271079,96.324626,0,3119.0,44.11489914608208
27.744997,96.603822,0,1541.0,47.32099145833476
22.414142,93.038201,0,1072.0,18.92342579250582
28.549038,94.128373,0,2591.0,27.48268113292448
23.789334,92.58888,0,462.0,21.80569647219029
25.161328,93.977344,0,1238.0,30.749039875040545
28.694476,94.603445,0,2036.0,27.6742031146876
27.666079,88.590984,0,2257.0,26.34070322946383
27.48985,93.104082,0,1470.0,39.746990581373105
24.218244,92.107154,0,63.0,8.543726239832896
27.612121,96.881264,0,3427.0,35.7321083760404
27.24852,93.818612,0,300.0,10.759583898850556
26.46774,92.807891,0,68.0,3.035723707408927
29.331086,95.789933,0,4898.0,22.067094489482304
27.649279,88.808161,0,4843.0,44.10378981086922
28.313078,95.486619,0,1124.0,56.882655211423355
26.921229,93.810808,0,83.0,5.808222980428714
27.827241,93.880503,0,1151.0,35.18353501801075
26.394395,91.291044,0,41.0,0.3376147110174216
26.057086,95.142187,0,2195.0,19.443685247106973
26.711606,95.147417,0,603.0,19.180768177227858
24.834215,92.692175,0,20.0,2.1342998941463125
23.593031,93.148474,0,1234.0,31.93082336831347
26.308463,90.29618,0,46.0,1.3502244696996157
24.582412,93.449173,0,486.0,24.214872463290742
25.288466,91.335335,0,520.0,3.389067065438376
25.569762,93.33179,0,435.0,8.917089630363527
28.1893,94.837538,0,664.0,18.100721056875138
25.29432,90.289609,0,192.0,6.990494340294632
28.391301,94.061022,0,1108.0,45.871993393747275
26.719275,95.117957,0,864.0,25.6434983579031
28.205946,94.886418,0,850.0,13.915808695897175
24.778729,94.394513,0,594.0,9.970261598239336
28.015203,96.842223,0,3305.0,28.513767565360823
24.624388,92.783818,0,37.0,2.7818863802117484
24.41011,92.261375,0,62.0,14.218362225962915
24.10396,92.362075,0,108.0,10.601701230793774
26.70234,93.474191,0,91.0,2.1342998941463125
28.860821,95.776095,0,2006.0,23.025492008528037
27.576944,94.148286,0,316.0,4.393377408433921
27.165872,88.286742,0,716.0,40.479601776490554
28.676055,94.448826,0,2704.0,40.41472972667954
27.48295,88.060892,0,4499.0,19.335549691999326
22.462831,92.640154,0,80.0,6.281942803729766
28.53484,94.953196,0,1551.0,19.926793281440663
26.933043,93.241108,0,111.0,0.9548412538721887
26.785938,92.282268,0,105.0,2.6350263783644494
25.350243,92.632182,0,907.0,6.344120839226984
26.595255,93.009993,0,72.0,2.4563945664087456
23.875808,92.748174,0,1245.0,19.78056829771728
22.289898,93.023431,0,1288.0,27.472142708863853
25.439215,91.68519,0,1808.0,4.315448959323992
26.679815,91.124316,0,52.0,0.4774537773095774
24.684439,92.285291,0,27.0,1.0675202709770988
28.611002,93.582788,0,3283.0,41.02019703617589
28.492729,93.919947,0,3532.0,33.74472394278676
26.373329,91.022393,0,39.0,0.4774537773095774
26.479694,92.611125,0,67.0,1.0675202709770988
27.666889,95.705187,0,134.0,0.4774537773095774
26.334985,94.744347,0,1190.0,19.423627115985916
27.526404,93.895342,0,2015.0,17.390226107566324
24.48042,92.417546,0,27.0,1.9678637764222802
26.576484,94.676412,0,420.0,15.678696056854935
27.88477,95.579255,0,128.0,1.2171181316034883
24.510128,92.985264,0,293.0,15.46672895722096
27.70994,88.286699,0,4397.0,13.893092084630068
28.063799,97.162561,0,4364.0,14.780768081886677
27.167836,92.047415,0,2136.0,15.845167180271268
24.217267,92.73252,0,120.0,17.346772975188973
22.638112,92.55946,0,176.0,12.017034920835405
28.34484,97.079686,0,2416.0,30.729268773830185
24.002835,94.073613,0,488.0,21.047972492487517
28.197591,97.338619,0,4320.0,21.43040257774228
23.380728,93.363807,0,1347.0,10.905017436104703
26.227112,93.492312,0,836.0,18.180232325920816
27.339497,94.543246,0,98.0,0.3376147110174216
27.397407,88.332013,0,2071.0,9.039936374210699
27.506193,94.184622,0,312.0,25.9239819496776
28.576725,94.823019,0,2423.0,19.211346516583987
27.717181,94.067552,0,1361.0,34.12430047584768
26.690168,94.859657,0,1177.0,30.020661922564646
25.610155,94.1274,0,1502.0,19.109168969144935
24.474682,92.630911,0,78.0,8.898506676457863
27.761799,95.323855,0,123.0,3.471741285563965
27.083085,95.126326,0,106.0,1.3502244696996157
24.355201,92.795859,0,164.0,10.683507759366373
25.015351,94.551277,0,1612.0,36.29348215572224
23.919794,92.919194,0,888.0,31.83974832021572
26.673804,92.176086,0,89.0,1.7210061534334908
28.872235,95.130565,0,1943.0,25.297995386414776
25.430291,94.62875,0,1637.0,31.576393336997814
24.124287,92.625874,0,131.0,29.562681922695614
22.922042,92.71051,0,889.0,16.919509454227438
27.429195,92.978345,0,1179.0,21.04572088407583
22.122023,92.92405,0,96.0,7.572619707513907
26.744524,94.773529,0,372.0,16.46605279144296
24.465729,93.499452,0,1386.0,18.43494882292201
28.800176,95.921798,0,1504.0,29.358425201839857
29.014998,95.516585,0,3753.0,45.297780008813035
23.802979,92.349517,0,346.0,15.210403137986306
24.40631,93.214359,0,219.0,18.053902977226738
24.401691,93.898774,0,773.0,1.7210061534334908
24.607575,93.893477,0,776.0,3.7692440164074177
25.902775,91.138257,0,102.0,12.726575502846694
25.399161,90.949098,0,401.0,14.567477216824015
23.707672,93.048918,0,874.0,27.7158031444104
28.865123,95.357272,0,3639.0,19.198613308677363
24.099506,91.41823,0,50.0,5.730255777235155
24.851826,93.058094,0,32.0,0.9548412538721887
23.808861,91.439675,0,39.0,1.7210061534334908
23.613707,92.359868,0,275.0,29.76313577935818
27.061522,94.036959,0,83.0,0.7548944975654582
28.106456,93.43622,0,1339.0,33.674565536686735
24.06032,92.898533,0,893.0,17.721756522654722
22.95952,92.475963,0,71.0,9.64622531297678
25.626514,92.171535,0,1092.0,9.520202144985053
24.687416,93.224226,0,440.0,24.475819581509896
26.975831,93.123887,0,313.0,10.744415839592216
26.050349,93.070583,0,89.0,1.7210061534334908
25.882799,91.747111,0,511.0,19.26216888274202
23.146086,92.515788,0,577.0,26.158981435332173
28.314584,94.823601,0,420.0,11.102188334009536
27.493707,91.999128,0,4163.0,23.934638252629068
25.457476,94.66421,0,2141.0,14.663910850320782
25.291633,93.288929,0,657.0,14.426843693074732
27.049866,95.893678,0,1388.0,23.7538880555143
28.955431,95.992321,0,2784.0,36.776253139433
25.01738,94.237425,0,1108.0,19.662542604417947
26.333303,90.24695,0,40.0,2.7199233149201807
24.878476,94.625523,0,689.0,29.508193449952163
27.745213,93.271438,0,1685.0,24.983602550302642
26.00861,93.998562,0,718.0,41.237347161594386
23.966996,94.07443,0,687.0,26.206228705814937
26.523369,91.05628,0,44.0,1.3502244696996157
24.562351,92.942678,0,49.0,6.893893059635488
23.603758,92.85794,0,864.0,40.671922413159095
23.562228,91.772579,0,124.0,2.7199233149201807
26.523162,92.859639,0,72.0,5.885129333686067
24.575197,93.651449,0,731.0,20.532771786488425
26.357891,93.993397,0,107.0,0.3376147110174216
27.355495,88.823532,0,4025.0,34.7014168409633
27.644657,93.666315,0,1814.0,22.476822833218517
28.976695,96.080661,0,3009.0,25.05186268222714
25.165614,90.810467,0,35.0,12.364552990274646
26.660419,93.335889,0,78.0,1.5095270002735288
27.074434,92.788038,0,240.0,23.628423517864423
28.879963,96.010422,0,2673.0,40.83552688451493
23.157256,92.460735,0,99.0,13.488363377027733
29.315812,95.911543,0,3942.0,31.24057994587448
23.335337,92.649156,0,756.0,23.118392858722878
25.685969,93.369198,0,258.0,15.88726415506511
29.198191,96.135017,0,2957.0,10.073966449940603
27.099897,92.2084,0,2509.0,29.763135779358187
26.58283,94.194104,0,100.0,2.052775101535614
27.655105,96.516466,0,2663.0,25.8493248967401
23.086576,91.58624,0,117.0,3.1996013002506887
27.084503,94.0806,0,85.0,1.4320961841646465
27.045495,95.389162,0,409.0,27.238572082130066
26.246007,91.255092,0,48.0,1.6876048941769748
27.818538,94.54019,0,860.0,22.902099885228424
23.139185,92.567761,0,304.0,17.34387124693696
25.546488,90.712774,0,284.0,0.3376147110174216
28.402194,93.821623,0,760.0,16.46605279144296
25.082627,94.506177,0,1672.0,36.26177444635085
25.40349,90.522608,0,422.0,14.920965202252992
27.018864,93.911692,0,89.0,1.2171181316034883
28.111073,92.758583,0,4675.0,12.368881699581566
28.529969,93.31116,0,4908.0,27.608618516257856
26.850541,93.232147,0,97.0,1.6876048941769748
24.530625,92.526245,0,42.0,8.917089630363527
27.416401,92.236234,0,2387.0,22.476822833218517
26.008594,91.623783,0,342.0,2.3859440303888126
26.764706,90.4677,0,142.0,2.3859440303888126
26.618927,90.698206,0,78.0,2.052775101535614
26.342434,91.294276,0,43.0,1.012750369636371
25.365241,90.702362,0,260.0,27.129758654976115
24.738756,94.584734,0,296.0,18.053902977226738
25.258018,93.039914,0,406.0,8.792413167178566
26.183508,91.286133,0,45.0,1.391763426244203
25.403949,94.289401,0,2121.0,18.180232325920816
27.312246,96.103903,0,421.0,27.806069555844164
26.6341,90.49417,0,83.0,2.385944030388813
26.25571,94.446565,0,923.0,16.360405825306987
25.552191,90.88671,0,714.0,1.6876048941769748
25.829274,94.566805,0,1891.0,41.8103148957786
27.323541,93.486309,0,1704.0,21.64844674283294
27.212774,94.943451,0,107.0,0.7548944975654582
25.556345,92.961206,0,144.0,8.29380481769877
24.251454,92.331008,0,74.0,6.729688843059036
25.879895,94.848184,0,1241.0,18.737906048136225
27.479524,95.882744,0,155.0,2.7199233149201807
22.407525,92.619474,0,179.0,9.321835749415003
26.254083,92.165737,0,56.0,3.6313935493230582
23.649539,92.861616,0,830.0,27.897311656033175
23.75959,92.674991,0,836.0,2.3859440303888126
27.131313,92.90266,0,830.0,15.845167180271268
25.702558,91.013507,0,846.0,11.616185999503921
27.703805,96.633244,0,2267.0,35.3112134396332
28.043254,97.354771,0,4323.0,34.61867922481203
27.746,92.385752,0,5139.0,30.680977429134117
22.351783,92.673276,0,143.0,15.220619174941184
25.437118,89.94447,0,63.0,5.875572624808732
28.360844,95.355821,0,2277.0,20.136303428248134
26.937014,95.576895,0,1631.0,30.988118920257374
28.531626,94.791018,0,1638.0,24.899192476857934
26.755332,90.540932,0,133.0,2.3859440303888126
29.067891,94.851511,0,2628.0,26.113233272206745
25.758211,91.597018,0,754.0,14.491950708622538
27.43562,88.421791,0,3196.0,32.712173193848756
27.593236,93.967595,0,2314.0,26.25982709963758
28.674747,95.192891,0,2302.0,36.226470158484496
25.934993,91.448905,0,60.0,2.7199233149201807
25.501832,93.693239,0,1422.0,20.357067134725924
25.752522,90.531286,0,122.0,7.454009592341948
25.771621,91.789903,0,673.0,23.417092949793638
25.615174,94.748502,0,1856.0,22.513729930717684
28.153541,97.027529,0,1189.0,25.542142151256705
28.769347,95.917363,0,1805.0,45.08825733744741
26.545485,93.608048,0,382.0,17.183330483447964
25.965703,91.751164,0,264.0,3.389067065438376
26.385969,91.74346,0,53.0,0.4774537773095774
27.574885,96.147075,0,487.0,12.442210235207455
28.468039,93.409702,0,4064.0,19.363288090804332
28.356452,95.782989,0,1001.0,46.69187946700142
28.300422,95.56018,0,787.0,24.75752120048139
27.052584,93.218108,0,1319.0,34.47360737236817
27.661644,96.624942,0,2252.0,40.97848172860279
26.415098,90.468208,0,163.0,29.27358055799764
26.761841,91.141881,0,63.0,1.012750369636371
25.587801,93.993139,0,2590.0,12.106073141102073
26.368157,91.874501,0,60.0,3.5204050825976285
26.436128,92.382993,0,62.0,2.052775101535614
23.352566,92.573057,0,515.0,9.009392102751413
28.819847,95.024089,0,2714.0,22.904097758623656
26.043252,93.635916,0,206.0,6.344120839226984
25.330257,92.437118,0,1016.0,2.7199233149201807
26.033316,92.288489,0,326.0,4.393377408433921
27.142016,94.98045,0,106.0,0.0
25.721434,89.838344,0,31.0,0.7548944975654582
25.592704,91.629499,0,1623.0,8.867442917822803
28.85914,94.64332,0,846.0,35.42211254498641
26.794425,94.266925,0,102.0,4.495148566143528
25.395038,94.05429,0,1342.0,7.363740476577823
28.599255,95.6499,0,2169.0,28.735641668064062
25.766695,92.922132,0,80.0,1.7210061534334908
27.444225,93.879585,0,1964.0,43.136852101416444
27.54369,93.458133,0,1770.0,31.880160083428166
25.569169,91.211134,0,1288.0,15.128378509366811
26.151227,92.54391,0,62.0,1.2171181316034883
24.182587,92.740396,0,82.0,10.160408198552636
27.60878,94.772236,0,108.0,0.6752059787394532
26.804198,91.459829,0,217.0,15.07339984228436
24.807332,94.010127,0,933.0,31.244175851188178
24.716969,94.381096,0,1038.0,24.044718373017158
26.967279,95.549369,0,1497.0,40.915694047991735
26.650508,90.495789,0,87.0,1.391763426244203
27.554332,95.495009,0,127.0,0.6752059787394532
27.58774,88.596106,0,3843.0,39.92346957548317
26.226829,94.09791,0,421.0,11.818505884684436
23.809138,92.561009,0,665.0,35.98342760298727
23.946721,92.000952,0,59.0,1.6876048941769748
28.279787,95.921662,0,2230.0,33.05825736162379
27.7082,96.423184,0,943.0,44.92270122203262
23.802389,91.878426,0,115.0,11.727024027980926
29.076064,94.842843,0,2901.0,9.748032163491192
24.060278,93.525413,0,736.0,27.638462093497584
22.404677,93.173464,0,631.0,26.37616234007461
26.651776,92.13276,0,84.0,1.6876048941769748
24.060916,91.597104,0,28.0,2.8821812090202448
26.660705,92.771489,0,76.0,1.6876048941769748
22.009792,92.935514,0,64.0,5.6011820198056075
26.757898,91.694804,0,117.0,2.862405226111748
26.853793,94.74744,0,100.0,1.2171181316034883
27.197879,92.1422,0,3111.0,18.64821573021375
27.448743,94.477227,0,99.0,3.931095784160226
28.845176,95.585449,0,2806.0,9.374782742021159
23.505437,93.35599,0,1496.0,12.106073141102074
25.057635,94.714382,0,931.0,11.56032367563233
25.870022,91.438202,0,71.0,3.7692440164074177
24.32197,92.296257,0,46.0,1.0675202709770988
26.205782,91.802054,0,54.0,0.6752059787394532
28.307479,94.826875,0,623.0,34.56785515791498
29.191139,96.068685,0,4513.0,6.0172848640320336
25.694771,94.569338,0,758.0,26.45165926284944
25.697445,92.682323,0,569.0,11.333816091683135
24.362687,92.136468,0,41.0,4.857533338413092
27.014408,93.743948,0,115.0,1.6876048941769748
26.268132,94.168649,0,416.0,9.920728647509225
28.210255,95.364886,0,675.0,40.397790908022756
28.241718,95.279366,0,1466.0,17.29444852858009
27.08029,93.606435,0,282.0,22.44805706788405
26.920427,93.532638,0,98.0,1.2171181316034883
25.307615,92.866295,0,670.0,18.85054651314856
27.456393,96.459959,0,952.0,26.2338619626374
26.389032,91.165572,0,42.0,1.012750369636371
26.792559,92.020477,0,133.0,2.052775101535614
25.947934,92.517116,0,226.0,38.67344937613533
26.646377,94.685155,0,282.0,21.56377602443453
28.260649,96.042602,0,1386.0,52.661904767675296
27.704413,88.67103,0,4299.0,35.492543378828444
27.430867,93.328598,0,3216.0,28.4201958069496
25.464627,94.581812,0,1380.0,6.1373796596107315
25.828336,92.690867,0,306.0,23.82756479623918
25.368217,94.24699,0,1905.0,27.92370693399913
27.903427,92.743796,0,3726.0,35.72025969698282
28.611081,94.542109,0,2905.0,48.00855791628958
27.896443,94.327945,0,467.0,30.788511285352257
23.174105,91.653876,0,58.0,5.322852793549542
24.81009,94.39728,0,1014.0,35.65722463378061
29.097969,96.129411,0,3888.0,29.288426111381536
26.894262,93.351723,0,118.0,3.7238672163946718
25.578117,91.688707,0,1649.0,19.82702865340817
23.659909,92.98177,0,862.0,18.92342579250582
26.818116,93.494882,0,84.0,0.3376147110174216
26.777449,94.613495,0,111.0,3.372286683433898
22.139544,92.958213,0,528.0,23.844518927280347
22.264038,93.16759,0,948.0,31.880160083428166
27.281186,88.463146,0,1407.0,20.404122377890886
28.182414,95.172114,0,1053.0,46.12050877888997
25.184309,91.497778,0,71.0,25.79602649449995
27.575503,93.512026,0,1936.0,26.321329428286734
28.293586,95.296231,0,1851.0,32.54356214739029
26.42718,94.584889,0,586.0,17.721756522654722
26.337935,95.077716,0,1641.0,36.41270532798108
23.923322,92.649778,0,122.0,22.367643951988068
26.966456,94.527863,0,100.0,6.0637651384102655
26.769308,92.653453,0,81.0,2.052775101535614
25.294903,91.137121,0,239.0,4.393377408433921
26.943419,94.072164,0,82.0,0.9548412538721887
26.14663,90.341695,0,28.0,2.052775101535614
26.11854,92.672212,0,63.0,1.4320961841646465
27.750203,96.035011,0,198.0,2.7199233149201807
26.44397,90.686366,0,53.0,2.4563945664087456
27.678943,93.142131,0,1667.0,19.152681749482543
25.620701,92.374553,0,953.0,9.232867658932431
28.010734,92.903026,0,2802.0,45.190213306829975
26.173414,91.759264,0,56.0,1.3502244696996157
24.922123,92.700231,0,24.0,1.0675202709770988
27.545759,93.558483,0,2262.0,25.7910208138188
28.615087,94.649994,0,861.0,28.994445658830436
26.818192,90.537017,0,188.0,0.3376147110174216
24.326232,92.998403,0,765.0,14.491950708622538
28.023242,93.097374,0,2300.0,39.13841051180572
24.005363,92.2406,0,125.0,16.11800792223731
24.225364,94.019285,0,1309.0,21.837811101082977
26.801425,95.261455,0,912.0,37.1492512634978
28.30468,93.845199,0,1691.0,39.42475424660612
25.239071,92.826271,0,1022.0,21.83994971124597
25.272415,93.679464,0,1100.0,10.111883288785483
26.861416,94.736805,0,101.0,1.3502244696996157
26.773784,93.592872,0,75.0,1.6876048941769748
27.931954,93.0625,0,1908.0,32.53026438958432
27.472703,92.636839,0,2340.0,37.934459773100194
28.949515,95.726492,0,2609.0,23.799267833265674
25.718326,93.856498,0,371.0,4.222687118252763
28.318483,94.922194,0,934.0,40.96934127188988
26.130404,93.433022,0,689.0,20.75932234748779
24.884945,93.719974,0,851.0,27.723220674069758
25.547748,89.905636,0,28.0,0.7548944975654582
26.462536,92.395774,0,61.0,0.3376147110174216
27.249303,95.494511,0,175.0,3.843668167321381
25.826312,94.555343,0,1715.0,10.176527410054078
27.289356,88.596247,0,853.0,2.3619913818349927
26.79872,93.679912,0,69.0,4.5823147648922165
27.272009,95.088729,0,113.0,0.3376147110174216
27.979813,94.126131,0,1740.0,28.05505294022374
25.159646,92.179447,0,43.0,17.390226107566324
24.445734,92.209308,0,24.0,1.6876048941769748
28.658629,94.000792,0,2471.0,27.435959625295588
26.57464,90.117066,0,64.0,2.6350263783644494
25.765493,94.040582,0,709.0,16.03195153188694
27.926502,95.244593,0,163.0,3.1996013002506887
25.075148,94.146979,0,922.0,14.710076334813873
27.173459,92.971077,0,1610.0,22.62393276031727
27.543681,94.4159,0,123.0,1.2171181316034883
23.900029,91.64869,0,53.0,3.3384705437643523
23.858516,92.643058,0,222.0,10.073966449940603
27.401577,88.253465,0,2617.0,30.006459623930038
27.421984,88.589546,0,1514.0,7.33339277230879
23.462201,92.813701,0,1070.0,11.657887631052056
25.534254,93.247133,0,320.0,5.479268333625944
23.902102,91.607347,0,58.0,3.1996013002506887
27.806902,96.266716,0,261.0,4.044691235386269
27.824062,93.010635,0,3114.0,24.513786157374394
27.746348,95.655417,0,128.0,0.7548944975654582
24.863804,92.512176,0,19.0,0.7548944975654582
27.672091,92.282776,0,4535.0,18.28646508750085
25.318728,90.332407,0,207.0,11.043443551421285
24.417833,93.842325,0,771.0,2.3619913818349927
24.185761,91.766074,0,101.0,3.372286683433898
25.735559,91.751121,0,744.0,13.488363377027733
27.713818,94.231445,0,1349.0,33.658013886398436
27.423079,96.89461,0,2609.0,48.96593668132183
27.753899,92.416526,0,5142.0,9.374782742021159
23.991298,92.207569,0,63.0,6.9262490820727045
26.005337,90.268436,0,38.0,1.7210061534334908
26.821378,94.136219,0,84.0,1.8175220187198482
28.702736,94.237885,0,2208.0,27.68758601868061
25.892329,92.001098,0,811.0,13.994979876087653
28.637184,94.617238,0,1028.0,29.755269015513342
28.267105,96.363589,0,4024.0,53.57925307559389
25.372635,92.199634,0,1306.0,7.506142784255757
25.667215,92.971512,0,161.0,6.173847782643145
27.346095,96.163876,0,322.0,19.67241406345793
24.27845,92.000031,0,40.0,0.0
24.928682,94.351414,0,1329.0,24.978339816373097
25.87399,94.821917,0,783.0,15.718057291157356
27.451178,93.438173,0,2004.0,23.021526638116164
23.295884,92.733374,0,562.0,30.289483850608832
26.848839,92.656542,0,93.0,3.5204050825976285
24.893378,92.297537,0,20.0,2.433138796850444
26.740554,92.177933,0,104.0,2.9018215173024653
26.23569,92.889465,0,315.0,10.309790918800937
24.72916,92.299969,0,53.0,4.903792362690797
23.830055,92.162461,0,569.0,31.98706127236685
27.826713,92.19197,0,4587.0,36.72408580657073
28.161766,93.706457,0,2133.0,38.86019587196805
28.726478,95.982065,0,2635.0,14.920965202252992
27.492125,94.539756,0,108.0,0.3376147110174216
25.33538,94.574939,0,1638.0,22.30965536562337
26.371014,90.759496,0,43.0,1.6876048941769748
28.330099,93.702524,0,2320.0,17.957022439063543
27.633956,95.184623,0,108.0,2.7818863802117484
23.689607,92.442122,0,497.0,16.91651608571675
25.553144,94.619819,0,1318.0,17.447952614184832
25.950288,91.400065,0,63.0,11.276401445303803
27.972899,96.463166,0,1648.0,23.538471130687594
25.780454,92.43839,0,951.0,13.678958883276364
25.707151,90.178698,0,202.0,13.644181682158639
26.70173,90.224029,0,136.0,2.263636058426967
29.337783,95.83736,0,4855.0,55.69869331091981
28.535428,93.460412,0,2743.0,51.454572337766876
28.40807,95.382232,0,1049.0,30.252619831720597
24.77736,93.970026,0,781.0,2.433138796850444
26.575926,90.781054,0,53.0,3.1996013002506887
27.632241,96.132354,0,541.0,13.94980312049591
25.577422,93.671953,0,550.0,17.62255313386367
25.742727,93.577893,0,178.0,3.109633021988153
28.116138,93.535382,0,1328.0,17.676493644843124
28.217485,93.613311,0,1375.0,34.907876215342675
25.144658,92.619278,0,1206.0,10.45164277519746
27.725887,95.569015,0,125.0,1.8175220187198482
23.415342,92.652455,0,592.0,27.548768527766555
26.874245,93.947454,0,81.0,1.391763426244203
26.289452,93.871843,0,121.0,3.646970455272818
27.955686,96.333511,0,1519.0,30.6151238242545
25.073055,92.619595,0,338.0,9.764888815306495
26.259499,91.477547,0,50.0,3.8140748342903543
23.475211,93.10775,0,783.0,29.541439484010905
22.748433,92.899154,0,541.0,26.494872769013885
23.522076,91.631561,0,47.0,2.263636058426967
26.693907,90.826718,0,121.0,4.0586642321882005
26.686694,89.90618,0,96.0,1.9678637764222802
26.16678,94.988443,0,1245.0,22.09236283290953
28.112481,97.095452,0,2160.0,43.28702134588312
26.425022,90.836557,0,42.0,1.2171181316034883
27.215592,93.195501,0,1707.0,40.543529349765556
27.780929,92.835696,0,2162.0,15.268186189415482
26.639745,94.472603,0,224.0,27.22176077341697
24.651403,94.386908,0,703.0,24.02983657211802
27.03095,95.837842,0,1272.0,33.424517225006475
26.379686,90.460511,0,48.0,2.5695028228896355
27.907342,88.319822,0,5261.0,11.657887631052056
25.936965,94.375546,0,765.0,17.224372940700082
25.583095,93.976296,0,2070.0,42.529304431773255
27.886342,97.104206,0,3635.0,36.751473475418145
26.775126,91.861995,0,144.0,3.1996013002506887
25.378724,94.516629,0,1306.0,20.630280325836832
27.332412,94.246435,0,93.0,1.2171181316034883
27.460635,94.52111,0,102.0,0.7548944975654582
25.292454,93.314086,0,737.0,21.42820647145751
26.917221,93.766913,0,80.0,2.052775101535614
25.674791,90.416512,0,541.0,13.690528612758222
28.949824,95.129812,0,2867.0,36.39610223508826
26.734888,94.618058,0,139.0,4.972358392400693
26.810317,93.167153,0,84.0,1.2171181316034883
22.688422,92.759064,0,341.0,39.43197210676055
27.584221,92.762501,0,1498.0,14.833525810160396
26.476284,90.492568,0,52.0,2.385944030388813
27.800466,94.878394,0,369.0,26.211108561385636
27.434854,88.140285,0,3910.0,35.08426737770889
26.566672,91.464351,0,62.0,0.7548944975654582
27.429489,96.506271,0,1240.0,2.385944030388813
25.888948,90.553557,0,223.0,19.180768177227858
25.406243,91.300899,0,1426.0,3.389067065438376
28.52714,95.883422,0,2098.0,48.16831530814641
26.402569,93.199654,0,701.0,3.3384705437643523
27.885922,94.763657,0,445.0,25.791020813818797
25.887327,90.498676,0,75.0,3.035723707408927
26.783351,93.814533,0,77.0,5.788832299437198
27.351122,94.102577,0,113.0,2.052775101535614
25.632561,91.167207,0,1318.0,9.748032163491192
25.538395,92.383335,0,1199.0,11.471257006629077
27.034802,94.384867,0,87.0,2.052775101535614
26.584777,94.252339,0,106.0,1.012750369636371
28.649871,94.95921,0,1283.0,41.380409451059585
25.156776,94.222286,0,1380.0,23.22837545005452
26.17986,94.973344,0,1606.0,16.335425999817126
26.332958,92.459104,0,59.0,2.3619913818349927
25.221601,94.328159,0,1855.0,29.5984667800097
25.20976,92.222224,0,573.0,21.01416343922592
26.625396,90.738091,0,85.0,1.6876048941769748
27.212543,92.258568,0,2161.0,31.880160083428166
25.748371,93.321178,0,207.0,1.6876048941769748
27.817237,94.199431,0,1239.0,18.122699715761893
28.199285,95.940423,0,2619.0,31.586961664177164
29.263031,95.669653,0,3373.0,27.32389130134654
23.621325,93.369892,0,1138.0,28.009929602088064
28.787002,94.112793,0,3732.0,8.735690934280582
26.093645,89.988599,0,34.0,1.2171181316034883
28.797768,94.387875,0,3659.0,25.067574195417883
25.601872,91.897751,0,1420.0,12.485117908823954
22.782982,92.597344,0,125.0,17.18920118358791
28.014131,97.37541,0,4127.0,31.24057994587448
28.342148,94.975965,0,670.0,11.276401445303803
26.089996,92.352445,0,164.0,9.970261598239336
24.626608,94.311239,0,1078.0,36.030899544688424
26.659327,94.533621,0,265.0,13.782682527396112
24.040471,93.954732,0,1371.0,25.683864589263642
27.45877,88.580566,0,2512.0,21.743418679701104
27.764086,95.770616,0,132.0,0.7548944975654582
25.994494,90.706462,0,59.0,7.718201376243395
25.00397,92.938467,0,475.0,27.30716708684455
27.507908,92.957801,0,737.0,31.085210914647718
26.791364,94.751103,0,103.0,0.7548944975654582
25.292083,90.793465,0,464.0,15.169456901734499
26.711538,90.290594,0,149.0,3.584252301697434
25.669185,90.998399,0,771.0,5.5507182121273235
28.521306,93.914662,0,3922.0,32.9548711795407
26.732343,93.626089,0,73.0,5.095619550423829
22.721832,92.570985,0,292.0,16.919509454227438
25.310124,91.371881,0,1174.0,24.990616865068148
26.71639,92.422572,0,85.0,3.016961309815993
27.654457,96.590674,0,3437.0,15.770354673539524
25.742775,90.905866,0,606.0,25.66369399626147
24.769715,92.314119,0,23.0,1.8175220187198482
27.107094,95.801893,0,903.0,19.890371565368824
25.804954,94.820034,0,975.0,29.02188679208434
26.627995,91.954677,0,79.0,1.2171181316034883
26.669066,91.662268,0,81.0,3.8436681673213813
27.720346,94.339162,0,441.0,13.16632060042364
26.011617,91.169101,0,50.0,2.052775101535614
27.921343,95.536378,0,128.0,2.3859440303888126
25.640339,93.368089,0,279.0,4.857533338413092
24.601543,92.928929,0,42.0,3.0543699951638654
28.729032,95.7848,0,2985.0,27.32693024036751
26.59029,92.400352,0,60.0,1.8175220187198482
26.009577,90.767236,0,53.0,2.385944030388813
25.486031,94.507681,0,1019.0,30.186312370649645
25.723032,90.018644,0,43.0,9.468127301102086
26.309091,94.470893,0,1187.0,28.801071072678575
27.974978,95.491962,0,138.0,3.584252301697434
23.76247,91.749366,0,112.0,17.41334553404802
24.943796,94.416599,0,1167.0,28.179591173109774
28.911042,95.948646,0,2446.0,35.6727778624621
25.086778,94.714072,0,1473.0,10.197976691639713
27.536109,91.735112,0,1816.0,30.985684296843363
23.803693,92.403176,0,165.0,11.395654497719995
26.235868,94.204378,0,428.0,10.825043206197622
27.643738,95.807866,0,143.0,0.9548412538721887
25.15561,93.75342,0,778.0,17.156881303434954
26.825817,95.136485,0,420.0,24.77885133126535
25.05905,93.821364,0,1258.0,38.51738676032907
28.201685,95.330821,0,1048.0,42.819735784670385
25.335004,90.246504,0,230.0,10.539890808166064
23.960912,91.74427,0,118.0,10.939804462619982
28.638706,95.157057,0,1866.0,36.24060117677678
25.591749,94.341617,0,1444.0,46.33305128663952
27.069472,94.700115,0,93.0,4.72794257368475
27.6805,96.887717,0,3779.0,45.32503152021683
28.433617,94.309666,0,3422.0,36.89703704231115
28.266711,96.746335,0,3210.0,41.86520340596629
25.700368,92.081734,0,972.0,21.76062380611809
23.707874,93.273133,0,1328.0,16.738731980922584
25.78762,89.840808,0,30.0,7.454009592341948
26.722827,91.700787,0,98.0,3.035723707408927
26.715367,91.318348,0,76.0,2.160788974078258
24.819025,92.923641,0,26.0,1.0675202709770988
26.019791,92.878687,0,70.0,3.0543699951638654
23.735583,91.933117,0,157.0,3.109633021988153
26.156915,93.829325,0,127.0,3.5204050825976285
25.323496,92.451951,0,985.0,15.329084884541667
25.727855,94.816382,0,1141.0,21.57900758977469
26.234155,90.628711,0,40.0,0.7548944975654582
25.693556,90.456755,0,312.0,12.776750912510217
27.425933,93.75367,0,859.0,23.275277984230794
29.013554,95.16478,0,2214.0,32.34408023648522
28.503786,94.883793,0,1591.0,26.6047916406615
23.00352,92.813763,0,939.0,29.093021235566894
26.376748,92.723711,0,64.0,3.4389123953782974
27.593212,92.77059,0,1135.0,41.64194151302286
26.164386,93.65078,0,475.0,12.776750912510217
23.889187,91.390828,0,38.0,3.3214321859461395
23.690335,91.675811,0,57.0,3.471741285563965
27.790044,93.450267,0,1121.0,40.592472270125555
24.385883,93.585818,0,925.0,13.238662414738936
27.474944,88.056074,0,4347.0,36.733505603395045
25.434238,91.218171,0,1009.0,20.600166246926694
27.538343,91.829941,0,2099.0,27.638462093497576
26.307313,90.05519,0,54.0,0.3376147110174216
25.767615,94.258195,0,709.0,13.362200604250484
27.601293,93.828108,0,1576.0,2.862405226111748
24.995355,93.514496,0,831.0,5.396424351416363
26.255029,93.390402,0,1002.0,6.2010537824392635
27.104937,95.520611,0,496.0,14.621143938770764
27.493801,94.279023,0,104.0,2.160788974078258
27.689458,92.411025,0,5151.0,29.14345035760773
26.382931,94.748955,0,1280.0,26.47087935835388
25.354554,89.93007,0,67.0,4.262693045214654
24.689657,93.567326,0,616.0,21.726194396251515
26.150924,90.234723,0,39.0,2.052775101535614
27.475659,88.150914,0,3741.0,32.427956428323874
25.506983,90.222875,0,444.0,22.6056192976606
25.298397,91.285954,0,850.0,37.12086641175678
26.748593,90.297685,0,208.0,1.2171181316034883
27.127932,97.073721,0,1826.0,19.0346404786535
26.226886,93.083033,0,84.0,2.160788974078258
28.730945,94.075397,0,3836.0,27.440486866129568
24.225206,92.827508,0,388.0,3.843668167321381
27.014619,92.34469,0,1061.0,30.510211836286032
25.810061,94.252524,0,687.0,31.312349744847193
25.833155,90.052111,0,42.0,3.1818128120974354
27.910228,95.08476,0,339.0,14.222050628593287
23.74129,91.536319,0,102.0,20.957647957804443
28.075926,95.433466,0,150.0,11.768288932020646
28.384209,93.603908,0,1919.0,32.33959481722726
24.859113,94.245335,0,1088.0,16.18139460308577
25.298885,93.59703,0,826.0,25.998298576512585
25.279961,91.556478,0,869.0,34.35502587922775
27.13479,93.259724,0,1463.0,17.447952614184832
23.88539,92.631762,0,276.0,40.628576343250124
28.58926,96.366145,0,3196.0,9.748032163491192
23.797156,91.430585,0,48.0,3.8436681673213813
27.457894,93.102757,0,689.0,14.656793243901692
25.447544,93.680926,0,1081.0,24.927378187010557
25.251493,90.657102,0,61.0,18.38382861198566
26.579855,95.085403,0,1251.0,24.585856570338393
25.874963,92.779277,0,91.0,3.035723707408927
25.791366,92.031075,0,1156.0,38.28617419494396
26.991007,94.585959,0,99.0,5.322852793549541
28.578206,93.713526,0,3815.0,7.085726953533678
23.800699,92.394286,0,206.0,25.688903331931808
26.888479,94.626692,0,98.0,2.160788974078258
22.669703,92.736961,0,283.0,25.22039963647754
24.444948,93.624176,0,1050.0,19.868475685293085
28.011857,96.710166,0,3084.0,24.319395133210687
26.215659,92.007489,0,53.0,1.2171181316034883
25.722205,93.796833,0,527.0,10.14426119696945
26.507637,94.191545,0,104.0,1.9678637764222802
23.712178,93.070954,0,952.0,17.775317038209
27.23736,94.884284,0,107.0,0.9548412538721887
24.387999,92.905414,0,96.0,11.768288932020646
27.214257,93.4683,0,1634.0,20.255397035151073
22.18835,92.662072,0,170.0,17.038709505535593
27.795336,88.224692,0,5749.0,53.38205509673362
27.138395,92.570532,0,1369.0,22.783774675057913
24.802591,92.354298,0,19.0,1.7210061534334908
28.068921,95.659749,0,171.0,2.3859440303888126
26.513234,93.373836,0,396.0,8.710355024840405
28.789788,95.692506,0,2608.0,22.61986494804043
24.069461,93.854397,0,1290.0,22.668609279892422
25.553146,92.661245,0,698.0,2.9018215173024653
26.034409,93.97745,0,312.0,1.8175220187198482
27.884504,94.233865,0,963.0,22.951970937855915
27.504174,94.230627,0,124.0,2.433138796850444
25.582812,92.574657,0,756.0,15.825692089271731
28.218547,95.138991,0,1637.0,42.16325988123858
22.63259,93.007017,0,1045.0,36.198170817842275
24.771354,92.976624,0,26.0,4.0586642321882005
28.931893,95.555555,0,3244.0,29.970253193070146
28.787369,94.404005,0,3535.0,21.4589234656262
27.908654,95.910183,0,162.0,2.4563945664087456
24.56417,94.419771,0,398.0,20.451031062849548
26.196423,93.575901,0,801.0,17.687823087123586
23.915045,92.733287,0,713.0,33.928998185593265
26.868729,94.054093,0,81.0,1.6876048941769748
24.688628,93.86042,0,774.0,2.4563945664087456
25.862486,92.517623,0,616.0,19.74869565807571
23.757769,91.549837,0,169.0,14.833525810160392
26.277353,91.20844,0,46.0,0.9548412538721887
28.111561,97.284868,0,3786.0,33.761188188501244
28.405563,94.309252,0,3789.0,25.66369399626147
26.278592,94.519902,0,1024.0,28.700732912898086
26.574001,91.689929,0,67.0,3.016961309815993
26.063047,93.25164,0,136.0,5.385977098599754
27.502278,94.823547,0,102.0,7.506142784255757
28.739467,94.586814,0,1774.0,31.976746229701007
23.00273,92.63071,0,536.0,19.53361037793315
28.3783,94.511529,0,2452.0,36.0237429260037
26.54812,91.097646,0,53.0,1.2171181316034883
26.659675,95.045961,0,565.0,18.232085761299903
26.436364,95.085169,0,2166.0,35.02251023762291
25.947865,92.119486,0,610.0,17.721756522654722
26.331145,93.636344,0,469.0,19.85873383010241
25.340637,89.854562,0,81.0,11.671751367544037
27.28321,93.235672,0,1976.0,17.653807205632088
24.138446,91.936327,0,74.0,1.2171181316034883
26.0296,92.788305,0,68.0,4.100293712915969
26.331836,92.120077,0,50.0,1.2171181316034883
27.380619,92.681234,0,2728.0,26.79421507792808
26.160091,91.035148,0,39.0,3.4389123953782974
29.022388,96.111581,0,4353.0,32.483637447308
26.31312,94.87189,0,941.0,21.777809823956574
24.295764,94.039622,0,1174.0,17.562691357484656
25.726169,91.127466,0,964.0,18.743164636660495
26.586007,93.750021,0,84.0,1.3502244696996157
27.430045,88.448389,0,2426.0,27.993888359268137
27.785069,88.455189,0,4079.0,24.53544118605691
25.00483,94.485953,0,1334.0,32.51251731617001
25.757316,91.676112,0,781.0,10.111883288785483
28.176857,95.365525,0,613.0,21.25371448094992
22.17833,92.755206,0,235.0,10.850104629797377
29.308384,95.721819,0,3864.0,38.258199215420035
23.772455,92.643138,0,291.0,16.30726771871584
24.311564,93.935113,0,1142.0,18.632329962088228
26.156847,95.098404,0,1663.0,39.32262445986268
26.912838,92.71471,0,108.0,1.0675202709770988
26.661156,93.375171,0,87.0,3.372286683433898
26.561945,93.680353,0,209.0,6.4231509137348155
24.496949,93.65312,0,1307.0,36.43626970061044
24.361073,94.144095,0,1285.0,26.969056945002592
26.51005,90.711523,0,50.0,1.9678637764222802
28.934011,94.761843,0,990.0,33.38352154900421
28.71238,94.164135,0,3009.0,27.41028169409525
27.784226,92.625676,0,4104.0,68.168012328532
26.044244,92.841151,0,66.0,5.570959980093077
25.273572,92.385607,0,845.0,4.431819877885358
25.309707,91.48744,0,752.0,35.31121343963321
28.11599,94.181783,0,766.0,23.738732727210387
23.280408,92.935578,0,979.0,6.317550481225067
27.792629,93.524418,0,772.0,25.96365963845809
24.456159,93.497914,0,1455.0,17.470976189870605
25.124413,93.979524,0,1117.0,26.969056945002592
26.008636,90.294247,0,41.0,1.8175220187198482
27.258857,92.463992,0,2154.0,22.466555410680765
27.121737,95.377279,0,398.0,9.39236065800289
24.391981,92.461174,0,83.0,8.543726239832896
27.648043,92.386524,0,4615.0,18.43494882292201
26.468324,92.573111,0,64.0,5.258953144814
28.274442,94.08398,0,611.0,21.393026047204742
25.846431,90.881732,0,417.0,5.885129333686067
27.33091,94.205508,0,90.0,0.7548944975654582
27.782461,92.626209,0,3847.0,55.668481962880705
25.787362,93.953463,0,1125.0,20.7662044192666
26.657414,90.110062,0,115.0,1.8175220187198482
28.258998,96.543166,0,1636.0,54.88191978772732
25.688056,94.020405,0,1561.0,18.56861104463105
23.690884,92.90585,0,393.0,30.92592371819028
27.66017,92.720449,0,1540.0,27.839976418289996
26.102134,93.805611,0,131.0,1.6876048941769748
26.71051,92.258411,0,95.0,3.0543699951638654
27.351425,92.080028,0,3594.0,24.521007738729743
26.96598,93.992368,0,84.0,5.479268333625944
28.627829,94.556191,0,3066.0,19.89037156536882
26.703835,91.139856,0,55.0,0.3376147110174216
26.498796,90.421571,0,60.0,1.0675202709770988
27.123055,93.105262,0,1346.0,36.43016373930555
28.114882,97.262281,0,4250.0,17.329353473832693
26.379577,91.079016,0,41.0,3.016961309815993
25.448578,91.319458,0,1514.0,4.393377408433921
26.356246,93.361323,0,405.0,21.598568954345694
28.060927,96.86127,0,3407.0,30.89167755260865
24.672733,94.534119,0,401.0,20.72026486844253
25.784328,92.821832,0,101.0,1.391763426244203
24.904522,94.276317,0,818.0,24.983602550302642
23.108478,93.258836,0,870.0,26.26306984200398
26.425121,90.245864,0,52.0,1.0675202709770988
25.227854,90.11627,0,61.0,2.385944030388813
25.905698,91.210713,0,81.0,7.454009592341948
25.610245,93.795997,0,844.0,18.053902977226738
27.332941,95.493012,0,153.0,6.721369339369457
24.540522,93.645142,0,654.0,16.481519112248904
28.381451,94.355739,0,3344.0,37.26063148075202
26.120928,94.254698,0,1073.0,11.891126739446706
25.372212,92.614451,0,1029.0,6.173847782643145
25.924582,91.222353,0,139.0,12.776750912510217
27.852226,96.402757,0,1905.0,19.0346404786535
27.961503,93.686676,0,1786.0,51.062638863058844
27.699019,92.931825,0,2703.0,25.352949515010675
27.125932,93.313513,0,898.0,33.65076727448982
27.28343,92.862021,0,431.0,10.315082561193282
26.367016,94.19812,0,425.0,25.78601359367464
27.300646,94.378307,0,92.0,3.389067065438376
23.97496,93.891873,0,2018.0,41.9364444957447
28.500297,95.80211,0,648.0,19.521153528373762
28.330509,95.271027,0,1451.0,20.54441298478533
27.512713,88.774228,0,4267.0,14.851062468857862
23.607405,91.548636,0,83.0,10.92491063265941
26.87202,94.194702,0,81.0,0.0
27.696618,94.263167,0,813.0,29.58124669955053
28.884883,94.938099,0,1722.0,14.365035635987491
25.726482,93.360329,0,252.0,8.710355024840405
26.632341,90.746758,0,88.0,1.9678637764222802
26.326944,91.621219,0,54.0,3.372286683433898
25.650341,93.328113,0,364.0,5.062306669977521
22.33621,93.040351,0,1198.0,24.014940918652613
25.488328,93.064605,0,140.0,19.69460081513802
26.347109,90.947707,0,41.0,1.8175220187198482
26.069434,94.055958,0,375.0,14.481123401789075
27.916863,94.018267,0,1771.0,16.453666886955713
26.05509,95.016567,0,1618.0,36.93512402800127
28.908151,96.106109,0,3128.0,11.927252133664076
22.949253,92.473643,0,121.0,6.25509971741467
25.863256,93.612753,0,216.0,5.438007905136233
27.827775,88.360693,0,4962.0,36.30403750755425
26.131923,94.342643,0,663.0,16.632155145358805
24.393548,93.424788,0,658.0,26.962844577431213
27.972194,95.992092,0,216.0,1.6876048941769748
23.635676,91.630396,0,58.0,4.822542232360713
25.650393,91.677053,0,1383.0,15.220619174941184
26.365576,94.066447,0,105.0,1.2171181316034883
29.012057,95.077837,0,1521.0,27.17735741799749
27.1486,95.126818,0,117.0,1.9678637764222802
26.487858,91.455015,0,58.0,0.3376147110174216
24.765576,93.017203,0,29.0,2.698950908923438
29.163669,95.927256,0,3795.0,41.63194170007532
24.122934,94.092704,0,1026.0,19.887940280112208
24.728548,93.334487,0,202.0,20.404122377890886
27.441794,94.989018,0,106.0,2.9018215173024653
27.57206,92.969269,0,772.0,23.85957416726988
24.353497,92.027864,0,44.0,2.160788974078258
25.314153,93.968979,0,1941.0,32.259774690144994
27.668914,93.325103,0,2748.0,28.293169783508667
22.940878,92.55389,0,354.0,26.35521852641146
28.878742,94.909063,0,2325.0,8.459106004104362
26.816652,93.95393,0,86.0,1.9678637764222802
27.724873,88.555932,0,2595.0,13.202548211490393
23.865296,91.806271,0,134.0,12.604382648379184
22.40462,92.975828,0,624.0,36.37422987373354
28.877935,94.524876,0,2642.0,21.108640778693708
26.763205,92.924094,0,73.0,1.2171181316034883
27.68202,96.721087,0,3317.0,38.79418532590087
24.98091,93.119975,0,126.0,7.572619707513907
27.017495,92.139931,0,1236.0,49.60294021972598
26.799564,92.546564,0,89.0,1.391763426244203
26.582843,94.052292,0,91.0,6.25509971741467
24.842417,93.769572,0,1245.0,27.22787596691276
25.59649,93.271876,0,405.0,1.2171181316034883
26.690453,90.092294,0,132.0,2.052775101535614
25.933182,92.64744,0,309.0,9.697272655464083
27.75882,94.874795,0,477.0,13.206566483906398
26.390998,92.941145,0,343.0,37.30034023114171
27.587638,96.32854,0,565.0,8.716696336468738
26.093506,93.568626,0,960.0,24.53544118605691
27.193402,92.487861,0,1415.0,36.26089278326507
26.525261,91.769873,0,62.0,2.9018215173024653
25.270412,94.139778,0,1418.0,27.963220750915905
22.935455,92.840782,0,577.0,41.88734881078857
27.125851,93.932052,0,93.0,2.385944030388813
27.536825,91.755898,0,1825.0,27.226347381898258
28.517467,95.803203,0,905.0,31.105769677100664
22.453028,93.14556,0,464.0,44.970625713981214
23.414603,91.573296,0,82.0,7.660316591254672
26.36544,90.537407,0,43.0,3.6313935493230582
26.575967,92.36669,0,66.0,3.372286683433898
28.28504,96.48221,0,2859.0,20.425249359005747
27.985456,88.779071,0,5439.0,33.26521737114123
23.876389,93.346398,0,1063.0,27.17735741799749
24.418746,93.559357,0,1301.0,11.276401445303803
28.721258,94.957669,0,307.0,23.428692808745406
29.071062,94.548696,0,3743.0,35.807553328898365
24.350924,92.364284,0,93.0,6.990494340294632
25.685965,92.742567,0,376.0,12.909470487562636
23.19849,92.882414,0,546.0,14.310239191234691
25.621685,92.809256,0,256.0,1.9678637764222802
24.850257,93.451592,0,1095.0,44.88514846967826
25.32002,91.691784,0,1598.0,11.038532615965034
26.702187,91.56896,0,88.0,0.7548944975654582
27.27635,96.917688,0,1049.0,1.9678637764222802
29.055577,95.993397,0,2708.0,38.33268910371894
26.530418,90.944242,0,48.0,3.016961309815993
27.900626,88.403051,0,4667.0,22.823984594988897
23.932063,92.732633,0,816.0,28.050691559311588
27.335863,92.409674,0,1605.0,19.116857123396308
23.856636,91.251507,0,15.0,3.9454763934793324
27.557226,92.389141,0,3426.0,24.634322367669885
24.781976,92.415929,0,17.0,1.012750369636371
26.693212,94.908913,0,1039.0,14.321218120542097
27.73833,95.236473,0,119.0,1.8175220187198482
26.666396,90.882831,0,71.0,3.4389123953782974
27.359296,94.870413,0,103.0,1.0675202709770988
27.737736,95.682891,0,129.0,1.012750369636371
26.723198,90.200411,0,196.0,2.1342998941463125
25.566181,94.329422,0,1889.0,19.533610377933154
27.574648,88.754843,0,4637.0,19.11941894191666
26.731848,92.97891,0,76.0,2.3859440303888126
26.527488,91.336905,0,51.0,1.012750369636371
25.421877,91.379515,0,1523.0,10.073966449940603
27.778504,88.379446,0,4965.0,22.144873841221017
26.738469,92.228379,0,94.0,5.641219812715514
24.467978,94.379662,0,423.0,30.680977429134117
26.67014,94.059172,0,84.0,2.6350263783644494
28.21825,93.216568,0,2362.0,30.570243024081392
24.819815,92.958381,0,28.0,1.9091524329963763
25.291034,91.712165,0,1448.0,3.7692440164074177
27.170366,94.936682,0,104.0,0.7548944975654582
29.409517,96.107443,0,3416.0,12.888835435012426
23.458603,92.771011,0,1090.0,15.166038765050738
27.405804,94.503675,0,95.0,0.3376147110174216
28.775668,95.844013,0,1498.0,31.43720133561486
25.511642,90.685722,0,255.0,15.021639835845441
27.96925,93.553367,0,1085.0,42.25171481742922
23.348404,93.118718,0,1195.0,15.179705807856672
24.04403,94.134251,0,523.0,26.539566558618308
26.392,90.834444,0,44.0,0.9548412538721887
27.962343,92.964041,0,2461.0,41.5019692987737
26.198732,91.507131,0,48.0,0.0
24.832524,93.148734,0,47.0,3.4389123953782974
28.333956,93.601488,0,1648.0,13.994979876087653
26.203604,90.033014,0,53.0,0.3376147110174216
28.911954,95.544119,0,3097.0,27.40876997825205
26.672596,95.025685,0,717.0,20.097992628721148
23.410085,91.314252,0,33.0,8.159014354942736
25.360041,94.52874,0,1477.0,32.35640884426763
26.968799,95.742261,0,1520.0,31.119058788415003
26.133356,89.951094,0,41.0,3.389067065438376
24.265737,92.042732,0,69.0,11.395654497719995
25.668916,90.083072,0,109.0,13.456950139244555
27.0641,94.301753,0,94.0,2.1342998941463125
27.744538,93.074696,0,1949.0,31.002719133873985
26.578905,94.067402,0,94.0,2.7199233149201807
27.376365,93.027843,0,417.0,8.767251443500896
24.147082,92.483663,0,95.0,8.767251443500896
25.493143,94.279144,0,2005.0,31.244175851188185
25.249475,91.744517,0,1202.0,3.931095784160226
26.57568,91.62053,0,61.0,1.2171181316034883
26.735673,91.598842,0,100.0,2.052775101535614
24.289447,93.106768,0,456.0,11.204175805954707
27.33288,88.400461,0,2964.0,43.72854775946634
27.469149,95.876089,0,160.0,4.393377408433921
26.607004,90.272712,0,79.0,0.9548412538721887
25.787048,94.312207,0,907.0,24.260799584868057
29.113983,94.419899,0,2520.0,38.52121166530149
28.693977,94.362066,0,2931.0,11.348119585994185
25.617587,92.249438,0,1166.0,1.0675202709770988
28.703559,96.366064,0,3660.0,44.91219635533748
27.571477,95.737992,0,160.0,4.691966863384949
28.471149,95.452299,0,2197.0,33.33186844257367
22.670741,92.726022,0,436.0,35.72025969698282
28.629666,95.394244,0,3432.0,42.11913857362693
25.745491,92.367924,0,874.0,3.7692440164074177
28.460218,95.789328,0,1292.0,42.41224029116162
27.351685,88.23069,0,1319.0,46.41024182626523
25.151772,91.60139,0,16.0,1.6876048941769748
26.57812,91.968664,0,74.0,1.8175220187198482
25.856418,93.359417,0,208.0,9.015509788449524
23.523115,92.851717,0,906.0,21.045720884075834
27.749766,93.493496,0,1432.0,30.778652264361938
24.85616,92.602341,0,22.0,4.289153328819018
26.691933,94.376538,0,117.0,1.012750369636371
29.116671,96.059226,0,3741.0,76.84580283136978
23.632207,92.884937,0,489.0,19.026908838399848
27.718078,95.962858,0,272.0,8.077000600578957
24.119871,92.344961,0,80.0,7.725405004429305
27.030317,95.004775,0,104.0,2.3859440303888126
25.641686,90.334629,0,604.0,5.961015914468944
28.548893,96.109666,0,4107.0,47.621980565028394
27.764946,91.996843,0,3850.0,32.06250837762413
23.402268,93.03977,0,589.0,18.5046085105615
29.052465,94.950557,0,766.0,29.12166204767183
26.716756,91.921256,0,97.0,1.7210061534334908
24.391707,92.75973,0,152.0,12.442210235207455
24.312984,92.034779,0,66.0,3.6313935493230582
25.995343,94.676018,0,1824.0,29.50153621491294
26.137425,93.791708,0,130.0,2.052775101535614
28.754721,96.41914,0,4342.0,27.63100627025136
27.802669,88.388222,0,4597.0,12.925951545439487
27.731433,88.558355,0,2694.0,51.894502910027164
27.242974,88.518896,0,580.0,30.588958163975438
23.945613,92.622255,0,105.0,18.94158858012096
25.642473,92.518204,0,911.0,12.979350497927722
23.733873,91.203483,0,31.0,8.485238201927281
28.230479,95.548263,0,443.0,5.258953144814
27.786195,96.680986,0,2757.0,32.331742392927794
28.164036,95.312204,0,1254.0,35.09943315911282
27.760025,96.935769,0,3655.0,24.637906632451614
28.096184,96.253795,0,1586.0,61.90681276560448
28.465076,93.951357,0,2756.0,28.571629532855134
25.357904,94.405659,0,1047.0,24.074440529727415
28.6832,96.118771,0,2290.0,42.110056458327584
27.674147,95.056616,0,112.0,1.5095270002735288
28.823142,94.322623,0,2526.0,20.54441298478533
27.477138,88.34298,0,3282.0,33.66732624853926
25.218225,90.658005,0,49.0,10.92491063265941
23.947797,92.727279,0,515.0,28.442928624363347
25.764791,92.795101,0,128.0,9.566235322594842
26.775395,94.744501,0,112.0,3.016961309815993
26.072572,92.402423,0,508.0,18.456418645243215
27.242343,92.717976,0,1195.0,36.042522272818985
27.452466,92.633654,0,2058.0,14.938380345292417
27.960151,96.849394,0,2691.0,39.72434603630609
26.23785,94.015693,0,115.0,0.7548944975654582
29.185556,96.099669,0,4127.0,41.27259912026187
27.478322,94.806152,0,99.0,0.0
25.829018,92.648443,0,496.0,17.18920118358791
25.855201,91.751021,0,755.0,16.506228230622458
28.832739,96.268197,0,4450.0,24.113367317502654
25.230688,91.52403,0,552.0,15.179705807856672
27.859603,93.088094,0,2287.0,9.697272655464083
24.205514,92.504424,0,121.0,7.363740476577823
25.864863,90.9955,0,198.0,15.288517970232027
25.283202,91.999665,0,410.0,26.008181915695513
25.034513,93.349958,0,337.0,19.37587916013665
28.392685,93.997469,0,1218.0,30.528995003825997
26.689049,91.164073,0,53.0,1.2171181316034883
23.37876,92.826453,0,612.0,22.140679470491683
28.458613,93.52148,0,3438.0,25.364945952085165
27.380031,95.516045,0,148.0,1.0675202709770988
25.570141,93.392694,0,308.0,11.927252133664076
28.070555,96.727206,0,3388.0,14.822992028929937
23.95372,92.67247,0,508.0,9.280430939864935
24.47691,92.525954,0,68.0,10.905017436104703
25.114696,94.440968,0,2139.0,22.144873841221017
26.925483,94.47454,0,95.0,1.391763426244203
24.891467,93.749773,0,1356.0,23.432557546314023
24.019838,92.537984,0,92.0,19.652664558069908
23.166077,92.782571,0,791.0,21.869859308909426
28.319379,95.252231,0,2270.0,4.262693045214654
27.48332,95.29654,0,119.0,0.4774537773095774
25.708349,93.136566,0,138.0,4.393377408433921
27.492556,93.314578,0,3197.0,32.45693406027642
27.680777,88.836568,0,4778.0,17.18920118358791
26.025089,93.093481,0,95.0,3.9454763934793324
28.202527,94.899033,0,645.0,26.770656555075796
25.787303,93.662564,0,175.0,0.3376147110174216
26.472288,94.564099,0,451.0,10.367837459092085
26.314907,89.981941,0,54.0,1.7210061534334908
24.740859,92.43471,0,21.0,4.380487094158032
27.856383,93.006827,0,1812.0,15.169456901734499
25.583418,90.709794,0,384.0,13.617061831342701
24.848965,94.533047,0,1179.0,29.970253193070146
23.483779,91.946939,0,128.0,17.981998056475522
24.242282,91.975261,0,52.0,8.399993847719427
26.230634,90.705313,0,41.0,3.016961309815993
25.130634,94.211972,0,1115.0,22.090258704050036
25.239346,90.3929,0,131.0,12.194383223416786
25.56215,92.734374,0,396.0,10.539890808166064
25.895792,90.410112,0,153.0,11.671751367544037
26.871335,93.924923,0,77.0,1.9091524329963763
26.478186,90.261781,0,50.0,1.6876048941769748
25.53996,91.670479,0,1757.0,7.2338446967252255
26.754,95.358214,0,1247.0,6.526986519680234
26.552003,95.117783,0,1881.0,18.27288969553102
25.744181,89.921271,0,29.0,1.6876048941769748
25.90606,94.822542,0,859.0,12.958842095998698
26.311486,91.758997,0,58.0,8.792413167178566
24.540225,92.988246,0,222.0,11.994659682683803
27.358077,93.251151,0,1931.0,22.72124551965916
28.215215,93.981501,0,1442.0,35.347642252668074
25.63141,93.120787,0,316.0,12.726575502846693
27.394059,95.344641,0,122.0,2.9018215173024653
26.690225,91.850824,0,95.0,3.372286683433898
25.275089,91.897685,0,1144.0,18.459100112744974
27.217408,94.705573,0,95.0,1.5095270002735288
25.949651,92.544819,0,206.0,20.523452363322022
26.276669,91.386033,0,46.0,1.391763426244203
25.177717,90.501316,0,40.0,7.363740476577823
23.574728,93.356815,0,1485.0,41.811550543988005
24.871622,92.694732,0,20.0,0.9548412538721887
25.017059,93.055934,0,168.0,17.274046531083112
23.531579,91.711025,0,49.0,1.9091524329963763
23.929955,92.454598,0,238.0,27.853225347278357
23.474522,91.800343,0,180.0,23.7538880555143
25.520864,93.189528,0,310.0,2.052775101535614
27.901162,95.295694,0,143.0,1.5095270002735288
25.785477,93.547404,0,214.0,6.0637651384102655
27.108548,92.089261,0,1541.0,28.999937531865385
28.937451,94.499533,0,2104.0,42.39679983586503
23.621995,92.403957,0,619.0,7.187414250982758
25.610982,94.788588,0,959.0,35.90880263726476
24.888324,93.82773,0,808.0,3.389067065438376
25.60758,94.7414,0,2171.0,13.6170618313427
26.258948,94.795759,0,1352.0,25.6502330242665
25.375801,93.991161,0,1570.0,23.088802938308035
28.382722,94.988968,0,1800.0,32.11829964314315
25.096965,92.489388,0,562.0,32.81818198165607
26.177143,92.119412,0,57.0,4.903792362690797
26.412964,91.559534,0,51.0,2.1342998941463125
27.737188,93.764208,0,1596.0,17.981998056475526
25.926833,91.283548,0,120.0,4.903792362690797
26.345869,90.071466,0,38.0,3.0543699951638654
28.449576,94.23263,0,3679.0,17.957022439063543
25.22231,91.358199,0,91.0,13.832302773749781
26.568729,93.051816,0,78.0,4.691966863384949
27.762192,93.858554,0,1086.0,26.619074628049795
26.87669,93.41383,0,95.0,0.4774537773095774
26.333657,90.990726,0,43.0,3.0543699951638654
27.494221,88.136986,0,3726.0,27.092813020165103
25.21648,94.346525,0,1420.0,14.350447206010987
28.128009,95.903907,0,1186.0,24.16881343581011
22.791021,92.736025,0,500.0,23.88025197506953
22.461205,92.998083,0,925.0,30.156899063613125
26.043355,90.963826,0,48.0,2.1342998941463125
28.001033,96.370989,0,677.0,53.19572405510431
27.642501,93.492918,0,1906.0,26.899031814363664
27.220925,88.514096,0,1445.0,12.05273862304095
27.541523,93.147882,0,999.0,24.260799584868057
25.108737,92.978576,0,452.0,25.757610218736986
25.382079,90.395259,0,409.0,14.043730788347142
22.217995,92.989824,0,800.0,17.346772975188973
23.092824,91.764197,0,86.0,5.72043313097531
27.854416,88.270366,0,5211.0,8.29380481769877
28.214268,94.844279,0,436.0,50.15938966214304
24.263535,94.110717,0,1067.0,34.80979727723549
28.49966,93.898463,0,3420.0,28.338954722538684
27.800036,95.345259,0,130.0,3.584252301697434
26.669136,91.932836,0,84.0,0.7548944975654582
28.219859,93.817879,0,2047.0,10.046788047511114
25.162626,94.557319,0,1686.0,29.08619467351647
27.891082,88.78928,0,5299.0,16.23188685787168
27.448455,95.307576,0,121.0,0.7548944975654582
28.021178,96.770578,0,1832.0,37.339950208121046
27.729646,96.5601,0,1576.0,24.983602550302642
27.674136,94.104226,0,1614.0,36.97565033577395
27.831232,93.203468,0,2884.0,37.47372791066965
27.87699,96.927609,0,1077.0,29.20050840501194
22.675612,93.062704,0,1275.0,50.1634767945284
25.958958,90.361444,0,177.0,6.990494340294632
23.928905,92.853373,0,216.0,19.30270023544207
24.451153,94.201639,0,1329.0,17.02683613640949
28.769193,94.738712,0,1441.0,39.2410201441145
24.571651,93.424877,0,1012.0,24.578664031459272
27.612036,96.289598,0,384.0,14.948817884559377
24.405725,93.130711,0,111.0,44.096908348432954
28.451142,95.83523,0,676.0,34.74020709678246
27.119947,93.121524,0,1675.0,26.077198111466608
26.153175,93.092924,0,93.0,2.052775101535614
25.932562,90.663729,0,69.0,2.6350263783644494
28.013225,92.897029,0,2887.0,45.79554116046131
27.863741,93.977948,0,845.0,18.44837123129231
26.40979,93.620916,0,329.0,20.912284186111254
25.357886,90.386321,0,107.0,11.038532615965034
28.793879,95.940911,0,1827.0,28.661547312801563
25.976403,91.686905,0,409.0,20.850827869025263
26.709895,95.319176,0,1300.0,2.5695028228896355
25.685122,91.763578,0,883.0,13.585991207888908
26.611518,91.401961,0,67.0,2.7199233149201807
26.452022,91.323166,0,46.0,0.4774537773095774
28.22227,93.286483,0,2845.0,23.56148608281846
24.890796,92.961659,0,73.0,5.875572624808732
23.698821,93.170112,0,1121.0,3.1818128120974354
29.061359,95.675956,0,2823.0,32.03054267172445
25.513501,92.776121,0,391.0,12.106073141102073
25.373664,90.80528,0,369.0,6.054498479394494
27.875869,95.818929,0,139.0,0.4774537773095774
27.570521,92.201361,0,4589.0,16.874539775268598
26.610569,90.143088,0,76.0,1.3502244696996157
28.470421,94.582705,0,1680.0,26.529999587753565
26.051333,91.267223,0,43.0,2.263636058426967
25.873591,94.275743,0,1181.0,30.551506678153704
28.065598,96.921275,0,2846.0,37.84609298608853
27.594072,93.977834,0,2327.0,31.274111327369866
27.063714,94.557172,0,88.0,0.9548412538721887
25.911638,90.873983,0,224.0,9.191033686643834
26.265226,92.493327,0,67.0,1.4320961841646465
27.553283,91.959354,0,3022.0,26.494872769013885
26.242882,92.572592,0,62.0,2.9018215173024653
23.768201,92.776404,0,712.0,27.791305644779218
26.342905,90.956853,0,40.0,1.2171181316034883
25.191161,92.843018,0,832.0,14.25151771015517
26.988734,95.281838,0,427.0,24.260799584868057
24.796869,94.340647,0,1077.0,38.1363976490186
25.507581,91.309139,0,1517.0,6.696346521504578
26.676019,90.523502,0,92.0,1.8175220187198482
26.774334,91.531327,0,142.0,0.9548412538721887
24.190983,94.188383,0,1011.0,20.532771786488425
23.755618,93.042558,0,758.0,24.15404655313558
26.010646,91.609168,0,293.0,20.179286215728823
27.867764,96.736542,0,2412.0,40.278010559328166
24.378256,93.775897,0,804.0,5.808222980428714
24.694915,94.187575,0,1626.0,23.653214487235275
27.670706,95.474557,0,116.0,2.8821812090202448
29.175323,96.108238,0,3908.0,17.676493644843124
28.287909,95.24012,0,2118.0,11.994659682683803
26.565271,91.271697,0,52.0,2.9018215173024653
27.257759,93.292303,0,1944.0,20.556045219583464
28.371844,93.727975,0,1529.0,36.771983519776015
25.420765,91.396536,0,1542.0,16.30726771871584
24.342253,94.087702,0,1202.0,26.284131994347053
24.704175,93.400031,0,943.0,19.887940280112208
26.429145,91.040077,0,44.0,3.1996013002506887
25.390069,93.865796,0,1964.0,30.76385269991587
27.006426,95.62946,0,1818.0,48.78447990948791
24.447142,93.821195,0,769.0,1.391763426244203
25.974457,92.107596,0,393.0,17.0000833481045
25.357285,91.274859,0,1250.0,19.221525111834566
27.206885,95.158301,0,113.0,1.5095270002735288
24.622554,92.861479,0,28.0,1.8175220187198482
25.751765,90.724757,0,414.0,8.811234328732239
25.85608,92.007093,0,767.0,3.843668167321381
29.001103,96.069726,0,3859.0,20.15781024083281
28.953946,94.491659,0,1895.0,40.49173483430074
25.629143,91.321066,0,1411.0,6.603755221333418
27.857507,88.212112,0,5903.0,24.68621633556212
28.029927,94.031705,0,896.0,22.684823831912844
26.120583,89.80812,0,30.0,1.5095270002735288
23.6761,91.859834,0,189.0,8.459106004104362
24.469314,92.475768,0,56.0,15.06995574963759
25.255884,93.12211,0,334.0,18.6508616564494
28.034522,93.186863,0,2605.0,37.638775480074024
26.748095,94.395259,0,105.0,1.7210061534334908
24.89956,94.651607,0,511.0,25.51670402283305
25.357332,91.194859,0,847.0,16.60461327981816
26.747897,92.423988,0,93.0,2.6350263783644494
28.554125,96.279922,0,3166.0,47.8894103854989
25.203204,93.802412,0,885.0,21.211450322740603
25.226052,94.553836,0,1834.0,25.884207429480977
26.506031,93.365985,0,376.0,1.391763426244203
25.888206,90.055308,0,29.0,1.391763426244203
28.614889,94.085842,0,1932.0,2.6350263783644494
24.125503,93.912723,0,1399.0,14.199903426374894
24.865935,92.337749,0,23.0,2.7199233149201807
24.92371,92.897921,0,61.0,4.222687118252763
24.447945,92.271567,0,59.0,4.072588647671146
25.20992,91.85153,0,746.0,10.606834346352132
28.062043,93.023212,0,4069.0,16.919509454227438
24.988802,94.322408,0,1492.0,18.174763056324142
27.61853,96.127201,0,572.0,21.598568954345694
26.574139,90.876652,0,50.0,3.7692440164074177
24.969768,93.780889,0,1932.0,32.05109916793514
25.243517,91.207708,0,234.0,2.5695028228896355
26.678635,93.250558,0,62.0,0.0
26.529524,93.163893,0,163.0,10.309790918800937
27.669269,94.054041,0,2197.0,18.96231828867539
28.67859,95.124742,0,1967.0,50.18389310167387
27.362904,96.217158,0,604.0,7.7827822999817355
26.597271,94.8585,0,613.0,20.532771786488425
27.238544,94.265902,0,86.0,0.0
25.546447,94.353017,0,1998.0,36.14941470551866
24.961988,93.665913,0,792.0,29.650019699031468
27.203367,94.492297,0,95.0,2.263636058426967
26.453341,91.213901,0,44.0,1.3502244696996157
22.569633,93.059199,0,568.0,14.907015718609202
26.674611,90.67434,0,133.0,3.3214321859461395
27.99949,95.74454,0,156.0,1.9091524329963763
29.067624,95.471582,0,2987.0,19.78056829771728
25.614316,93.70384,0,452.0,7.746973739247727
26.827307,92.422898,0,126.0,1.9678637764222802
25.250399,90.228364,0,56.0,3.471741285563965
25.459994,94.096104,0,1400.0,9.468127301102086
24.540886,92.511421,0,108.0,11.768288932020646
27.724786,92.343725,0,5014.0,4.0586642321882005
25.289365,91.920275,0,1187.0,2.1342998941463125
27.882496,93.082853,0,1854.0,21.76062380611809
26.855514,94.047786,0,83.0,0.3376147110174216
26.217696,90.937615,0,39.0,10.160408198552636
27.27958,96.086159,0,331.0,17.90136233968102
27.397656,94.216223,0,97.0,0.4774537773095774
26.426151,94.705846,0,367.0,3.389067065438376
26.077641,92.299702,0,70.0,2.433138796850444
26.761596,95.407039,0,1265.0,22.546463428392716
23.841777,93.381212,0,903.0,20.923637802436193
26.815874,91.943449,0,187.0,2.1342998941463125
26.678177,91.677326,0,90.0,2.698950908923438
27.277835,92.84255,0,525.0,35.2878184753462
27.978987,93.285508,0,2153.0,20.648782326696498
29.083635,94.769225,0,2561.0,22.033339392240457
28.185501,95.643556,0,255.0,0.7548944975654582
22.840355,93.089279,0,696.0,28.48121940324988
27.932301,94.959503,0,458.0,19.533610377933154
26.328855,93.133036,0,200.0,11.690207903932867
23.324238,92.857712,0,930.0,19.69460081513802
27.288652,93.335958,0,1586.0,12.106073141102074
27.80029,88.685707,0,4792.0,14.513576860926522
26.196766,95.094007,0,1671.0,29.374536839186497
29.113614,94.890894,0,2353.0,28.18968673697601
26.44877,92.259466,0,51.0,1.2171181316034883
23.379222,93.356122,0,1093.0,28.627885495377168
28.551184,95.663975,0,1176.0,36.43975777886316
29.166824,95.703316,0,3207.0,27.264519412325694
28.075017,92.977366,0,3923.0,35.603129347309554
26.254495,91.421336,0,44.0,1.4320961841646465
23.615216,93.215066,0,1273.0,20.70185001577313
26.585687,93.430297,0,89.0,5.006282271664123
27.519744,92.68558,0,2806.0,31.051293565952417
28.123515,96.869416,0,3159.0,39.673274549822594
24.145503,93.195425,0,1128.0,32.401162502089626
27.644441,95.624978,0,135.0,0.4774537773095774
27.249235,88.80357,0,2887.0,39.0210514783262
26.703741,94.599782,0,141.0,19.05009145901303
28.614288,93.374235,0,3958.0,32.690230475164434
27.67619,94.121386,0,1537.0,29.17879522225097
24.426936,92.959212,0,135.0,17.456590925928477
29.047835,96.135482,0,3524.0,45.13119705041812
25.15995,94.167663,0,906.0,19.30270023544207
25.650828,90.214588,0,400.0,1.4320961841646465
27.952876,88.701123,0,5125.0,36.87074644967734
25.204231,90.626056,0,26.0,2.1342998941463125
28.61827,95.307641,0,2288.0,39.337151791150134
28.390084,96.088411,0,3534.0,40.14351262014672
25.780125,92.800716,0,107.0,1.8175220187198482
27.157374,95.994462,0,1118.0,39.202986732656605
23.654485,91.176531,0,21.0,3.016961309815993
25.425766,93.492936,0,646.0,10.246059403967996
25.466183,90.594218,0,363.0,6.721369339369457
27.888195,95.264609,0,154.0,0.7548944975654582
27.332952,95.18363,0,115.0,0.0
27.187444,94.633192,0,98.0,4.822542232360713
28.380377,93.925939,0,1055.0,36.59075990088253
26.657157,92.378352,0,79.0,2.5695028228896355
23.603754,93.301296,0,1552.0,8.867442917822803
28.234649,93.461289,0,3441.0,25.915703593185818
27.436856,92.956598,0,1641.0,31.294436507946322
25.276228,90.028536,0,73.0,23.509655526347153
24.853266,92.493659,0,20.0,3.7238672163946718
26.127143,94.812078,0,1113.0,38.71127928679015
27.93001,96.582556,0,2352.0,36.444116811067126
22.891904,92.921372,0,459.0,38.65146617335697
25.878057,90.922012,0,342.0,27.727669588606048
22.99131,91.708595,0,16.0,4.0586642321882005
25.011859,93.491979,0,988.0,28.454283303155208
28.444301,94.600541,0,1334.0,25.081527188334373
28.876459,95.756789,0,2162.0,18.05666126835963
25.235444,90.294635,0,139.0,9.015509788449524
26.115192,91.424906,0,49.0,0.6752059787394532
27.40871,96.854608,0,1809.0,27.89290832952257
25.376346,91.454686,0,1497.0,9.20898742169279
27.991087,95.786232,0,154.0,2.160788974078258
25.383522,91.67626,0,1653.0,6.91817481667161
26.885582,92.922334,0,94.0,0.9548412538721887
26.651289,94.523042,0,497.0,24.185409933360294
28.023354,93.945466,0,1450.0,43.28534251522951
28.594371,95.570416,0,2324.0,16.919509454227438
28.83123,94.700088,0,1061.0,26.883429996610925
22.433593,92.860407,0,265.0,23.750100573474086
27.659723,92.065052,0,3936.0,17.66231893216494
25.827405,94.509986,0,1052.0,23.576810907736704
26.948087,93.680086,0,88.0,0.4774537773095774
24.752066,92.674866,0,21.0,3.372286683433898
26.193968,93.492289,0,691.0,18.418825312338537
26.192934,90.054253,0,41.0,2.1342998941463125
26.110483,91.964038,0,69.0,7.085726953533678
28.862913,95.849635,0,1579.0,21.726194396251515
26.9176,94.182155,0,84.0,2.1342998941463125
27.001765,92.603973,0,269.0,5.520212884789397
26.535245,93.753187,0,103.0,2.5695028228896355
26.181852,94.925995,0,2330.0,17.00305846400285
26.270078,93.604532,0,714.0,23.021526638116164
27.211733,88.759907,0,2008.0,43.9355889455935
25.28964,91.667764,0,1087.0,46.27817245983603
27.278676,92.293503,0,2770.0,25.25493250635702
26.438473,91.004345,0,40.0,1.5095270002735288
27.065834,94.741785,0,96.0,2.7199233149201807
28.96449,94.654819,0,3687.0,29.121662047671833
27.124913,95.425511,0,253.0,2.8821812090202448
24.630668,93.866845,0,775.0,2.1342998941463125
26.00595,90.569881,0,56.0,2.6350263783644494
22.601789,93.128053,0,661.0,17.959799689657103
27.949817,94.995068,0,751.0,19.721672911135652
27.368187,95.023891,0,110.0,1.9678637764222802
26.901595,93.057219,0,171.0,7.085726953533679
25.895343,93.436448,0,179.0,3.372286683433898
27.883544,95.67902,0,129.0,1.6876048941769748
27.691842,93.143429,0,1423.0,26.808333957253367
25.950961,90.944932,0,55.0,1.5095270002735288
25.251786,91.375047,0,333.0,8.543726239832896
25.563928,94.246771,0,1569.0,36.326005581723855
27.564591,88.603069,0,3031.0,28.201216963012183
24.167071,93.595011,0,1130.0,12.709800424919228
26.170556,93.664987,0,650.0,18.714218682084812
26.764242,93.381325,0,69.0,2.9018215173024653
28.916233,95.52014,0,2625.0,20.784541371321907
25.295961,90.634437,0,45.0,7.832625705078162
24.547385,92.963356,0,40.0,2.1342998941463125
28.41837,95.138951,0,1499.0,26.211108561385636
27.723237,95.935407,0,174.0,1.9678637764222802
27.411897,96.54385,0,1557.0,11.904688112848122
23.286224,93.094993,0,1430.0,20.097992628721148
25.538242,90.144641,0,199.0,1.8175220187198482
27.516315,91.701286,0,1513.0,34.81269041492543
25.443414,90.150266,0,88.0,8.049466975528398
25.52127,91.964741,0,1585.0,3.5204050825976285
26.043848,91.659447,0,369.0,6.0637651384102655
23.115656,92.76291,0,663.0,37.49006511073962
26.166236,94.118349,0,294.0,14.203597427432591
26.081658,92.79056,0,66.0,3.4389123953782974
26.072851,95.061038,0,1526.0,19.533610377933154
23.937148,93.350167,0,649.0,16.310399352728993
22.899139,93.071343,0,634.0,30.26915524334413
26.970567,94.146326,0,87.0,2.8821812090202448
25.556562,93.18986,0,278.0,4.262693045214654
23.893672,91.709629,0,108.0,9.106749100388141
24.00018,93.907102,0,1631.0,16.705326771659678
25.540772,93.27467,0,362.0,14.021254868228462
24.202147,92.573684,0,290.0,15.747500365404113
27.791852,96.856029,0,3152.0,33.56563872420532
26.89913,93.504055,0,92.0,1.4320961841646465
25.087198,93.356779,0,969.0,25.3169068790113
27.919931,93.082651,0,1437.0,51.55693702558094
25.237098,94.309553,0,1596.0,22.499387499803486
28.271963,94.26069,0,1405.0,39.87936285191842
24.985715,93.006581,0,88.0,12.755871704044356
27.300689,96.084153,0,411.0,14.350447206010987
25.584713,94.044079,0,2477.0,20.572315320153606
27.574938,88.45319,0,2377.0,32.29917098048793
26.914148,94.892454,0,173.0,12.338544811627349
28.019251,95.891121,0,206.0,1.0675202709770988
23.723133,91.301935,0,35.0,0.7548944975654582
23.100355,91.52868,0,31.0,3.0543699951638654
27.475815,94.198791,0,204.0,7.917305155246911
25.600024,91.408706,0,1422.0,19.59573743353876
26.461302,95.031915,0,1310.0,20.991582376941242
27.35731,88.496418,0,1395.0,12.523592988487046
23.66264,93.28042,0,1253.0,14.538759602318214
27.900674,88.635503,0,5164.0,18.5046085105615
25.07001,93.977742,0,1345.0,33.825855593836835
27.406864,93.466045,0,2535.0,18.286465087500847
25.834927,90.481249,0,251.0,28.683950467281978
25.800568,91.380813,0,123.0,9.920728647509225
28.058482,93.656646,0,1050.0,44.2360201883268
22.98019,92.686768,0,438.0,18.19662752273151
26.644704,92.39525,0,75.0,0.9548412538721887
26.017633,91.280838,0,45.0,0.6752059787394532
23.433455,92.405883,0,170.0,4.072588647671146
25.943202,92.731758,0,73.0,0.3376147110174216
26.1048,93.334933,0,472.0,18.141903159053847
26.208135,90.321739,0,33.0,3.5204050825976285
22.529063,92.786028,0,224.0,12.47226309643889
24.038925,91.615399,0,31.0,1.6876048941769748
26.976492,94.734489,0,102.0,2.7199233149201807
25.520944,92.063144,0,1277.0,36.247662031814706
24.09948,92.801706,0,610.0,18.053902977226738
25.943352,90.424385,0,229.0,16.49387935313133
26.937323,93.133373,0,245.0,17.083143246452856
23.878269,91.339974,0,37.0,4.044691235386269
25.211322,92.210536,0,660.0,7.210668433030249
26.064097,95.034453,0,1561.0,33.02601902962673
22.520723,93.070417,0,604.0,43.10969265698919
27.536574,91.987146,0,3735.0,38.01048912835688
26.045627,93.772692,0,136.0,1.0675202709770988
26.556768,92.725856,0,67.0,0.7548944975654582
23.951225,93.121128,0,1321.0,23.212710360208238
27.437714,94.625282,0,99.0,1.9678637764222802
28.089934,94.777329,0,445.0,26.12141199648494
25.237215,93.676072,0,1032.0,39.921372105242334
27.963885,97.365655,0,4316.0,23.653214487235278
23.677267,92.047558,0,118.0,5.5507182121273235
24.73352,92.97885,0,23.0,2.1342998941463125
25.728769,94.39811,0,1862.0,34.8358170000044
24.784933,92.489186,0,25.0,7.653048720543413
27.170959,94.416574,0,89.0,1.012750369636371
24.866633,93.708515,0,1199.0,25.006387956247202
29.122679,96.041388,0,3402.0,53.1978607906282
25.617309,93.157746,0,391.0,14.763132623631552
27.783447,94.944214,0,246.0,15.896959679954522
26.223089,94.005204,0,114.0,0.7548944975654582
24.79055,92.65278,0,23.0,2.6350263783644494
24.294869,93.887589,0,787.0,3.1996013002506887
26.68668,94.911779,0,1011.0,12.05273862304095
24.985714,93.306729,0,367.0,20.648782326696498
23.950191,93.940238,0,1227.0,36.42929126949838
26.273919,93.525174,0,858.0,25.270448324573437
23.923575,93.056112,0,349.0,19.363288090804332
24.592513,92.390983,0,27.0,2.385944030388813
27.36622,93.326097,0,2308.0,17.447952614184832
28.747684,95.241061,0,2581.0,23.34537257727582
25.815109,94.933203,0,2145.0,28.966958884266845
25.723003,93.930803,0,703.0,23.428692808745406
25.173234,92.355846,0,562.0,37.02616405488256
28.8254,96.544431,0,3720.0,29.77230894379481
29.042457,94.22645,0,3146.0,4.5823147648922165
27.533136,95.21849,0,115.0,0.3376147110174216
24.196159,92.066513,0,62.0,6.526986519680234
24.791581,93.059117,0,43.0,6.629140282386492
26.722589,91.740123,0,99.0,2.8821812090202448
27.295877,94.217993,0,91.0,2.7199233149201807
27.190016,88.139367,0,1969.0,32.59333325755174
25.620991,92.812068,0,248.0,5.226703690794332
26.020497,94.245136,0,1182.0,10.663120448541864
25.559104,90.108824,0,97.0,16.13388303516631
28.740203,95.348473,0,2665.0,40.919625856551754
24.717686,92.654439,0,42.0,3.5204050825976285
25.112506,93.079251,0,1123.0,28.214178840534363
24.809019,92.991538,0,24.0,1.8175220187198482
23.957961,94.067432,0,985.0,15.332459668819096
24.086218,93.444897,0,1649.0,14.24415761739711
24.866953,94.048867,0,790.0,1.7210061534334908
26.820576,92.954194,0,86.0,1.3502244696996157
24.728668,92.744343,0,16.0,1.9678637764222802
27.524224,88.522032,0,978.0,40.89667601609378
26.743103,93.050975,0,71.0,2.3859440303888126
27.320385,92.77422,0,801.0,23.21858658494179
22.226135,92.591858,0,182.0,14.073633716023295
28.158124,95.43819,0,359.0,11.37191452644113
23.323625,92.584675,0,433.0,5.72043313097531
26.811443,91.660389,0,211.0,10.160408198552636
24.299791,92.529267,0,38.0,2.0248682972773406
28.895932,95.996379,0,2090.0,46.922871910069794
27.235435,93.632617,0,1128.0,32.04539160072092
28.438979,93.438376,0,2857.0,26.29707983759226
25.181993,90.956703,0,140.0,5.875572624808732
26.170272,90.074571,0,31.0,0.4774537773095774
26.343906,90.244517,0,39.0,1.9678637764222802
25.011081,93.929741,0,1236.0,12.351556609584488
25.823473,93.453995,0,226.0,3.389067065438376
23.82407,92.073155,0,154.0,15.543304781484048
24.815291,93.572401,0,256.0,12.574686308048038
26.939984,95.157164,0,216.0,11.009016379683203
26.936229,93.038831,0,399.0,10.663120448541864
27.788399,94.667625,0,913.0,24.809020828199802
26.654207,91.473987,0,75.0,3.471741285563965
26.135913,90.740946,0,41.0,0.9548412538721887
28.215077,96.41319,0,2731.0,37.73071535109403
28.036911,95.962045,0,281.0,1.6876048941769748
27.835833,92.171957,0,5234.0,13.089463376910485
25.678163,90.724923,0,359.0,4.787290497376919
23.58653,92.632135,0,585.0,14.599705118408163
22.075286,92.980198,0,568.0,9.374782742021159
27.597006,88.59676,0,3673.0,60.03582902736712
26.775731,95.412658,0,746.0,25.584450735534
28.445474,93.993325,0,3359.0,27.853225347278357
25.642943,92.393662,0,841.0,0.9548412538721887
27.288549,94.076639,0,97.0,1.3502244696996157
27.444728,88.722074,0,3274.0,26.969056945002592
28.863239,94.984248,0,2449.0,21.80569647219029
26.255468,92.019594,0,53.0,2.385944030388813
27.541957,93.984183,0,2403.0,12.264517683654695
25.608069,92.177991,0,1131.0,7.2338446967252255
27.525247,92.856849,0,835.0,32.667159071642764
26.480098,94.476425,0,571.0,23.492341062623062
26.523105,94.567763,0,377.0,20.439317573258247
28.283007,96.360055,0,3363.0,10.160408198552636
25.964081,93.338351,0,146.0,4.044691235386269
22.470476,93.121088,0,868.0,39.53410580370557
26.260404,94.871508,0,1431.0,53.00049375889279
23.127834,93.338023,0,1201.0,42.18617586668275
28.049763,95.895843,0,271.0,0.6752059787394532
28.911462,95.450565,0,2412.0,16.228736705934203
25.268869,93.6258,0,819.0,32.35640884426763
27.146959,92.547156,0,2273.0,16.30726771871584
24.066314,92.408282,0,152.0,17.823067005330284
28.080596,92.713642,0,5308.0,4.495148566143528
25.30229,92.231281,0,1075.0,10.111883288785483
26.038831,94.073582,0,469.0,20.025894247367727
27.53841,91.797366,0,1754.0,36.53104972071567
26.333572,94.408845,0,705.0,18.130932944052347
28.08847,95.080025,0,1119.0,30.63378826347757
27.63413,91.757055,0,3640.0,44.46907789025344
26.464732,94.5454,0,528.0,10.48288165556538
26.176829,93.884423,0,128.0,1.2171181316034883
26.742812,92.281407,0,100.0,2.433138796850444
24.319707,92.979883,0,679.0,27.440486866129568
27.39068,95.415825,0,127.0,1.391763426244203
27.805372,93.945407,0,395.0,27.55326483492445
25.784356,93.83783,0,305.0,21.940133095305068
27.97661,93.747801,0,679.0,25.5133092609215
26.517609,92.860354,0,73.0,2.6350263783644494
25.504925,93.972212,0,1195.0,34.66156061782989
27.258898,92.547869,0,2450.0,24.426873343832085
28.966264,96.090975,0,3048.0,51.55937865558721
26.357795,91.211017,0,41.0,1.8175220187198482
26.603838,90.848429,0,53.0,1.7210061534334908
23.69128,91.601907,0,93.0,3.7692440164074177
24.156863,92.209261,0,86.0,1.7210061534334908
28.316049,95.565744,0,1312.0,52.87661480994045
25.409714,91.750167,0,1796.0,18.09247027171656
26.841543,95.599209,0,1495.0,25.218671059688106
28.293219,93.777984,0,3096.0,38.808461161281215
27.047597,93.890686,0,93.0,2.7818863802117484
26.644217,92.575788,0,65.0,1.012750369636371
27.93635,88.618728,0,4552.0,7.667577242751911
26.335017,90.594724,0,43.0,2.1342998941463125
28.454648,93.491438,0,3245.0,30.651189418587016
25.492632,90.506124,0,491.0,26.6047916406615
24.66722,94.095546,0,803.0,3.016961309815993
23.530047,91.614553,0,161.0,9.374782742021159
27.468022,93.338214,0,2945.0,21.880527338520384
29.304947,94.670612,0,4384.0,41.16530757275241
28.789472,95.244194,0,1836.0,48.88809722544718
25.654518,93.375543,0,308.0,1.3502244696996157
26.552965,92.452674,0,54.0,0.7548944975654582
28.399167,95.104026,0,508.0,15.909875915266639
27.34633,94.776333,0,99.0,1.9678637764222802
27.745697,93.969284,0,1108.0,32.67705077881396
26.263759,94.518058,0,730.0,5.128711509483252
26.53003,93.012103,0,89.0,1.391763426244203
28.056819,93.158202,0,3233.0,2.1342998941463125
26.785649,94.052855,0,87.0,1.8175220187198482
26.768995,94.214297,0,92.0,0.9548412538721887
29.024915,95.324608,0,2918.0,38.96761648726758
25.528508,93.102729,0,219.0,8.118116632592285
24.028671,93.756315,0,1031.0,22.425418257645436
27.182549,92.389202,0,2217.0,24.45045865056275
24.289522,92.174723,0,60.0,9.374782742021159
26.351882,91.247862,0,49.0,1.012750369636371
23.685581,93.066112,0,600.0,33.61137246719596
27.610755,96.652062,0,2345.0,18.829656405370873
26.483231,94.142365,0,91.0,2.160788974078258
25.330234,91.041609,0,414.0,10.683507759366373
24.08687,93.771412,0,775.0,5.128711509483252
26.338674,92.881764,0,75.0,2.5695028228896355
26.405775,94.624699,0,973.0,33.946295027753955
23.890945,91.260266,0,23.0,1.6876048941769748
23.532367,93.322733,0,1502.0,34.06282477031529
25.626954,94.87245,0,989.0,20.298040347434018
27.94545,93.290104,0,1462.0,25.323778321014554
28.243174,95.945841,0,2370.0,25.8493248967401
27.882985,93.391109,0,1086.0,19.078375781087
28.71528,95.798337,0,1951.0,33.46122113078387
27.503155,94.510954,0,116.0,1.7210061534334908
25.504361,94.111404,0,2009.0,23.789824351538762
26.346706,93.295843,0,306.0,2.9018215173024653
26.014224,94.354445,0,528.0,27.03723822261716
29.215368,94.767788,0,3996.0,28.442928624363347
26.929953,94.340399,0,84.0,0.3376147110174216
26.273519,90.983738,0,38.0,1.0675202709770988
25.862078,92.770331,0,95.0,1.9678637764222802
26.909877,93.097837,0,165.0,3.3384705437643523
28.124922,95.745848,0,200.0,1.6876048941769748
28.693286,94.497638,0,3936.0,30.170972823689308
28.887372,94.340406,0,3404.0,41.76142560685239
25.246298,93.479,0,979.0,22.848061348463908
27.543608,94.068273,0,1975.0,24.231421379528634
25.205455,94.082469,0,961.0,34.92799566298539
26.018859,94.279768,0,1011.0,15.104354647150723
27.184337,95.947162,0,846.0,25.13026814739183
26.31002,91.069788,0,40.0,2.7199233149201807
23.925832,92.247766,0,141.0,15.951766186006655
26.205887,94.592209,0,1081.0,37.56174992488726
26.514698,94.27336,0,234.0,25.59796625507007
25.707398,93.457842,0,257.0,7.416536974278209
28.402637,94.253577,0,3076.0,28.791342676869387
26.298365,90.25378,0,44.0,7.393958126885864
26.41404,93.030714,0,561.0,21.80569647219029
24.955879,93.526304,0,750.0,46.17600741474124
26.477244,93.097418,0,169.0,19.451200005616776
28.2315,95.177931,0,1397.0,27.887035396482673
25.180961,94.174221,0,1056.0,16.919509454227438
25.263574,93.419765,0,989.0,35.755779682321865
28.183933,93.70258,0,1906.0,28.293169783508667
25.693887,90.034768,0,47.0,4.0586642321882005
24.603207,93.45732,0,695.0,23.0611356160509
25.951222,91.371817,0,291.0,9.039936374210699
27.455956,92.098029,0,2746.0,26.945748428504753
25.778579,92.357487,0,705.0,3.6313935493230582
27.727175,95.467438,0,120.0,0.7548944975654582
26.066536,91.86961,0,126.0,18.785164618760206
27.940684,93.913309,0,1725.0,41.64194151302286
28.511548,94.982573,0,1603.0,39.965359331761576
27.783996,92.623584,0,3984.0,65.32621942951097
22.797787,93.004838,0,1201.0,14.129503142051032
27.33411,94.092837,0,115.0,1.012750369636371
26.895498,90.399704,0,352.0,3.9454763934793324
28.575606,93.730375,0,4141.0,43.79140125311233
26.240832,90.938363,0,40.0,1.2171181316034883
23.792644,91.970006,0,233.0,22.134385795907054
29.096238,95.689671,0,3918.0,31.89744914744901
27.916786,94.972366,0,382.0,21.000618813993764
27.913813,97.188751,0,3299.0,39.226402883699016
25.383048,94.338685,0,1186.0,19.71921385391193
27.532057,91.807331,0,1858.0,37.025323467622584
27.21999,92.58163,0,1498.0,36.06306503711489
25.218029,93.188873,0,727.0,17.676493644843124
27.471051,93.877703,0,1932.0,18.71421868208481
23.492764,91.914764,0,100.0,2.0248682972773406
25.307407,93.92752,0,1602.0,29.594494506474955
26.038219,92.272333,0,203.0,6.173847782643145
27.346767,95.260431,0,120.0,2.7199233149201807
23.689431,91.511206,0,78.0,13.012087348940218
25.756335,90.78567,0,293.0,13.519692644101001
25.40755,93.234795,0,633.0,17.329353473832693
26.026054,92.797741,0,66.0,1.2171181316034883
26.17496,91.572301,0,49.0,1.391763426244203
28.973529,94.627096,0,3574.0,30.128715565698148
27.59706,92.909235,0,1264.0,25.25493250635702
23.400866,91.567688,0,60.0,5.730255777235155
27.348583,93.761005,0,1097.0,33.3824690287381
27.82124,93.202204,0,2309.0,35.50271196509591
27.214067,88.798974,0,2634.0,17.01197993242201
28.177187,96.453234,0,2289.0,24.44864562405629
27.006386,95.649993,0,1415.0,26.66817645408843
27.150991,97.061876,0,1755.0,38.98693352537385
25.228664,92.463029,0,666.0,3.3384705437643523
26.319488,91.661835,0,58.0,1.6876048941769748
25.336593,89.907776,0,65.0,16.03195153188694
27.147654,97.145329,0,2629.0,20.553719488933126
28.037417,97.220095,0,3935.0,9.136946117762886
26.657896,93.842618,0,87.0,5.150652185902698
23.871669,92.044834,0,106.0,9.256681995438619
27.158441,95.151638,0,114.0,5.006282271664123
28.171881,93.515437,0,1246.0,35.13066788374841
27.253492,92.330715,0,2438.0,28.037600489728426
28.156592,92.988032,0,4326.0,38.790426364905514
27.492815,96.527741,0,450.0,21.568129435647887
26.037093,92.983394,0,82.0,0.7548944975654582
26.426401,91.326104,0,53.0,3.389067065438376
25.35362,90.235169,0,86.0,8.118116632592285
27.060869,93.483138,0,248.0,10.357309866020204
27.050434,92.79988,0,299.0,7.832625705078162
27.062931,92.388211,0,1531.0,41.445742477211766
24.119352,93.398653,0,1049.0,15.718057291157356
27.849105,92.950047,0,3796.0,29.640778436590377
26.600669,91.726311,0,71.0,3.3214321859461395
23.591355,92.521303,0,140.0,9.629144775956853
25.966967,90.214949,0,32.0,2.263636058426967
24.367675,93.662821,0,1173.0,5.051152528017926
26.238074,91.162072,0,40.0,3.3214321859461395
27.915403,95.759346,0,137.0,2.433138796850444
28.086701,93.306407,0,1430.0,28.050691559311588
23.130648,93.17329,0,671.0,21.22925996932185
25.269592,91.024835,0,366.0,2.7199233149201807
24.223323,93.86331,0,808.0,16.48461023921887
24.362209,94.015183,0,876.0,9.462322208025618
24.541889,92.801299,0,92.0,13.42939420550633
28.908799,95.09602,0,1702.0,34.657666974428025
28.529312,94.356911,0,1198.0,25.8493248967401
22.866684,92.76337,0,1039.0,31.060991342684076
24.521077,93.676532,0,1259.0,26.47087935835388
27.108369,93.813133,0,169.0,19.711834233588025
26.106943,90.315902,0,29.0,0.7548944975654582
27.302194,92.904392,0,775.0,35.264389682754654
28.884423,94.757065,0,665.0,26.762796183610217
28.031604,96.256362,0,1703.0,31.976746229701007
28.09181,95.520778,0,192.0,1.0675202709770988
25.932517,91.80882,0,355.0,17.78094311313834
23.606148,92.53265,0,444.0,23.750100573474086
26.438206,94.270581,0,190.0,1.6876048941769748
27.439391,93.570174,0,1108.0,17.93200256558677
23.885128,92.0701,0,106.0,2.9018215173024653
25.21138,91.098163,0,304.0,11.08264483156831
28.786599,94.847807,0,1276.0,34.962428276043966
27.488472,96.821179,0,3005.0,21.56377602443453
27.798439,96.531968,0,2928.0,27.22176077341697
24.381237,93.197604,0,191.0,4.289153328819018
27.949162,93.613122,0,2097.0,45.33135031437866
27.413391,95.686917,0,178.0,2.160788974078258
28.159105,95.469966,0,275.0,3.7238672163946718
26.147382,93.974801,0,122.0,1.0675202709770988
24.997908,94.696788,0,878.0,22.466555410680765
26.293751,91.661074,0,47.0,1.2171181316034883
24.502731,93.957521,0,773.0,0.3376147110174216
28.617984,95.239405,0,1751.0,16.11800792223731
28.960176,95.805076,0,1738.0,12.625545951830574
25.290329,90.207887,0,58.0,6.0637651384102655
24.570634,94.003167,0,772.0,3.372286683433898
27.465466,92.175312,0,2910.0,32.2225431273967
22.567046,92.831054,0,527.0,20.179286215728823
23.936193,91.385066,0,25.0,0.3376147110174216
24.260383,93.96273,0,1031.0,23.889642136750812
27.638572,92.827608,0,1923.0,38.10501447657037
27.6552,95.671945,0,135.0,0.9548412538721887
24.954782,94.575144,0,773.0,26.167137276332454
26.695549,89.888016,0,98.0,2.052775101535614
26.670473,93.486466,0,78.0,1.012750369636371
25.879842,91.753426,0,538.0,24.8479801794304
24.978947,92.50287,0,19.0,1.5095270002735288
25.484343,93.481481,0,486.0,11.32904382173426
28.638894,95.224117,0,1642.0,32.42460957107069
25.456659,90.851103,0,396.0,10.865111054657977
27.999288,97.012187,0,2911.0,33.690067525979785
25.657285,92.057183,0,873.0,19.026908838399848
23.173823,92.625095,0,621.0,41.28283889277492
23.806616,91.836194,0,125.0,5.438007905136233
27.989918,94.198133,0,493.0,30.400846726490123
23.468649,93.245377,0,1014.0,39.30881093458307
26.219752,94.466237,0,882.0,19.80014826842025
28.608884,95.637924,0,2273.0,38.60208138020074
23.916716,93.079467,0,785.0,22.48092791828604
27.580944,95.341588,0,118.0,2.433138796850444
22.128756,92.796508,0,279.0,11.877548072775069
26.34017,92.6943,0,64.0,5.095619550423829
26.784905,92.349214,0,106.0,1.0675202709770988
23.966204,91.425068,0,55.0,2.5695028228896355
27.049712,94.375109,0,86.0,2.7199233149201807
26.242687,94.583396,0,785.0,14.724246751696764
27.214123,95.286471,0,120.0,0.9548412538721887
25.877846,94.782327,0,1090.0,18.520635899770767
26.321389,91.306341,0,44.0,2.6350263783644494
25.805326,89.903066,0,26.0,5.570959980093077
28.575416,96.241375,0,4003.0,29.541439484010905
27.655419,88.180558,0,5313.0,9.374782742021159
27.439583,94.008614,0,1404.0,21.086199125980364
26.650249,93.203965,0,71.0,1.9678637764222802
26.692854,91.978746,0,86.0,0.7548944975654582
26.527976,89.916234,0,61.0,1.3502244696996157
28.105862,95.716989,0,190.0,5.6011820198056075
28.751858,95.284484,0,2358.0,50.45173600613718
27.729667,88.683569,0,4344.0,19.152681749482543
25.891451,90.026671,0,28.0,2.1342998941463125
26.018657,93.604424,0,241.0,5.051152528017927
27.705526,94.660517,0,315.0,20.912284186111254
23.044142,91.772756,0,33.0,2.3619913818349927
25.297294,94.058512,0,1509.0,20.262512668603158
28.151978,94.235608,0,1379.0,21.702479637244338
27.316685,92.506518,0,1835.0,30.73297765675388
27.752085,95.552894,0,125.0,0.3376147110174216
25.816712,92.63382,0,489.0,4.520227592644634
27.835009,92.944419,0,3345.0,53.92497969151712
23.963208,92.129284,0,128.0,24.628944474870412
28.626618,95.079302,0,1516.0,36.14941470551866
27.663144,91.601789,0,3371.0,38.4045168714115
27.820245,97.043944,0,1912.0,33.36983351287451
27.050463,94.887964,0,101.0,2.6350263783644494
27.675247,92.322468,0,4833.0,41.72356692573681
27.157871,96.013041,0,1502.0,23.970170559653983
26.742031,92.206939,0,104.0,3.372286683433898
24.154808,92.333056,0,68.0,4.679912393493258
27.881811,94.514257,0,1042.0,18.286465087500847
27.277855,88.411446,0,1029.0,25.048369161768605
27.215642,96.935312,0,1235.0,11.56032367563233
25.640258,92.601695,0,751.0,15.80618797245988
27.498294,96.437057,0,754.0,9.508656426564368
23.708945,92.855927,0,668.0,29.529478610115238
27.259788,95.339113,0,121.0,3.372286683433898
23.488849,91.482806,0,27.0,2.1342998941463125
26.193319,94.609352,0,1378.0,8.29380481769877
28.523389,93.495744,0,3751.0,28.899422426198566
28.291102,94.243169,0,2242.0,37.590982545821966
25.401834,92.043939,0,1468.0,6.344120839226984
29.081959,94.578799,0,4275.0,39.80697994078571
28.312492,95.060715,0,753.0,18.232085761299903
28.281316,94.472832,0,1563.0,16.054316318325498
28.96229,94.871855,0,428.0,5.396424351416363
27.63785,92.355512,0,4347.0,11.546311187499878
25.448306,92.384759,0,1182.0,29.784095541431434
25.770189,94.155492,0,966.0,18.56861104463105
23.89349,93.072071,0,293.0,37.24571514151944
25.154351,92.616191,0,1346.0,22.476822833218517
27.684432,93.322827,0,2590.0,38.04757894764742
23.392797,92.527306,0,714.0,22.73538675151149
24.574223,94.21493,0,1004.0,27.530771002797017
28.23479,94.677413,0,477.0,28.994445658830436
27.425668,95.687397,0,158.0,5.322852793549541
27.740327,92.23653,0,4624.0,34.44995998940134
25.94289,93.739878,0,158.0,7.33339277230879
28.259111,96.066647,0,2149.0,46.58426463333651
22.158904,92.65385,0,178.0,10.865111054657977
27.868962,97.074222,0,3403.0,35.264389682754654
27.629193,94.680926,0,124.0,5.479268333625944
26.514554,94.932205,0,1394.0,18.70367847873935
27.755809,95.504474,0,127.0,3.1818128120974354
23.319446,92.592995,0,344.0,18.434948822922014
22.151235,92.713048,0,273.0,29.088925636684397
26.173458,89.762721,0,31.0,2.1342998941463125
22.135752,92.8355,0,362.0,11.818505884684436
27.48122,94.714816,0,98.0,2.5695028228896355
26.566224,92.66248,0,57.0,0.0
25.150182,93.855415,0,2152.0,40.752287388844906
25.799622,90.360012,0,254.0,10.744415839592216
27.613016,93.084579,0,1197.0,20.387669768422825
25.506147,93.731365,0,1060.0,26.962844577431213
24.354968,94.202685,0,644.0,17.890203908370992
28.671278,93.81245,0,4169.0,33.66525729241905
26.922863,95.643348,0,1544.0,30.332599354404913
24.745838,92.476733,0,13.0,0.9548412538721887
24.692472,93.371591,0,895.0,22.417177837100077
25.348772,94.413658,0,956.0,15.503408837548553
25.264464,93.828783,0,2246.0,20.451031062849548
23.379457,92.571093,0,263.0,31.311156133255537
24.955386,93.121289,0,60.0,15.747500365404113
24.189795,93.854974,0,868.0,26.913060773166166
26.292633,93.736177,0,364.0,9.136946117762886
23.57696,93.021034,0,827.0,7.416536974278209
27.34238,88.250906,0,1505.0,40.234221855226856
24.817419,93.760286,0,1040.0,23.889642136750812
24.198294,92.596086,0,57.0,5.875572624808732
26.006465,90.293428,0,34.0,3.3384705437643523
23.380958,91.533602,0,53.0,3.7238672163946718
28.563379,96.186885,0,4204.0,48.177421397595964
24.928346,93.574312,0,1072.0,21.702479637244338
25.600186,93.734318,0,609.0,16.75085894072259
26.957288,93.562856,0,127.0,0.3376147110174216
26.718557,91.953527,0,100.0,1.391763426244203
24.423817,93.877241,0,769.0,0.9548412538721887
26.786188,92.199216,0,108.0,1.6876048941769748
25.769684,92.266938,0,717.0,5.006282271664123
25.529989,90.693139,0,378.0,18.440319295403114
27.734214,88.38514,0,4953.0,24.009351471470993
27.491363,95.484331,0,130.0,2.263636058426967
25.75957,93.202527,0,142.0,3.584252301697434
27.351826,95.088964,0,108.0,0.9548412538721887
28.363709,96.743908,0,3116.0,54.87775191037255
26.002763,93.067636,0,99.0,2.9018215173024653
28.95639,95.252555,0,3810.0,1.0675202709770988
25.81769,93.076669,0,138.0,3.1996013002506887
26.838359,93.478235,0,82.0,1.2171181316034883
26.28974,91.064652,0,40.0,1.012750369636371
25.212094,91.714384,0,338.0,23.118392858722878
25.702966,89.964276,0,45.0,2.263636058426967
27.192039,92.228099,0,2411.0,19.310287408745566
27.340095,88.135281,0,1989.0,35.9304164674071
27.93184,95.767762,0,149.0,1.0675202709770988
26.643328,90.911848,0,60.0,2.862405226111748
28.659193,94.631821,0,1132.0,35.50733193758868
27.168909,96.974755,0,1880.0,14.426843693074732
28.967934,95.186442,0,2912.0,18.829656405370873
22.763399,92.999524,0,586.0,23.81059263950923
27.68865,94.301436,0,243.0,23.21858658494179
27.073864,92.472036,0,1471.0,41.36896307416782
25.998217,91.737241,0,433.0,18.097971328519403
26.147935,90.795073,0,38.0,4.679912393493258
26.263756,91.539966,0,52.0,0.9548412538721887
24.374209,92.593877,0,122.0,2.385944030388813
27.652551,92.29681,0,4204.0,28.310354026961036
23.242524,92.700058,0,750.0,27.887035396482673
28.259578,94.013884,0,2339.0,49.732421403803635
26.163043,91.582375,0,44.0,0.0
27.168494,94.93807,0,104.0,1.2171181316034883
26.287722,92.978228,0,173.0,35.440676714133225
25.355951,93.742367,0,1143.0,18.77467605427877
25.290968,94.101819,0,1304.0,21.665757838123444
23.139386,91.707936,0,73.0,2.433138796850444
27.176464,92.954716,0,1382.0,33.766329870041986
27.796421,96.838211,0,2587.0,48.40348477195797
26.205204,94.318169,0,315.0,4.5823147648922165
26.378133,93.578252,0,336.0,17.18920118358791
27.897574,88.558362,0,4544.0,33.29381528417628
24.122315,93.874077,0,1059.0,21.31357434104547
25.524852,93.138259,0,275.0,1.0675202709770988
27.994566,96.639736,0,742.0,13.03657849691309
26.521448,93.101162,0,546.0,20.212632236452095
24.30104,93.194216,0,1096.0,16.444369946673778
25.20219,91.125326,0,161.0,12.713996547077366
27.557116,88.530843,0,1770.0,52.62556236843174
23.55669,91.610419,0,113.0,12.225122675735753
26.606509,94.894673,0,254.0,6.804089732608741
28.023533,94.573852,0,569.0,21.546350076535884
26.255249,91.880568,0,46.0,2.7199233149201807
25.646341,92.866326,0,123.0,5.427642598914455
27.791563,92.942553,0,1357.0,20.630280325836836
27.424458,95.326925,0,123.0,0.4774537773095774
28.610637,93.425001,0,3796.0,38.02312522307815
23.811434,92.35678,0,651.0,21.837811101082977
25.40231,93.146586,0,257.0,11.499465999742787
28.678587,94.969928,0,328.0,11.694816974599773
25.573142,90.42462,0,685.0,4.0586642321882005
24.398956,93.673668,0,1156.0,14.710076334813873
27.17152,93.102126,0,1545.0,19.198613308677363
27.626744,88.196702,0,4556.0,4.763641690726178
27.184663,95.897576,0,466.0,13.858936140922939
26.959442,92.748572,0,233.0,0.7548944975654582
25.872857,92.147121,0,661.0,5.051152528017926
24.696125,92.407668,0,26.0,6.396919649384459
27.721175,92.098997,0,4571.0,27.17735741799749
25.659801,93.477034,0,232.0,2.862405226111748
26.529238,92.160092,0,67.0,3.389067065438376
26.554274,91.635108,0,67.0,2.7818863802117484
22.710027,92.79911,0,344.0,20.75932234748779
26.060534,90.593825,0,43.0,4.5823147648922165
27.442749,95.031891,0,107.0,3.7086168298207194
26.941357,94.596852,0,91.0,4.380487094158032
25.693512,92.304079,0,907.0,2.263636058426967
23.581383,91.313937,0,40.0,4.520227592644634
26.694255,92.402013,0,85.0,3.5204050825976285
27.336656,96.221641,0,322.0,14.549536520794929
24.862953,93.929451,0,786.0,1.3502244696996157
26.111089,93.998408,0,126.0,2.698950908923438
26.721737,92.612324,0,85.0,1.391763426244203
27.301896,94.031051,0,105.0,1.2171181316034883
28.915209,95.092853,0,2097.0,32.312656619027514
28.535281,94.370913,0,1148.0,39.43197210676055
25.012375,94.693823,0,711.0,18.286465087500847
26.419165,90.823226,0,42.0,1.2171181316034883
26.172632,93.135714,0,92.0,0.3376147110174216
27.623761,91.785886,0,3987.0,10.160408198552636
28.604755,96.218589,0,3857.0,24.31756725625486
28.138771,96.509266,0,1551.0,13.492284115412625
28.579472,94.867525,0,2220.0,38.758062037662405
26.769692,92.778534,0,78.0,0.0
23.902911,94.105219,0,642.0,20.243530145098816
24.523659,93.747643,0,782.0,1.9091524329963763
28.535135,96.043892,0,3765.0,33.94527807290528
27.467378,95.412808,0,125.0,1.5095270002735288
27.285819,96.335769,0,1322.0,8.697657668757381
26.953303,94.521658,0,92.0,1.5095270002735288
23.794577,92.466744,0,326.0,23.651308859028273
25.339209,91.209376,0,913.0,7.825525624597575
28.137048,93.31133,0,1546.0,33.764273391292186
27.773649,92.175453,0,4962.0,12.557681307308359
28.265054,94.160673,0,1247.0,15.100918952502713
27.741477,91.726512,0,2960.0,23.132182561931256
27.674206,94.516565,0,454.0,11.994659682683805
28.499222,94.877617,0,1231.0,40.267075053383635
26.202376,94.141023,0,371.0,2.7199233149201807
23.366626,91.411808,0,54.0,3.8436681673213813
23.613396,93.15657,0,1048.0,28.972459897875353
26.841579,90.230517,0,284.0,1.6876048941769748
28.957204,95.545071,0,3178.0,27.29499332496881
28.232546,94.120483,0,588.0,41.0507591708465
27.800478,94.123271,0,850.0,39.211040000390206
27.818103,95.820953,0,138.0,2.1342998941463125
23.823023,93.013204,0,514.0,5.885129333686067
24.417996,92.882141,0,140.0,5.641219812715514
27.641233,88.523508,0,4791.0,26.077198111466608
27.434631,95.073551,0,112.0,2.698950908923438
26.370914,94.707059,0,1239.0,18.133676292596157
25.618603,91.825047,0,1481.0,9.039936374210699
28.34258,95.856215,0,1996.0,36.14231058383569
22.085975,92.618173,0,211.0,27.422370420775675
26.196047,94.483134,0,955.0,17.696314156184012
25.775968,93.828325,0,272.0,1.5095270002735288
27.818951,95.97876,0,153.0,2.263636058426967
26.839743,92.20447,0,127.0,0.3376147110174216
25.658647,92.974493,0,198.0,22.349028218086264
25.635778,94.46797,0,911.0,27.68609956643004
28.331666,95.425567,0,1830.0,21.322422637466715
23.526602,92.511218,0,512.0,32.96783009322923
26.026901,91.879448,0,153.0,13.797972309147761
26.627292,91.53994,0,68.0,1.3502244696996157
26.019132,93.436479,0,236.0,4.0586642321882005
28.35222,96.238599,0,2735.0,37.02868555116056
24.269927,94.059477,0,1264.0,19.926793281440663
27.401976,95.545145,0,138.0,1.8175220187198482
25.682854,91.677375,0,905.0,4.972358392400693
24.312558,92.633668,0,69.0,16.36040582530699
22.607897,93.103906,0,1185.0,32.10351627298505
25.893745,94.097523,0,646.0,16.714445457116103
22.201096,92.826819,0,266.0,25.352949515010675
25.658206,90.552981,0,339.0,15.938891086079082
27.981681,94.44491,0,616.0,15.88726415506511
26.460077,90.851097,0,54.0,2.433138796850444
25.943006,91.158285,0,59.0,2.5695028228896355
25.595813,90.947743,0,768.0,14.624713477272469
24.833444,93.464746,0,708.0,23.025492008528037
27.777359,94.893375,0,481.0,10.073966449940603
23.06689,92.799567,0,774.0,15.51006672197381
28.319833,94.331818,0,2216.0,12.909470487562636
26.890832,94.020932,0,80.0,3.7692440164074177
25.847846,93.776044,0,169.0,1.8175220187198482
25.114543,94.210162,0,975.0,6.526986519680234
28.606258,94.497093,0,3697.0,38.17319333803387
25.227588,92.939849,0,716.0,21.844226046330956
25.329716,92.954723,0,289.0,20.683412764545135
23.846029,91.809446,0,95.0,3.109633021988153
25.735717,94.30379,0,988.0,23.11050762629756
27.106734,95.180882,0,112.0,1.2171181316034883
26.125215,94.781502,0,1633.0,29.26142427299514
27.595994,88.209325,0,5183.0,22.532150933077233
27.673675,95.58938,0,134.0,1.6876048941769748
27.342077,93.493477,0,1428.0,22.466555410680765
25.960432,94.576446,0,2040.0,27.56824365871051
28.82729,95.970064,0,1536.0,24.43413404727132
26.15145,92.338427,0,56.0,0.9548412538721887
24.017854,92.26975,0,436.0,23.85016630585075
27.643351,88.355468,0,4227.0,15.04582084624263
24.640106,93.108126,0,59.0,4.072588647671146
26.226372,94.287401,0,279.0,2.263636058426967
29.131669,94.838084,0,3223.0,18.053902977226738
25.915527,95.021452,0,2441.0,27.58021690906471
26.628634,91.757556,0,73.0,1.9678637764222802
27.344099,88.752125,0,3009.0,29.840293640173467
27.162739,96.953247,0,1957.0,27.92370693399913
26.780536,93.67388,0,80.0,1.0675202709770988
25.430936,91.696187,0,1700.0,14.624713477272469
27.264017,92.470352,0,2291.0,18.09247027171656
25.684149,92.777551,0,217.0,11.56032367563233
22.276442,92.645741,0,109.0,2.5695028228896355
26.529941,91.540792,0,59.0,1.7210061534334908
28.488966,95.454173,0,2213.0,29.60508511636777
24.987484,93.93589,0,999.0,25.43844441156941
27.952295,95.215214,0,212.0,2.160788974078258
27.845176,88.215307,0,5782.0,12.979350497927722
25.239247,91.501289,0,831.0,0.7548944975654582
27.509414,95.905712,0,164.0,4.972358392400693
25.88725,92.237131,0,678.0,20.26251266860316
25.342609,94.353254,0,1198.0,9.64622531297678
26.078128,92.405281,0,486.0,12.81007731882675
25.207065,91.564256,0,316.0,19.47622154296677
27.932769,93.831398,0,2135.0,7.179645410861981
28.597029,95.635353,0,1859.0,37.05975130350664
28.074157,93.377539,0,1079.0,14.567477216824015
26.175729,93.061472,0,79.0,0.9548412538721887
28.829624,94.809297,0,822.0,26.12141199648494
25.306808,91.162961,0,395.0,15.439986990629265
28.049969,94.607783,0,1018.0,26.849053663953967
27.510401,95.012888,0,110.0,3.016961309815993
27.270789,93.932827,0,202.0,20.560695607317623
28.623006,93.83211,0,4455.0,41.066341753930836
28.580431,96.316756,0,3597.0,39.31462864873003
26.922652,94.719341,0,94.0,0.6752059787394532
26.745413,90.801491,0,223.0,4.691966863384949
27.758677,95.910432,0,143.0,2.160788974078258
27.115666,93.171512,0,1671.0,29.093021235566894
25.20411,90.223075,0,29.0,2.160788974078258
27.711532,92.298863,0,4881.0,16.753888986635726
24.191608,91.815671,0,41.0,1.5095270002735288
24.345051,94.307113,0,343.0,17.109734569428905
27.909343,96.94347,0,934.0,21.880527338520384
26.300718,94.99945,0,1917.0,32.59333325755174
25.837478,93.644924,0,193.0,4.168739961832943
26.861234,95.508942,0,1442.0,20.411167997672813
25.844725,94.972238,0,2217.0,28.222814437179903
24.250803,93.050889,0,179.0,3.5204050825976285
25.595811,91.201847,0,1215.0,9.719867702432296
26.07125,92.723606,0,65.0,1.6876048941769748
25.698609,92.482744,0,834.0,9.39236065800289
26.757939,92.777404,0,77.0,0.9548412538721887
27.72946,93.584623,0,1588.0,7.431549720212324
27.679155,96.632468,0,1959.0,23.104591120404265
26.157197,91.996263,0,54.0,1.0675202709770988
27.910161,93.165395,0,1732.0,14.822992028929937
25.190596,92.412014,0,542.0,8.485238201927281
26.004017,94.338545,0,643.0,10.539890808166064
28.642926,94.484727,0,3895.0,17.390226107566324
27.376772,88.607987,0,1674.0,27.86940402714471
26.397688,91.246932,0,42.0,0.3376147110174216
28.683976,95.899819,0,2579.0,51.16255614898693
25.074953,93.736189,0,1296.0,12.53638838286113
26.356718,94.058905,0,106.0,2.052775101535614
25.251569,92.935581,0,693.0,8.614640366537119
25.260725,93.117141,0,425.0,21.43040257774228
23.854052,92.921409,0,1476.0,24.53724445711628
26.094354,89.817402,0,27.0,2.7199233149201807
25.526931,92.527597,0,977.0,18.026290470702456
26.024436,90.0291,0,26.0,1.6876048941769748
26.976613,92.415999,0,328.0,2.052775101535614
28.205248,94.984088,0,648.0,35.9304164674071
29.005146,96.41531,0,4100.0,3.4389123953782974
27.322395,96.566641,0,1664.0,25.0483691617686
25.725564,94.102484,0,1196.0,7.264626465193748
26.839179,94.867076,0,293.0,9.462322208025618
27.384275,93.898932,0,323.0,6.620689796446781
28.849837,94.26435,0,2896.0,22.872101356921007
24.651784,92.720906,0,31.0,5.759620519825523
24.572683,92.83966,0,28.0,2.5695028228896355
26.473042,92.052817,0,64.0,1.3502244696996157
27.461926,94.250296,0,109.0,2.0248682972773406
26.432892,93.6201,0,484.0,16.850495113189584
27.706235,94.167076,0,930.0,28.791342676869387
27.517549,92.998027,0,529.0,31.671265565493904
28.378775,94.194927,0,2328.0,44.34937588080547
24.756328,93.007642,0,24.0,1.2171181316034883
24.176055,93.126093,0,650.0,28.31035402696103
28.087271,92.674386,0,6148.0,6.629140282386492
28.5307,94.360561,0,1111.0,33.56563872420532
26.677033,92.099396,0,91.0,2.263636058426967
27.435214,88.431458,0,3031.0,11.777437041002203
28.931734,96.515919,0,4399.0,24.44139147294047
27.872065,95.736447,0,133.0,1.012750369636371
26.84713,95.547569,0,2040.0,34.14842434494704
27.397633,88.305387,0,1612.0,27.41028169409525
27.775864,94.898947,0,453.0,16.506228230622458
27.856552,96.000811,0,147.0,3.584252301697434
28.979153,95.493774,0,2977.0,29.385269215368854
25.65794,93.407053,0,270.0,15.23762774435772
28.386522,94.67493,0,511.0,9.629144775956853
26.390089,94.319878,0,242.0,1.012750369636371
27.009593,93.28816,0,377.0,20.22214606536205
26.345795,93.990764,0,111.0,1.7210061534334908
27.276703,96.206318,0,826.0,18.523305392734873
26.391342,92.415087,0,58.0,1.012750369636371
28.345909,95.657353,0,1895.0,28.667150951102798
28.401206,93.818693,0,952.0,33.43711068206698
28.230055,95.802524,0,1041.0,34.11826393583708
27.515254,95.54004,0,133.0,1.9091524329963763
28.468498,95.654104,0,1796.0,26.02793064379074
26.118841,93.873601,0,127.0,1.0675202709770988
26.2082,91.412202,0,44.0,0.3376147110174216
28.184627,96.640088,0,1762.0,42.36646637202451
25.827162,94.504695,0,1152.0,29.54940859650111
28.762478,94.339198,0,2920.0,30.332599354404913
27.932437,95.447779,0,138.0,5.570959980093077
24.752527,92.633414,0,23.0,2.7199233149201807
25.985859,93.380602,0,134.0,2.6350263783644494
23.557805,91.925918,0,134.0,14.549536520794929
27.505329,92.768585,0,1254.0,7.653048720543413
25.543185,93.974155,0,1823.0,28.485468456722128
26.141889,93.98368,0,122.0,0.7548944975654582
24.401688,93.476111,0,1134.0,23.236202188427278
24.254806,92.567407,0,283.0,35.44716914603359
28.087363,95.671399,0,183.0,4.972358392400693
27.777908,94.726544,0,1030.0,56.5529146959376
23.273732,93.116787,0,1082.0,20.738657385574744
27.165992,92.495599,0,2007.0,30.006459623930038
22.11965,93.054309,0,400.0,26.79578444292802
27.286372,92.864947,0,383.0,3.471741285563965
25.613246,92.465781,0,991.0,15.896959679954522
26.352414,93.447794,0,508.0,35.35790224961882
28.162285,94.799433,0,274.0,2.052775101535614
26.074768,90.745933,0,39.0,4.431819877885358
23.834425,92.243462,0,348.0,22.668609279892422
27.228791,93.974531,0,108.0,1.012750369636371
27.716324,96.664086,0,3292.0,7.594643368591445
24.326543,92.221857,0,83.0,9.8764738609297
26.48649,94.126747,0,97.0,0.3376147110174216
24.41337,93.725608,0,812.0,11.333816091683135
29.03358,94.479862,0,2722.0,36.934278635907546
25.530356,92.685982,0,655.0,6.492565483112628
26.479612,94.432762,0,678.0,21.306934769154235
25.631504,91.733163,0,1051.0,23.889642136750812
25.855776,91.773015,0,735.0,26.967504073598892
27.814098,95.577213,0,128.0,0.3376147110174216
27.695286,93.81877,0,1417.0,11.204175805954707
28.025942,93.849091,0,1117.0,37.6589833939566
27.523268,95.535699,0,131.0,2.8821812090202448
26.4792,92.953112,0,81.0,4.763641690726178
25.534612,91.861857,0,1916.0,4.072588647671146
25.043595,93.495135,0,597.0,12.455100051295563
26.826119,94.055848,0,77.0,0.6752059787394532
28.046099,93.555949,0,1479.0,37.59503837919196
25.601701,90.81816,0,478.0,12.017034920835407
27.414192,95.263615,0,117.0,1.012750369636371
27.620437,92.713699,0,1517.0,23.653214487235278
24.686894,94.257312,0,1444.0,31.187749878253733
26.62201,91.948687,0,75.0,0.9548412538721887
25.532445,93.404451,0,644.0,10.176527410054078
27.936069,95.954384,0,179.0,1.9091524329963763
25.418978,94.004669,0,949.0,35.08426737770889
26.580756,90.777605,0,55.0,1.8175220187198482
28.35929,93.515554,0,1472.0,47.84364748499539
28.445359,96.050526,0,2405.0,35.547930894164075
28.578758,94.098281,0,2583.0,23.306469398375988
25.627193,94.896923,0,2317.0,30.999070289500416
23.67325,91.539091,0,85.0,16.7265941611426
25.515686,91.510742,0,1584.0,11.904688112848122
25.780996,89.852479,0,23.0,2.7818863802117484
27.914366,96.623917,0,2159.0,40.58175841455883
26.766824,92.556259,0,84.0,2.5695028228896355
25.722044,93.471407,0,246.0,5.720433130975309
27.061582,94.837511,0,97.0,3.8140748342903543
23.904088,91.906123,0,147.0,3.584252301697434
23.029432,93.285951,0,1503.0,42.90841097289874
28.068821,97.163925,0,4340.0,29.561355069386384
22.130391,92.919836,0,104.0,2.0248682972773406
28.638849,95.292179,0,1590.0,49.1305811869666
26.138105,90.407934,0,32.0,6.721369339369457
25.283346,90.799508,0,393.0,11.818505884684436
27.059285,94.396137,0,90.0,1.0675202709770988
25.201321,93.84364,0,1159.0,19.98488347684215
25.710668,92.44306,0,903.0,21.602912557948024
26.008726,92.049074,0,489.0,22.367643951988068
25.484827,92.222842,0,1340.0,14.86507416766643
22.967288,92.821903,0,731.0,12.621316503679333
25.286398,90.95608,0,496.0,5.759620519825523
26.470403,90.862471,0,48.0,1.2171181316034883
24.695995,92.716399,0,19.0,4.072588647671146
26.620462,92.980967,0,59.0,0.3376147110174216
26.45343,92.268906,0,51.0,0.0
26.269725,91.90926,0,57.0,2.052775101535614
23.618545,93.334422,0,1559.0,28.966958884266845
26.293734,90.436302,0,35.0,0.7548944975654582
26.883538,92.665095,0,98.0,1.2171181316034883
28.70872,94.688793,0,2007.0,28.20697905496611
24.304041,92.402685,0,64.0,0.7548944975654582
25.756156,94.770621,0,1374.0,28.632096976803734
27.671986,92.360516,0,4597.0,28.88007548568397
23.686212,92.652655,0,286.0,10.39935064946811
28.057154,94.289065,0,1440.0,20.07880037349212
29.017489,94.459252,0,3115.0,41.28347864937142
27.080476,94.560135,0,89.0,2.160788974078258
29.004797,94.537661,0,2717.0,28.4925477830351
25.596453,90.452144,0,431.0,12.092764221354727
28.69262,96.086602,0,2027.0,37.56174992488726
24.926164,94.073457,0,814.0,1.391763426244203
26.248098,93.475906,0,742.0,12.772578169490426
27.210259,95.629661,0,293.0,21.393026047204742
27.266731,94.706419,0,99.0,1.2171181316034883
23.979728,92.612717,0,295.0,16.51856577082679
24.421449,92.622294,0,65.0,11.038532615965034
28.809046,94.685797,0,1955.0,31.111811507204923
28.974553,96.086033,0,3071.0,56.459905490016276
28.211697,95.570037,0,323.0,0.7548944975654582
26.762729,93.196485,0,84.0,3.471741285563965
22.277395,92.753842,0,210.0,8.811234328732239
25.810331,94.106746,0,923.0,9.094640304149001
25.731946,91.868098,0,768.0,6.853224835121291
24.468009,93.060152,0,126.0,16.931476365156406
25.697145,93.114685,0,207.0,10.246059403967996
25.964848,94.750757,0,2139.0,21.622443658222434
27.350194,96.272134,0,549.0,14.724246751696764
28.664992,93.710503,0,4554.0,10.160408198552636
27.842834,96.754006,0,2467.0,30.016789777665565
27.094414,94.753549,0,98.0,2.4563945664087456
27.61756,93.778401,0,1869.0,10.92491063265941
26.695587,93.72392,0,78.0,0.7548944975654582
25.850999,94.448628,0,2044.0,36.147638969088355
26.68011,90.009254,0,135.0,3.5204050825976285
24.632007,94.488399,0,666.0,29.561355069386384
24.371646,92.72421,0,140.0,29.752645929166388
28.380734,93.658484,0,1302.0,16.874539775268598
28.407341,95.284697,0,1045.0,27.19727721314564
25.91442,92.478116,0,517.0,15.51006672197381
26.760311,90.725158,0,271.0,1.5095270002735288
28.298382,95.22662,0,1180.0,35.53410178727974
23.039287,91.731259,0,42.0,8.792413167178566
27.629171,91.661307,0,3242.0,49.4254002167178
23.400026,92.38308,0,136.0,21.579007589774694
24.541466,92.231465,0,39.0,6.762860735059933
26.292051,93.317643,0,617.0,19.51118046928032
26.009646,91.334669,0,61.0,9.719867702432296
23.897144,92.799735,0,243.0,22.184664148243595
27.644001,88.175691,0,4827.0,8.280429976643653
25.599301,91.983475,0,1323.0,6.926249082072704
27.681009,95.010245,0,111.0,0.7548944975654582
26.809323,90.565122,0,269.0,0.9548412538721887
24.578047,92.84678,0,33.0,2.7818863802117484
27.537585,93.469972,0,1573.0,19.295109135877045
24.460136,93.973828,0,866.0,18.180232325920816
24.275928,94.179068,0,536.0,27.891440292491936
24.001345,91.771935,0,117.0,6.804089732608741
25.212007,92.984218,0,646.0,7.431549720212324
26.532726,91.766738,0,63.0,2.160788974078258
24.820964,94.315089,0,1169.0,26.088672478298722
28.702956,96.321897,0,3691.0,37.59747138200309
26.616949,90.159663,0,80.0,1.7210061534334908
23.680141,93.071363,0,662.0,28.214178840534363
23.126804,91.660848,0,39.0,3.584252301697434
23.262734,92.874841,0,743.0,22.25977894945414
28.349067,93.382531,0,3995.0,14.882566829789898
27.041307,94.324026,0,90.0,3.5204050825976285
26.489094,94.736887,0,485.0,8.588925239163549
26.563526,91.799823,0,70.0,2.7199233149201807
26.954386,93.818469,0,82.0,0.9548412538721887
27.599393,92.922581,0,885.0,33.56563872420533
24.195767,92.109337,0,51.0,1.0675202709770988
25.074533,94.526232,0,1208.0,40.318268217787555
23.79349,91.809029,0,99.0,14.763132623631552
29.177933,94.494192,0,3346.0,43.29205669075448
27.634649,94.622174,0,270.0,23.292830705929315
25.563856,92.453205,0,991.0,13.134022306396323
28.672467,95.018653,0,429.0,15.770354673539524
27.737873,94.032766,0,655.0,41.879970627343376
28.255771,93.770558,0,3580.0,40.49577705670261
26.52531,92.35133,0,54.0,0.7548944975654582
24.096731,93.65555,0,1044.0,15.288517970232027
23.275949,93.196062,0,562.0,13.709786427291844
23.142049,91.56976,0,117.0,10.48288165556538
26.673297,93.799962,0,84.0,1.7210061534334908
27.846004,95.125035,0,365.0,24.361378979850553
25.096099,93.046007,0,1621.0,15.46672895722096
27.591585,91.970765,0,2705.0,54.02905213438046
25.578532,92.379559,0,1104.0,2.433138796850444
27.546059,88.167783,0,4942.0,7.86095868417308
27.722034,91.772799,0,4038.0,37.21667111223289
28.25373,93.195039,0,2993.0,36.63130508748948
27.877452,95.792763,0,135.0,1.8175220187198482
29.079114,95.030995,0,1900.0,20.097992628721148
26.77642,94.899888,0,310.0,20.95764795780444
26.298937,90.466214,0,43.0,2.160788974078258
25.902692,91.179223,0,64.0,1.8175220187198482
23.167327,92.819601,0,767.0,6.671226398049395
28.16049,96.913717,0,4160.0,45.46628942079143
27.576803,91.882617,0,2446.0,12.574686308048038
28.356852,93.55375,0,1566.0,36.53104972071567
29.211788,94.58036,0,4480.0,28.622268515554758
27.512028,95.562534,0,135.0,0.7548944975654582
26.751616,91.665588,0,108.0,4.5823147648922165
25.449575,89.861615,0,32.0,6.4231509137348155
28.461937,94.892139,0,1221.0,17.687823087123586
26.171608,91.303726,0,48.0,3.372286683433898
25.653249,92.13669,0,961.0,9.280430939864935
26.040777,92.440075,0,440.0,9.015509788449524
26.626803,94.367655,0,127.0,5.427642598914455
28.456755,96.033187,0,2461.0,33.52916821030251
26.66896,90.684593,0,126.0,3.646970455272818
25.345318,90.151158,0,130.0,5.730255777235155
27.207171,94.881353,0,106.0,1.9678637764222802
26.562541,93.534362,0,100.0,5.520212884789397
28.475353,93.887196,0,3148.0,53.691773305345016
28.000724,95.48685,0,146.0,2.263636058426967
23.944974,93.145925,0,808.0,25.23422161628461
26.135349,90.140051,0,32.0,3.1818128120974354
28.583527,94.290406,0,3298.0,35.64440484098135
28.420483,94.935784,0,1140.0,30.36043784504823
27.336734,93.965323,0,447.0,32.49141778252494
26.422647,93.446942,0,295.0,1.3502244696996157
22.926218,92.419512,0,46.0,9.374782742021159
26.694165,91.718898,0,85.0,1.0675202709770988
27.799688,93.835897,0,1218.0,22.79182488065121
27.056056,92.932826,0,837.0,14.203597427432591
26.330108,91.616345,0,53.0,3.372286683433898
25.952989,92.708063,0,69.0,1.4320961841646465
26.312188,90.51483,0,179.0,9.321835749415003
28.248015,95.271603,0,1388.0,46.48790334192925
26.610932,93.792946,0,90.0,0.9548412538721887
25.555555,91.957672,0,1551.0,8.38679794033457
23.50524,91.577786,0,64.0,11.653262308925731
22.430209,92.638629,0,89.0,2.433138796850444
25.827976,91.895218,0,671.0,28.14493082207299
22.476623,92.713786,0,548.0,34.223582499044106
26.126953,92.059558,0,59.0,2.0248682972773406
27.391524,94.01344,0,449.0,21.25371448094992
26.357941,94.362581,0,406.0,11.727024027980926
27.100947,95.240979,0,113.0,0.7548944975654582
22.749164,92.594825,0,229.0,10.48288165556538
24.90016,94.54741,0,731.0,35.55530158506647
25.772287,94.545042,0,1687.0,32.667159071642764
28.915433,95.243834,0,3246.0,39.09791429019716
26.745599,90.570593,0,140.0,0.7548944975654582
25.890612,92.0457,0,726.0,10.030442717931757
27.988017,97.028892,0,3092.0,33.03784710054073
25.759008,94.559529,0,1456.0,31.670097621922785
26.524901,91.441601,0,53.0,1.9678637764222802
24.634054,94.311964,0,891.0,17.180394194416053
27.276661,96.075989,0,448.0,22.134385795907054
28.189164,96.723145,0,2427.0,27.638462093497584
22.480555,92.9915,0,893.0,29.07799907556935
27.60907,94.33089,0,525.0,45.40840792904277
27.136579,92.415713,0,2733.0,28.735641668064062
25.455365,94.316639,0,2250.0,33.83097699565078
25.170488,91.480817,0,61.0,17.0000833481045
28.035758,93.532976,0,1363.0,33.05825736162379
27.690091,88.7842,0,4098.0,42.359320131791236
29.26721,94.652898,0,3747.0,41.74095647676569
24.788499,92.332273,0,28.0,3.7238672163946718
26.89798,94.54123,0,92.0,2.7199233149201807
26.606063,94.869105,0,498.0,15.288517970232027
24.910176,92.812115,0,28.0,4.679912393493258
28.243929,96.421342,0,2985.0,59.18321284241119
27.748814,93.518358,0,1518.0,33.587482122343864
27.204204,94.851851,0,105.0,3.471741285563965
24.603739,94.373936,0,827.0,20.307500221928045
27.215493,95.786076,0,519.0,30.96375653207352
26.006918,90.620478,0,121.0,20.09079841920037
24.157378,93.539863,0,715.0,37.133395367931676
22.357382,92.823033,0,323.0,1.391763426244203
26.097395,94.01429,0,515.0,8.710355024840405
22.775245,92.660213,0,143.0,14.624713477272469
27.560387,92.376782,0,3901.0,35.039635753721
26.220111,92.062146,0,55.0,2.1342998941463125
23.345869,91.528557,0,35.0,11.653262308925731
25.646517,92.507468,0,877.0,9.064292737899715
27.529086,95.928271,0,159.0,0.7548944975654582
25.179662,90.473233,0,102.0,4.431819877885358
27.547693,93.427885,0,1421.0,31.430092329641088
27.225431,88.493589,0,430.0,47.00592246328456
28.219602,93.178869,0,2321.0,15.616129405024543
26.736482,94.681369,0,152.0,3.7692440164074177
28.70127,95.604783,0,2420.0,22.228525063117385
27.82568,95.939459,0,144.0,1.391763426244203
25.56573,90.172412,0,316.0,24.029836572118015
26.213549,92.361539,0,59.0,2.052775101535614
28.084479,92.895755,0,4475.0,5.385977098599754
27.521131,96.440352,0,774.0,25.0483691617686
27.518514,88.077007,0,4971.0,38.1332621371688
27.012906,92.563507,0,481.0,22.59136070457113
25.152865,92.326236,0,133.0,19.926793281440663
27.722674,95.928763,0,158.0,4.393377408433921
26.787699,93.06201,0,75.0,1.012750369636371
28.821586,95.465696,0,2902.0,22.489134862284537
27.856467,93.944068,0,521.0,34.090063875331914
24.927035,94.350398,0,1321.0,29.346331162468683
27.550273,88.116827,0,4706.0,8.935631425418535
28.144334,94.409024,0,1305.0,25.811034309826756
25.698616,91.196388,0,1139.0,21.96560850853191
25.691138,92.674101,0,677.0,19.481220754681733
25.788967,90.232556,0,146.0,8.543726239832896
25.212862,92.242081,0,478.0,29.70930483293904
25.883966,90.600946,0,232.0,1.0675202709770988
27.331855,95.605468,0,174.0,2.7818863802117484
27.908839,96.810251,0,1441.0,42.2822816266301
27.817206,92.52778,0,4606.0,28.050691559311588
26.309906,90.691126,0,45.0,2.052775101535614
27.041692,94.553612,0,90.0,1.8175220187198482
26.698812,92.651472,0,76.0,1.6876048941769748
24.775269,93.645945,0,1090.0,34.29441470522327
28.505442,95.83197,0,814.0,26.79421507792808
25.144342,94.543032,0,1583.0,27.68758601868061
29.049051,96.004179,0,1853.0,10.39935064946811
25.835416,90.566222,0,213.0,27.90464791971911
29.245736,94.731765,0,3987.0,24.600232017293425
28.149066,95.543908,0,255.0,3.372286683433898
23.435998,92.596137,0,744.0,13.05694776697101
27.737931,93.464965,0,1534.0,22.62393276031727
23.389731,92.517985,0,704.0,27.632497705086994
26.185387,93.027265,0,77.0,3.9454763934793324
28.961608,96.503874,0,4679.0,30.297100641022165
25.675006,91.945845,0,960.0,9.064292737899715
23.408606,92.86766,0,785.0,4.5823147648922165
28.053472,96.7431,0,2307.0,47.74798031431653
23.994553,93.171055,0,697.0,18.829656405370873
26.640379,91.546237,0,71.0,3.4389123953782974
28.403759,95.436271,0,1431.0,51.811338038794005
27.518076,91.786095,0,1728.0,47.007647384417716
28.940898,94.533819,0,1297.0,43.10289498982734
26.410728,92.879521,0,73.0,2.433138796850444
25.817406,90.050113,0,54.0,3.6313935493230582
23.687644,91.74329,0,222.0,9.898627976311248
26.010823,94.297173,0,790.0,15.649096780194936
27.410819,93.349211,0,2844.0,22.234780850826038
28.86559,94.86398,0,1824.0,31.86169841848211
25.307343,94.09222,0,1440.0,27.061961361512484
26.959994,93.059655,0,385.0,11.371914526441127
25.173346,93.136327,0,749.0,16.02875346654702
28.594895,93.479459,0,3992.0,19.279915138601716
28.312595,94.858818,0,426.0,35.35790224961881
26.400107,94.501107,0,714.0,17.439308927371652
25.920595,92.830993,0,76.0,1.9091524329963763
28.19735,93.532244,0,2657.0,41.27003809804416
28.122709,96.579349,0,1753.0,29.981899620167887
27.867507,96.468291,0,624.0,13.62869225114325
26.257886,92.692115,0,60.0,5.759620519825523
26.534099,92.274316,0,65.0,1.8175220187198482
26.764562,91.317796,0,136.0,4.315448959323992
27.269628,94.28945,0,91.0,1.012750369636371
23.770392,91.556215,0,149.0,7.1171765367879605
26.2802,90.414971,0,43.0,1.8175220187198482
25.817761,91.809933,0,597.0,7.8538855043146905
26.780549,90.466864,0,158.0,1.5095270002735288
28.175117,95.52009,0,334.0,2.5695028228896355
23.808686,92.494983,0,842.0,32.5546354103273
29.328825,95.825972,0,3917.0,51.21033794828064
27.989025,95.602841,0,156.0,3.8140748342903543
27.377446,92.600768,0,1537.0,20.29804034743402
23.71921,91.938049,0,132.0,3.109633021988153
25.513592,94.030975,0,2608.0,13.405722994872662
23.860895,91.465893,0,57.0,3.8436681673213813
23.741712,91.525683,0,80.0,16.601549599020238
28.728367,95.366212,0,3202.0,21.702479637244338
26.271564,93.437972,0,906.0,26.25982709963758
26.116038,90.140963,0,30.0,1.3502244696996157
26.496506,92.802772,0,69.0,3.109633021988153
25.211783,91.787725,0,96.0,38.162241886930154
24.849801,93.202172,0,52.0,8.898506676457863
24.302405,93.629463,0,1127.0,37.6727100898003
25.453289,93.333664,0,303.0,1.9678637764222802
24.713804,92.358998,0,21.0,1.2171181316034883
27.682624,96.604781,0,2373.0,21.01416343922592
28.580279,93.768954,0,2562.0,12.925951545439487
28.038657,93.592279,0,1319.0,40.32099374186543
24.645269,93.15962,0,315.0,22.611726159679268
25.793839,92.294869,0,737.0,7.363740476577823
29.166493,94.736003,0,3310.0,20.574638191200428
26.737865,92.647027,0,79.0,2.3619913818349927
23.852055,92.192175,0,120.0,14.581811078563677
26.233881,94.939402,0,1637.0,25.411135016332114
24.153922,93.093984,0,259.0,24.650445283609805
27.438583,95.126548,0,119.0,0.9548412538721887
23.920435,92.018727,0,89.0,3.372286683433898
28.605275,95.029494,0,358.0,30.186312370649645
23.385804,91.600553,0,56.0,8.710355024840405
27.079513,92.578938,0,433.0,29.939155901858673
25.857891,93.397087,0,199.0,4.100293712915969
25.720778,91.87513,0,826.0,8.792413167178566
26.714971,91.422735,0,100.0,1.012750369636371
25.159736,93.931798,0,1867.0,25.187525098484176
26.033633,90.31206,0,37.0,4.857533338413092
26.666749,92.896419,0,72.0,2.263636058426967
27.800997,95.85079,0,137.0,5.479268333625944
25.031756,93.842834,0,1977.0,7.746973739247727
28.335382,97.068295,0,2796.0,40.327805440220686
27.346866,94.462087,0,96.0,2.3619913818349927
25.486905,93.114063,0,186.0,13.085403969626222
28.124611,93.66577,0,972.0,30.540254671842376
27.772098,91.800252,0,4817.0,16.444369946673778
29.000368,95.74747,0,1823.0,31.274111327369866
23.634547,93.116162,0,735.0,10.779771619960357
26.935986,93.017344,0,310.0,14.434094830851231
27.874143,92.622182,0,5971.0,50.391988528645264
23.439506,91.395916,0,46.0,10.176527410054078
24.042813,93.61437,0,1366.0,21.10191174255309
25.540839,92.911584,0,245.0,10.779771619960357
25.606255,90.030379,0,76.0,13.29860327052246
24.797066,93.730856,0,914.0,20.51645901955324
25.759402,92.629899,0,607.0,0.3376147110174216
28.703914,94.6309,0,1527.0,45.099127844027294
28.901725,95.986963,0,2193.0,46.076320168786744
25.533483,91.884414,0,1880.0,6.1373796596107315
28.165737,94.65281,0,634.0,30.09406096139528
27.201176,93.929289,0,111.0,3.109633021988153
24.897937,94.068501,0,1095.0,22.441886093428515
25.640203,91.50822,0,1131.0,27.56824365871051
26.336502,92.602956,0,61.0,1.8175220187198482
26.588402,93.726796,0,93.0,5.128711509483252
28.895572,95.090324,0,1476.0,16.49387935313133
26.321504,91.520978,0,52.0,1.6876048941769748
24.185242,92.452646,0,113.0,11.333816091683135
28.612004,94.210792,0,2775.0,30.81928288395934
28.331528,94.815007,0,822.0,22.662524505739434
25.226361,92.523473,0,592.0,14.513576860926525
25.890799,93.940169,0,199.0,2.1342998941463125
26.366626,90.781712,0,50.0,3.016961309815993
25.863897,93.684922,0,185.0,5.396424351416363
27.241012,92.843915,0,990.0,39.412476194178
28.791762,95.919705,0,1288.0,22.737405889726226
27.580337,93.150996,0,1371.0,38.92518394304661
24.138871,92.677048,0,304.0,34.54434428629451
26.946644,92.203116,0,626.0,9.920728647509225
25.559656,91.612199,0,1706.0,3.4389123953782974
28.347075,93.36382,0,4238.0,39.55631362346285
23.817022,93.348632,0,823.0,21.47425899848928
26.008107,91.353306,0,53.0,1.2171181316034883
27.420308,95.51239,0,133.0,1.0675202709770988
24.831526,92.964362,0,40.0,5.150652185902698
26.099298,92.789852,0,65.0,2.862405226111748
26.347685,90.328624,0,391.0,21.43040257774228
26.270268,94.781551,0,1482.0,30.332599354404913
24.014948,92.131953,0,197.0,6.91817481667161
24.71612,92.294832,0,54.0,14.938380345292417
26.18038,91.505244,0,55.0,1.9678637764222802
27.820091,97.115108,0,2362.0,51.228522946061105
22.640288,92.526197,0,60.0,3.7238672163946718
27.923417,97.063114,0,2934.0,23.653214487235278
27.824038,94.233814,0,1134.0,9.898627976311248
27.406421,92.891426,0,1677.0,23.490416068641593
28.021742,92.879269,0,3582.0,14.656793243901692
28.530692,95.356008,0,2352.0,32.5546354103273
26.018603,92.365195,0,599.0,19.109168969144935
24.41713,93.573316,0,1029.0,13.832302773749781
25.879054,94.249988,0,1474.0,19.180768177227858
22.515729,92.894249,0,814.0,6.344120839226984
23.903733,92.220582,0,96.0,5.570959980093077
27.066573,93.507439,0,313.0,22.033339392240457
25.597613,91.981922,0,1324.0,5.479268333625944
24.352473,91.994471,0,24.0,0.3376147110174216
27.023887,92.450545,0,1270.0,6.281942803729766
25.177416,92.956674,0,892.0,6.18293016594826
22.829959,93.041277,0,1194.0,32.89642925170675
26.129502,89.90473,0,31.0,1.7210061534334908
24.693836,94.167304,0,931.0,15.439986990629265
28.023361,93.76512,0,1202.0,24.899192476857934
26.955893,94.588349,0,89.0,0.9548412538721887
27.725473,94.389751,0,202.0,38.4045168714115
23.98585,92.617926,0,179.0,16.11800792223731
24.978828,93.791915,0,2100.0,14.780768081886677
27.176768,94.205914,0,90.0,3.4389123953782974
26.363851,94.320274,0,416.0,11.048352084854981
28.104669,93.974678,0,2095.0,27.031051615459802
26.648578,91.280361,0,58.0,1.6876048941769748
25.442679,90.790143,0,181.0,21.837811101082977
23.147721,93.307223,0,1516.0,13.91959061491351
27.291084,95.381118,0,125.0,1.5095270002735288
28.385675,93.32746,0,3057.0,36.080907034405485
26.319517,90.58987,0,44.0,2.052775101535614
27.232816,92.774769,0,1228.0,44.39301853065599
26.297043,90.628194,0,42.0,2.7818863802117484
25.296181,90.818998,0,746.0,5.062306669977521
27.623083,88.348073,0,3358.0,63.44846662097809
25.933646,94.525127,0,1074.0,26.233861962637395
27.286547,93.06638,0,878.0,27.122068499384515
28.45089,93.300171,0,3224.0,25.8493248967401
27.712949,92.601774,0,1932.0,30.128715565698148
28.663615,94.287802,0,2247.0,35.49254337882844
23.92703,94.152119,0,340.0,0.7548944975654582
27.460752,95.306203,0,121.0,1.012750369636371
25.808936,94.515866,0,1081.0,16.583152881274696
26.013283,90.849123,0,42.0,2.3619913818349927
23.574914,93.189459,0,1067.0,25.603031679195496
27.890517,95.437305,0,131.0,0.7548944975654582
27.282023,93.132005,0,904.0,29.327500611186558
26.091577,90.645825,0,39.0,2.433138796850444
27.21114,95.940218,0,512.0,22.351097728070876
22.983829,92.575348,0,249.0,22.010090182675167
27.968889,93.134214,0,1545.0,25.006387956247202
28.039578,94.295895,0,824.0,20.12194836982808
27.510339,91.746466,0,1718.0,21.271475106637943
26.826704,91.770754,0,198.0,1.012750369636371
24.056604,93.572616,0,821.0,13.121887013841768
26.343551,90.027434,0,48.0,0.7548944975654582
25.93706,92.106891,0,767.0,11.54163616146147
23.054405,91.683921,0,33.0,13.824682316158707
24.903857,93.401044,0,238.0,25.575997825418
27.989199,95.357333,0,146.0,1.5095270002735288
27.445201,96.765182,0,1465.0,30.414714507014207
26.28072,92.482579,0,57.0,0.4774537773095774
24.059118,92.49529,0,454.0,33.78277240226028
27.760465,94.180167,0,565.0,40.60786033035867
29.20729,96.12929,0,3037.0,28.27166428003782
28.121294,94.250143,0,1556.0,25.256657219795606
28.155577,93.629483,0,1306.0,22.384172683758795
23.608431,92.878208,0,633.0,24.68621633556212
23.241609,93.311614,0,1551.0,23.925274503955123
25.071465,92.613591,0,159.0,37.47372791066965
27.657883,95.517469,0,130.0,1.8175220187198482
28.756219,96.005376,0,3702.0,13.523602927707746
27.232159,95.837728,0,904.0,24.941452625436263
25.168089,94.532316,0,1492.0,16.874539775268598
23.753825,91.637783,0,94.0,3.584252301697434
26.549168,93.997277,0,101.0,1.6876048941769748
23.996006,92.498691,0,680.0,28.14782196842062
25.090217,92.342066,0,301.0,15.639215353862252
29.196635,95.574231,0,3528.0,4.691966863384949
27.692902,96.631625,0,1984.0,33.16099672886019
28.504477,94.609099,0,1371.0,23.198990682657424
26.158673,93.823282,0,127.0,2.4563945664087456
26.314521,90.765075,0,47.0,2.263636058426967
23.647667,93.059777,0,949.0,19.24186109596217
23.479127,91.892304,0,112.0,11.768288932020646
27.597589,92.311047,0,3342.0,42.77346082638949
27.701929,93.078377,0,1729.0,9.427411064372352
22.210086,92.69323,0,277.0,24.359555875506427
27.398392,88.363599,0,1843.0,30.31992998760618
24.185308,93.724245,0,1119.0,18.491238668119102
26.946789,95.702107,0,984.0,31.284874832376456
26.347994,93.285469,0,478.0,25.018643735095768
28.234471,95.13128,0,1422.0,31.744679866591962
26.562571,91.36632,0,59.0,4.431819877885358
28.811271,95.301027,0,3118.0,13.270669478570088
25.475284,93.862558,0,1160.0,29.288426111381536
29.368796,95.855793,0,4973.0,20.307500221928045
28.409177,96.138036,0,3599.0,29.752645929166388
23.277674,92.699908,0,735.0,27.632497705086994
23.242073,92.507807,0,453.0,19.689673297252913
26.042114,91.536505,0,51.0,2.3859440303888126
26.335465,91.074691,0,41.0,0.7548944975654582
25.412244,91.746916,0,1616.0,18.38382861198566
27.798442,96.114412,0,188.0,7.8538855043146905
28.001797,96.680401,0,2686.0,34.06282477031528
26.138653,90.59959,0,47.0,0.7548944975654582
25.339868,90.435673,0,47.0,4.393377408433921
23.528862,91.48557,0,28.0,2.160788974078258
29.105981,94.535878,0,3928.0,50.92507712540902
27.009769,92.725898,0,126.0,5.641219812715514
25.750145,94.949463,0,2236.0,26.194836702465118
28.03059,96.543749,0,2449.0,29.27358055799764
26.529168,92.911728,0,73.0,2.7199233149201807
27.63248,96.684626,0,2793.0,43.00055325148475
27.574061,94.972504,0,106.0,6.25509971741467
24.924263,94.497304,0,1405.0,24.49391007909546
26.285147,89.932459,0,51.0,1.3502244696996157
25.623123,91.152376,0,1227.0,10.030442717931757
26.51501,94.692822,0,422.0,19.180768177227858
26.230073,93.821848,0,141.0,1.7210061534334908
28.794697,95.27175,0,2152.0,19.37587916013665
25.787503,93.019014,0,104.0,3.8436681673213813
28.595244,95.236227,0,1378.0,40.90192473668875
26.64314,91.471278,0,84.0,0.7548944975654582
24.23566,92.380367,0,85.0,16.506228230622458
25.69971,90.266069,0,242.0,13.142105387504266
27.915205,95.971344,0,170.0,3.372286683433898
24.290173,93.14787,0,642.0,22.61986494804043
26.955394,95.527374,0,1645.0,36.417071710963654
27.942697,95.686684,0,138.0,1.0675202709770988
23.050968,93.114875,0,575.0,24.141114359485858
26.452323,93.842431,0,110.0,6.317550481225067
25.479152,93.514218,0,511.0,7.917305155246911
25.720274,94.576813,0,1120.0,37.73071535109403
24.036835,94.190773,0,316.0,12.646669179823956
27.996,95.441762,0,140.0,2.3619913818349927
28.411932,95.586079,0,1473.0,37.21002503792138
26.82461,94.252077,0,87.0,1.9091524329963763
28.152445,92.753881,0,5241.0,37.85168026197426
23.317081,91.40212,0,38.0,3.584252301697434
26.433945,93.628562,0,318.0,32.04539160072092
25.82514,90.931868,0,426.0,21.97409103386415
24.158973,94.035678,0,1183.0,13.202548211490393
28.661313,95.854386,0,1034.0,42.9043917617835
26.360418,93.875711,0,134.0,3.3214321859461395
27.760684,88.420035,0,3790.0,30.232245835117567
26.128893,94.563826,0,1295.0,29.327500611186558
24.777363,93.57298,0,441.0,17.766873696173704
23.017505,92.447338,0,177.0,13.644181682158639
26.049421,92.825444,0,73.0,2.160788974078258
25.824492,94.430111,0,1696.0,28.801071072678575
28.827286,94.476174,0,3417.0,30.16073854963253
23.153062,91.514725,0,25.0,8.811234328732239
27.014755,93.991015,0,83.0,1.0675202709770988
24.241479,92.500167,0,47.0,4.972358392400693
28.937093,95.634282,0,3814.0,28.35609137570158
26.876369,95.191215,0,885.0,35.03488047791647
24.431487,93.832665,0,776.0,4.044691235386269
28.392967,93.863682,0,644.0,33.27263643325093
27.22435,93.972196,0,108.0,1.012750369636371
23.931655,91.531211,0,147.0,11.485371105544893
25.751346,91.453181,0,938.0,16.850495113189584
23.693313,92.39206,0,498.0,20.375906887350506
25.799544,94.278863,0,642.0,22.02700214625758
24.305931,92.876444,0,267.0,23.842636023792362
24.345801,93.2795,0,660.0,23.70647974476465
26.883423,93.656466,0,77.0,0.9548412538721887
23.809996,92.22315,0,155.0,18.695768272361338
27.557175,93.952318,0,2468.0,17.576967469876386
25.254709,93.900972,0,1112.0,15.678696056854935
28.408537,93.73179,0,1213.0,28.02741135506512
26.721298,94.505538,0,176.0,6.466625310264721
24.773075,93.253187,0,621.0,17.97922516743013
28.085526,92.682741,0,5961.0,6.0637651384102655
25.788486,91.640758,0,676.0,15.909875915266639
27.063939,95.794194,0,1686.0,24.42142566327801
25.722888,91.148096,0,985.0,30.205466819616653
26.09191,93.008061,0,82.0,0.4774537773095774
27.462709,92.421925,0,2488.0,23.277229246838033
25.418068,92.206092,0,1355.0,19.413587788738116
27.93055,93.284886,0,890.0,28.293169783508667
26.993883,93.542309,0,422.0,38.73544264699537
25.288321,94.522613,0,1068.0,4.787290497376919
27.149139,95.550149,0,599.0,15.70167123678081
27.893662,93.929692,0,937.0,9.748032163491192
26.609935,92.088514,0,78.0,3.5204050825976285
28.255049,93.986794,0,2629.0,37.18923817602516
27.942802,88.28639,0,5336.0,26.38903751874389
27.714496,96.076672,0,232.0,2.0248682972773406
25.45867,91.61405,0,1574.0,2.433138796850444
26.159616,94.191103,0,308.0,13.488363377027733
27.679497,88.5908,0,2221.0,42.68921840705873
27.191194,88.219109,0,1798.0,23.964565442577438
25.359336,90.648732,0,248.0,10.64269042231061
26.193342,92.864503,0,488.0,14.599705118408163
25.360684,90.1286,0,102.0,11.927252133664076
28.44397,94.95631,0,1555.0,25.0483691617686
26.073,91.911757,0,67.0,1.6876048941769748
26.726835,91.09518,0,63.0,1.9678637764222802
25.979889,92.446782,0,583.0,9.106749100388141
27.404614,95.998508,0,200.0,5.72043313097531
24.377335,92.718271,0,213.0,13.05694776697101
28.548987,96.022273,0,3088.0,39.30444622285314
25.640124,93.836068,0,738.0,5.951584521749746
25.168298,94.272046,0,1948.0,19.632888661818416
23.297919,93.325487,0,1418.0,20.406471284033348
26.413269,93.9548,0,101.0,1.391763426244203
26.818825,95.572198,0,2236.0,29.829852627858187
25.423745,90.058518,0,104.0,7.210668433030249
26.426142,90.477458,0,220.0,37.013550596984274
27.47274,94.77606,0,99.0,0.0
26.8742,95.385562,0,572.0,13.206566483906398
28.868869,95.760071,0,2185.0,14.15548761586253
26.576986,91.85329,0,73.0,3.931095784160226
28.677157,95.392636,0,2667.0,28.98345643458031
26.001638,94.704077,0,1807.0,28.176705590951745
27.627452,94.546411,0,669.0,34.62550882558278
27.770216,96.257665,0,271.0,5.226703690794332
27.574524,92.829033,0,2247.0,36.080907034405485
28.85472,94.148504,0,2291.0,42.296644439104185
24.185587,94.048932,0,1246.0,17.416232755050153
25.291315,92.316395,0,1000.0,10.759583898850556
26.18232,95.113518,0,2428.0,10.825043206197622
25.976126,91.349663,0,135.0,12.574686308048038
28.345656,96.8676,0,4042.0,26.477281042311844
26.901925,92.285793,0,191.0,4.72794257368475
25.664465,94.257267,0,1606.0,9.748032163491192
27.754441,93.536498,0,1875.0,22.290970374758974
28.986461,95.650559,0,3321.0,23.469225732252692
27.109542,94.200543,0,85.0,1.6876048941769748
27.737365,92.366268,0,5148.0,13.515781057664528
28.78061,94.520243,0,2470.0,39.02919910015018
25.473831,93.162275,0,251.0,7.062044068464845
27.928018,96.969791,0,1642.0,39.45504677883583
27.510278,96.025177,0,181.0,2.9018215173024653
28.080304,95.685409,0,179.0,2.0248682972773406
27.496422,93.109009,0,1355.0,15.179705807856672
26.913639,94.740405,0,103.0,1.391763426244203
25.750889,91.131552,0,653.0,13.069151942759
27.835419,93.703273,0,1584.0,18.884428857481158
26.991762,93.873513,0,93.0,1.4320961841646465
28.872604,94.910126,0,1997.0,49.734181419279736
27.569958,96.190958,0,531.0,10.367837459092085
27.360143,94.218133,0,96.0,3.1818128120974354
27.613171,91.646476,0,1979.0,50.545964371147434
25.707622,94.350495,0,1573.0,23.91965362035784
25.969096,94.533326,0,1027.0,14.724246751696764
26.406605,91.076593,0,42.0,2.5695028228896355
26.316371,93.26879,0,447.0,18.531310895674505
29.017961,95.11037,0,1863.0,19.30270023544207
25.416505,92.192538,0,1275.0,6.423150913734816
25.289019,91.692893,0,1426.0,7.5431500972118775
25.741692,93.512012,0,216.0,7.2338446967252255
27.308678,96.078848,0,464.0,13.362200604250482
26.013631,92.120646,0,390.0,16.808314433366295
23.794791,92.361067,0,763.0,26.477281042311844
23.849035,91.848171,0,115.0,5.237476066812513
23.02081,91.621479,0,34.0,5.808222980428714
26.968875,93.343476,0,343.0,37.81012764350624
28.436993,94.851231,0,729.0,31.187749878253733
27.154646,93.079435,0,1128.0,21.912487469017034
27.534069,93.39591,0,2109.0,18.023526254904873
27.907818,96.069754,0,181.0,0.3376147110174216
26.259367,94.739921,0,1913.0,35.52579864342656
24.380159,93.107095,0,349.0,33.50829140859331
25.431222,90.148167,0,214.0,9.191033686643834
28.164993,94.222641,0,1516.0,37.280498231001594
28.086902,94.121592,0,1138.0,21.271475106637943
25.410004,91.384106,0,1518.0,15.80618797245988
28.954752,95.004605,0,966.0,27.4766600030317
26.338191,91.634001,0,52.0,2.3619913818349927
28.446104,93.588953,0,2948.0,12.942408717624641
28.030301,94.653363,0,881.0,20.738657385574744
23.465146,91.697721,0,67.0,8.104435709194412
28.387964,95.290215,0,1662.0,36.03805298522135
28.720831,96.435678,0,4605.0,17.842681707487124
28.192995,97.274443,0,4243.0,26.95818375771802
27.119208,92.424709,0,2947.0,43.07567302070368
27.509529,93.954254,0,2565.0,20.462735458857964
26.34082,92.781915,0,72.0,2.7199233149201807
26.171556,94.074138,0,454.0,11.54163616146147
28.131726,96.081962,0,1889.0,20.1291276199487
26.168768,92.80813,0,647.0,25.137219176469053
26.725274,94.896126,0,809.0,16.48461023921887
23.941681,93.141287,0,815.0,24.30842474860396
28.017929,97.384151,0,4436.0,11.818505884684436
24.666991,93.286592,0,360.0,21.06597341597975
26.899548,92.260558,0,227.0,4.763641690726178
22.327444,92.665003,0,161.0,20.72256515326957
28.976905,94.179898,0,4167.0,23.277229246838033
25.49075,94.464796,0,1032.0,12.137063673133053
28.767761,95.603458,0,2907.0,26.995433300053875
27.776155,93.432437,0,1713.0,32.633042034883594
28.147702,95.672857,0,199.0,0.7548944975654582
24.627423,93.867293,0,771.0,4.380487094158033
25.075182,92.801884,0,103.0,6.466625310264721
25.754148,92.195016,0,867.0,10.046788047511114
25.010478,93.588166,0,1026.0,24.412342090750116
27.967232,94.533001,0,470.0,23.021526638116164
25.481689,94.707719,0,2032.0,9.191033686643834
28.158378,94.204525,0,1329.0,12.888835435012426
24.204553,93.610863,0,1020.0,17.856675484800242
25.959488,94.921527,0,1138.0,27.8576392903241
27.307268,94.195647,0,89.0,0.0
27.677701,91.72464,0,2916.0,27.791305644779218
25.670961,93.024026,0,220.0,22.509633432668398
25.878059,92.159759,0,679.0,13.721326122250654
26.721422,94.397729,0,106.0,1.2171181316034883
28.416361,93.801413,0,1084.0,54.80480236414833
29.047137,95.67804,0,2721.0,38.91996498677513
27.397517,95.220291,0,117.0,0.4774537773095774
25.858942,91.13038,0,72.0,4.1140753309278875
27.25553,92.902318,0,795.0,25.364945952085165
26.064354,92.847438,0,69.0,2.1342998941463125
27.185577,88.186331,0,2270.0,37.70496142221234
22.631438,92.800356,0,488.0,26.12795202639169
28.039944,93.325761,0,2149.0,40.51058943733277
23.867637,92.146906,0,354.0,16.48461023921887
26.807271,92.366387,0,115.0,1.9678637764222802
27.895406,96.984651,0,3041.0,41.90209433897098
27.76959,96.328277,0,361.0,2.3619913818349927
26.379853,95.063436,0,1780.0,37.91539520003223
27.509828,92.954333,0,628.0,28.442928624363347
23.587643,91.913124,0,144.0,4.972358392400693
26.426879,89.985745,0,47.0,1.391763426244203
25.94379,94.91019,0,701.0,39.61561740896658
25.918791,94.521783,0,1052.0,30.966194387550598
27.652577,93.998542,0,1391.0,20.347638404920296
28.245327,97.085806,0,3772.0,33.34453323423619
25.408362,90.696719,0,542.0,8.104435709194412
27.683437,96.822284,0,3836.0,49.4254002167178
26.392419,93.550289,0,219.0,17.576967469876386
27.219002,92.262175,0,1825.0,33.608258310846004
23.40501,91.723672,0,57.0,9.629144775956853
26.180739,90.301811,0,35.0,1.9091524329963763
29.22792,96.303257,0,4179.0,13.29860327052246
25.33993,92.766579,0,905.0,14.203597427432591
29.033061,95.133261,0,1867.0,36.035370817294
25.710503,94.777701,0,1429.0,25.30315525395983
25.599823,93.623596,0,413.0,13.270669478570088
25.838926,94.555641,0,1797.0,14.741937164918703
27.283307,92.328229,0,2902.0,23.165621878899543
28.817477,94.74801,0,1300.0,33.17379405775469
27.11144,97.148142,0,2734.0,17.959799689657103
28.131341,93.392314,0,1742.0,42.44485029814277
23.34959,93.335005,0,814.0,13.824682316158707
27.795908,88.313581,0,5446.0,34.419364581269726
22.252643,92.891678,0,162.0,2.862405226111748
25.955393,94.405433,0,882.0,27.404233996742295
25.789945,94.864642,0,808.0,10.683507759366373
25.756429,90.648957,0,233.0,17.687823087123586
28.910401,96.236254,0,4394.0,31.24057994587448
28.25925,94.850035,0,431.0,26.967504073598892
28.446174,94.936678,0,1765.0,28.683950467281978
28.280434,96.216085,0,2591.0,25.135481698962018
27.599746,95.762809,0,143.0,2.433138796850444
25.347484,90.088721,0,141.0,5.322852793549541
28.343025,96.139269,0,1400.0,32.177300876132
26.512349,94.21673,0,114.0,6.379370208442804
27.828703,95.785206,0,133.0,2.8821812090202448
26.661399,91.176795,0,50.0,1.2171181316034883
22.586315,92.569507,0,200.0,23.889642136750812
27.936479,96.051112,0,206.0,1.0675202709770988
26.707172,94.400891,0,115.0,1.5095270002735288
26.763305,90.183091,0,210.0,2.052775101535614
27.426961,95.360908,0,125.0,2.160788974078258
26.355731,92.137433,0,48.0,0.0
25.930523,94.664126,0,1366.0,25.990057882346726
27.970222,94.198586,0,294.0,19.89037156536882
28.572809,95.624633,0,2219.0,35.50640804864227
29.227552,95.909148,0,2603.0,28.09860341401633
28.479531,94.317189,0,3371.0,21.971970836813973
26.283353,95.015253,0,2143.0,33.4832040860591
27.367933,94.963778,0,110.0,4.679912393493258
26.738161,93.362085,0,73.0,2.7199233149201807
22.845999,92.781053,0,908.0,17.576967469876386
26.768121,92.519162,0,88.0,0.7548944975654582
28.382033,95.655628,0,1585.0,39.76960208524599
27.115465,94.100736,0,92.0,2.160788974078258
26.503696,92.414838,0,57.0,3.109633021988153
22.59247,93.0635,0,760.0,20.597847294514033
28.249703,95.037332,0,801.0,16.310399352728993
26.695488,93.155167,0,77.0,1.6876048941769748
26.177978,94.494934,0,1045.0,21.55942138371082
25.368929,89.935458,0,79.0,10.246059403967996
26.742231,91.521096,0,111.0,2.862405226111748
27.334409,92.377182,0,1470.0,19.193516920934954
28.640301,95.604724,0,3103.0,39.17660147925529
26.2789,91.285191,0,43.0,0.4774537773095774
26.682314,90.92177,0,66.0,2.052775101535614
28.462206,93.24043,0,3866.0,14.434094830851231
28.167422,95.907602,0,1057.0,26.756505171092172
27.295805,95.771522,0,162.0,15.18653383163073
26.027471,94.542172,0,1630.0,12.442210235207455
26.009266,91.231583,0,45.0,2.0248682972773406
26.628006,92.885217,0,73.0,6.054498479394494
26.793373,91.136393,0,116.0,2.3859440303888126
28.287547,94.378449,0,3171.0,31.440754691242105
25.802546,91.774545,0,465.0,17.41334553404802
26.037377,90.130482,0,27.0,1.012750369636371
25.082079,93.999077,0,1035.0,26.931747407734385
25.777368,92.277415,0,733.0,7.609288731470621
24.951124,94.05374,0,799.0,1.012750369636371
25.880566,91.189928,0,139.0,19.67241406345793
24.683972,93.804082,0,771.0,3.3214321859461395
25.483333,93.501596,0,486.0,10.779771619960357
24.54159,93.706335,0,1205.0,20.685718648031223
26.938313,94.296434,0,89.0,1.2171181316034883
27.448982,94.590364,0,103.0,1.5095270002735288
27.621605,95.481265,0,131.0,1.0675202709770988
22.484598,92.959877,0,617.0,31.20217484109817
28.362725,94.563218,0,1289.0,24.45045865056275
28.783147,96.507509,0,4558.0,28.202657674715695
25.710039,91.162032,0,1065.0,14.277243114666133
24.354136,93.794878,0,813.0,4.100293712915969
27.284641,94.348092,0,89.0,2.7199233149201807
28.200594,93.148157,0,2828.0,34.74601766541864
27.367002,88.138252,0,2364.0,45.59662051668176
28.114753,94.404352,0,1548.0,10.388857815469612
28.505261,93.473697,0,3339.0,39.785833743646094
25.390297,90.7885,0,329.0,13.535325972968563
24.090301,91.80383,0,66.0,1.6876048941769748
27.372996,92.754342,0,1721.0,30.027113483616485
28.616109,95.601936,0,3225.0,33.282170299982845
27.593901,94.474931,0,520.0,37.64847849035989
25.308753,91.697638,0,1529.0,2.3859440303888126
23.636936,91.679905,0,85.0,2.698950908923438
25.306664,90.686156,0,211.0,11.485371105544893
25.70108,90.735662,0,392.0,11.386165083355712
27.753836,92.50454,0,3887.0,75.67791722648924
27.80953,95.905064,0,143.0,1.391763426244203
26.933835,95.60169,0,1190.0,23.953349310380972
26.663766,94.005375,0,88.0,2.3619913818349927
25.787669,91.704521,0,776.0,13.585991207888908
28.536262,96.021176,0,3556.0,8.646670214736362
25.984126,90.67367,0,66.0,3.584252301697434
25.379734,92.103879,0,1347.0,16.723558006484023
27.780459,96.594426,0,3150.0,34.82040293268531
28.917094,95.135735,0,2031.0,37.880383722968276
25.05211,94.275671,0,1037.0,11.386165083355712
25.041716,94.71015,0,825.0,31.91126736185209
27.516959,94.718486,0,101.0,0.9548412538721887
26.415382,94.49053,0,610.0,20.745548833930002
24.207243,91.985819,0,57.0,6.762860735059933
22.490153,92.950565,0,505.0,21.954998832237578
26.796565,91.210375,0,134.0,2.4563945664087456
22.474382,92.833234,0,731.0,9.51443116720917
23.472627,93.294806,0,1236.0,17.416232755050153
24.500223,92.555639,0,32.0,3.109633021988153
26.027272,93.046919,0,83.0,5.051152528017926
25.076034,93.698496,0,1136.0,30.03743074982445
26.1192,91.630691,0,51.0,1.7210061534334908
23.398713,92.958647,0,715.0,6.18293016594826
27.82505,95.616929,0,130.0,2.263636058426967
22.089505,92.853,0,266.0,33.946295027753955
27.276736,93.489799,0,1357.0,25.789351911538603
25.928378,92.569694,0,456.0,14.794858563459922
26.443334,93.074185,0,89.0,1.0675202709770988
28.176611,95.122348,0,841.0,12.604382648379184
27.707768,91.733195,0,2300.0,24.899192476857934
27.909939,94.594035,0,1183.0,36.07288058197125
25.835534,92.19757,0,932.0,12.334204111082284
25.135543,94.0298,0,1274.0,8.735690934280582
26.345583,92.128474,0,48.0,0.0
24.589665,93.275536,0,705.0,31.50340488200827
23.820687,93.191237,0,573.0,22.656437373598656
26.714245,93.381092,0,76.0,2.7818863802117484
27.446285,92.218144,0,2080.0,40.66659412741361
26.526425,92.039597,0,63.0,2.1342998941463125
25.302836,91.487123,0,505.0,25.218671059688106
27.870349,95.21804,0,149.0,1.0675202709770988
25.319517,94.251481,0,1336.0,21.393026047204742
27.702312,88.291584,0,4319.0,38.230174513461755
24.842283,94.343748,0,1041.0,23.283081593710197
25.222539,93.174638,0,499.0,13.278657435202685
22.474448,92.644969,0,112.0,3.109633021988153
28.552905,96.103087,0,4090.0,40.23490701224109
25.143823,94.058043,0,1098.0,18.56861104463105
27.002091,95.06605,0,113.0,2.263636058426967
27.096692,95.94645,0,1062.0,16.481519112248904
25.155665,92.684434,0,1429.0,11.09730601209501
26.532273,92.784239,0,70.0,2.385944030388813
27.553058,94.878299,0,104.0,7.2338446967252255
27.468729,94.776644,0,99.0,0.0
25.914439,93.186524,0,182.0,6.063765138410265
25.936054,94.927487,0,1046.0,33.35824239704295
23.746721,92.447956,0,281.0,9.374782742021159
25.349104,92.760262,0,994.0,1.2171181316034883
24.51136,92.78381,0,83.0,19.741330699998958
25.333911,91.509505,0,1525.0,23.277229246838033
27.815977,95.1241,0,139.0,1.9091524329963763
26.139538,90.397429,0,27.0,1.5095270002735288
25.792363,91.464433,0,404.0,31.87900683454692
27.781239,88.433455,0,4583.0,37.71381905375003
25.366164,94.461493,0,1362.0,18.589882047007478
25.78508,90.493986,0,269.0,24.627151444910947
27.746572,93.048178,0,1776.0,39.82317249207349
28.493207,93.558098,0,4841.0,49.578385603317244
26.38018,92.515972,0,62.0,2.263636058426967
28.378612,94.93681,0,452.0,31.993934384330498
26.796884,95.193462,0,1065.0,10.14426119696945
27.442808,88.090231,0,4162.0,31.976746229701007
25.279413,90.186756,0,52.0,3.7692440164074177
23.879321,92.73891,0,1090.0,41.10199182161108
28.965806,95.671005,0,3012.0,22.6056192976606
26.946671,92.18673,0,790.0,26.185065798950866
27.980397,93.936491,0,2430.0,18.05666126835963
24.100003,93.467842,0,914.0,20.80971857959822
26.253026,94.130432,0,728.0,22.838033840590064
25.857671,91.667704,0,419.0,23.370608576255947
27.429311,95.603912,0,148.0,3.5204050825976285
28.304001,96.786843,0,3678.0,35.39887735323683
26.091773,92.702938,0,64.0,2.433138796850444
24.289629,92.26677,0,72.0,0.3376147110174216
28.769295,95.230608,0,2628.0,22.546463428392716
26.742429,94.916505,0,454.0,6.379370208442804
27.484299,92.645978,0,2427.0,52.24366708754284
23.691414,91.180341,0,27.0,3.035723707408927
24.826581,92.529792,0,18.0,1.012750369636371
25.757049,93.445615,0,231.0,4.822542232360713
28.705461,96.352097,0,3932.0,34.3242516278528
25.798543,93.599437,0,183.0,9.136946117762886
25.558923,94.503672,0,1300.0,24.513786157374394
28.508721,95.806114,0,829.0,33.92085215846511
26.691471,93.024407,0,74.0,1.012750369636371
24.315474,92.613291,0,119.0,9.046032026213705
27.307945,93.09205,0,913.0,34.1232945407953
28.257602,95.011315,0,681.0,5.226703690794332
24.962107,93.59551,0,944.0,43.356803123168035
28.733288,94.129207,0,3930.0,31.104561045934723
24.90848,92.820195,0,20.0,2.6350263783644494
27.756469,94.733001,0,561.0,18.944181411353636
28.119173,94.039248,0,844.0,22.12808957706723
28.614832,94.29332,0,3483.0,17.596929516517847
24.76002,94.028658,0,918.0,15.49341556950095
24.316964,92.087282,0,84.0,7.973233172986173
26.393028,90.01029,0,43.0,1.0675202709770988
27.530657,95.493631,0,130.0,2.862405226111748
29.192585,95.560734,0,3731.0,13.915808695897175
28.257358,94.20526,0,952.0,27.590686362179106
26.460911,92.904857,0,64.0,1.8175220187198482
26.532235,90.208641,0,59.0,1.9091524329963763
25.161143,94.292219,0,1551.0,18.15834260803502
28.163883,94.701066,0,675.0,19.868475685293085
25.782219,94.357623,0,1168.0,30.588958163975438
23.839769,91.824221,0,112.0,4.393377408433921
26.777419,91.909388,0,148.0,2.8821812090202448
27.829473,94.003822,0,1184.0,31.51991437453672
25.917489,92.784422,0,73.0,3.471741285563965
28.529007,94.369743,0,1309.0,24.113367317502654
28.365055,93.242018,0,4242.0,17.439308927371652
24.976539,94.560183,0,910.0,28.7829994896477
28.27636,94.77517,0,1105.0,25.020393802691324
25.712261,93.149612,0,178.0,6.762860735059933
24.416236,92.596974,0,85.0,10.246059403967996
27.669538,95.502836,0,130.0,2.5695028228896355
26.377214,91.391105,0,45.0,2.385944030388813
23.715019,92.048339,0,256.0,12.625545951830572
25.841074,89.943068,0,28.0,2.7199233149201807
25.207883,90.751622,0,148.0,20.298040347434018
25.201124,91.100574,0,146.0,20.023484965553834
26.39325,91.201063,0,40.0,0.0
25.078047,93.106785,0,524.0,23.50965552634715
27.566302,94.455567,0,128.0,2.3859440303888126
28.742917,96.314751,0,3765.0,44.72381098249926
23.162024,91.65697,0,55.0,4.262693045214654
27.244697,88.305,0,795.0,30.792206902907306
23.461268,93.191859,0,980.0,32.526938270647236
27.114806,93.540626,0,1186.0,25.135481698962018
23.385714,93.119167,0,1192.0,33.50097823942329
25.737396,91.294517,0,894.0,15.196769009398173
27.461792,96.55265,0,1220.0,51.180495500880696
25.957225,92.90738,0,82.0,4.393377408433921
26.779888,92.889304,0,76.0,1.2171181316034883
25.382612,94.588458,0,1288.0,20.36884474380089
24.588292,92.583739,0,33.0,1.012750369636371
28.449608,94.499272,0,2373.0,33.50829140859331
26.086799,92.449149,0,355.0,14.920965202252992
25.106239,92.846209,0,176.0,11.461836902818336
27.506539,95.070818,0,114.0,1.5095270002735288
28.827903,94.48429,0,3429.0,24.892138358847667
25.688742,90.868385,0,454.0,29.99095228609963
25.674678,90.662945,0,349.0,15.951766186006651
25.447389,91.488051,0,1623.0,7.746973739247727
24.538622,93.42229,0,287.0,24.637906632451614
23.864449,92.252151,0,468.0,26.284131994347053
27.542825,96.130954,0,248.0,4.100293712915969
26.265425,90.545935,0,47.0,2.1342998941463125
27.35983,88.071409,0,3079.0,34.20457513784663
26.453709,93.384454,0,637.0,16.181394603085774
26.047447,90.302822,0,32.0,2.698950908923438
26.49368,93.51559,0,608.0,4.393377408433921
25.593556,93.645228,0,452.0,0.0
26.139453,90.476116,0,36.0,4.520227592644634
24.284153,93.255733,0,356.0,24.30842474860396
24.675791,93.440618,0,558.0,49.13500274682557
26.375842,94.495853,0,636.0,28.96145603883933
26.090121,93.165668,0,100.0,4.100293712915969
24.593486,92.629829,0,33.0,2.052775101535614
27.160341,92.140548,0,2179.0,33.93306967756726
25.502531,91.274616,0,1408.0,21.71973034111031
28.161086,93.175493,0,1558.0,37.09326802170885
28.229228,95.5314,0,678.0,25.156319133694215
26.960692,92.742097,0,238.0,1.6876048941769748
26.42772,90.945475,0,47.0,3.1996013002506887
26.796819,93.479377,0,82.0,7.062044068464845
28.627326,94.016347,0,2166.0,28.41308537579142
28.147415,92.959694,0,4073.0,25.006387956247202
27.557238,93.892811,0,2183.0,7.210668433030249
27.897734,95.136186,0,352.0,17.576967469876386
24.443038,94.016761,0,795.0,1.7210061534334908
26.279666,93.550057,0,854.0,23.56148608281846
24.360061,92.350738,0,73.0,10.181894327886758
28.239959,94.53384,0,2104.0,26.35521852641146
28.545104,96.02373,0,3303.0,66.53114981539738
27.209196,88.230893,0,1488.0,26.72343767680287
28.960628,95.31999,0,4048.0,32.35640884426763
26.137357,92.571778,0,58.0,1.7210061534334908
26.375732,92.137523,0,55.0,2.1342998941463125
27.911606,93.07054,0,1783.0,28.1492673515536
26.120994,93.333251,0,389.0,10.804948168004897
28.085288,93.616457,0,777.0,3.9454763934793324
26.588553,93.785308,0,93.0,2.052775101535614
27.36675,94.893418,0,104.0,2.7199233149201807
28.06427,95.284095,0,312.0,7.454009592341948
28.666107,96.00849,0,1529.0,27.21717288420044
24.619643,93.188796,0,312.0,24.75752120048139
29.357231,95.942206,0,4714.0,40.53479707962874
24.427999,92.970676,0,405.0,13.16632060042364
25.328251,91.500937,0,1488.0,16.079829787323334
25.336563,92.172162,0,919.0,30.00258415231565
27.281158,96.011293,0,275.0,13.828493153203073
25.498062,90.361413,0,1084.0,20.556045219583464
27.46301,96.670394,0,796.0,7.8962247464795094
28.947105,94.791572,0,1046.0,30.10947197259782
26.164297,94.139843,0,305.0,4.289153328819018
28.857383,96.378442,0,3884.0,35.35790224961882
25.44975,90.462256,0,760.0,25.990057882346726
25.890339,90.809492,0,194.0,15.649096780194936
26.385792,90.240055,0,44.0,0.4774537773095774
23.5707,91.904755,0,105.0,5.749849383709693
24.229798,93.800287,0,947.0,11.204175805954707
25.48466,92.35681,0,1243.0,12.946519289312022
26.586914,91.485936,0,70.0,2.7818863802117484
25.647043,94.340677,0,2140.0,9.697272655464083
26.895387,93.097621,0,130.0,0.7548944975654582
26.95183,95.395475,0,582.0,7.363740476577823
29.04606,96.061,0,3570.0,49.323379706006236
26.957209,94.637742,0,94.0,1.0675202709770988
28.069769,96.455445,0,1518.0,48.558264591719755
27.465057,94.9778,0,112.0,2.160788974078258
26.144755,92.337213,0,58.0,0.4774537773095774
29.074026,94.396465,0,3562.0,41.4729343089405
27.668999,93.963893,0,1211.0,22.441886093428515
27.660755,95.914136,0,155.0,5.479268333625944
25.157574,92.965099,0,991.0,20.27199493695197
23.884542,92.224755,0,123.0,1.3502244696996157
25.325215,90.347875,0,109.0,8.38679794033457
27.747635,96.613009,0,1680.0,43.35401819090744
25.502972,90.063963,0,89.0,22.161640040415353
25.815281,90.425001,0,106.0,13.154219364771198
28.160387,93.069045,0,3600.0,29.561355069386384
27.875979,94.757017,0,808.0,27.35577217713937
27.793321,96.685985,0,2755.0,28.46421224394294
26.249123,94.454081,0,842.0,11.179986107668157
25.645723,94.707945,0,1054.0,32.58449605532039
25.129626,92.395271,0,260.0,13.994979876087653
26.376112,93.490986,0,344.0,18.351447785210315
26.701023,89.991601,0,141.0,6.18293016594826
25.391063,91.114229,0,698.0,20.912284186111254
27.151337,94.486498,0,91.0,2.263636058426967
25.021928,92.561718,0,419.0,16.168741484530738
25.757585,92.779348,0,130.0,3.843668167321381
25.778815,92.95537,0,104.0,1.4320961841646465
24.78253,92.387175,0,19.0,1.5095270002735288
26.257557,93.096527,0,97.0,2.7199233149201807
27.981736,93.74129,0,498.0,3.7692440164074177
25.970961,92.512033,0,327.0,36.22912067045694
28.654966,95.87118,0,1261.0,21.80569647219029
23.424309,93.153389,0,947.0,25.623277607780846
28.343359,94.478004,0,1934.0,39.868842688629975
27.41713,92.117662,0,2238.0,15.332459668819096
25.626579,90.33426,0,632.0,8.47871314708616
25.852083,91.999156,0,819.0,9.473928575668808
28.054417,97.076422,0,2732.0,11.12656454768529
25.891423,93.512721,0,208.0,13.154219364771198
24.811724,94.062552,0,885.0,10.482881655565379
25.953127,94.720937,0,1896.0,23.469225732252692
23.90482,92.033279,0,98.0,1.6876048941769748
27.617939,96.604207,0,2711.0,44.73141425474818
24.968886,94.516026,0,1206.0,15.99993592924168
28.195025,93.994255,0,1760.0,48.82489240195081
26.790762,93.457916,0,68.0,2.9018215173024653
25.270463,90.033673,0,68.0,3.3214321859461395
25.335998,93.4938,0,916.0,20.307500221928045
22.494521,92.672392,0,609.0,30.025823372710825
27.228998,95.75286,0,595.0,19.026908838399848
26.096433,90.826832,0,39.0,0.0
28.101134,96.381448,0,2980.0,31.53051890853511
26.614576,94.550218,0,373.0,18.71421868208481
23.759361,92.95206,0,1036.0,29.326154750802658
27.217694,93.566993,0,879.0,37.358895117583934
27.866678,88.46216,0,4714.0,26.775370969179605
26.280671,92.728573,0,63.0,2.4563945664087456
27.39551,92.082972,0,2524.0,41.987823114720015
25.848636,91.836464,0,633.0,10.024987862075742
26.49148,93.730894,0,154.0,4.5823147648922165
23.487168,92.661655,0,426.0,42.38312765927275
24.040847,92.483537,0,401.0,21.119849260205303
23.2135,92.621915,0,381.0,4.972358392400693
25.338358,90.737391,0,607.0,20.179286215728823
23.844429,92.103147,0,177.0,7.264626465193748
23.900852,91.790121,0,155.0,10.555380466061171
25.5386,93.121118,0,247.0,8.049466975528398
26.324371,93.285973,0,304.0,1.7210061534334908
29.102225,94.420089,0,2573.0,30.17480904438851
27.89953,88.423202,0,4719.0,4.972358392400693
26.458114,93.828205,0,106.0,0.9548412538721887
24.888327,94.015154,0,785.0,2.698950908923438
24.347736,92.542224,0,36.0,2.160788974078258
23.610968,93.337873,0,1636.0,28.994445658830436
27.640588,95.171449,0,107.0,0.0
24.164273,91.936462,0,110.0,3.016961309815993
27.739693,96.610102,0,1838.0,34.195563919315006
25.34046,90.546794,0,187.0,2.9018215173024653
25.120876,94.613198,0,2205.0,30.09406096139528
23.936677,93.087571,0,815.0,12.021504376221527
28.11538,97.170783,0,4379.0,36.724085806570734
25.325903,90.251092,0,159.0,12.814236200163856
28.267284,93.077649,0,4107.0,37.10079959128581
27.462218,94.330494,0,99.0,1.391763426244203
23.621739,92.672589,0,260.0,43.37238901526399
24.833358,94.221464,0,1199.0,17.180394194416053
25.543899,90.706156,0,300.0,3.8436681673213813
23.802195,92.727014,0,1112.0,38.57237579911111
26.702108,90.231397,0,136.0,2.1342998941463125
28.894592,94.126786,0,3921.0,17.87903663354801
28.110356,96.53959,0,593.0,21.665757838123444
26.629899,90.070738,0,100.0,0.7548944975654582
27.974181,95.580908,0,145.0,1.8175220187198482
27.440278,94.549531,0,97.0,1.2171181316034883
22.567756,92.858735,0,677.0,24.863891037796268
27.280942,95.004183,0,108.0,1.0675202709770988
23.151316,92.640027,0,174.0,4.0586642321882005
25.765319,92.832488,0,107.0,1.0675202709770988
25.628307,90.083971,0,253.0,11.727024027980926
26.058403,90.472834,0,47.0,3.7692440164074177
28.12112,95.698667,0,188.0,2.6350263783644494
26.538419,93.710374,0,173.0,15.483414558201002
25.242614,91.843138,0,1025.0,15.874325631883014
23.171119,93.296898,0,1364.0,7.973233172986173
24.596626,92.573348,0,24.0,1.0675202709770988
28.125263,93.959167,0,2009.0,38.13247816190013
26.014367,90.069973,0,29.0,1.7210061534334908
23.562503,91.672814,0,49.0,15.483414558201002
26.571338,94.542816,0,792.0,23.0611356160509
27.879974,96.550544,0,989.0,45.11541812409713
27.260835,95.29513,0,123.0,1.012750369636371
27.770055,93.94159,0,750.0,15.169456901734499
27.955377,88.38187,0,5196.0,11.199342477461606
26.677327,93.078728,0,71.0,2.7199233149201807
24.076045,91.896213,0,180.0,12.485117908823954
26.417507,90.158952,0,56.0,1.0675202709770988
28.374609,93.752087,0,2612.0,18.56594995591795
27.668954,93.887552,0,1298.0,19.809928581927807
25.894819,93.824851,0,147.0,0.7548944975654582
28.323172,93.714751,0,2424.0,23.538471130687597
28.127285,95.299838,0,187.0,22.509633432668398
27.938091,96.701944,0,1134.0,21.568129435647887
27.787506,93.857877,0,546.0,26.47888107199723
25.195217,93.290321,0,857.0,17.562691357484656
27.751825,92.978102,0,1768.0,34.8358170000044
28.808734,94.217624,0,2769.0,43.91040505479502
25.398316,90.525954,0,360.0,13.085403969626222
25.920986,93.297153,0,194.0,5.5507182121273235
28.100067,96.258636,0,1338.0,29.562681922695614
27.690348,92.067366,0,4652.0,18.15834260803502
22.456104,93.010036,0,950.0,23.92340109573501
28.093071,95.967171,0,600.0,24.983602550302642
26.317236,94.589334,0,761.0,17.605475947467195
29.098874,94.34082,0,4002.0,38.77161802681372
27.885288,94.849261,0,586.0,29.20050840501195
26.784301,94.537906,0,105.0,3.109633021988153
25.566405,91.265713,0,1444.0,10.48288165556538
23.087457,91.565927,0,79.0,10.678414922779545
28.789695,95.320095,0,3335.0,35.13728570708208
26.316858,91.513449,0,48.0,0.9548412538721887
25.669656,90.100585,0,184.0,1.391763426244203
27.911445,96.685332,0,2743.0,19.211346516583987
28.343019,93.474981,0,2774.0,9.719867702432296
25.796741,92.113413,0,813.0,22.243118000960607
27.836256,96.906292,0,2149.0,29.205932247399417
23.083952,92.384987,0,53.0,2.698950908923438
23.906888,91.511062,0,127.0,13.073217111846773
26.134681,92.837991,0,82.0,5.427642598914455
25.263879,91.032696,0,308.0,11.657887631052056
23.244318,92.89681,0,581.0,17.062425420209564
28.956854,94.33376,0,3465.0,33.928998185593265
28.864778,96.19312,0,4052.0,33.89536963300801
28.777878,95.761139,0,3037.0,37.587737133029265
27.621534,95.383279,0,118.0,1.391763426244203
24.628016,94.008575,0,778.0,0.7548944975654582
23.704896,93.102244,0,1185.0,31.82471298548675
28.206847,93.814181,0,2122.0,28.899422426198566
26.208037,94.574658,0,1078.0,27.440486866129568
25.831556,92.072818,0,980.0,28.308922690040603
27.30951,96.96617,0,2325.0,46.474915062103825
28.87203,94.443614,0,3052.0,9.566235322594842
