sl_no,latitude,longitude,elevation_m,slope_degrees
1,24.27,92.5,41.0,10.555380466061173
2,24.31,92.56,46.0,2.698950908923438
3,24.32,92.51,81.0,8.47871314708616
4,24.43,92.55,38.0,4.044691235386269
5,24.44,92.5,201.0,25.8493248967401
6,24.44,92.56,36.0,0.9548412538721887
7,24.46,92.52,104.0,3.931095784160226
8,24.478972,92.682861,65.0,15.922779458176539
9,24.48,92.49,56.0,15.06995574963759
10,24.51,92.64,60.0,8.049466975528398
11,24.51,92.75,144.0,2.1342998941463125
12,24.51,92.9,81.0,14.506372352544124
13,24.51,92.71,34.0,4.857533338413092
14,24.511306,92.693028,45.0,5.128711509483252
15,24.515944,92.540889,57.0,14.592550602033427
16,24.52,92.53,68.0,5.385977098599754
17,24.53,92.63,33.0,4.763641690726178
18,24.53,92.84,31.0,1.3502244696996157
19,24.53,92.84,31.0,1.3502244696996157
20,24.54,92.63,49.0,2.1342998941463125
21,24.55,92.74,56.0,6.091478002079769
22,24.55,92.75,49.0,2.698950908923438
23,24.55,92.75,49.0,2.698950908923438
24,24.56,92.94,43.0,7.653048720543413
26,24.62,92.83,35.0,4.857533338413092
27,24.62,92.84,39.0,7.2338446967252255
28,24.63,92.74,71.0,9.321835749415003
29,24.64,92.98,34.0,2.1342998941463125
30,24.645417,93.005361,359.0,30.82665955230447
31,24.659389,92.497361,33.0,4.763641690726178
32,24.70364,92.64681,48.0,12.225122675735754
34,24.70656,92.65008,49.0,3.016961309815993
35,24.710833,92.481167,48.0,17.29444852858009
36,24.72192,92.90381,39.0,10.555380466061171
37,24.73117,92.64739,39.0,11.499465999742787
38,24.78002778,92.45372222,44.0,15.06995574963759
39,24.78380556,92.45563889,33.0,14.763132623631552
40,24.79489,92.55506,45.0,8.735690934280582
43,24.92097,93.07306,61.0,14.763132623631552
44,24.93,92.84,51.0,5.128711509483252
45,24.95,92.73,63.0,1.9091524329963763
46,24.95,92.8,37.0,6.91817481667161
47,24.96,92.92,40.0,4.763641690726177
48,24.96,92.7,42.0,4.857533338413092
49,24.96,92.7,42.0,4.857533338413092
50,24.96,92.95,140.0,13.421509132977462
51,24.96,92.66,39.0,10.999158271052183
52,24.96,92.66,39.0,10.999158271052183
53,24.96,92.98,60.0,29.927479327463576
54,24.97,92.76,24.0,3.931095784160226
55,24.97,92.72,57.0,4.763641690726178
56,24.97,92.72,57.0,4.763641690726178
57,24.97,92.72,57.0,4.763641690726178
58,24.97228,93.03289,157.0,2.1342998941463125
59,24.97692,93.033,184.0,18.370345512861498
61,24.98,92.75,32.0,5.710593137499643
62,24.98,92.96,166.0,27.226347381898258
63,24.98,92.72,37.0,1.3502244696996157
64,24.99,92.6,84.0,0.0
65,24.99,92.45,18.0,0.9548412538721887
66,24.99,92.75,152.0,21.954998832237578
67,24.993,93.161583,189.0,20.155422119735228
68,24.99561,93.16261,203.0,29.195082782485805
69,25.0,92.43,22.0,7.594643368591445
70,25.003,93.164,211.0,19.47122063449069
72,25.01,92.75,40.0,1.9091524329963763
73,25.01,92.75,40.0,1.9091524329963763
74,25.01,92.75,40.0,1.9091524329963763
75,25.01,92.73,100.0,27.017123217850244
79,25.02,92.52,83.0,2.1342998941463125
80,25.02,92.52,83.0,2.1342998941463125
87,25.037203,92.450339,211.0,42.850890051218336
93,25.04783,92.78931,95.0,29.85463927845754
101,25.061375,92.795906,271.0,24.862123938667224
103,25.061847,92.79345,354.0,52.756999244167076
104,25.063378,92.795536,283.0,15.503408837548553
106,25.07,93.29,335.0,9.462322208025618
107,25.072636,92.794514,469.0,37.53490600791178
109,25.078935,92.95379,1081.0,23.397741000263863
110,25.088389,92.958944,965.0,22.140679470491683
111,25.1,93.28,909.0,11.904688112848122
112,25.1,93.28,909.0,11.904688112848122
113,25.1,93.28,909.0,11.904688112848122
114,25.10275,92.986944,612.0,29.020515817031367
115,25.10292,92.986883,603.0,22.290970374758974
117,25.106,93.001,677.0,36.59594159662962
118,25.106956,92.991363,576.0,20.80971857959822
119,25.107,93.002,604.0,24.634322367669885
121,25.108,93.003,538.0,13.134022306396323
123,25.108806,92.975139,367.0,18.174763056324142
126,25.11286,92.87756,230.0,22.07341542334565
128,25.118,93.014,621.0,15.042369244334246
129,25.119,93.017,724.0,20.07880037349212
130,25.119,93.018,750.0,21.954998832237578
131,25.12,93.02,750.0,24.38870074689113
132,25.121,92.915028,306.0,18.370345512861498
136,25.123,93.033,665.0,46.22672695924065
137,25.124306,92.904278,283.0,21.33126583595921
138,25.124583,92.989111,526.0,20.212632236452095
139,25.12906,92.97418,720.0,29.506862217331054
140,25.13,93.27,547.0,28.037600489728426
141,25.13,93.29,989.0,33.723089453168576
143,25.134472,93.018972,757.0,11.795709540896548
144,25.135,93.04,622.0,13.640311227766057
151,25.139,93.025,610.0,12.772578169490426
152,25.139,93.025,610.0,12.772578169490426
154,25.139611,93.019556,741.0,18.96231828867539
155,25.14,93.31,1060.0,24.475819581509896
156,25.14,93.3,1188.0,25.03089023333195
157,25.140417,93.020389,732.0,28.002640063185417
160,25.145,93.158,1294.0,17.752790161946685
161,25.14525,93.029167,542.0,27.5172599283964
162,25.145861,93.024194,704.0,17.571258778322424
163,25.146306,93.942167,1287.0,14.763132623631552
164,25.146778,93.030972,483.0,22.22435314380804
165,25.148722,93.031917,451.0,29.833768779920437
166,25.15,93.37,975.0,34.543363929709116
167,25.150694,93.025833,672.0,15.81919394750014
168,25.155,93.067,515.0,21.31357434104547
169,25.155,93.067,515.0,21.31357434104547
170,25.155,93.073,600.0,7.6530487205434135
171,25.155611,93.022222,617.0,17.752790161946685
172,25.155722,93.022778,613.0,27.32389130134654
173,25.156,93.018,599.0,16.527811501531776
174,25.156389,93.018389,614.0,17.775317038209
175,25.156583,93.019611,624.0,23.428692808745403
176,25.156694,93.017667,616.0,31.051293565952417
179,25.157139,93.017194,651.0,34.730518200788445
180,25.157361,93.016083,641.0,27.791305644779218
181,25.159333,93.017,685.0,7.2338446967252255
182,25.163444,93.023167,557.0,18.96231828867539
183,25.164,93.040194,450.0,17.93200256558677
184,25.165639,93.025444,516.0,13.03657849691309
185,25.169,93.155,960.0,12.53638838286113
186,25.169,93.156,956.0,7.416536974278209
187,25.17,93.36,1165.0,52.732601307509306
188,25.17,93.29,705.0,34.730518200788445
189,25.171889,93.003944,741.0,11.976725812374069
190,25.175056,93.020417,574.0,24.22774531795417
191,25.175972,93.020167,590.0,27.078936947526696
192,25.176389,93.116139,564.0,15.36952380130432
193,25.176917,93.026556,452.0,25.197913740371355
194,25.177028,93.020889,571.0,8.735690934280582
195,25.1775,93.026222,484.0,15.922779458176539
196,25.179861,93.070778,512.0,4.763641690726178
197,25.18,93.33,868.0,23.930893411419156
198,25.18,93.3,880.0,28.485468456722128
199,25.18,93.3,880.0,28.485468456722128
200,25.18,93.3,880.0,28.485468456722128
201,25.184528,93.125639,630.0,15.36952380130432
203,25.18725,93.120556,650.0,11.348119585994185
205,25.188444,93.019667,522.0,27.17735741799749
206,25.189,93.192,802.0,12.04828213833979
207,25.189,93.226,1462.0,21.31357434104547
208,25.189556,93.096417,535.0,24.591248866909307
209,25.19,93.191,800.0,10.759583898850556
210,25.19,93.3,731.0,30.297100641022165
211,25.19,93.3,731.0,30.297100641022165
212,25.19,93.3,731.0,30.297100641022165
214,25.193083,93.120417,657.0,11.795709540896548
215,25.196694,93.018583,453.0,23.021526638116164
216,25.199722,93.016722,418.0,28.084099366691156
217,25.2,93.25,1193.0,20.155422119735228
218,25.2,93.25,1193.0,20.155422119735228
220,25.204,93.059,574.0,12.638224684699054
221,25.204556,93.138889,602.0,17.03574212804197
222,25.205,93.059,575.0,11.499465999742787
223,25.205,93.008,386.0,14.621143938770764
224,25.205528,93.020139,346.0,17.387333467314576
226,25.207389,93.122778,683.0,15.288517970232027
228,25.21,93.25,1210.0,20.097992628721148
229,25.21,93.31,870.0,22.40687120493745
230,25.21,93.31,870.0,22.40687120493745
231,25.214944,93.021611,618.0,20.699546585586496
232,25.216881,92.982245,666.0,6.853224835121291
233,25.216944,93.011361,484.0,36.16893488396254
234,25.2185,93.013111,494.0,32.10351627298505
235,25.22,93.29,884.0,1.9091524329963763
236,25.22,93.29,884.0,1.9091524329963763
237,25.22,93.34,1295.0,19.47122063449069
238,25.22,93.34,1295.0,19.47122063449069
239,25.22,93.35,1173.0,28.855167513744334
240,25.22,93.32,974.0,12.638224684699054
241,25.22,93.29,884.0,1.9091524329963763
242,25.224278,93.222861,619.0,10.430760195064721
243,25.229556,93.1556,466.0,18.305448954250746
244,25.23,93.34,1303.0,25.809367457705076
245,25.23,93.29,949.0,21.135527342306382
246,25.238045,92.801279,1272.0,5.710593137499643
247,25.24,93.28,959.0,15.845167180271268
248,25.24,93.27,1086.0,20.991582376941242
249,25.24,93.27,1086.0,20.991582376941242
251,25.257696,92.809603,1174.0,13.421509132977462
252,25.263528,93.390611,837.0,27.613098503754813
253,25.264056,93.409528,861.0,28.25731168850377
254,25.278472,93.252972,860.0,23.021526638116164
255,25.278917,93.253194,880.0,28.002640063185417
256,25.282861,93.296111,754.0,31.809663934881115
257,25.290089,92.799175,1084.0,10.759583898850556
258,25.308028,93.471028,1594.0,25.34952033151192
259,25.309111,93.470694,1597.0,16.723558006484023
260,25.320232,92.818091,1019.0,7.825525624597575
261,25.323731,92.80751,1061.0,4.044691235386269
262,25.328139,93.334056,553.0,13.326469949385988
263,25.332083,93.334639,549.0,24.904481044556743
264,25.336054,92.82053,1018.0,7.2338446967252255
265,25.362583,93.257722,389.0,15.042369244334244
266,25.369972,93.260306,371.0,21.260377126997213
267,25.387,93.12,319.0,18.96231828867539
268,25.394111,93.410417,509.0,21.954998832237578
269,25.395431,92.990267,399.0,20.699546585586496
270,25.398083,93.297528,354.0,13.16632060042364
271,25.402333,93.407583,497.0,18.434948822922014
272,25.402472,93.390444,462.0,30.297100641022165
273,25.4025,93.392194,454.0,21.80140948635181
276,25.405,93.372194,434.0,9.321835749415003
277,25.40837,92.82826,895.0,21.869859308909426
278,25.408497,93.283436,288.0,11.038532615965034
279,25.410611,93.284,283.0,15.042369244334244
280,25.416056,93.284222,276.0,18.174763056324142
281,25.41616,92.778653,962.0,7.2338446967252255
282,25.417333,93.129083,387.0,3.016961309815993
283,25.417528,93.372528,406.0,12.225122675735754
284,25.42,93.002,277.0,2.862405226111748
285,25.420278,93.371306,406.0,8.735690934280582
286,25.420806,93.371056,393.0,12.260147486012336
287,25.421333,93.370361,391.0,4.857533338413092
288,25.422535,92.989119,210.0,7.825525624597575
289,25.423438,92.985022,256.0,20.846265656650555
290,25.423806,93.369722,396.0,10.176527410054078
291,25.423861,93.369417,399.0,14.959246786437891
292,25.424,93.0,243.0,22.373844274024943
293,25.4255,93.363944,384.0,12.260147486012336
294,25.425611,93.364444,391.0,12.772578169490426
295,25.428597,93.312597,370.0,7.2338446967252255
296,25.433903,93.328944,423.0,17.66231893216494
297,25.434031,92.885056,632.0,10.759583898850556
298,25.435639,93.405944,409.0,13.262676008304846
299,25.435917,93.455944,468.0,13.262676008304846
300,25.4365,93.402333,376.0,13.069151942759
301,25.436528,93.4065,390.0,17.5484006137923
302,25.436639,93.405917,388.0,17.775317038209
303,25.436694,93.402944,372.0,7.416536974278209
304,25.436861,93.404583,385.0,18.64821573021375
305,25.436972,93.454111,472.0,15.845167180271268
306,25.437111,93.403639,374.0,5.788832299437198
307,25.4375,93.404444,376.0,2.862405226111748
308,25.437722,93.349889,393.0,7.825525624597575
309,25.438694,93.362583,373.0,14.959246786437891
310,25.438723,92.912025,561.0,21.419418908984124
311,25.439372,93.354197,397.0,12.772578169490426
312,25.441734,92.892033,618.0,9.462322208025618
313,25.441757,92.907383,574.0,15.288517970232027
314,25.443082,92.989873,300.0,13.069151942759
315,25.443417,93.421444,416.0,15.99993592924168
316,25.443639,93.431444,451.0,4.262693045214654
317,25.443861,93.426222,429.0,24.22774531795417
318,25.443972,93.422778,410.0,27.238572082130066
319,25.444028,93.4265,418.0,19.689673297252913
320,25.444167,93.425528,416.0,26.126317264569018
321,25.444194,93.424694,414.0,27.33604368814356
322,25.444306,93.423944,400.0,13.262676008304846
323,25.446056,93.408583,401.0,19.787913812706314
324,25.447528,93.364417,387.0,33.66525729241905
325,25.449056,93.370861,427.0,18.96231828867539
326,25.452278,93.394333,420.0,5.788832299437198
327,25.453167,93.394667,414.0,12.260147486012336
328,25.453528,93.371194,440.0,19.370844026969944
329,25.453611,93.371389,440.0,22.636129876883253
330,25.454083,93.375972,415.0,15.503408837548553
331,25.455333,93.374472,424.0,17.03574212804197
332,25.462361,93.384306,425.0,21.31357434104547
333,25.50669,93.10536,210.0,0.9548412538721887
334,25.513567,92.784825,323.0,11.348119585994183
335,25.51402,92.765435,486.0,11.038532615965034
336,25.569,92.71653,595.0,25.915703593185818
337,25.57994,92.72822,446.0,16.723558006484023
338,25.61092,93.09178,238.0,0.9548412538721887
339,25.64897,93.12083,346.0,23.628423517864427
340,25.65167,93.12083,357.0,14.592550602033427
341,25.65792,93.11811,357.0,8.735690934280582
342,25.65839,93.11808,353.0,11.499465999742787
343,25.67153,93.11522,332.0,13.421509132977462
344,25.72486,93.131083,160.0,19.787913812706314
345,25.72561,93.13075,160.0,18.370345512861498
346,25.75933,92.52258,713.0,13.326469949385988
347,25.79,91.24,781.0,3.4389123953782974
348,25.79939,92.52653,622.0,15.99993592924168
349,25.809417,92.474833,724.0,37.038767555809535
350,25.81044,93.58616,200.0,3.4389123953782974
351,25.81175,92.55003,510.0,24.74862531519583
352,25.812,92.55069,505.0,28.222814437179903
353,25.81236,92.55156,493.0,16.69924423399362
354,25.81428,92.55422,484.0,18.87922133905067
355,25.81542,92.5535,470.0,12.260147486012336
356,25.81678,92.71878,205.0,10.046788047511114
357,25.81689,92.71744,214.0,16.796238729882134
358,25.81756,93.10886,223.0,9.462322208025618
359,25.81806,92.74872,245.0,21.971970836813973
360,25.82108,92.544,457.0,7.6530487205434135
361,25.822458,92.546381,481.0,12.04828213833979
362,25.82522,93.4243,190.0,7.6530487205434135
363,25.82528,92.54775,465.0,11.499465999742787
364,25.82769,92.55658,466.0,15.06995574963759
365,25.83128,93.45257,196.0,30.588958163975438
366,25.84,91.35,79.0,17.594079543115168
367,25.84152,93.45138,196.0,17.5484006137923
368,25.84267,93.45244,190.0,15.288517970232027
369,25.84444,93.45331,200.0,15.179705807856672
370,25.84494,92.61514,322.0,8.984876931685683
371,25.84512,93.56682,260.0,8.530765609948133
372,25.84516,93.68408,185.0,7.416536974278209
373,25.84541,93.68312,177.0,11.038532615965034
374,25.8465,93.687,172.0,15.36952380130432
375,25.84782,93.70174,158.0,9.870926939134982
376,25.84875,92.68328,477.0,27.5172599283964
377,25.84967,92.69042,461.0,20.07880037349212
378,25.84992,92.69072,459.0,21.835672195716146
379,25.85072,93.56682,250.0,9.508656426564368
380,25.8515,92.69203,464.0,20.80971857959822
381,25.85167,92.58089,465.0,23.765245108071557
382,25.85189,93.56633,249.0,4.262693045214654
383,25.85487,93.56583,246.0,18.520635899770767
384,25.85498,93.56638,249.0,24.359555875506427
385,25.85544,92.57369,443.0,8.935631425418535
386,25.85992,92.72558,147.0,21.83567219571615
387,25.864186,92.571047,508.0,23.567234622032583
388,25.86958,92.59411,445.0,18.96231828867539
389,25.88494,93.45792,194.0,1.9091524329963763
390,25.88692,92.61347,440.0,17.842681707487124
391,25.90653,92.65819,273.0,18.77467605427877
392,25.90692,92.64714,321.0,17.083143246452856
393,25.91,91.4,60.0,1.3502244696996157
395,25.946611,92.305361,572.0,15.793169048263966
396,25.95,91.28,68.0,4.763641690726178
397,25.95381,92.60444,309.0,21.971970836813973
398,25.95386,92.60367,308.0,21.971970836813973
400,25.95931,92.51753,102.0,28.084099366691156
401,25.96094,92.60122,138.0,17.775317038209
402,25.961444,92.341333,555.0,6.091478002079769
405,25.965731,92.59267,115.0,18.305448954250746
406,25.96667,92.356917,670.0,12.364552990274646
407,25.968083,92.3575,646.0,28.257311688503773
408,25.977194,92.354778,572.0,15.179705807856672
409,25.98219,92.51892,100.0,16.72355800648402
411,26.006,90.595,53.0,1.9091524329963763
412,26.012,92.264167,384.0,30.378128880975513
413,26.013528,92.266083,358.0,23.069045509039658
414,26.016389,92.48225,240.0,26.577778623734844
415,26.022833,92.274028,283.0,20.097992628721148
416,26.024167,92.475,222.0,20.07880037349212
417,26.030972,92.474139,231.0,11.038532615965034
418,26.031528,92.472778,259.0,23.490416068641593
419,26.031583,92.47375,264.0,23.628423517864427
420,26.03275,92.271861,168.0,27.360321545332805
421,26.033556,92.468056,280.0,23.195068590140778
422,26.035278,92.470861,271.0,20.973493421320807
423,26.036583,92.273056,201.0,14.763132623631552
424,26.039194,92.4595,314.0,25.14243049054343
425,26.039361,92.273806,155.0,16.253917058152773
426,26.0405,92.0355,235.0,5.5507182121273235
427,26.042139,92.27525,145.0,24.242444512172106
428,26.043267,92.055531,247.0,14.15548761586253
429,26.043583,92.440528,444.0,34.417388710441564
430,26.043583,92.452222,343.0,17.29444852858009
431,26.043611,92.440944,445.0,30.347789794448904
432,26.043722,92.441472,443.0,26.360054096082706
433,26.045472,92.457417,364.0,12.364552990274646
434,26.045806,92.450778,419.0,28.553305000609424
435,26.048611,92.432194,438.0,15.36952380130432
436,26.050286,91.880072,73.0,11.461836902818336
437,26.056083,93.406528,220.0,25.197913740371355
438,26.058972,93.406972,335.0,10.430760195064721
439,26.061,90.605,64.0,14.931417178137552
440,26.061861,92.147889,110.0,22.373844274024943
441,26.0641,91.889136,79.0,20.097992628721148
442,26.065167,92.150639,102.0,22.61986494804043
443,26.071556,91.734028,304.0,16.72355800648402
444,26.077653,91.982292,190.0,18.262020066776483
445,26.077806,92.170389,79.0,8.049466975528398
446,26.077844,92.035022,217.0,8.735690934280582
447,26.080139,92.032667,199.0,3.016961309815993
448,26.083972,92.14525,76.0,13.915808695897175
449,26.094578,92.135144,85.0,15.042369244334246
450,26.096722,92.43875,346.0,26.20460176321736
451,26.097986,91.980589,92.0,23.3822424378352
452,26.098167,91.881278,83.0,4.857533338413092
453,26.098222,92.439389,344.0,24.359555875506427
455,26.101333,92.440556,331.0,10.046788047511114
456,26.10175,92.040222,82.0,16.051123667414398
457,26.102167,92.440472,314.0,14.036243467926479
458,26.102333,92.4415,313.0,16.69924423399362
459,26.102667,92.441639,302.0,21.260377126997216
460,26.102944,91.862111,151.0,25.88918455713453
461,26.103028,92.440889,310.0,14.273571375658685
462,26.105667,92.441,275.0,24.634322367669885
463,26.105806,91.62275,64.0,18.87922133905067
465,26.10725,92.44,256.0,22.090258704050036
466,26.107667,92.44003,243.0,13.824682316158707
467,26.108417,92.440222,247.0,15.06995574963759
468,26.109222,91.939,75.0,21.47206914335925
469,26.11,94.76,1005.0,23.428692808745403
470,26.110056,91.908944,101.0,11.904688112848122
471,26.110139,92.439333,228.0,24.094842552110705
473,26.112083,92.091028,71.0,11.461836902818336
474,26.112667,91.853889,188.0,25.8493248967401
475,26.113639,92.441222,203.0,15.609525869125669
476,26.115139,91.837833,144.0,7.6530487205434135
477,26.116972,92.440083,173.0,16.428860704621638
478,26.117111,92.441028,184.0,21.938008256074177
479,26.117417,92.438667,162.0,3.4389123953782974
480,26.118167,92.440944,180.0,20.097992628721148
481,26.119417,92.439972,162.0,21.260377126997213
482,26.121056,91.716389,65.0,7.6530487205434135
483,26.129583,91.938306,98.0,13.824682316158707
484,26.13222,91.83972,78.0,4.857533338413092
485,26.13442,91.7501,92.0,10.555380466061173
486,26.13611,91.74056,86.0,26.360054096082706
487,26.149444,91.748,136.0,24.461332518771652
488,26.1505375,91.72798139,76.0,17.387333467314576
489,26.153556,92.038694,87.0,14.036243467926479
490,26.15428,91.79264,78.0,7.653048720543413
491,26.15461,91.80086,79.0,7.2338446967252255
492,26.15478,91.77411,105.0,12.364552990274646
493,26.155,91.798167,86.0,14.036243467926479
494,26.158639,91.921889,119.0,3.016961309815993
495,26.159139,91.915583,101.0,16.796238729882134
496,26.159333,91.917611,106.0,10.759583898850556
497,26.1625,91.71444,71.0,13.262676008304846
498,26.166583,91.714806,128.0,24.932657538079724
499,26.171972,92.002611,80.0,6.0172848640320336
500,26.172917,92.762778,105.0,18.64821573021375
501,26.1755,91.76175,62.0,6.654425046006596
502,26.17672,91.78672,85.0,27.372447043216628
503,26.17672,91.76525,87.0,17.5484006137923
504,26.17756,91.76589,96.0,17.29444852858009
505,26.17806,91.76083,61.0,13.16632060042364
506,26.18842,91.85125,96.0,30.103052462896233
507,26.18867,91.76694,111.0,9.73677691573277
508,26.18917,91.80111,80.0,14.302914425322811
509,26.189306,91.787944,70.0,9.508656426564368
510,26.1895,91.787167,70.0,12.225122675735753
511,26.19025,91.806472,84.0,17.571258778322424
512,26.190389,91.809944,94.0,21.86985930890943
513,26.19081,91.84528,67.0,22.423358559286118
514,26.191667,91.803611,84.0,14.535165207979569
515,26.19167,91.79028,91.0,14.763132623631552
516,26.192444,91.764222,101.0,14.066164922222868
517,26.195306,91.765639,85.0,6.853224835121291
518,26.195528,91.780556,165.0,18.94158858012096
519,26.19622,91.76336,90.0,4.857533338413092
520,26.198,90.298,45.0,14.931417178137552
521,26.20261,91.14528,39.0,6.379370208442804
522,26.20536,91.86497,69.0,15.042369244334246
523,26.205583,91.963222,70.0,14.15548761586253
524,26.211111,91.684167,65.0,15.42324502154344
525,26.250333,91.976694,70.0,19.188418756936425
526,26.256139,91.711583,82.0,18.64821573021375
527,26.297306,93.211833,151.0,20.07880037349212
528,26.297778,93.211111,142.0,25.675463214971884
529,26.298389,93.21625,188.0,17.03574212804197
530,26.302944,93.225389,255.0,15.042369244334244
531,26.303333,93.225694,262.0,5.788832299437198
532,26.307972,93.275722,435.0,3.931095784160226
533,26.314847,93.256125,386.0,10.046788047511114
534,26.314964,93.256408,384.0,14.506372352544124
535,26.323083,93.093167,99.0,23.444146119861458
536,26.32685,93.267639,319.0,10.555380466061171
537,26.3287,93.269194,328.0,20.80971857959822
538,26.339833,93.099972,360.0,20.991582376941242
539,26.34075,93.78861,253.0,15.896959679954522
540,26.3466,93.7356,190.0,17.456590925928477
541,26.347417,93.2982,309.0,2.1342998941463125
542,26.3477,93.7399,202.0,30.77741947322608
543,26.3478,93.7417,209.0,37.19921925289739
544,26.34838,93.78208,235.0,8.582483688827132
545,26.34938,93.78091,235.0,11.038532615965034
546,26.35622,93.77941,193.0,17.224372940700082
547,26.3733,90.5499,59.0,14.273571375658685
548,26.37456,91.84561,61.0,4.262693045214654
549,26.3848,90.5943,121.0,47.03134321771491
550,26.394,90.48,56.0,10.555380466061173
551,26.483278,93.181306,169.0,11.499465999742787
552,26.51925,93.47147,158.0,14.273571375658685
553,26.5235,93.28166,108.0,27.432940772267944
554,26.54,94.37,187.0,7.594643368591445
555,26.54,94.37,187.0,7.594643368591445
556,26.54,94.37,187.0,7.594643368591445
557,26.55,94.36,171.0,4.857533338413092
558,26.55,94.36,171.0,4.857533338413092
559,26.55,94.36,171.0,4.857533338413092
560,26.55,94.36,171.0,4.857533338413092
561,26.56,94.36,196.0,8.530765609948133
562,26.56,94.36,196.0,8.530765609948133
563,26.56,94.36,196.0,8.530765609948133
564,26.56,94.36,196.0,8.530765609948133
565,26.56,94.36,196.0,8.530765609948133
566,26.56,94.36,196.0,8.530765609948133
567,26.56111,93.04925,114.0,26.126317264569018
568,26.56252,93.05658,92.0,0.9548412538721887
569,26.57,94.35,183.0,11.461836902818336
570,26.57411,93.09811,89.0,15.06995574963759
572,26.57447,93.66297,197.0,7.2338446967252255
573,26.57455,93.11244,117.0,33.05825736162379
574,26.57455,93.11244,117.0,33.05825736162379
576,26.57708,93.65836,202.0,17.01197993242201
577,26.57719,93.10008,75.0,1.3502244696996157
578,26.58,94.35,217.0,17.083143246452856
579,26.58,94.35,217.0,17.083143246452856
580,26.59011,93.57466,129.0,7.416536974278209
581,26.59041,93.47616,124.0,9.870926939134982
582,26.59416,93.547361,162.0,12.364552990274646
583,26.6,94.34,139.0,2.862405226111748
584,26.6,94.35,185.0,9.73677691573277
585,26.6,94.35,185.0,9.73677691573277
586,26.6,94.35,185.0,9.73677691573277
587,26.60275,93.48408,114.0,3.016961309815993
588,26.60358,93.481,106.0,15.609525869125669
589,26.88969,92.12266,261.0,47.2228541808757
590,26.89074,92.12068,228.0,42.850890051218336
591,26.9174,92.77163,110.0,5.128711509483252
592,26.92013,92.75994,128.0,3.8140748342903543
593,26.92088,92.75933,140.0,11.348119585994185
594,26.92216,92.7678,139.0,11.386165083355712
595,26.9231,92.76755,154.0,13.515781057664528
596,26.92666,92.73966,156.0,23.3822424378352
597,26.93362,92.70757,137.0,9.508656426564368
598,26.93438,92.729,154.0,8.935631425418535
599,26.9358,92.70369,125.0,3.931095784160226
600,26.93586,92.70441,143.0,17.93200256558677
601,26.93597,92.70455,143.0,17.93200256558677
602,26.93641,92.70308,130.0,5.5507182121273235
603,26.93819,92.70402,133.0,9.73677691573277
604,26.93855,92.70336,136.0,8.735690934280582
605,26.94755,93.257521,125.0,14.959246786437891
606,26.9498,93.45291,182.0,31.660751096636602
607,26.95052,93.45136,177.0,10.046788047511114
608,26.95266,93.44166,154.0,15.042369244334246
609,26.9693,92.634,140.0,10.21937711459359
610,26.97013,92.63363,140.0,14.302914425322811
611,26.97041,92.63436,130.0,3.016961309815993
612,26.972889,92.632833,134.0,6.379370208442804
613,25.15398187,93.02361022,611.0,19.689673297252913
614,26.11464,91.83886,175.0,17.775317038209
615,26.19044,91.77502,109.0,10.555380466061173
616,24.57257,92.70357,65.0,9.73677691573277
617,24.57235,92.70536,66.0,10.046788047511114
618,24.58585,92.70274,53.0,10.430760195064721
619,24.96756,92.74392,34.0,14.273571375658685
620,24.95794,92.73201,43.0,8.47871314708616
621,24.95054,92.731458,46.0,16.601549599020238
622,24.94756,92.73097,61.0,20.80971857959822
623,25.16736,93.00953,630.0,19.370844026969944
624,25.16023,93.01084,591.0,20.43931757325825
625,25.162389,93.010222,591.0,17.03574212804197
626,25.1625278,93.0103333,591.0,17.03574212804197
627,25.162472,93.01044,599.0,12.604382648379184
628,25.17175,93.00726,728.0,17.752790161946685
629,25.16649,93.01092,648.0,32.401162502089626
630,25.170194,93.007389,700.0,13.915808695897175
631,25.17144,93.005694,698.0,9.64622531297678
632,25.16579,93.00948,581.0,17.752790161946685
633,25.15859,93.01292,586.0,13.915808695897175
634,26.13441667,91.74875,107.0,7.2338446967252255
635,26.15461111,91.80086111,79.0,7.2338446967252255
637,26.09961111,91.87811111,86.0,9.508656426564368
638,26.14944444,91.748,136.0,24.461332518771652
639,26.16658333,91.71480556,128.0,24.932657538079724
640,25.15556,93.021583,610.0,10.21937711459359
641,25.156483,93.018367,614.0,17.775317038209
642,25.158138,93.024778,543.0,6.91817481667161
643,25.24194444,93.14319444,624.0,22.61986494804043
644,25.41733333,93.12908333,387.0,3.016961309815993
645,25.17044,93.025325,469.0,21.18915910142139
646,25.171264,93.020014,643.0,24.242444512172106
647,25.16804,93.02503,485.0,21.045720884075834
648,25.178006,93.022825,527.0,14.15548761586253
649,25.168083,93.024922,485.0,21.045720884075834
650,25.27480556,93.14555556,497.0,15.06995574963759
651,25.18955556,93.09641667,535.0,24.591248866909307
652,25.1638056,93.010861,596.0,24.38870074689113
653,25.175,93.01967,646.0,23.3822424378352
654,26.19552778,91.78055556,165.0,18.94158858012096
655,25.17483,93.019861,650.0,31.060991342684076
656,25.1568056,93.019722,638.0,28.280269845499703
657,25.156833,93.017694,637.0,38.5746628389258
658,25.1565,93.0151,589.0,15.06995574963759
659,25.15667,93.01275,564.0,12.260147486012336
660,25.16367,93.02478,520.0,9.508656426564368
661,25.16649,93.02289,558.0,18.96231828867539
662,25.16497,93.02275,590.0,34.34609740006152
663,25.1655,93.02556,516.0,13.03657849691309
664,25.16427,92.99788,497.0,21.33126583595921
665,25.17425,93.00244,768.0,9.64622531297678
666,25.162667,93.009806,570.0,18.96231828867539
667,25.16553,93.02172,630.0,28.987578250072634
668,25.17986111,93.07077778,512.0,4.763641690726178
669,25.14677778,93.03097222,483.0,22.22435314380804
670,25.15561111,93.02222222,617.0,17.752790161946685
671,25.15658333,93.01961111,624.0,23.428692808745403
672,25.15713889,93.01719444,651.0,34.730518200788445
673,25.164,93.04019444,450.0,17.93200256558677
674,25.10638889,92.86480556,221.0,22.140679470491683
675,25.10941667,92.88075,282.0,14.506372352544124
676,25.10988889,92.89316667,282.0,11.348119585994185
677,25.10877778,92.92033333,269.0,12.260147486012336
678,25.10897222,92.92886111,257.0,11.386165083355712
679,26.146,91.756,92.0,7.653048720543413
680,25.11011111,92.99877778,572.0,28.987578250072634
681,25.11077778,93.00458333,537.0,23.490416068641593
682,25.11238889,93.00575,567.0,34.25055493497398
683,25.14872222,93.03191667,451.0,29.833768779920437
684,25.14525,93.02916667,542.0,27.5172599283964
685,25.15572222,93.02277778,613.0,27.32389130134654
686,25.23230556,93.03333333,554.0,18.96231828867539
688,25.14264,93.03182,498.0,19.630414815023528
689,25.14722,93.03128,461.0,28.176705590951745
690,25.143408,93.02995,460.0,18.87922133905067
691,25.14879,93.031636,470.0,22.140679470491683
692,25.15144,93.0331,454.0,33.66525729241905
693,25.15669444,93.01766667,616.0,31.051293565952417
694,25.20552778,93.02013889,346.0,17.387333467314576
695,25.24597222,93.02827778,604.0,19.451200005616776
696,25.21494444,93.02161111,618.0,20.699546585586496
697,25.2185,93.01311111,494.0,32.10351627298505
698,25.21694444,93.01136111,484.0,36.16893488396254
699,25.19972222,93.01672222,418.0,28.084099366691156
700,26.19052,91.77499,109.0,10.555380466061173
701,25.15933333,93.017,685.0,7.2338446967252255
702,25.23925,93.03152778,556.0,20.001783914715944
703,25.23297222,93.03325,559.0,18.520635899770767
704,25.15638889,93.01838889,614.0,17.775317038209
705,25.15736111,93.01608333,641.0,27.791305644779218
706,25.23880556,93.03219444,569.0,16.601549599020238
707,25.19669444,93.01858333,453.0,23.021526638116164
708,25.18844444,93.01966667,522.0,27.17735741799749
709,25.20738889,93.12277778,683.0,15.288517970232027
710,25.17597222,93.02016667,590.0,27.078936947526696
711,25.17505556,93.02041667,574.0,24.22774531795417
712,25.17188889,93.02061111,575.0,44.36965489983547
713,25.16563889,93.02544444,516.0,13.03657849691309
714,25.16344444,93.02316667,557.0,18.96231828867539
715,25.15069444,93.02583333,672.0,15.81919394750014
716,25.14586111,93.02419444,704.0,17.571258778322424
717,25.14041667,93.02038889,732.0,28.002640063185417
718,25.13961111,93.01955556,741.0,18.96231828867539
719,26.150124,91.727915,80.0,23.11642191920837
720,25.18452778,93.12563889,630.0,15.36952380130432
721,25.18725,93.12055556,650.0,11.348119585994185
722,25.17638889,93.11613889,564.0,15.36952380130432
723,25.1775,93.02622222,484.0,15.922779458176539
724,25.17691667,93.02655556,452.0,25.197913740371355
725,25.17702778,93.02088889,571.0,8.735690934280582
726,25.19308333,93.12041667,657.0,11.795709540896548
727,25.13447222,93.01897222,757.0,11.795709540896548
728,26.18841667,91.85125,96.0,30.103052462896233
729,26.19244444,91.76422222,101.0,14.066164922222868
730,26.19236111,91.78080556,91.0,12.364552990274646
731,26.15805556,91.71258333,85.0,19.188418756936425
732,26.1755,91.76175,62.0,6.654425046006596
733,26.19038889,91.80994444,94.0,21.86985930890943
734,26.18866667,91.76694444,111.0,9.73677691573277
735,25.91286,92.49797,325.0,28.222814437179903
736,26.19622222,91.76336111,90.0,4.857533338413092
737,25.96664,92.51636,221.0,22.61986494804043
738,25.967,92.51617,221.0,23.56723462203258
739,25.96458,92.52081,90.0,33.573963453775406
740,25.96886,92.51572,213.0,28.30319610038818
741,25.97461,92.51375,155.0,29.346331162468683
742,25.97664,92.51283,167.0,31.051293565952417
743,25.98214,92.51139,106.0,22.684823831912844
744,25.91608,92.50203,348.0,34.9155437050667
745,25.92153,92.50753,367.0,30.17480904438851
746,25.92525,92.51031,362.0,21.55942138371082
747,25.91936,92.50556,357.0,34.49623729009093
748,25.92103,92.50708,372.0,30.528995003825997
749,25.92233,92.50819,360.0,24.74862531519583
750,25.924,92.50939,348.0,27.40876997825205
751,25.95825,92.51414,288.0,29.08619467351647
752,25.96403,92.51631,267.0,30.747804873668915
753,25.91406,92.49897,361.0,35.27189058250504
754,25.91422,92.49972,317.0,29.686933196903503
755,25.95478,92.51386,269.0,31.58578773967389
756,25.95317,92.51353,267.0,33.44025753518539
757,26.10591667,91.62283333,64.0,18.87922133905067
758,26.11816667,91.71330556,72.0,18.19662752273151
759,26.11464,91.83886,175.0,17.775317038209
761,26.17755556,91.76588889,96.0,17.29444852858009
762,26.17672222,91.76525,87.0,17.5484006137923
763,26.15427778,91.79263889,78.0,7.653048720543413
764,26.15477778,91.77411111,105.0,12.364552990274646
765,26.17672222,91.78672222,85.0,27.372447043216628
766,26.1895,91.78716667,70.0,12.225122675735753
767,25.40586111,93.11097222,252.0,20.07880037349212
769,26.11266667,91.85388889,188.0,25.8493248967401
770,24.92097,93.07306,61.0,14.763132623631552
771,26.19530556,91.76563889,85.0,6.853224835121291
772,26.21111111,91.68416667,65.0,15.42324502154344
773,26.19330556,91.77725,172.0,19.370844026969944
774,26.09150556,91.87898611,77.0,3.931095784160226
776,26.1916,91.80361,84.0,14.535165207979569
777,26.19322,91.77033,164.0,23.021526638116164
778,26.18789,91.79493,96.0,17.01197993242201
779,25.17136,93.01102,700.0,3.931095784160226
780,25.169861,93.002528,704.0,27.372447043216628
781,25.18972,93.02011,500.0,5.385977098599754
782,25.18625,93.01629,568.0,30.337664384844906
783,25.177416,93.00975,691.0,23.674161365449706
784,25.2316944,93.1614167,436.0,24.38870074689113
785,25.18919,93.02118,481.0,6.91817481667161
786,24.70619444,92.28997222,44.0,10.046788047511114
787,25.17623,93.01326,696.0,33.698329255184774
788,26.15958333,91.72388889,184.0,15.609525869125669
789,26.15166667,91.73138889,51.0,0.9548412538721887
790,26.15544444,91.679,53.0,3.4389123953782974
793,26.14988889,91.77394444,116.0,14.15548761586253
794,26.10891667,91.74175,87.0,30.266612409654883
795,26.12911111,91.74911111,71.0,8.104435709194412
796,26.15333333,91.77711111,73.0,12.53638838286113
797,26.15052778,91.72766667,86.0,17.29444852858009
798,26.16405556,91.72827778,92.0,19.787913812706314
799,26.19113889,91.82961111,116.0,15.845167180271268
800,26.158193,91.755807,59.0,11.309932474020215
801,26.166185,91.7147,113.0,18.96231828867539
802,26.16616,91.713803,143.0,20.155422119735228
803,26.16297,91.7059,203.0,4.857533338413092
804,26.17027,91.698,138.0,31.205779114725832
805,25.117665,92.847709,161.0,16.723558006484023
806,25.27898,93.241092,784.0,22.07341542334565
807,25.283672,93.301012,660.0,25.14243049054343
808,25.366255,92.823037,959.0,17.01197993242201
809,25.1644,92.994643,492.0,16.91651608571675
810,25.170425,92.989085,637.0,18.541977963997237
811,25.412958,93.242826,600.0,13.824682316158707
812,25.362612,93.216888,496.0,22.684823831912844
813,25.316197,93.006158,666.0,10.430760195064721
814,25.172918,92.995982,429.0,6.91817481667161
815,25.319717,93.123028,314.0,10.046788047511114
816,25.318433,93.115767,433.0,21.86985930890943
817,25.313791,93.10552,438.0,23.397741000263863
818,25.313929,93.10485,434.0,17.775317038209
819,25.314558,93.094195,445.0,23.628423517864427
820,25.22548,93.023783,606.0,19.74869565807571
821,25.24612,93.028292,609.0,17.456590925928477
822,25.23575,93.033317,601.0,36.83590849508688
823,25.18846,93.003768,742.0,19.47122063449069
824,25.20006,92.9972,465.0,16.228736705934203
825,25.19509,92.9995,469.0,30.418494611596426
826,25.199617,92.997478,465.0,19.630414815023528
827,25.325408,93.037147,460.0,15.845167180271268
828,23.333165,93.057945,1193.0,27.613098503754813
829,25.197888,93.02683,449.0,5.128711509483252
830,25.18833,93.104922,576.0,13.03657849691309
831,25.147883,93.085354,804.0,25.915703593185818
832,25.425403,92.982053,281.0,23.567234622032583
833,25.241135,93.007627,349.0,35.80301842021218
834,25.245448,93.003937,311.0,18.87922133905067
835,25.211625,93.00113,321.0,24.475819581509896
836,25.21112,92.999782,310.0,14.302914425322811
837,25.267553,93.191317,503.0,13.915808695897175
838,25.266788,93.190998,493.0,17.224372940700082
839,25.26676,93.1964,546.0,17.5484006137923
840,25.266142,93.197997,552.0,29.54940859650111
841,25.265743,93.21778,619.0,21.04572088407583
842,25.757752,91.252285,769.0,18.541977963997237
843,26.238016,91.945953,85.0,2.1342998941463125
844,25.872268,91.213965,253.0,32.47251629973426
845,26.2272613,91.6922458,67.0,12.225122675735753
846,26.184324,91.855395,70.0,17.224372940700082
847,26.24698,91.964383,62.0,15.845167180271268
848,26.11956,92.052125,72.0,2.1342998941463125
849,25.69814,93.129423,306.0,14.763132623631552
850,25.648512,93.121528,351.0,18.96231828867539
851,25.388977,93.121008,295.0,17.29444852858009
852,25.740148,91.224044,903.0,8.159014354942736
853,25.341478,93.133718,292.0,17.93200256558677
854,25.888959,92.61669,458.0,20.07880037349212
855,25.890032,92.621245,468.0,19.51118046928032
856,26.156633,91.938576,109.0,9.321835749415003
857,26.1445,91.7362,50.0,2.1342998941463125
858,26.736494,95.261822,1314.0,31.670097621922785
859,26.799929,95.309533,1125.0,19.310287408745566
860,26.849624,95.320878,1075.0,40.34278056721629
861,26.87859,95.35234,667.0,26.842795672040804
862,26.881881,95.333027,786.0,30.82665955230447
863,26.885896,95.562013,1409.0,22.862089144234922
864,26.897502,95.542612,1425.0,18.64821573021375
865,26.904294,95.549313,1526.0,37.580432528063426
866,26.904445,95.360399,428.0,21.135527342306382
867,26.919823,95.545421,1689.0,59.5151830749998
868,26.925697,95.371448,385.0,27.32389130134654
869,26.93529,95.37696,428.0,22.61986494804043
870,26.936043,95.370996,408.0,20.155422119735228
871,26.939232,95.520994,1619.0,33.573963453775406
872,26.943433,95.385986,511.0,19.370844026969944
873,26.952173,95.519402,1346.0,24.74862531519583
874,26.976731,95.423103,763.0,31.051293565952417
875,26.984318,95.510469,753.0,17.775317038209
876,26.994618,95.486818,720.0,26.20460176321736
877,26.994942,95.474591,662.0,20.307500221928045
878,27.018342,92.6356,221.0,13.915808695897175
879,27.018583,92.635667,221.0,5.5507182121273235
880,27.019379,95.555899,716.0,26.126317264569018
881,27.03106,93.62292,312.0,8.935631425418535
882,27.032124,95.562208,673.0,11.904688112848122
883,27.035069,95.56864,695.0,24.15404655313558
884,27.035278,92.610556,155.0,13.421509132977462
885,27.036111,92.603333,232.0,11.648634944412734
886,27.036339,95.564677,686.0,19.787913812706314
887,27.039914,95.73282,1020.0,21.04572088407583
888,27.043883,95.72822,1091.0,44.436012758731536
889,27.046252,95.592084,787.0,20.82800310374709
890,27.047848,95.729657,1082.0,41.02410199989886
891,27.057191,95.716883,1018.0,34.37782091784768
892,27.0611,95.721024,1014.0,49.136107905835296
893,27.061845,95.614212,743.0,33.10114358966526
895,27.068358,95.725306,963.0,41.25658564257651
896,27.072206,95.634021,933.0,28.987578250072634
897,27.074431,95.638118,967.0,23.930893411419156
898,27.078472,93.605639,234.0,14.959246786437891
899,27.079176,95.638023,1018.0,23.97577371272972
900,27.08130556,93.61283333,273.0,12.772578169490426
901,27.08155,93.61438,286.0,24.932657538079724
902,27.083054,95.639328,1025.0,26.91773442777563
903,27.083117,93.601735,240.0,13.262676008304846
904,27.086139,92.584361,271.0,34.543363929709116
905,27.086667,92.585278,299.0,38.47064785262626
906,27.088278,93.66925,182.0,10.430760195064721
907,27.089394,95.729849,779.0,21.55942138371082
908,27.091139,93.615667,343.0,17.775317038209
909,27.092028,92.597028,210.0,36.978179819786355
910,27.093755,95.731806,757.0,22.765646640754472
911,27.093889,92.591389,265.0,29.118936488427924
912,27.095278,93.615694,336.0,18.520635899770767
913,27.09589,93.62284,365.0,15.609525869125669
914,27.095969,95.634872,1083.0,31.311156133255537
915,27.099083,92.626306,605.0,24.38870074689113
916,27.099707,95.641075,1075.0,33.573963453775406
917,27.101111,93.619222,350.0,11.499465999742787
918,27.10215,93.61371,357.0,24.094842552110705
919,27.102163,95.644694,1091.0,37.56093713903626
920,27.102625,95.645631,1069.0,35.32429987761792
921,27.102944,93.640417,373.0,20.43931757325825
922,27.103069,93.641778,384.0,16.253917058152773
923,27.103111,93.634019,415.0,19.370844026969944
924,27.103444,93.638722,402.0,34.543363929709116
925,27.103639,92.76025,380.0,38.8167201785787
926,27.10375,93.61529,411.0,20.307500221928045
927,27.103944,93.637611,421.0,30.61885839795703
928,27.105083,92.555222,863.0,34.730518200788445
929,27.1055,92.556278,838.0,25.79602649449995
930,27.105556,93.699722,202.0,9.368915578454837
931,27.105748,95.654176,1033.0,41.90884788180327
932,27.106472,93.663889,208.0,9.870926939134982
933,27.106722,93.660111,238.0,23.132182561931256
934,27.106939,92.573544,502.0,59.08164213944333
935,27.10736,93.64975,298.0,11.499465999742787
936,27.1105,92.537444,1203.0,22.862089144234922
937,27.112222,93.694444,137.0,4.763641690726178
938,27.112268,95.736125,525.0,27.62503917921715
939,27.112694,92.543472,1359.0,42.753750235572355
941,27.115246,95.670965,835.0,28.084099366691156
942,27.115545,95.733337,550.0,28.987578250072634
943,27.115694,92.763028,407.0,19.310287408745566
944,27.11587,95.733019,548.0,31.501045034844353
945,27.116194,92.543111,1331.0,38.72034490930262
946,27.116625,95.669825,808.0,20.001783914715944
947,27.122408,95.678718,731.0,19.310287408745566
948,27.122872,95.672546,757.0,16.91651608571675
949,27.123139,93.702139,153.0,15.793169048263966
950,27.124444,93.742222,153.0,18.87922133905067
951,27.125767,95.745585,387.0,20.001783914715944
952,27.1275,93.73164,140.0,3.4389123953782974
953,27.1275,93.73164,140.0,3.4389123953782974
954,27.128972,93.705333,157.0,14.15548761586253
955,27.12922,95.684101,662.0,24.38870074689113
956,27.131129,95.689613,659.0,21.611596098722195
957,27.132794,95.687302,646.0,21.260377126997213
958,27.132933,95.709803,579.0,31.060991342684076
959,27.134444,92.599611,343.0,21.419418908984124
960,27.13469444,93.74347222,131.0,2.698950908923438
961,27.143343,95.743034,562.0,32.772365143142935
962,27.1448,95.742566,576.0,26.67924362098057
963,27.148056,92.613889,362.0,41.00847613866502
964,27.150127,95.780208,581.0,28.888369805687372
967,27.153826,95.77545,400.0,6.853224835121291
968,27.15844,95.755292,552.0,21.869859308909426
969,27.158837,95.750303,603.0,12.604382648379184
970,27.16,93.739167,216.0,16.253917058152773
971,27.160065,95.754919,558.0,33.690067525979785
973,27.161858,95.757717,528.0,17.93200256558677
974,27.163084,95.754775,560.0,28.987578250072634
975,27.163388,95.746685,724.0,18.94158858012096
976,27.163556,93.752306,148.0,9.64622531297678
977,27.165806,93.751167,179.0,30.528995003825997
978,27.166306,92.587139,1730.0,29.205932247399417
979,27.167139,92.587917,1735.0,32.47251629973426
980,27.172066,95.754546,817.0,15.042369244334246
981,27.175606,95.749935,882.0,27.33604368814356
990,27.178695,95.735218,880.0,42.200631091885704
991,27.182278,92.599889,1667.0,30.747804873668915
992,27.183833,92.599333,1654.0,26.20460176321736
993,27.187767,95.732008,758.0,19.12710170142385
994,27.188551,95.703582,488.0,18.77467605427877
996,27.190295,95.716317,577.0,21.260377126997216
997,27.190861,92.607806,1567.0,26.61590170730996
998,27.191667,92.610111,1549.0,23.273326481355983
999,27.193425,93.780983,213.0,52.80344175658018
1000,27.194111,93.780944,208.0,25.809367457705076
1005,27.207583,93.615667,566.0,32.38327563166962
1006,27.207659,93.615842,590.0,33.698329255184774
1008,27.208222,92.55475,1147.0,24.805474401698422
1009,27.210556,93.628556,551.0,26.93019100092878
1010,27.214778,93.635667,513.0,24.286461463040197
1011,27.215611,93.123139,1268.0,21.47206914335925
1013,27.216278,93.655639,481.0,31.002719133873992
1014,27.216639,93.691472,461.0,32.06706985148497
1017,27.218611,93.695278,480.0,34.85410224097107
1018,27.22075,93.581167,714.0,33.26309702272514
1019,27.220833,93.698194,503.0,36.147638969088355
1020,27.223667,93.580417,785.0,36.51283284150458
1021,27.225361,93.570278,721.0,42.97485685199571
1022,27.226901,95.905393,488.0,14.302914425322811
1023,27.228056,93.568972,713.0,36.51283284150458
1024,27.228167,93.799111,341.0,23.021526638116164
1025,27.234139,93.707861,441.0,34.49623729009093
1026,27.234917,93.536139,839.0,23.765245108071557
1027,27.235306,93.524389,912.0,20.155422119735228
1028,27.236139,93.715694,419.0,25.526884054256257
1029,27.236306,93.807167,335.0,27.565248984490395
1030,27.238222,93.806444,275.0,29.031480434376107
1031,27.238917,93.806083,281.0,30.588958163975438
1032,27.239333,93.745,410.0,18.62703081108459
1033,27.23995,93.806589,267.0,26.61590170730996
1034,27.240083,93.745917,411.0,27.505240762859906
1036,27.240556,93.750417,395.0,28.280269845499703
1037,27.241,93.731417,408.0,26.539566558618308
1038,27.241056,93.749306,405.0,26.91773442777563
1039,27.24125,93.746889,428.0,30.856133351956277
1040,27.242917,93.757222,353.0,39.260731733474245
1041,27.246111,93.804667,270.0,22.684823831912844
1042,27.246131,93.804711,270.0,22.684823831912844
1043,27.24675,93.765333,323.0,23.273326481355983
1044,27.248167,93.765889,333.0,24.38870074689113
1045,27.248722,92.737722,1404.0,41.59124928555319
1046,27.2495,93.507833,979.0,4.262693045214654
1047,27.251806,93.504278,919.0,27.432940772267944
1048,27.253778,93.507778,955.0,27.62503917921715
1049,27.254756,93.801303,288.0,39.260731733474245
1051,27.257581,95.936353,568.0,19.630414815023528
1052,27.258556,93.778167,342.0,25.486125594093767
1053,27.260222,93.7895,362.0,25.07280797783953
1054,27.260222,93.7895,362.0,25.07280797783953
1055,27.260444,93.7895,365.0,23.750100573474086
1056,27.260722,93.780306,325.0,19.310287408745566
1057,27.266667,92.404389,2619.0,25.197913740371355
1058,27.267722,93.80125,389.0,29.63417437185607
1059,27.268684,96.040751,275.0,4.763641690726178
1060,27.268973,96.037707,283.0,24.359555875506427
1061,27.269861,93.802361,417.0,31.311156133255537
1062,27.270019,93.799333,414.0,25.79602649449995
1063,27.273999,95.975506,415.0,23.444146119861458
1064,27.2745,93.797833,459.0,23.021526638116164
1065,27.275542,95.965859,453.0,24.461332518771652
1066,27.27625,93.795889,487.0,28.888369805687372
1067,27.277417,92.425278,2555.0,19.689673297252913
1068,27.278417,92.426917,2519.0,34.6605872943073
1069,27.27925,93.796444,495.0,31.244175851188178
1070,27.282921,96.122193,394.0,23.750100573474086
1071,27.287781,95.978389,410.0,19.610609129170935
1072,27.287855,95.977914,421.0,15.06995574963759
1073,27.288125,96.075898,305.0,24.16881343581011
1074,27.291083,93.796806,574.0,28.084099366691156
1075,27.291528,92.391778,1802.0,26.577778623734837
1076,27.292167,92.391889,1787.0,25.14243049054343
1077,27.292444,92.391861,1784.0,26.008181915695513
1078,27.29268,96.024049,237.0,13.915808695897175
1079,27.293806,92.391694,1772.0,27.017123217850244
1081,27.294278,93.802056,669.0,30.297100641022165
1082,27.294886,93.803328,646.0,47.53179628541781
1084,27.296223,96.013675,293.0,25.8493248967401
1086,27.297167,93.050889,1332.0,13.515781057664528
1087,27.297775,96.002314,368.0,19.74869565807571
1088,27.298972,96.046398,217.0,18.96231828867539
1089,27.299135,96.010349,301.0,18.96231828867539
1090,27.299744,95.987092,359.0,24.38870074689113
1091,27.29976,96.012691,293.0,27.791305644779218
1092,27.300188,96.010838,262.0,11.461836902818336
1093,27.300611,93.093417,759.0,11.461836902818336
1094,27.300667,92.391833,1731.0,39.8055710922652
1095,27.300833,93.802833,665.0,16.601549599020238
1096,27.300945,95.992838,372.0,18.87922133905067
1100,27.302949,96.154621,271.0,20.991582376941242
1102,27.305527,96.224831,363.0,29.031480434376107
1103,27.307072,93.806008,718.0,11.309932474020215
1104,27.307111,93.806306,720.0,18.130932944052347
1105,27.309012,96.158495,264.0,16.91651608571675
1106,27.313343,96.171327,311.0,18.434948822922014
1107,27.315904,96.18349,315.0,10.759583898850556
1110,27.325278,92.373722,1622.0,12.260147486012336
1111,27.325806,93.822389,1067.0,28.176705590951745
1114,27.327583,93.813389,908.0,42.166880524127734
1115,27.328528,93.812528,888.0,38.68405094716037
1117,27.334056,93.819417,974.0,28.82189836411544
1118,27.336667,93.820722,999.0,37.81892671564865
1119,27.337028,93.821306,990.0,25.239401820678914
1120,27.339267,93.802581,789.0,26.628589703310887
1121,27.339833,93.805167,774.0,27.505240762859906
1122,27.340556,92.274944,1562.0,50.93630379203112
1123,27.342139,93.041583,432.0,22.61986494804043
1124,27.345556,92.266389,1581.0,30.498931686310716
1125,27.34675,93.018528,780.0,17.03574212804197
1126,27.34675,93.018528,780.0,17.03574212804197
1127,27.34675,93.018528,780.0,17.03574212804197
1128,27.347917,93.012194,860.0,16.72355800648402
1129,27.347917,93.012194,860.0,16.72355800648402
1130,27.357083,93.026361,798.0,31.80039615270397
1133,27.362028,92.244028,1581.0,32.167104228386144
1134,27.362444,92.243972,1594.0,41.83500863142676
1135,27.363417,92.24375,1613.0,32.53469816945699
1136,27.363833,93.025139,795.0,14.036243467926479
1137,27.367611,92.2415,1604.0,24.8479801794304
1138,27.368333,92.241583,1633.0,32.57012547147068
1140,27.394306,92.157333,1840.0,41.33329678861224
1141,27.395444,92.164167,1794.0,44.55551561210556
1142,27.396722,92.163861,1899.0,45.0039783210455
1143,27.403722,92.141056,1968.0,32.427956428323874
1144,27.405861,92.133778,2022.0,26.628589703310887
1145,27.409778,92.132167,2072.0,31.002719133873992
1148,27.420722,93.011083,481.0,22.636129876883253
1149,27.421139,93.017611,719.0,28.280269845499703
1150,27.422111,93.014639,630.0,37.45655576127969
1151,27.423722,93.007583,434.0,25.688903331931808
1152,27.428833,93.025306,878.0,21.260377126997216
1153,27.433056,92.123583,2362.0,32.35640884426763
1155,27.437333,93.029667,944.0,35.63524161504921
1156,27.441028,93.020389,481.0,32.667159071642764
1157,27.441361,92.117417,2548.0,25.809367457705076
1158,27.441694,93.021472,489.0,33.10114358966526
1159,27.447181,96.439865,560.0,19.787913812706314
1160,27.449807,96.444466,603.0,41.57619666417142
1161,27.452833,95.239,117.0,0.0
1162,27.453197,96.444944,592.0,37.96539079113361
1163,27.455222,96.440908,607.0,32.57012547147069
1164,27.456278,92.109556,3038.0,35.45087793804301
1165,27.458768,96.440093,618.0,28.799681652550277
1166,27.459167,95.233639,117.0,2.698950908923438
1167,27.460278,92.110278,3244.0,21.971970836813973
1168,27.460656,96.412177,637.0,30.82665955230447
1169,27.460731,96.41975,610.0,14.621143938770764
1170,27.466137,96.407194,537.0,23.567234622032583
1171,27.467849,96.409616,534.0,18.541977963997237
1172,27.470221,96.407798,556.0,39.35384148704364
1173,27.474408,96.408773,528.0,39.12001615700953
1174,27.476285,96.40896,511.0,22.423358559286118
1175,27.476614,96.408544,509.0,26.93019100092878
1176,27.479141,96.403435,495.0,30.856133351956277
1177,27.483667,92.10925,3704.0,34.218582707648956
1178,27.496333,92.104333,4147.0,30.895350180310494
1179,27.497222,92.104667,4166.0,25.267001648248186
1180,27.512278,91.875556,3095.0,24.475819581509896
1181,27.520111,92.997139,602.0,31.244175851188178
1182,27.521083,92.995444,622.0,40.70850426789114
1183,27.530556,92.959167,1089.0,32.63194030642942
1184,27.5335,92.964861,1133.0,26.437229357181263
1185,27.535806,92.930667,876.0,36.62354905164433
1186,27.538778,92.988139,712.0,34.017325088918376
1187,27.539694,92.991306,756.0,25.635076100950123
1188,27.540917,92.949333,1266.0,28.553305000609424
1189,27.542083,92.946,1252.0,25.5133092609215
1190,27.542389,92.946306,1271.0,33.22063240830351
1191,27.542639,92.954417,1275.0,26.967504073598892
1192,27.543472,92.95525,1248.0,31.39687644298045
1193,27.543778,92.982806,641.0,35.03012380867594
1194,27.544667,92.958806,1120.0,32.401162502089626
1195,27.546278,92.981472,611.0,25.156319133694215
1196,27.549389,92.979028,636.0,38.90056504199712
1197,27.550389,92.964861,954.0,37.638775480074024
1198,27.552639,92.965861,904.0,31.002719133873992
1199,27.553611,92.975583,585.0,34.85410224097107
1200,27.555194,92.966222,832.0,32.13988228321215
1201,27.555389,92.960778,794.0,36.147638969088355
1202,27.555583,92.963028,816.0,31.244175851188185
1203,27.555611,92.962194,814.0,38.47064785262626
1204,27.5806,93.6348,1281.0,24.461332518771652
1205,27.1929,93.7802,291.0,28.084099366691156
1206,27.1076,93.6413,315.0,25.526884054256257
1207,27.07925,93.59430556,239.0,22.373844274024943
1208,27.13469444,93.74347222,131.0,2.698950908923438
1209,27.08130556,93.61283333,273.0,12.772578169490426
1210,28.14116,95.27472,417.0,8.735690934280582
1211,28.14251,95.27439,396.0,20.532771786488425
1212,27.03106,93.62292,312.0,8.935631425418535
1213,27.09589,93.62284,365.0,15.609525869125669
1214,27.083117,93.601735,240.0,13.262676008304846
1215,27.08155,93.61438,286.0,24.932657538079724
1216,27.10375,93.61529,411.0,20.307500221928045
1217,27.10215,93.61371,357.0,24.094842552110705
1218,27.58741667,91.88694444,2589.0,6.721369339369457
1219,27.58741667,91.88694444,2589.0,6.721369339369457
1220,27.59152778,91.88044444,2767.0,21.47206914335925
1221,27.58647222,91.89636111,2298.0,17.456590925928477
1222,27.50994444,91.85486111,3278.0,21.04572088407583
1223,27.561083,91.911528,1922.0,19.787913812706314
1224,27.561111,92.965278,679.0,25.526884054256257
1225,27.562917,92.983139,538.0,32.13988228321215
1226,27.563167,92.975139,522.0,36.97817981978636
1227,27.566131,92.973072,623.0,29.020515817031367
1228,27.566611,92.967639,567.0,30.25643716352927
1229,27.568028,92.993944,547.0,24.22774531795417
1230,27.568778,92.966583,597.0,38.31642449920507
1231,27.571111,92.965556,585.0,7.2338446967252255
1232,27.574306,92.999556,527.0,26.880307851328993
1234,27.579,91.868639,2673.0,8.582483688827132
1237,27.584639,91.860917,2849.0,13.262676008304846
1238,27.584639,91.860917,2849.0,13.262676008304846
1239,27.584639,91.860917,2849.0,13.262676008304846
1240,27.586694,91.871444,2808.0,6.0172848640320336
1241,27.587417,91.886944,2589.0,6.721369339369457
1242,27.587417,91.886944,2589.0,6.721369339369457
1243,27.587611,91.894167,2383.0,15.179705807856672
1244,27.589,91.873194,2813.0,8.984876931685683
1245,27.58925,91.795667,2587.0,44.096908348432954
1246,27.589417,91.861444,2884.0,23.195068590140778
1247,27.589889,91.881194,2763.0,21.242603631151898
1248,27.590556,91.867667,2845.0,16.453666886955713
1249,27.590639,91.876806,2877.0,5.788832299437198
1250,27.590639,91.876806,2877.0,5.788832299437198
1251,27.591389,91.9025,2527.0,21.55942138371082
1252,27.591417,91.973083,2617.0,35.27189058250504
1253,27.591528,91.880444,2767.0,21.47206914335925
1254,27.591806,91.865028,2925.0,18.96231828867539
1255,27.591833,91.865056,2925.0,18.96231828867539
1256,27.592639,91.867528,2907.0,16.723558006484023
1257,27.592667,91.866222,2944.0,10.759583898850556
1258,27.593139,91.873889,2933.0,8.159014354942736
1259,27.593361,91.879444,2812.0,16.453666886955713
1260,27.594833,91.866417,2975.0,6.091478002079769
1261,27.594861,91.866444,2975.0,6.091478002079769
1262,27.595167,91.895444,2420.0,31.002719133873992
1263,27.596278,91.894333,2434.0,41.62130964323344
1264,27.596639,91.878972,2895.0,12.260147486012336
1265,27.596639,91.878972,2895.0,12.260147486012336
1266,27.599,91.876528,2945.0,8.104435709194412
1267,27.599806,91.876111,2933.0,5.5507182121273235
1268,27.62225,93.840778,1638.0,23.397741000263863
1269,27.622972,93.841361,1654.0,32.03054267172445
1270,27.637611,93.637722,1717.0,25.8493248967401
1271,27.63825,93.857583,1791.0,17.5484006137923
1272,27.649194,93.874,1625.0,24.805474401698422
1273,27.652167,93.632417,1271.0,19.451200005616776
1274,27.656,93.877472,1578.0,20.307500221928045
1275,27.662194,94.702667,172.0,15.288517970232027
1276,27.664972,94.693861,209.0,25.14243049054343
1277,27.665417,93.892222,1463.0,28.732851681077435
1278,27.666556,93.891861,1473.0,22.81394173961772
1279,27.668278,93.629472,1105.0,24.475819581509896
1280,27.668611,93.63,1104.0,35.98342760298727
1281,27.683889,94.682444,296.0,40.70850426789115
1282,27.688,94.67875,285.0,22.140679470491683
1283,27.688583,94.681,271.0,24.461332518771652
1284,27.690111,93.632556,1014.0,19.12710170142385
1285,27.703222,94.67275,266.0,19.471220634490695
1286,27.70625,94.673833,276.0,5.5507182121273235
1287,27.720444,94.721528,338.0,11.904688112848122
1288,27.751917,94.023472,327.0,31.77256152831432
1289,27.752611,94.7175,380.0,32.772365143142935
1290,27.754056,94.018528,340.0,35.795759914707084
1291,27.754806,94.715444,387.0,27.432940772267944
1292,27.756511,93.417861,1056.0,31.244175851188178
1293,27.756778,93.436761,1036.0,16.428860704621638
1294,27.757417,94.716167,380.0,18.87922133905067
1295,27.758611,93.997222,426.0,20.66264400478191
1296,27.758806,93.609167,998.0,36.76087717499856
1297,27.758889,94.059833,734.0,37.7869066377512
1298,27.759361,94.047083,642.0,35.810273662543636
1299,27.759556,94.712333,455.0,33.423467333412106
1300,27.760194,94.712278,471.0,35.39887735323683
1301,27.760889,93.990806,444.0,45.62663742342179
1302,27.760917,93.995583,426.0,39.46369096261305
1303,27.762,94.712278,472.0,14.15548761586253
1304,27.763444,93.608278,1006.0,39.09643971967424
1305,27.763722,93.992333,330.0,25.253207609369632
1306,27.772194,93.59325,810.0,18.64821573021375
1307,27.773556,93.969778,462.0,32.57012547147068
1308,27.773847,93.595528,731.0,6.91817481667161
1309,27.773972,94.7135,619.0,32.35640884426763
1310,27.777278,94.715583,649.0,15.06995574963759
1311,27.78,93.456231,1139.0,31.51991437453672
1312,27.781792,93.477942,1068.0,34.22658163881948
1313,27.782139,93.546139,1026.0,37.038767555809535
1314,27.783667,93.600806,1044.0,42.16205280597383
1315,27.786833,94.720111,814.0,42.05058435733241
1316,27.788194,94.724194,850.0,37.410672491183874
1317,27.788389,93.526528,722.0,27.755818170577996
1318,27.788639,93.539667,947.0,29.54940859650111
1319,27.790489,94.958147,185.0,33.89536963300801
1320,27.793761,94.959097,224.0,29.88589573021274
1321,27.793917,94.728806,822.0,32.9548711795407
1322,27.794333,94.73075,797.0,26.008181915695513
1323,27.794583,93.597306,1080.0,41.53598294850654
1324,27.797389,94.735333,821.0,26.113233272206745
1325,27.797806,93.96175,441.0,34.62941016850345
1326,27.801194,93.541944,916.0,25.526884054256257
1327,27.801194,93.541667,926.0,29.195082782485805
1328,27.803972,93.543083,941.0,25.5133092609215
1329,27.804361,94.715056,961.0,40.32099374186543
1330,27.804944,94.719861,899.0,25.363232718381973
1331,27.813833,94.134333,1389.0,27.078936947526696
1332,27.814806,93.521,943.0,24.38870074689113
1333,27.81975,94.138722,1381.0,34.49623729009093
1334,27.81975,93.945556,664.0,21.954998832237578
1335,27.821278,94.730278,640.0,14.15548761586253
1336,27.821861,94.104806,1051.0,24.15404655313558
1337,27.821889,94.730417,653.0,19.310287408745566
1338,27.822556,94.135417,1317.0,25.34952033151192
1339,27.823139,94.732972,635.0,14.763132623631552
1340,27.824889,94.739556,695.0,23.444146119861458
1341,27.825694,94.747,727.0,24.242444512172103
1342,27.827472,93.972556,723.0,28.799681652550277
1343,27.827806,93.972167,717.0,28.485468456722128
1344,27.82925,93.911194,662.0,31.809663934881115
1345,27.8305,94.157444,1245.0,23.021526638116164
1346,27.830944,93.917028,579.0,30.25643716352927
1347,27.83275,93.504417,813.0,37.50230700018765
1348,27.833306,93.978611,671.0,18.96231828867539
1349,27.834083,94.768972,538.0,17.224372940700082
1350,27.8345,93.933694,457.0,23.765245108071557
1351,27.83875,93.977278,625.0,45.69121973244523
1352,27.83975,93.977444,634.0,37.08573289536603
1353,27.839817,94.778642,493.0,24.16881343581011
1354,27.840167,93.980861,625.0,37.638775480074024
1355,27.840972,94.771167,424.0,14.621143938770764
1356,27.844444,93.973944,638.0,34.85410224097107
1357,27.847111,94.783139,522.0,28.002640063185417
1358,27.854583,93.484722,847.0,20.097992628721148
1359,27.858889,94.78875,422.0,16.527811501531776
1360,27.858972,94.783917,379.0,23.750100573474086
1361,27.859444,94.789222,420.0,10.999158271052183
1362,27.863722,93.473389,847.0,36.815480279408405
1363,27.866083,93.467306,880.0,39.00770983983683
1364,27.86775,93.465861,888.0,51.020666768917515
1365,27.868667,94.787083,331.0,45.868250787968954
1366,27.870361,94.817861,374.0,23.750100573474086
1367,27.872722,93.456306,807.0,29.24925904290538
1368,27.874667,93.452917,783.0,24.904481044556743
1371,27.882056,93.444333,786.0,32.490306531189724
1373,27.893389,94.842194,702.0,11.795709540896548
1374,27.897361,94.844111,717.0,30.337664384844906
1375,27.897722,93.406306,878.0,29.686933196903503
1376,27.898806,93.408444,877.0,28.987578250072634
1377,27.903389,93.370361,880.0,25.253207609369632
1378,27.903417,93.371722,894.0,25.197913740371355
1386,27.909278,94.736111,540.0,22.090258704050036
1387,27.910417,94.739528,482.0,30.568994594623476
1388,27.91164,96.34269,1274.0,36.83590849508688
1389,27.912806,94.726972,656.0,33.573963453775406
1390,27.913333,94.737472,475.0,29.49620849656644
1391,27.914944,94.721806,740.0,43.879267026727
1395,27.91886,96.33156,1309.0,31.77256152831432
1396,27.91897,96.33108,1284.0,30.508958866202807
1397,27.933611,94.703472,974.0,22.765646640754472
1398,27.937861,94.702139,913.0,33.854514812620515
1399,27.938056,94.700306,894.0,35.63524161504921
1400,27.93967,96.38097,1560.0,34.75376186272035
1401,27.94083,96.38161,1533.0,30.205466819616653
1402,27.94175,94.695694,836.0,19.370844026969944
1403,27.942917,94.694528,822.0,28.222814437179903
1404,27.944389,95.117586,333.0,13.03657849691309
1405,27.944444,94.692528,800.0,30.17480904438851
1406,27.94903,96.39158,967.0,41.77567556138229
1407,27.951306,95.074056,437.0,20.136303428248134
1408,27.95603,96.40267,645.0,36.733505603395045
1409,27.95672,96.39697,895.0,17.93200256558677
1410,27.957306,94.68625,660.0,22.8781056322946
1411,27.95964,96.40178,716.0,25.03089023333195
1412,27.96325,96.40097,526.0,32.74612665551688
1413,27.965819,94.293672,234.0,24.16881343581011
1414,27.96756,96.40189,414.0,17.775317038209
1415,27.96756,96.40214,413.0,21.954998832237578
1416,27.968,96.39822,439.0,27.565248984490395
1417,27.979306,94.228528,281.0,29.205932247399417
1418,27.98333,96.40433,390.0,10.046788047511114
1419,27.98728,96.41208,387.0,6.721369339369457
1420,27.98747,96.41133,401.0,36.733505603395045
1421,27.995889,94.525941,456.0,28.632096976803734
1422,28.003861,94.201944,262.0,22.989767773608854
1423,28.005389,94.201306,255.0,16.72355800648402
1424,28.00611,96.42872,444.0,18.77467605427877
1425,28.013167,95.239333,256.0,15.99993592924168
1426,28.013577,94.568456,575.0,11.348119585994183
1427,28.014765,94.569467,556.0,18.130932944052347
1428,28.01661,96.44172,431.0,2.1342998941463125
1429,28.01781,96.44275,437.0,4.857533338413092
1430,28.01992,96.443,444.0,4.763641690726177
1431,28.021678,94.536256,559.0,30.41849461159642
1432,28.022249,94.535672,557.0,29.54940859650111
1433,28.022471,96.440489,664.0,39.94582490429605
1434,28.022667,94.574294,550.0,3.931095784160226
1435,28.023491,96.440972,646.0,54.81039442228374
1436,28.024169,94.582184,604.0,24.16881343581011
1437,28.024691,94.553634,488.0,21.835672195716146
1438,28.025611,95.271179,234.0,20.250651404968387
1439,28.026515,94.590918,631.0,16.796238729882134
1440,28.026733,94.593471,661.0,8.47871314708616
1441,28.029848,94.616455,862.0,32.34744349944203
1442,28.033278,95.235383,646.0,34.730518200788445
1443,28.05939,96.48397,503.0,10.21937711459359
1444,28.05989,96.46281,555.0,27.078936947526696
1445,28.05989,96.46281,555.0,27.078936947526696
1446,28.05997,96.48664,495.0,2.1342998941463125
1447,28.06006,96.44636,652.0,41.36896307416782
1448,28.06131,96.49256,492.0,3.4389123953782974
1449,28.06244,96.49775,507.0,15.845167180271268
1450,28.063,96.49914,508.0,3.931095784160226
1451,28.06356,96.50075,525.0,14.931417178137552
1452,28.06964,96.50025,502.0,6.853224835121291
1453,28.079818,96.46838,821.0,35.918712572866035
1454,28.08014,96.52356,582.0,0.9548412538721887
1455,28.080151,96.472541,819.0,33.3982497427651
1456,28.08019,96.54483,765.0,42.80471223274384
1457,28.080301,96.472247,823.0,30.25643716352927
1458,28.08061,96.51294,509.0,5.5507182121273235
1459,28.082576,96.464869,860.0,33.16099672886019
1460,28.082618,96.465189,855.0,30.051606490707
1461,28.083417,96.461433,884.0,41.63631743255716
1462,28.084252,96.459672,897.0,48.640725383609286
1463,28.088159,96.458999,951.0,56.54412845779356
1464,28.089549,96.457818,950.0,37.038767555809535
1465,28.090087,96.454067,1010.0,50.248671070273566
1466,28.0907,96.45238,1017.0,37.990724989171014
1467,28.09311,96.53622,587.0,29.118936488427924
1468,28.093514,95.272526,489.0,27.238572082130066
1469,28.094144,95.282568,306.0,9.508656426564368
1470,28.094359,96.453058,1117.0,10.999158271052183
1471,28.095602,96.453246,1170.0,40.51058943733277
1472,28.095632,95.281371,332.0,26.56505117707799
1473,28.097043,95.274751,360.0,26.93019100092878
1474,28.097163,95.270824,338.0,18.370345512861498
1475,28.097285,95.28003,337.0,19.310287408745566
1478,28.099657,95.287831,224.0,58.64990528453515
1481,28.100244,96.448173,1228.0,26.880307851328986
1482,28.100284,96.449538,1276.0,22.862089144234922
1483,28.100914,96.449162,1304.0,41.107170339499476
1486,28.102005,96.448473,1377.0,39.76607121224395
1487,28.103902,95.27946,201.0,26.842795672040804
1488,28.105572,96.447685,1416.0,21.33126583595921
1489,28.105952,96.447724,1427.0,31.002719133873992
1490,28.106321,96.447245,1427.0,25.915703593185818
1491,28.106358,95.268592,413.0,15.288517970232027
1492,28.10714,96.54489,984.0,42.510447078000844
1494,28.11142,96.54528,1030.0,53.097830357124366
1498,28.114742,95.273582,382.0,15.36952380130432
1499,28.11594,96.54689,847.0,41.107170339499476
1501,28.11781,96.54906,939.0,44.03323301127651
1506,28.133963,94.611953,940.0,37.4041069193059
1507,28.134238,94.620133,861.0,42.09430109320842
1509,28.137762,94.62431,772.0,17.752790161946685
1515,28.14116,95.27472,417.0,8.735690934280582
1516,28.141514,95.289198,182.0,31.051293565952417
1517,28.142304,95.288126,172.0,30.133843411422752
1519,28.14251,95.27439,396.0,20.532771786488425
1523,28.14531,96.54897,1007.0,37.79331583229016
1528,28.148417,95.277964,199.0,6.0172848640320336
1529,28.149568,95.277177,207.0,20.532771786488425
1530,28.150741,95.275122,218.0,23.490416068641593
1531,28.15292,96.53858,870.0,47.84364748499539
1535,28.160853,95.446925,482.0,18.77467605427877
1536,28.16206,96.53061,979.0,68.84475906080618
1537,28.162497,95.441244,484.0,32.11261530059655
1539,28.163322,95.459813,421.0,20.439317573258247
1542,28.165684,95.462909,404.0,10.430760195064721
1545,28.169389,95.235722,299.0,45.50810653937317
1546,28.16939,96.52578,1209.0,28.632096976803734
1547,28.169583,95.223917,301.0,38.67193428122302
1548,28.169611,95.240639,249.0,31.576393336997814
1549,28.171187,95.833166,450.0,24.242444512172106
1550,28.173434,95.836605,473.0,14.036243467926479
1553,28.174973,95.469402,368.0,21.83567219571615
1554,28.175079,95.469602,375.0,30.498931686310716
1555,28.175556,95.221861,324.0,48.53939987114605
1556,28.175659,95.470804,374.0,37.24571514151944
1557,28.178861,95.228056,295.0,21.83567219571615
1558,28.179262,95.477068,358.0,16.2287367059342
1559,28.181139,95.225944,296.0,37.23908117204727
1561,28.181834,95.469828,375.0,41.09162949850341
1562,28.18439,96.53453,1213.0,32.35640884426763
1563,28.18525,96.53256,1079.0,26.91773442777563
1565,28.1915,95.225917,352.0,25.07280797783953
1566,28.192217,94.713927,324.0,28.405971880095237
1568,28.192581,95.804085,736.0,29.205932247399417
1569,28.193864,95.805469,764.0,30.96375653207352
1570,28.1945,95.227917,348.0,31.39687644298045
1571,28.194651,95.807085,799.0,28.553305000609424
1572,28.19597,96.53733,1192.0,25.955401413885546
1573,28.198018,95.810448,813.0,49.1095585689283
1574,28.199389,95.230278,396.0,40.12351235567568
1575,28.199873,95.811883,873.0,44.436012758731536
1576,28.201838,95.812004,913.0,49.25346387793085
1578,28.202844,95.811201,876.0,44.892165781404444
1579,28.205003,95.813193,887.0,38.17319333803387
1580,28.20737,95.81005,932.0,28.222814437179903
1581,28.207699,95.809197,924.0,40.87237718519121
1582,28.207796,95.807742,908.0,29.917093225401345
1584,28.20867,96.53222,1356.0,27.613098503754813
1585,28.209018,95.80348,935.0,34.9155437050667
1586,28.209062,95.806755,928.0,38.54414157288248
1587,28.212211,95.801273,951.0,30.20546681961666
1588,28.212275,95.802589,957.0,21.242603631151898
1589,28.21267,95.803194,1025.0,46.76711177902434
1590,28.213028,95.232528,359.0,20.439317573258247
1591,28.21483,96.53911,1601.0,28.987578250072634
1592,28.215014,95.799764,965.0,29.421439641486938
1593,28.215206,95.793704,977.0,26.880307851328993
1594,28.215862,95.795227,1068.0,14.592550602033427
1595,28.215926,95.799557,1017.0,24.904481044556743
1596,28.216253,95.796393,1081.0,33.46541063428238
1597,28.216997,95.790585,960.0,23.490416068641593
1598,28.217204,95.789599,958.0,25.239401820678914
1599,28.217543,95.792489,952.0,35.74485877621931
1600,28.217595,95.793032,970.0,37.48271544856494
1601,28.218539,95.794022,1101.0,49.48508672198051
1602,28.21909,95.791084,1009.0,41.46029301668304
1603,28.219976,95.799065,1145.0,37.99705220207771
1604,28.22328,96.55303,1515.0,34.6605872943073
1605,28.22381,96.53644,1446.0,43.758382657642215
1606,28.223825,95.829105,1408.0,25.14243049054343
1607,28.22408,96.55872,1642.0,52.55142496536931
1611,28.227703,95.781369,888.0,27.5172599283964
1612,28.227891,95.541082,505.0,20.307500221928045
1613,28.22797,96.54606,1617.0,30.05160649070701
1615,28.229114,95.780019,888.0,33.03247176064103
1616,28.229809,95.779855,910.0,30.337664384844906
1617,28.23153,96.54272,1668.0,44.71873990193128
1619,28.234199,95.777037,864.0,29.686933196903503
1622,28.237008,95.776204,844.0,24.242444512172106
1624,28.237425,95.897823,2363.0,48.82602369657316
1625,28.237716,95.535611,581.0,7.653048720543413
1626,28.238144,95.774758,846.0,27.360321545332805
1627,28.238615,95.893348,2328.0,36.93089662022377
1628,28.238692,95.892681,2312.0,41.02410199989886
1629,28.239482,95.774559,862.0,36.36634852599243
1630,28.23969,96.52778,1626.0,34.75376186272035
1631,28.240442,95.774201,830.0,39.00770983983683
1632,28.240521,95.866592,1856.0,39.56704795533052
1633,28.241041,95.866387,1860.0,23.021526638116164
1634,28.24175,95.925012,2642.0,15.179705807856672
1635,28.242214,95.923556,2657.0,35.23435131905115
1636,28.242389,94.220861,827.0,35.181649870682044
1637,28.242444,95.536828,594.0,29.421439641486938
1638,28.242782,95.922731,2656.0,24.15404655313558
1639,28.242969,95.537549,601.0,25.915703593185818
1640,28.242997,95.772144,805.0,20.80971857959822
1641,28.243182,95.921338,2675.0,25.8493248967401
1642,28.243322,95.921911,2638.0,43.53560155636588
1643,28.243417,95.538216,613.0,31.50104503484435
1644,28.243461,95.894049,2377.0,42.325328773309415
1645,28.244851,95.773499,791.0,30.25643716352927
1647,28.244975,95.914094,2640.0,53.83923469658131
1648,28.245016,95.77363,800.0,25.5133092609215
1649,28.245371,95.774057,783.0,21.18915910142139
1650,28.246304,95.889037,2266.0,32.35640884426763
1651,28.246512,95.541646,591.0,20.532771786488425
1652,28.249718,95.546273,616.0,49.53092544979991
1653,28.251139,95.55011,517.0,46.512056219175385
1654,28.25203,96.54264,1886.0,25.197913740371355
1655,28.252176,95.775797,687.0,38.5746628389258
1656,28.252507,95.781741,764.0,36.25383773744479
1658,28.253915,95.578439,445.0,24.904481044556743
1659,28.254509,95.581558,423.0,19.74869565807571
1660,28.255059,95.576996,460.0,15.042369244334244
1663,28.255703,95.55061,648.0,32.63194030642942
1664,28.255967,95.907144,2542.0,40.19511744351121
1667,28.256434,95.57515,462.0,17.387333467314576
1668,28.25701,95.551656,585.0,16.91651608571675
1669,28.257258,95.777764,649.0,31.501045034844353
1670,28.25736,95.55087,623.0,19.787913812706314
1671,28.257991,95.781619,650.0,24.748625315195834
1672,28.258122,95.55209,550.0,31.744679866591962
1673,28.258144,95.551252,578.0,31.434832006995155
1674,28.25897,96.54433,1693.0,44.456687325172815
1675,28.259524,95.780336,661.0,42.80471223274384
1676,28.259561,95.568965,458.0,18.64821573021375
1677,28.260051,94.984752,286.0,17.775317038209
1679,28.261147,95.567331,474.0,19.188418756936425
1680,28.261379,95.566909,478.0,18.541977963997237
1681,28.261999,95.56626,485.0,23.628423517864423
1682,28.262338,95.565698,472.0,37.29207573526101
1683,28.2625,96.5465,1678.0,37.79331583229016
1684,28.262806,95.565421,469.0,35.63524161504921
1686,28.262989,95.59932,495.0,26.539566558618308
1687,28.263228,95.570962,509.0,40.12351235567568
1690,28.264331,95.565798,498.0,27.372447043216628
1691,28.2646,95.571519,510.0,28.987578250072634
1692,28.264888,95.550575,442.0,58.821682843280364
1693,28.26522,96.57889,1444.0,29.686933196903503
1694,28.265266,95.56964,566.0,28.888369805687372
1695,28.265532,95.549321,513.0,38.93040115948257
1696,28.265561,95.562854,466.0,30.588958163975438
1697,28.265563,95.563438,475.0,26.628589703310887
1698,28.265803,95.570892,540.0,28.82189836411544
1699,28.265836,95.563875,497.0,21.818550314312215
1700,28.265963,94.983464,343.0,18.62703081108459
1701,28.265965,95.560934,405.0,28.462794189425193
1702,28.266271,95.609385,477.0,25.253207609369632
1703,28.266795,95.607261,473.0,15.288517970232027
1704,28.266807,95.789109,862.0,50.60631723920959
1705,28.266889,95.21425,550.0,26.61590170730996
1706,28.267216,95.559542,408.0,27.226347381898258
1707,28.267526,95.561048,528.0,42.82320060047699
1708,28.267726,95.551477,465.0,21.6115960987222
1709,28.26786,96.55781,1655.0,35.03012380867594
1710,28.26814,96.55728,1595.0,40.19511744351121
1711,28.26825,95.555457,521.0,34.090063875331914
1712,28.269062,95.610767,470.0,20.991582376941242
1713,28.269497,94.982531,327.0,32.11261530059655
1714,28.26986,95.610757,477.0,22.090258704050036
1715,28.27138,95.90606,2413.0,46.650791883091465
1716,28.272,95.208417,606.0,29.802413569555988
1717,28.273544,95.789425,787.0,52.92424239355815
1718,28.27378,96.57031,1680.0,50.58260575653108
1719,28.274019,94.962496,349.0,30.588958163975438
1720,28.277716,95.789358,726.0,44.956165404049614
1721,28.280246,94.953896,277.0,43.179189022177525
1722,28.2805,95.201556,651.0,21.954998832237578
1723,28.2823,94.863031,330.0,14.302914425322811
1724,28.28331,96.58094,1706.0,33.89536963300801
1725,28.28386,96.58275,1848.0,35.80301842021218
1726,28.286447,95.920837,2377.0,42.00674000869547
1727,28.287317,94.947651,301.0,38.32881810145589
1728,28.28778,96.57928,1696.0,49.41314174104439
1729,28.289254,95.785468,596.0,32.78110200943605
1730,28.291556,95.199111,678.0,16.2287367059342
1731,28.291703,95.77618,1081.0,39.76607121224395
1732,28.296668,95.92282,2125.0,43.18820521020111
1733,28.297476,95.791016,632.0,31.670097621922785
1734,28.301694,95.195361,654.0,21.80140948635181
1735,28.303771,94.948727,363.0,31.670097621922785
1736,28.308592,95.971041,893.0,31.744679866591962
1737,28.308841,95.973238,899.0,34.6605872943073
1738,28.308943,95.966462,832.0,42.296644439104185
1739,28.309002,95.754702,956.0,40.19511744351121
1740,28.309676,95.967453,782.0,37.76766348645775
1741,28.30984,95.984084,1138.0,19.51118046928032
1742,28.309975,95.952909,1405.0,47.23982449510702
1743,28.3105,95.197472,657.0,19.290046219188735
1744,28.310626,94.675637,323.0,23.56723462203258
1745,28.31085,95.979868,1028.0,34.25055493497398
1746,28.31211,96.61719,1593.0,50.14268712229957
1747,28.312731,95.975665,913.0,33.70658681677467
1748,28.312795,95.97654,911.0,31.744679866591962
1749,28.313528,95.966611,810.0,32.38327563166962
1750,28.314581,95.966345,875.0,35.181649870682044
1751,28.315484,95.982181,964.0,31.91126736185209
1752,28.31658,96.61508,1811.0,26.217612768234883
1753,28.31731,95.956718,1220.0,33.64040940514667
1754,28.319141,95.956918,1242.0,33.3982497427651
1755,28.321143,95.779346,776.0,32.401162502089626
1756,28.32225,95.780295,779.0,46.21942734547494
1757,28.322889,95.203694,709.0,33.10114358966526
1758,28.327545,95.783923,737.0,27.226347381898258
1759,28.330336,95.794313,681.0,38.32881810145589
1760,28.335249,95.788465,777.0,39.12001615700953
1761,28.335376,94.956509,289.0,50.205295576900916
1762,28.33836,95.781715,761.0,29.118936488427924
1763,28.342551,94.987136,450.0,41.59626349791384
1764,28.355501,94.679544,342.0,28.799681652550277
1765,28.359553,95.948576,729.0,49.25346387793085
1766,28.366417,95.221194,599.0,42.6979553057302
1767,28.378694,95.230667,692.0,39.94582490429605
1768,28.384833,95.233806,676.0,28.072486935852957
1769,28.386722,95.240833,663.0,9.321835749415003
1770,28.386806,95.240111,659.0,30.77741947322608
1771,28.38919722,95.92776111,605.0,37.7097934708822
1772,28.399111,95.241361,621.0,29.58124669955053
1773,28.402139,95.243944,601.0,14.959246786437891
1774,28.402417,95.245944,593.0,33.64040940514667
1775,28.412722,95.247722,795.0,21.869859308909426
1776,28.415028,95.247083,806.0,34.62941016850345
1777,28.42636,94.6774,558.0,18.62703081108459
1778,28.427393,94.674582,562.0,11.348119585994183
1779,28.429931,94.6778,544.0,13.421509132977462
1780,28.430622,94.674225,534.0,28.632096976803734
1781,28.434292,95.876106,643.0,33.44025753518539
1782,28.436019,94.668744,504.0,32.667159071642764
1783,28.438898,95.85009,747.0,28.002640063185417
1784,28.439344,94.669332,465.0,22.8781056322946
1785,28.440082,94.66913,463.0,32.03054267172445
1786,28.443016,94.664795,470.0,27.613098503754813
1787,28.443033,94.668074,458.0,31.744679866591962
1788,28.448428,95.855303,849.0,34.34609740006152
1789,28.450374,95.855884,851.0,38.72034490930262
1790,28.452528,95.239333,1055.0,23.11642191920837
1791,28.454481,95.854029,841.0,43.40739703986622
1792,28.455284,95.854018,826.0,38.47064785262626
1793,28.455655,94.680282,389.0,24.242444512172106
1794,28.455769,94.680664,404.0,24.22774531795417
1795,28.457775,95.853489,846.0,34.22658163881948
1796,28.459267,94.680108,423.0,37.7097934708822
1797,28.462314,95.849136,856.0,34.49623729009093
1798,28.464936,95.852312,935.0,45.039733563025486
1799,28.469481,95.849951,863.0,29.020515817031367
1800,28.470167,95.233333,979.0,21.869859308909426
1801,28.471388,95.852234,911.0,48.859165623744616
1802,28.472858,95.858449,820.0,35.98342760298727
1803,28.472863,95.858934,827.0,38.079076328995825
1804,28.472919,95.857932,845.0,42.52930443177325
1805,28.472966,95.857242,844.0,40.51058943733277
1806,28.474093,95.847423,850.0,32.53469816945699
1807,28.476722,95.841356,866.0,48.8350705934919
1808,28.479902,95.839317,843.0,38.97802093380687
1809,28.481108,95.838317,815.0,31.501045034844353
1810,28.484056,95.207056,806.0,19.689673297252913
1811,28.487041,95.848265,845.0,28.888369805687372
1812,28.4875,95.213417,1015.0,25.635076100950123
1813,28.487904,95.84071,752.0,37.29207573526101
1814,28.488264,95.842761,813.0,36.86989764584402
1815,28.489492,95.845459,773.0,32.754877470959904
1816,28.490278,95.203194,942.0,27.565248984490395
1817,28.490519,95.832301,761.0,31.215386668546028
1818,28.490727,95.833473,780.0,33.22063240830351
1819,28.4915,95.202944,950.0,33.02386755579665
1820,28.494378,95.825225,707.0,34.033517274264824
1821,28.497294,95.827044,716.0,38.876655136344326
1822,28.497917,95.191639,879.0,15.36952380130432
1823,28.498405,95.827217,739.0,25.91570359318582
1824,28.498464,95.828278,780.0,38.37211908620569
1826,28.509,95.177639,699.0,24.475819581509896
1827,28.510528,95.177722,715.0,33.05825736162378
1828,28.512056,95.1805,828.0,22.090258704050036
1829,28.514083,95.178278,776.0,28.855167513744334
1830,28.516083,95.178028,807.0,21.260377126997213
1831,28.522806,95.172639,771.0,32.10351627298505
1832,28.527722,95.173556,795.0,24.16881343581011
1833,28.527944,94.309444,1405.0,32.31153323742385
1834,28.528778,95.173278,793.0,29.88589573021274
1835,28.531528,95.050417,475.0,15.36952380130432
1836,28.535474,94.597063,927.0,47.84364748499539
1837,28.540139,95.168667,867.0,20.07880037349212
1838,28.543178,94.633991,720.0,32.401162502089626
1839,28.550472,95.06325,740.0,22.373844274024943
1840,28.550694,95.158333,980.0,12.225122675735754
1841,28.560139,95.149472,1070.0,16.796238729882134
1842,28.56525,95.148333,1083.0,22.61986494804043
1843,28.568694,95.143556,1107.0,27.505240762859906
1844,28.605528,95.105528,1279.0,23.628423517864423
1845,28.606804,95.864088,704.0,35.88986674043215
1846,28.608016,95.854035,815.0,36.147638969088355
1847,28.609263,95.856878,679.0,64.15340249239497
1848,28.609361,95.088583,1205.0,22.07341542334565
1849,28.614667,95.063611,870.0,30.25643716352927
1850,28.615028,95.053306,623.0,13.421509132977462
1852,28.617333,95.049556,579.0,18.541977963997237
1853,28.617667,95.056444,755.0,22.81394173961772
1854,28.618542,95.858124,775.0,35.88986674043215
1855,28.619917,95.057583,838.0,35.63524161504921
1856,28.621593,95.855998,810.0,31.744679866591962
1858,28.622722,95.043528,547.0,30.68841605381868
1859,28.625048,95.857251,822.0,36.211442333800804
1860,28.625114,95.852703,865.0,49.398705354995535
1861,28.626972,95.035722,500.0,22.765646640754472
1862,28.628208,95.85647,817.0,34.15444974731139
1863,28.632361,95.037917,476.0,16.723558006484023
1864,28.633861,95.023806,371.0,32.38327563166962
1866,28.639389,95.033639,445.0,21.47206914335925
1867,28.693837,94.973784,442.0,37.14591448999934
1868,28.694531,95.001999,538.0,24.591248866909307
1869,28.694778,95.001887,524.0,21.869859308909426
1870,28.706748,94.985298,548.0,29.538782259558097
1871,28.716426,94.969346,360.0,27.565248984490395
1872,28.720187,94.971636,413.0,14.273571375658685
1873,28.723166,94.959687,360.0,46.36831390578792
1874,28.729371,94.92012,446.0,19.370844026969944
1875,28.740576,94.867317,451.0,30.41849461159642
1876,28.740874,94.866397,463.0,41.90884788180327
1877,28.744078,94.86976,468.0,29.195082782485805
1878,28.752815,94.893869,649.0,23.97577371272972
1879,28.754928,94.8954,620.0,31.7353754997287
1880,28.760937,95.865649,1298.0,30.498931686310716
1881,28.762661,94.860138,625.0,36.16893488396254
1882,28.763514,95.868872,1318.0,31.58578773967389
1883,28.763802,95.868513,1319.0,26.967504073598892
1884,28.772473,95.867921,1315.0,39.10233716664201
1885,28.77363,95.869239,1307.0,33.698329255184774
1886,28.774623,95.89086,1284.0,38.75655509292031
1887,28.775381,95.898382,1290.0,60.28306227208871
1888,28.775779,95.890362,1233.0,35.98342760298727
1889,28.775918,95.874296,1305.0,20.212632236452095
1890,28.779408,94.859327,754.0,33.10114358966526
1891,28.782426,94.810546,494.0,45.59995887022537
1892,28.783517,95.904106,1280.0,45.01590665809471
1893,28.784231,95.906188,1251.0,20.212632236452095
1894,28.785391,95.892707,1513.0,13.262676008304846
1895,28.786868,95.908637,1316.0,20.80971857959822
1896,28.787001,94.81686,580.0,22.373844274024943
1897,28.787486,94.819425,556.0,19.787913812706314
1898,28.787937,94.820098,556.0,59.42435143078053
1899,28.789647,95.894965,1602.0,24.094842552110705
1900,28.793279,94.848477,1046.0,44.83995509063986
1901,28.800083,94.842265,1004.0,49.023646651463345
1902,28.808133,95.926984,1447.0,19.47122063449069
1903,28.809244,95.92821,1344.0,36.944420390334
1904,28.810126,94.785508,654.0,18.96231828867539
1905,28.813805,95.919362,1592.0,30.856133351956277
1906,28.813905,95.920439,1567.0,29.85463927845754
1907,28.816882,94.791032,698.0,41.10199182161108
1908,28.817009,94.791755,683.0,39.14355704978305
1909,28.817477,95.922181,1585.0,33.862693945765855
1910,28.822521,95.92931,1535.0,14.24415761739711
1911,28.822525,95.93415,1487.0,16.72355800648402
1912,28.823558,95.882966,1659.0,24.16881343581011
1913,28.823766,95.922046,1614.0,25.5133092609215
1914,28.824703,95.93119,1531.0,27.791305644779218
1915,28.827069,95.9225,1655.0,27.432940772267944
1916,28.830097,94.874715,513.0,44.118071683689635
1917,28.830316,95.877843,1579.0,27.62503917921715
1918,28.830919,95.880901,1563.0,31.051293565952417
1919,28.831619,95.882949,1610.0,31.002719133873985
1920,28.831826,95.882841,1622.0,35.62790729142092
1921,28.836083,95.963806,1451.0,19.82702865340817
1923,28.852213,95.863907,1356.0,44.956165404049614
1925,28.858358,95.858469,1393.0,40.424207315150774
1926,28.863017,95.856703,1406.0,37.47617956136138
1927,28.868037,95.983398,1548.0,32.667159071642764
1928,28.871556,95.852732,1450.0,37.53490600791178
1929,28.873622,95.850285,1452.0,27.909048110686054
1930,28.874939,95.981911,1553.0,33.56563872420532
1931,28.87826,95.847156,1417.0,37.7869066377512
1932,28.937833,95.820661,1449.0,3.8140748342903543
1933,28.940482,95.82044,1431.0,30.61885839795703
1934,28.9407,95.82058,1429.0,24.242444512172106
1935,28.963981,95.808627,1546.0,23.444146119861458
1936,27.2575411,93.7963965,294.0,27.238572082130066
1937,27.2858578,93.798472,560.0,32.11261530059655
1938,27.105253,93.825399,172.0,30.17480904438851
1939,27.121136,93.762164,166.0,7.594643368591445
1940,27.121136,93.762164,166.0,7.594643368591445
1941,28.38919722,95.92776111,605.0,37.7097934708822
1942,27.092699,92.58314,520.0,31.12871688801731
1943,27.059755,93.522666,255.0,23.428692808745406
1947,27.059755,93.522666,255.0,23.428692808745406
1969,27.053976,93.494166,223.0,24.932657538079724
1974,27.109398,93.61692,373.0,9.508656426564368
1975,27.084417,92.586622,211.0,39.254893860353654
1976,28.199641,95.811903,846.0,42.108845094207055
1977,28.198566,95.813206,842.0,25.79602649449995
1978,28.194898,95.807336,777.0,43.06601987632945
1979,27.08386,92.587656,222.0,32.9548711795407
1980,28.244256,95.920559,2625.0,39.46369096261305
1981,27.322582,93.048256,736.0,24.475819581509896
1982,27.313874,93.045623,909.0,14.036243467926479
1983,27.311231,93.04677,937.0,21.954998832237578
1985,27.309745,93.047722,988.0,28.553305000609424
1986,27.304291,93.052835,1051.0,31.670097621922785
1987,27.308143,93.059302,1114.0,32.78110200943605
1988,27.301468,93.053244,1172.0,25.5133092609215
1989,27.302253,93.050932,1189.0,21.611596098722195
1990,27.293539,93.050398,1218.0,25.79602649449995
1991,27.296928,93.088111,830.0,42.2822816266301
1992,27.301412,93.051563,1172.0,18.64821573021375
1993,27.311571,93.046703,945.0,25.239401820678914
1995,27.216933,93.066329,1060.0,28.987578250072634
1997,27.162502,93.746553,185.0,20.001783914715944
1998,27.16186,93.747535,180.0,22.373844274024943
2004,27.192865,93.781908,232.0,35.73757406617853
2005,27.194916,93.778683,293.0,16.253917058152773
2006,27.197293,93.782341,236.0,33.821757317608586
2019,27.25649,93.795077,282.0,5.788832299437198
2020,27.257603,93.796335,294.0,27.238572082130066
2021,27.177138,92.576909,1476.0,31.46324153737256
2022,27.178567,92.583154,1453.0,48.82300669721846
2023,27.177138,92.576909,1476.0,31.46324153737256
2024,27.184248,92.579624,1374.0,25.915703593185818
2026,27.113024,93.606339,302.0,14.763132623631552
2027,27.307958,93.498326,1622.0,21.260377126997216
2028,27.318647,92.77855,617.0,39.260731733474245
2029,27.24867,92.737685,1404.0,41.59124928555319
2030,27.288425,92.769407,846.0,47.84364748499539
2031,27.080299,93.574089,313.0,30.68841605381868
2032,27.079763,93.573921,332.0,32.03054267172445
2033,27.078192,93.572402,338.0,26.767512858834905
2034,27.077728,93.57163,332.0,34.017325088918376
2035,27.076582,93.569035,326.0,22.22435314380804
2036,27.069837,93.5542,338.0,30.96375653207352
2037,27.069615,93.550726,353.0,20.66264400478191
2038,27.066648,93.536536,314.0,15.609525869125669
2039,27.213127,92.652213,1034.0,40.14558013326291
2040,27.062298,93.531487,282.0,24.16881343581011
2041,27.053976,93.494166,223.0,24.932657538079724
2042,27.2594,93.796312,324.0,29.260073022738787
2043,27.267809,93.801259,379.0,27.238572082130066
2044,27.269714,93.802353,417.0,31.311156133255537
2045,27.270257,93.798647,415.0,32.11261530059655
2046,27.274387,93.797815,459.0,23.021526638116164
2047,28.139996,95.259634,568.0,39.44639778779632
2049,27.622016,93.841176,1631.0,27.755818170577996
2050,27.622973,93.841316,1654.0,32.03054267172445
2051,27.623829,93.841776,1670.0,25.239401820678914
2052,27.623885,93.841824,1655.0,32.91160083273797
2053,27.631,93.8465,1725.0,23.021526638116164
2054,27.633,93.8464,1722.0,18.130932944052347
2055,27.636624,93.8485,1773.0,20.097992628721148
2056,27.6369,93.853,1805.0,18.434948822922014
2057,27.6375,93.8555,1818.0,19.74869565807571
2058,27.6387,93.8551,1796.0,13.16632060042364
2059,27.6384,93.8578,1801.0,18.96231828867539
2060,27.64,93.858,1818.0,28.002640063185417
2061,27.6478,93.8737,1662.0,27.226347381898258
2062,27.6402,93.8628,1775.0,12.638224684699054
2063,27.6394,93.8708,1733.0,28.553305000609424
2064,27.6451,93.8706,1672.0,22.636129876883253
2065,27.649,93.8744,1645.0,35.86819845525075
2066,27.6549,93.8759,1591.0,28.037600489728426
2067,27.66,93.8799,1595.0,36.944420390334
2068,27.6607,93.8833,1545.0,31.576393336997814
2069,27.6756,93.8837,1377.0,25.267001648248186
2070,27.6784,93.9026,1291.0,31.12871688801731
2071,27.6712,93.8974,1327.0,19.47122063449069
2072,27.7621,94.0563,728.0,36.345312673574405
2073,27.763,94.037,484.0,27.372447043216635
2074,27.7306,93.9767,520.0,45.9986541689766
2075,27.7257,93.9656,537.0,19.12710170142385
2076,27.7231,93.9587,575.0,28.462794189425193
2077,27.7182,93.947,661.0,33.16099672886019
2078,27.099285,93.614766,375.0,14.535165207979569
2079,27.086102,93.596625,270.0,3.4389123953782974
2080,27.715081,94.692035,268.0,23.021526638116164
17975,22.873558,92.755953,1075.0,21.869859308909426
17976,23.95,94.07,1020.0,11.795709540896548
17977,23.95,94.07,1020.0,11.795709540896548
17978,23.95,94.06,1265.0,23.750100573474086
17979,23.95,94.06,1265.0,23.750100573474086
17980,23.96,94.06,1133.0,28.587119037972805
17981,23.96,94.06,1133.0,28.587119037972805
17982,23.97,93.95,1586.0,28.176705590951745
17983,23.97,94.04,1167.0,15.896959679954522
17984,23.98,93.55,809.0,9.508656426564368
17985,23.98,93.55,809.0,9.508656426564368
17986,23.98,93.99,1364.0,27.360321545332805
17987,23.98,94.02,1112.0,8.735690934280582
17988,23.98,94.03,1469.0,12.53638838286113
17989,23.98,94.03,1469.0,12.53638838286113
17990,23.98,94.03,1469.0,12.53638838286113
17991,23.98,94.03,1469.0,12.53638838286113
17992,23.98,94.02,1112.0,8.735690934280582
17993,23.99,93.55,794.0,20.001783914715944
17994,23.99,93.94,1595.0,34.62941016850345
17995,23.99,93.94,1595.0,34.62941016850345
17996,23.99,94.04,1233.0,24.16881343581011
17997,23.99,94.0,1314.0,41.63631743255716
17998,24.0,93.56,723.0,3.4389123953782974
17999,24.0,93.55,915.0,29.802413569555988
18000,24.0,93.55,915.0,29.802413569555988
18001,24.0,93.97,1603.0,38.31642449920507
18002,24.0,93.99,1097.0,12.225122675735753
18003,24.0,93.98,1510.0,19.74869565807571
18004,24.0,93.55,915.0,29.802413569555988
18005,24.0,93.98,1510.0,19.74869565807571
18006,24.0,93.99,1097.0,12.225122675735753
18007,24.0,94.0,1138.0,36.232654007001685
18008,24.0,93.82,1191.0,30.020661922564646
18009,24.0,94.0,1138.0,36.232654007001685
18010,24.01,93.55,796.0,32.754877470959904
18011,24.01,93.99,1242.0,30.41849461159642
18012,24.01,93.96,1639.0,23.628423517864423
18013,24.01,93.98,1175.0,31.91126736185209
18014,24.01,93.97,1307.0,16.428860704621638
18015,24.01,93.98,1175.0,31.91126736185209
18016,24.01,93.99,1242.0,30.41849461159642
18017,24.01,93.99,1242.0,30.41849461159642
18018,24.01,93.97,1307.0,16.428860704621638
18019,24.01,93.97,1307.0,16.428860704621638
18020,24.02,93.57,716.0,3.4389123953782974
18021,24.02,93.56,789.0,27.432940772267944
18022,24.02,93.56,789.0,27.432940772267944
18023,24.02,93.97,1164.0,33.28852313430615
18024,24.03,93.57,828.0,12.604382648379184
18025,24.03,93.57,828.0,12.604382648379184
18026,24.03,93.81,1268.0,11.309932474020215
18027,24.04,94.08,973.0,24.805474401698422
18028,24.05,93.57,730.0,15.042369244334244
18029,24.05,94.07,1141.0,34.62941016850345
18030,24.05,94.07,1141.0,34.62941016850345
18031,24.05,94.07,1141.0,34.62941016850345
18032,24.06,93.28,666.0,34.017325088918376
18033,24.06,93.57,788.0,14.592550602033427
18034,24.06,94.05,1126.0,34.730518200788445
18035,24.06,94.04,1130.0,30.266612409654883
18036,24.06,94.02,1066.0,25.267001648248186
18037,24.06,94.03,1291.0,24.242444512172106
18038,24.07,94.03,1017.0,30.68841605381868
18039,24.08,93.89,1116.0,27.791305644779218
18040,24.08,94.03,1006.0,20.846265656650555
18041,24.09,93.9,1009.0,12.772578169490426
18042,24.09,93.91,1163.0,8.735690934280582
18043,24.09,94.02,1466.0,24.8479801794304
18044,24.09,94.02,1466.0,24.8479801794304
18045,24.09,94.02,1466.0,24.8479801794304
18046,24.09,94.02,1466.0,24.8479801794304
18047,24.09,94.15,861.0,23.428692808745403
18048,24.09,94.15,861.0,23.428692808745403
18049,24.09,94.03,1249.0,32.401162502089626
18050,24.09,94.04,1126.0,23.11642191920837
18051,24.09,94.03,1249.0,32.401162502089626
18052,24.09,94.04,1126.0,23.11642191920837
18053,24.09,94.04,1126.0,23.11642191920837
18054,24.09,94.04,1126.0,23.11642191920837
18055,24.09,94.02,1466.0,24.8479801794304
18056,24.09,94.04,1126.0,23.11642191920837
18057,24.09,94.02,1466.0,24.8479801794304
18058,24.09,94.03,1249.0,32.401162502089626
18059,24.1,93.28,1184.0,25.5133092609215
18060,24.1,93.29,1241.0,37.87640024160826
18061,24.1,93.57,793.0,13.515781057664528
18062,24.1,93.57,793.0,13.515781057664528
18063,24.1,93.5,847.0,27.238572082130066
18064,24.1,93.51,921.0,8.582483688827132
18065,24.1,93.96,1599.0,20.532771786488425
18066,24.1,93.9,981.0,24.359555875506427
18067,24.1,93.95,1497.0,23.021526638116164
18068,24.1,94.04,1267.0,27.791305644779218
18069,24.1,94.02,1696.0,23.490416068641593
18070,24.1,94.03,1413.0,31.993934384330498
18071,24.1,94.03,1413.0,31.993934384330498
18072,24.1,94.03,1413.0,31.993934384330498
18073,24.1,94.03,1413.0,31.993934384330498
18074,24.1,94.03,1413.0,31.993934384330498
18075,24.1,94.04,1267.0,27.791305644779218
18076,24.1,94.07,916.0,37.23908117204727
18077,24.11,93.32,636.0,33.05825736162379
18078,24.11,93.53,661.0,17.01197993242201
18079,24.11,93.52,823.0,30.80698111710518
18080,24.11,93.58,846.0,3.931095784160226
18081,24.11,93.91,1215.0,23.11642191920837
18082,24.11,94.13,944.0,10.555380466061173
18083,24.11,94.02,1477.0,9.462322208025618
18084,24.12,93.29,1145.0,26.93019100092878
18085,24.12,93.58,1002.0,30.05160649070701
18086,24.12,93.58,1002.0,30.05160649070701
18087,24.12,94.13,845.0,22.423358559286118
18088,24.12,94.07,1329.0,33.490525189983416
18089,24.12,94.05,1303.0,14.763132623631552
18090,24.12,94.02,1281.0,22.373844274024943
18091,24.12,94.07,1329.0,33.490525189983416
18092,24.12,94.07,1329.0,33.490525189983416
18093,24.12,94.07,1329.0,33.490525189983416
18094,24.13,93.48,718.0,5.128711509483252
18095,24.13,93.48,718.0,5.128711509483252
18096,24.13,93.29,1026.0,20.973493421320807
18097,24.13,93.29,1026.0,20.973493421320807
18098,24.13,93.48,718.0,5.128711509483252
18099,24.13,93.99,1285.0,12.772578169490426
18100,24.13,94.0,1030.0,16.228736705934203
18101,24.13,94.13,586.0,11.648634944412734
18102,24.13,94.12,881.0,24.748625315195834
18103,24.13,94.12,881.0,24.748625315195834
18104,24.13,94.11,935.0,20.532771786488425
18105,24.13,94.11,935.0,20.532771786488425
18106,24.13,94.07,1487.0,42.00674000869547
18107,24.13,94.07,1487.0,42.00674000869547
18108,24.13,94.07,1487.0,42.00674000869547
18109,24.13,94.07,1487.0,42.00674000869547
18110,24.13,94.06,1426.0,29.538782259558097
18111,24.14,93.38,1188.0,13.262676008304846
18112,24.14,93.47,864.0,34.74601766541864
18113,24.14,93.47,864.0,34.74601766541864
18114,24.14,93.47,864.0,34.74601766541864
18115,24.14,93.45,1291.0,22.8781056322946
18116,24.14,93.42,693.0,27.755818170577996
18117,24.14,93.57,777.0,28.987578250072634
18118,24.14,93.57,777.0,28.987578250072634
18119,24.14,93.93,952.0,15.288517970232027
18120,24.14,93.93,952.0,15.288517970232027
18121,24.14,94.07,1452.0,29.802413569555988
18122,24.14,94.01,1132.0,20.80971857959822
18123,24.15,93.3,1376.0,16.527811501531776
18124,24.15,93.3,1376.0,16.527811501531776
18125,24.15,93.3,1376.0,16.527811501531776
18126,24.15,93.58,1003.0,29.549408596501117
18127,24.15,93.58,1003.0,29.549408596501117
18128,24.15,93.55,642.0,27.990970091758022
18129,24.15,93.58,1003.0,29.549408596501117
18130,24.15,94.1,1049.0,24.8479801794304
18131,24.15,94.1,1049.0,24.8479801794304
18132,24.15,94.1,1049.0,24.8479801794304
18133,24.15,94.08,1709.0,23.397741000263863
18134,24.15,94.1,1049.0,24.8479801794304
18135,24.15,94.1,1049.0,24.8479801794304
18136,24.16,93.3,1065.0,20.607120971804857
18137,24.16,93.31,1052.0,35.181649870682044
18138,24.16,93.97,1276.0,21.971970836813973
18139,24.16,93.96,1501.0,35.63524161504921
18140,24.16,93.95,1519.0,21.260377126997216
18141,24.16,93.95,1519.0,21.260377126997216
18142,24.16,93.95,1519.0,21.260377126997216
18143,24.17,93.3,1155.0,35.80301842021218
18144,24.17,93.58,962.0,14.15548761586253
18145,24.17,93.58,962.0,14.15548761586253
18146,24.17,93.58,962.0,14.15548761586253
18147,24.17,93.58,962.0,14.15548761586253
18148,24.17,93.58,962.0,14.15548761586253
18149,24.17,93.58,962.0,14.15548761586253
18150,24.17,93.59,1151.0,15.922779458176539
18151,24.17,93.58,962.0,14.15548761586253
18152,24.17,93.58,962.0,14.15548761586253
18153,24.17,93.93,1508.0,27.909048110686058
18154,24.18,93.6,1093.0,10.759583898850556
18155,24.18,93.56,693.0,15.36952380130432
18156,24.18,93.59,1130.0,18.541977963997237
18157,24.18,93.6,1093.0,10.759583898850556
18158,24.18,93.9,806.0,6.0172848640320336
18159,24.18,93.99,924.0,15.36952380130432
18160,24.18,94.07,1139.0,28.405971880095237
18161,24.19,93.4,1033.0,19.370844026969944
18162,24.19,93.97,871.0,33.698329255184774
18163,24.19,93.97,871.0,33.698329255184774
18164,24.19,94.11,1347.0,36.944420390334
18165,24.19,94.02,1314.0,24.242444512172103
18166,24.19,94.2,787.0,25.016893478100023
18167,24.19,94.19,915.0,24.748625315195834
18168,24.19,94.01,1252.0,25.635076100950123
18169,24.2,93.53,1027.0,16.527811501531776
18170,24.2,93.22,1266.0,34.815583037866574
18171,24.2,94.1,1265.0,27.360321545332805
18172,24.2,94.1,1265.0,27.360321545332805
18173,24.2,94.2,714.0,16.723558006484023
18174,24.2,94.2,714.0,16.723558006484023
18175,24.21,93.21,852.0,27.791305644779218
18176,24.21,93.21,852.0,27.791305644779218
18177,24.21,93.21,852.0,27.791305644779218
18178,24.21,93.3,886.0,22.090258704050036
18179,24.21,93.29,986.0,38.17319333803386
18180,24.21,93.28,1271.0,13.069151942759
18181,24.21,94.22,586.0,18.520635899770767
18182,24.22,93.2,819.0,42.325328773309415
18183,24.22,93.3,941.0,21.835672195716146
18184,24.22,93.3,941.0,21.835672195716146
18185,24.22,93.88,818.0,21.04572088407583
18186,24.22,94.24,603.0,5.788832299437198
18187,24.22,94.09,1604.0,37.671095800679176
18188,24.22,94.09,1604.0,37.671095800679176
18189,24.22,94.11,1158.0,24.359555875506427
18190,24.22,94.07,1623.0,28.037600489728426
18191,24.22,94.08,1401.0,29.686933196903503
18192,24.22,94.08,1401.0,29.686933196903503
18193,24.22,94.08,1401.0,29.686933196903503
18194,24.22,94.09,1604.0,37.671095800679176
18195,24.22,94.26,353.0,20.001783914715944
18196,24.23,93.09,929.0,18.96231828867539
18197,24.23,93.08,754.0,40.91438322002513
18198,24.23,93.08,754.0,40.91438322002513
18199,24.23,93.08,754.0,40.91438322002513
18200,24.23,93.19,941.0,16.72355800648402
18201,24.23,93.93,901.0,18.456418645243215
18202,24.23,93.94,998.0,20.001783914715944
18203,24.24,93.1,800.0,2.1342998941463125
18204,24.24,93.18,843.0,22.423358559286118
18205,24.24,93.1,800.0,2.1342998941463125
18206,24.24,93.19,1038.0,29.195082782485805
18207,24.24,93.19,1038.0,29.195082782485805
18208,24.24,93.85,777.0,5.788832299437198
18209,24.24,94.08,837.0,10.176527410054078
18210,24.246228,94.070389,1312.0,33.56563872420532
18211,24.25,93.66,860.0,3.8140748342903543
18212,24.25,94.08,1179.0,29.88589573021274
18213,24.25,94.07,1493.0,30.508958866202807
18214,24.2504,94.096483,1047.0,15.179705807856672
18215,24.250722,94.073861,1353.0,30.20546681961666
18216,24.251011,94.0873,991.0,34.846405699136405
18217,24.253611,94.100258,1034.0,40.3862618378815
18218,24.256583,94.093111,1288.0,28.632096976803734
18219,24.25806,94.28722,314.0,27.565248984490395
18220,24.26,93.1,682.0,25.8493248967401
18221,24.26,93.1,682.0,25.8493248967401
18222,24.264317,94.096472,1338.0,21.835672195716146
18223,24.264333,94.283806,390.0,18.62703081108459
18224,24.267194,94.111889,1203.0,13.16632060042364
18225,24.267658,94.117506,1222.0,26.269553396535294
18226,24.267872,94.117978,1204.0,31.51991437453672
18227,24.267944,94.111556,1228.0,15.42324502154344
18228,24.268022,94.120806,1212.0,27.33604368814356
18229,24.268528,94.103861,1269.0,50.40202145437948
18230,24.269144,94.107397,1249.0,28.987578250072634
18231,24.27,93.18,759.0,29.88589573021274
18232,24.27,93.11,749.0,27.909048110686054
18233,24.27,93.67,824.0,4.262693045214654
18234,24.270806,94.125139,1156.0,33.821757317608586
18235,24.271528,94.125667,1209.0,22.684823831912844
18236,24.272667,94.075083,1459.0,24.74862531519583
18237,24.272722,94.075111,1459.0,24.74862531519583
18238,24.27705,94.070089,1177.0,14.066164922222868
18239,24.277639,94.127278,1244.0,20.07880037349212
18240,24.279575,94.077164,1344.0,17.29444852858009
18241,24.28,93.18,743.0,25.156319133694215
18242,24.28,93.11,747.0,31.311156133255537
18243,24.28,93.11,747.0,31.311156133255537
18244,24.28,93.68,851.0,15.793169048263966
18245,24.280472,94.073833,1419.0,14.931417178137552
18246,24.284222,94.2805,526.0,14.506372352544124
18247,24.285722,94.128222,1284.0,37.81892671564865
18248,24.28575,94.128222,1284.0,37.81892671564865
18249,24.287361,94.022917,1191.0,4.763641690726178
18250,24.289019,94.073331,1368.0,23.069045509039658
18251,24.289333,94.277139,618.0,16.72355800648402
18252,24.29,93.12,745.0,19.82702865340817
18253,24.29,93.11,570.0,27.505240762859906
18254,24.29,93.12,745.0,19.82702865340817
18255,24.29,93.68,822.0,2.1342998941463125
18256,24.290714,94.038094,1089.0,15.81919394750014
18257,24.291028,94.124056,1319.0,19.370844026969944
18258,24.291139,94.276139,594.0,22.636129876883253
18259,24.298028,94.123583,1302.0,33.70658681677467
18260,24.3,93.69,816.0,1.3502244696996157
18261,24.3,93.84,835.0,18.520635899770767
18262,24.3,93.84,835.0,18.520635899770767
18263,24.301528,94.017972,1195.0,20.82800310374709
18264,24.301806,94.059917,1316.0,27.62503917921715
18265,24.303083,94.245056,695.0,20.212632236452095
18266,24.304417,94.243889,702.0,23.3822424378352
18267,24.309861,94.234639,534.0,16.601549599020238
18268,24.31,93.13,808.0,13.03657849691309
18269,24.31,93.12,624.0,26.967504073598892
18270,24.31,93.12,624.0,26.967504073598892
18271,24.31,93.18,692.0,23.750100573474086
18272,24.313111,94.230444,514.0,16.69924423399362
18273,24.314194,93.928861,1190.0,30.337664384844906
18274,24.314333,93.931361,1221.0,16.723558006484023
18275,24.316528,94.138083,1266.0,31.80039615270397
18276,24.316639,94.138139,1266.0,31.80039615270397
18277,24.317619,94.003678,1082.0,30.010334187691758
18278,24.317833,94.144667,1262.0,27.33604368814356
18279,24.32,93.15,733.0,14.036243467926479
18280,24.32,93.15,733.0,14.036243467926479
18281,24.32,93.14,707.0,26.217612768234883
18282,24.32,93.14,707.0,26.217612768234883
18283,24.32,93.16,728.0,31.205779114725832
18284,24.32,93.36,769.0,46.93804858054488
18285,24.32,93.28,739.0,23.628423517864423
18286,24.32,93.74,902.0,28.553305000609424
18287,24.32,93.74,902.0,28.553305000609424
18288,24.32,93.74,902.0,28.553305000609424
18289,24.32,93.75,849.0,22.668609279892422
18290,24.32,93.75,849.0,22.668609279892422
18291,24.32,93.76,887.0,23.3822424378352
18292,24.32,93.79,932.0,26.20460176321736
18293,24.321889,94.147306,1267.0,24.38870074689113
18294,24.3225,94.23361,417.0,18.96231828867539
18295,24.322917,94.151,1210.0,22.61986494804043
18296,24.323361,94.143556,1265.0,25.03089023333195
18297,24.33,93.15,524.0,25.88918455713453
18298,24.33,93.16,829.0,33.698329255184774
18299,24.33,93.15,524.0,25.88918455713453
18300,24.33,93.15,524.0,25.88918455713453
18301,24.33,93.3,483.0,15.288517970232027
18302,24.33,93.66,1056.0,11.648634944412734
18303,24.33,93.55,1025.0,16.72355800648402
18304,24.33,93.67,939.0,7.6530487205434135
18305,24.33,93.53,1361.0,13.421509132977462
18306,24.33,93.55,1025.0,16.72355800648402
18307,24.34,94.22444,670.0,25.03089023333195
18308,24.34,93.31,388.0,22.862089144234922
18309,24.34,93.32,318.0,16.253917058152773
18310,24.34,93.66,1058.0,10.430760195064721
18311,24.34,93.66,1058.0,10.430760195064721
18312,24.34,93.66,1058.0,10.430760195064721
18313,24.34,93.66,1058.0,10.430760195064721
18314,24.34,93.66,1058.0,10.430760195064721
18315,24.34,93.66,1058.0,10.430760195064721
18316,24.34,93.66,1058.0,10.430760195064721
18317,24.34,93.66,1058.0,10.430760195064721
18318,24.34,93.66,1058.0,10.430760195064721
18319,24.34,93.62,1176.0,31.809663934881115
18320,24.340028,93.977472,938.0,13.915808695897175
18321,24.346028,93.954583,1232.0,13.915808695897175
18322,24.35,93.28,592.0,27.226347381898258
18323,24.35,93.51,942.0,20.607120971804857
18324,24.35,93.66,1171.0,11.461836902818336
18325,24.35,93.66,1171.0,11.461836902818336
18326,24.35,93.66,1171.0,11.461836902818336
18327,24.35,93.66,1171.0,11.461836902818336
18328,24.35,93.67,1097.0,25.03089023333195
18329,24.35,93.67,1097.0,25.03089023333195
18330,24.35,93.67,1097.0,25.03089023333195
18331,24.35,93.66,1171.0,11.461836902818336
18332,24.35,93.54,1101.0,12.225122675735754
18333,24.35,93.53,1124.0,16.601549599020238
18334,24.35,93.51,942.0,20.607120971804857
18335,24.354814,94.258094,832.0,33.46541063428238
18336,24.36,93.27,461.0,37.038767555809535
18337,24.36,93.54,1217.0,3.8140748342903543
18338,24.36,93.65,1167.0,24.805474401698422
18339,24.36,93.54,1217.0,3.8140748342903543
18340,24.364861,94.174139,1153.0,28.222814437179903
18341,24.365611,94.1665,1212.0,36.97817981978636
18342,24.366806,94.163389,1197.0,18.64821573021375
18343,24.37,93.52,995.0,1.9091524329963763
18344,24.37,93.26,347.0,22.81394173961772
18345,24.37,93.5,840.0,6.379370208442804
18346,24.37,93.72,819.0,13.134022306396323
18347,24.379417,94.154139,1349.0,6.379370208442804
18348,24.381906,94.213136,914.0,28.084099366691156
18349,24.387658,94.151683,1322.0,26.539566558618308
18350,24.387708,94.155764,1215.0,23.397741000263863
18351,24.391361,94.154361,1312.0,16.2287367059342
18352,24.391583,94.085806,1399.0,13.515781057664528
18353,24.404167,94.156667,1256.0,21.260377126997213
18354,24.40639,94.06583,1196.0,18.370345512861498
18355,24.407989,94.240544,783.0,29.118936488427924
18356,24.408672,94.245139,728.0,28.732851681077435
18357,24.416167,94.176167,1330.0,12.225122675735754
18358,24.4165,94.176944,1341.0,13.03657849691309
18359,24.417667,94.176806,1346.0,24.904481044556743
18360,24.419611,94.182722,1312.0,36.26089278326507
18361,24.42,93.84,771.0,3.8140748342903543
18362,24.43,93.85,771.0,2.698950908923438
18363,24.431056,94.259028,1225.0,34.37782091784768
18364,24.433611,94.249544,1336.0,26.113233272206745
18365,24.433611,94.250611,1299.0,31.002719133873985
18366,24.433972,94.249278,1329.0,30.508958866202807
18367,24.437169,94.18495,1420.0,39.79429568756374
18368,24.439842,94.184347,1455.0,32.98940559251087
18369,24.440033,94.184122,1458.0,33.296989754761654
18370,24.441683,94.179211,1454.0,25.03089023333195
18371,24.444011,94.173489,1500.0,31.91126736185209
18372,24.444067,94.169767,1499.0,38.079076328995825
18373,24.445222,94.230583,1360.0,17.224372940700082
18374,24.4455,94.229722,1374.0,29.686933196903503
18375,24.449306,94.221778,1475.0,20.973493421320807
18376,24.454953,94.225406,1466.0,27.17735741799749
18377,24.456464,94.226856,1435.0,37.99705220207771
18378,24.4588,94.223469,1435.0,30.856133351956277
18379,24.462958,94.233667,1342.0,38.519681814973914
18380,24.489728,94.191686,1242.0,21.869859308909426
18381,24.490983,94.16515,1430.0,36.86989764584402
18382,24.491667,94.160889,1541.0,32.57012547147069
18383,24.491669,94.163786,1498.0,33.590600231227405
18384,24.492333,94.143361,1284.0,27.909048110686058
18385,24.493294,94.179533,1412.0,35.45087793804301
18386,24.495,94.186181,1219.0,29.549408596501117
18387,24.496792,94.141878,1477.0,31.670097621922785
18388,24.497622,94.180403,1409.0,33.26309702272514
18389,24.499014,94.154514,1432.0,21.419418908984124
18390,24.499972,94.195769,1067.0,29.707989691713134
18391,24.5,93.12,555.0,40.424207315150774
18392,24.501367,94.192292,1143.0,27.078936947526696
18393,24.506317,94.180147,1508.0,25.79602649449995
18394,24.506528,94.180389,1516.0,22.423358559286118
18395,24.51,93.12,731.0,28.82189836411544
18396,24.52,93.09,180.0,29.205932247399417
18397,24.52,93.09,180.0,29.205932247399417
18398,24.52,93.09,180.0,29.205932247399417
18399,24.52,93.09,180.0,29.205932247399417
18400,24.52,93.08,252.0,11.499465999742787
18403,24.52,93.07,189.0,6.379370208442804
18404,24.52,93.11,482.0,30.25643716352927
18405,24.52,93.11,482.0,30.25643716352927
18406,24.52,93.1,414.0,38.83472475633398
18407,24.52,93.09,180.0,29.205932247399417
18408,24.52,93.09,180.0,29.205932247399417
18409,24.52,93.8,774.0,5.128711509483252
18410,24.528778,94.156667,904.0,18.96231828867539
18411,24.53,93.08,85.0,12.225122675735754
18412,24.53,93.07,131.0,20.973493421320807
18413,24.534017,93.680433,1005.0,25.07280797783953
18414,24.536556,93.670047,1124.0,37.19921925289739
18415,24.538817,93.676767,883.0,51.34019174590991
18416,24.54,93.11,297.0,22.765646640754472
18417,24.543806,93.676528,1062.0,32.212374446006656
18418,24.544361,93.674917,1052.0,36.36634852599243
18419,24.5465,93.671667,1053.0,35.113638216485604
18420,24.548053,93.709739,1214.0,31.744679866591962
18421,24.549256,93.667681,1078.0,28.084099366691156
18422,24.549944,93.668361,1106.0,38.81071405226977
18423,24.553572,93.711317,1085.0,16.2287367059342
18424,24.553917,94.091167,995.0,22.423358559286118
18425,24.595972,93.721889,949.0,25.5133092609215
18426,24.599333,93.689722,957.0,27.372447043216635
18427,24.599639,94.358694,1119.0,30.266612409654883
18428,24.599858,93.725225,1037.0,37.7869066377512
18429,24.600083,93.725528,1024.0,35.65722463378061
18430,24.600231,93.695483,1106.0,30.588958163975438
18431,24.607528,93.713778,1185.0,40.93534296900471
18432,24.607745,94.342873,1118.0,35.88986674043215
18433,24.612372,93.670775,634.0,23.81059263950923
18434,24.612992,93.670236,656.0,18.64821573021375
18435,24.613545,94.33124,1207.0,31.244175851188178
18436,24.614883,93.696186,1455.0,34.21858270764895
18437,24.615033,93.695917,1450.0,32.10351627298505
18438,24.615083,93.696844,1468.0,26.56505117707799
18439,24.618157,94.309379,1217.0,36.00494166156304
18440,24.618583,94.308778,1236.0,42.28707076239239
18441,24.618889,93.705833,1452.0,24.475819581509896
18442,24.62,93.17,356.0,25.07280797783953
18443,24.624944,93.691556,1349.0,37.96539079113361
18444,24.62595,93.692953,1357.0,30.528995003825997
18445,24.626389,93.604389,911.0,25.34952033151192
18446,24.626833,93.709444,1457.0,26.360054096082706
18447,24.62775,93.604611,908.0,22.684823831912844
18448,24.628,93.603944,944.0,24.286461463040197
18449,24.628361,93.604917,902.0,27.791305644779218
18450,24.629861,93.695278,1367.0,34.74601766541864
18451,24.630083,93.606139,904.0,23.490416068641593
18452,24.631861,93.721889,1327.0,19.290046219188735
18453,24.633083,93.610222,846.0,18.64821573021375
18454,24.634278,93.719639,1354.0,16.051123667414398
18455,24.635389,93.719194,1370.0,20.991582376941242
18456,24.636444,93.606694,978.0,36.42929126949838
18457,24.637278,94.1725,1482.0,23.3822424378352
18458,24.637769,93.612292,790.0,35.02251023762291
18459,24.637806,93.69075,1310.0,39.382824503168585
18460,24.63875,93.611278,818.0,20.532771786488425
18461,24.639,93.611556,807.0,21.83567219571615
18462,24.639311,93.691111,1272.0,30.508958866202807
18463,24.639361,93.659444,808.0,29.506862217331054
18464,24.639722,93.612222,809.0,30.588958163975438
18465,24.639806,93.691333,1280.0,34.033517274264824
18466,24.640072,93.627392,453.0,35.47311285748566
18467,24.640639,93.620311,565.0,30.418494611596426
18468,24.641194,93.594472,1105.0,29.51750907883067
18469,24.641369,93.623008,516.0,16.72355800648402
18470,24.641417,93.596611,1073.0,39.23736711340155
18471,24.641444,93.691639,1266.0,21.260377126997216
18472,24.641528,93.623694,518.0,24.242444512172106
18473,24.641747,93.640183,515.0,9.64622531297678
18474,24.64175,93.623222,518.0,19.47122063449069
18475,24.642722,93.602083,1037.0,29.58124669955053
18476,24.644889,93.619583,749.0,27.372447043216628
18477,24.645275,93.628828,479.0,36.944420390334
18478,24.645686,94.38249,649.0,41.8498054711492
18479,24.646197,93.671856,964.0,25.267001648248186
18480,24.646969,93.672364,977.0,27.372447043216628
18481,24.647011,93.672828,975.0,23.567234622032583
18482,24.649492,93.679522,1045.0,24.475819581509896
18483,24.6525,93.676,1280.0,26.967504073598892
18484,24.652556,94.389194,696.0,36.505887632648864
18485,24.653156,93.646406,601.0,19.310287408745566
18486,24.655226,94.292756,1129.0,33.590600231227405
18487,24.656306,93.580806,1083.0,39.94582490429605
18488,24.658206,93.625503,389.0,19.12710170142385
18489,24.660825,93.632156,536.0,29.88589573021274
18490,24.662664,93.62825,590.0,26.217612768234883
18491,24.663889,93.679056,1369.0,41.455233544405125
18492,24.664694,93.532361,727.0,22.22435314380804
18493,24.664707,94.29025,1243.0,34.543363929709116
18494,24.664737,94.290345,1243.0,34.543363929709116
18495,24.667778,93.676944,1393.0,27.62503917921715
18496,24.668389,94.285472,1253.0,34.730518200788445
18497,24.672316,94.26374,1095.0,29.118936488427924
18498,24.672406,93.696858,936.0,20.991582376941242
18499,24.672569,93.6973,939.0,19.787913812706314
18500,24.6735,94.270702,1320.0,29.927479327463576
18501,24.673582,94.270534,1305.0,28.037600489728426
18502,24.676078,94.253133,1025.0,30.508958866202807
18503,24.676323,94.253976,971.0,29.63417437185607
18504,24.677303,94.253445,988.0,31.966424730373205
18505,24.67916,94.252632,1046.0,53.825052245145784
18506,24.679639,93.669667,1330.0,24.359555875506427
18507,24.68,93.11,45.0,3.8140748342903543
18508,24.682167,94.138111,856.0,31.002719133873992
18509,24.682778,94.140056,888.0,22.22435314380804
18510,24.682833,94.269306,1409.0,3.4389123953782974
18511,24.683139,93.696258,1082.0,20.532771786488425
18512,24.683139,94.400917,894.0,24.932657538079724
18513,24.683238,94.267283,1432.0,29.88589573021274
18514,24.683944,94.172778,916.0,36.944420390334
18515,24.684625,94.264253,1411.0,33.56563872420532
18516,24.685,94.171278,907.0,37.671095800679176
18517,24.685056,93.669,1295.0,32.35640884426763
18518,24.686028,94.145444,846.0,27.565248984490395
18519,24.68625,94.170694,913.0,21.47206914335925
18520,24.686417,94.153333,864.0,25.03089023333195
18521,24.686651,94.258667,1372.0,42.80471223274384
18522,24.686833,94.2605,1374.0,34.369895822693806
18523,24.687667,94.267306,1452.0,31.244175851188178
18524,24.689139,94.165472,885.0,15.36952380130432
18525,24.689806,93.522583,743.0,22.423358559286118
18526,24.69,93.12,172.0,18.434948822922014
18527,24.691389,94.255917,1485.0,28.82189836411544
18528,24.691944,94.250333,1483.0,11.348119585994183
18529,24.692373,94.257477,1447.0,36.055029684428945
18530,24.692906,94.258355,1454.0,26.56505117707799
18531,24.69325,94.259444,1459.0,32.74612665551688
18532,24.698392,93.644183,860.0,19.290046219188735
18533,24.699761,93.650047,859.0,24.691575152551952
18534,24.700278,94.197611,1224.0,22.61986494804043
18535,24.700417,94.199306,1293.0,41.50070806498084
18536,24.702722,94.198722,1261.0,31.809663934881115
18537,24.704083,94.187361,1248.0,21.83567219571615
18538,24.708417,94.198278,1314.0,22.489134862284537
18539,24.709111,94.198528,1331.0,36.815480279408405
18540,24.7135,94.199417,1393.0,51.34019174590991
18541,24.714343,94.360864,1215.0,34.815583037866574
18542,24.71475,94.217917,1563.0,30.498931686310716
18543,24.717889,94.2235,1604.0,25.156319133694215
18544,24.718567,93.500017,200.0,21.86985930890943
18545,24.718914,93.508378,316.0,50.26489938424074
18546,24.719214,93.508903,291.0,47.555019801010566
18547,24.719397,93.509003,315.0,41.10199182161108
18548,24.72,93.18,251.0,20.155422119735228
18549,24.72,93.18,251.0,20.155422119735228
18550,24.72,93.18,251.0,20.155422119735228
18551,24.72,93.18,251.0,20.155422119735228
18552,24.72,93.14,108.0,17.93200256558677
18553,24.72,93.13,55.0,17.752790161946685
18554,24.72,93.14,108.0,17.93200256558677
18555,24.72,93.14,108.0,17.93200256558677
18556,24.720167,93.496944,190.0,23.628423517864423
18557,24.722472,93.492806,189.0,21.6115960987222
18558,24.723056,93.491833,194.0,31.660751096636602
18559,24.724333,93.273111,835.0,28.632096976803734
18560,24.724406,93.514431,350.0,42.924476930175054
18561,24.728611,94.224861,1662.0,26.628589703310887
18562,24.728917,93.256389,918.0,22.07341542334565
18563,24.729944,93.485833,304.0,11.648634944412734
18564,24.73,93.18,242.0,22.684823831912844
18565,24.73,93.18,242.0,22.684823831912844
18566,24.73,93.18,242.0,22.684823831912844
18567,24.73,93.19,269.0,14.273571375658685
18568,24.73,93.13,26.0,0.9548412538721887
18569,24.73,93.17,100.0,29.205932247399417
18570,24.73,93.15,43.0,5.385977098599754
18571,24.730139,93.485389,315.0,6.721369339369457
18572,24.732139,93.479194,380.0,11.348119585994185
18573,24.732417,93.483139,355.0,24.591248866909307
18574,24.733256,93.701856,1309.0,18.87922133905067
18575,24.734233,93.293194,308.0,20.991582376941242
18576,24.734806,93.296306,384.0,21.680889149080844
18577,24.734861,93.296,379.0,27.017123217850244
18578,24.74,93.15,87.0,15.288517970232027
18579,24.74,93.16,36.0,1.3502244696996157
18580,24.74,93.12,37.0,2.1342998941463125
18581,24.74,93.15,87.0,15.288517970232027
18582,24.74,93.15,87.0,15.288517970232027
18583,24.742139,94.221333,1710.0,34.730518200788445
18584,24.745805,94.348327,1355.0,25.635076100950123
18585,24.747694,93.462667,513.0,38.876655136344326
18586,24.747778,93.424528,773.0,21.869859308909426
18587,24.747833,93.462778,513.0,38.876655136344326
18588,24.75,93.427528,739.0,38.66587243862988
18589,24.75075,93.464944,508.0,28.888369805687372
18590,24.751111,93.459361,464.0,35.74485877621931
18591,24.751139,93.462806,477.0,40.3862618378815
18592,24.751222,93.459722,466.0,33.723089453168576
18593,24.751667,93.461667,475.0,37.404106919305896
18594,24.756089,93.622039,910.0,21.260377126997213
18595,24.7585,93.459139,453.0,31.576393336997814
18596,24.758778,93.456889,440.0,31.119058788415003
18597,24.759667,93.462694,432.0,20.532771786488425
18598,24.761056,93.255167,636.0,29.665849859262984
18599,24.762667,93.255556,635.0,30.418494611596426
18600,24.764917,93.45875,484.0,28.222814437179903
18601,24.764917,93.46125,462.0,15.42324502154344
18602,24.765361,93.460889,465.0,20.136303428248134
18603,24.766389,93.457722,476.0,28.360372759879684
18604,24.766472,93.434167,694.0,24.38870074689113
18605,24.766556,93.319833,211.0,23.444146119861458
18606,24.766667,93.458111,493.0,33.2376314445189
18607,24.767,93.458139,489.0,40.919625856551754
18608,24.768472,93.457389,517.0,30.973505797181858
18609,24.768556,93.314358,266.0,27.33604368814356
18610,24.768694,93.45725,493.0,28.987578250072634
18611,24.768778,93.386806,266.0,20.532771786488425
18612,24.768917,93.457306,490.0,32.35640884426763
18613,24.769333,93.653722,914.0,19.310287408745566
18614,24.769556,94.116778,826.0,28.888369805687372
18615,24.772806,93.457417,527.0,21.260377126997213
18616,24.773472,94.078972,896.0,29.118936488427924
18617,24.775167,93.440722,578.0,25.688903331931808
18618,24.775917,93.453139,529.0,21.818550314312215
18619,24.775917,93.432611,867.0,24.461332518771652
18620,24.775972,93.457139,545.0,36.505887632648864
18621,24.776028,93.457083,541.0,35.63524161504921
18622,24.776583,93.456056,538.0,33.723089453168576
18623,24.776694,94.599472,675.0,25.675463214971884
18624,24.777306,94.601889,694.0,13.640311227766057
18625,24.777333,94.602278,697.0,16.228736705934203
18626,24.777667,93.782806,917.0,4.262693045214654
18627,24.778778,93.782778,911.0,23.428692808745406
18628,24.77925,93.781,921.0,29.205932247399417
18629,24.779889,93.663889,463.0,19.370844026969944
18630,24.782139,93.777611,976.0,30.205466819616653
18632,24.783194,93.774694,1007.0,21.938008256074177
18633,24.783806,93.455556,547.0,24.12447190179544
18634,24.784556,93.777972,1008.0,26.880307851328993
18635,24.784611,93.462278,628.0,25.239401820678914
18636,24.784611,93.659528,517.0,15.81919394750014
18640,24.788639,93.772167,1086.0,26.269553396535294
18641,24.788889,93.441889,1032.0,32.78110200943605
18642,24.7895,93.774222,1070.0,23.3822424378352
18643,24.789917,93.459806,527.0,21.242603631151898
18644,24.790386,93.657044,614.0,34.6605872943073
18646,24.792333,93.658222,447.0,34.017325088918376
18651,24.796417,94.398786,1376.0,24.8479801794304
18652,24.796722,94.40925,1272.0,38.32262251890178
18654,24.797,94.409028,1291.0,31.12871688801731
18658,24.798028,93.735972,1142.0,31.002719133873985
18660,24.798077,94.406137,1308.0,22.862089144234922
18662,24.798278,93.394306,345.0,15.99993592924168
18665,24.798806,93.464667,530.0,23.628423517864427
18666,24.799333,93.435417,926.0,24.286461463040197
18668,24.8,93.472222,637.0,48.205492780514774
18670,24.800556,93.674222,457.0,24.38870074689113
18673,24.801389,93.469444,542.0,23.069045509039658
18676,24.804167,93.471667,544.0,11.348119585994185
18679,24.804586,93.655719,613.0,27.029504599267472
18681,24.805342,94.322356,1174.0,49.366889414400674
18683,24.806064,93.735478,1199.0,28.799681652550277
18684,24.806278,94.377056,1491.0,28.855167513744334
18685,24.806417,94.505778,1118.0,31.744679866591962
18686,24.806806,93.404806,298.0,12.638224684699054
18689,24.808619,93.651094,421.0,22.61986494804043
18691,24.808874,94.368466,1566.0,30.528995003825997
18693,24.811139,93.417,483.0,30.133843411422752
18694,24.811301,94.355581,1593.0,28.632096976803734
18695,24.811333,93.42275,428.0,30.05160649070701
18696,24.812017,94.356051,1616.0,22.22435314380804
18697,24.812083,93.433917,475.0,20.991582376941242
18698,24.812167,93.423,415.0,25.915703593185818
18699,24.812611,94.581278,799.0,21.869859308909426
18700,24.8133,93.5472,429.0,28.072486935852957
18701,24.813306,93.243417,122.0,22.423358559286118
18702,24.813889,93.245222,139.0,32.53469816945699
18703,24.81425,94.552028,1030.0,30.25643716352927
18704,24.814333,93.428306,417.0,16.428860704621638
18705,24.814386,94.32344,1241.0,32.490306531189724
18707,24.814778,94.549639,1046.0,34.543363929709116
18708,24.815361,93.441528,347.0,8.049466975528398
18709,24.8155,94.572222,920.0,13.069151942759
18710,24.815528,93.43725,450.0,35.83201983789954
18711,24.815617,93.686672,601.0,22.373844274024943
18713,24.816111,93.443917,375.0,41.70117944887398
18715,24.817028,94.534528,1122.0,26.008181915695513
18716,24.81722,93.51722,444.0,35.32429987761792
18717,24.8175,93.54908,409.0,26.67924362098057
18718,24.81778,93.51583,460.0,28.665750219765908
18719,24.817939,93.688678,650.0,37.51535462990476
18720,24.817944,94.504472,1245.0,27.565248984490395
18721,24.818,93.45,590.0,33.56563872420533
18722,24.81867,93.54819,432.0,23.81059263950923
18723,24.818713,94.355182,1610.0,25.363232718381973
18724,24.818936,93.688939,636.0,29.260073022738787
18725,24.819694,94.352611,1562.0,32.754877470959904
18726,24.819722,93.459972,692.0,22.489134862284537
18728,24.82,93.89,778.0,3.4389123953782974
18729,24.820222,94.352889,1599.0,33.02386755579665
18730,24.82058,94.137,889.0,15.845167180271268
18733,24.820833,94.504167,1289.0,21.6115960987222
18734,24.821028,94.50425,1289.0,17.571258778322424
18735,24.822953,93.710756,635.0,31.50104503484435
18736,24.823283,94.322722,1368.0,27.238572082130066
18737,24.823296,94.358767,1679.0,21.835672195716146
18738,24.82375,93.523861,417.0,31.215386668546028
18739,24.824111,93.474139,508.0,16.527811501531776
18740,24.824278,94.322472,1378.0,10.759583898850556
18741,24.824611,93.476528,467.0,6.853224835121291
18742,24.825889,94.348861,1483.0,36.211442333800804
18743,24.826361,94.5255,1246.0,30.133843411422752
18744,24.826694,93.467944,757.0,8.159014354942736
18745,24.827,93.478472,481.0,20.07880037349212
18746,24.827778,93.479167,446.0,21.938008256074177
18747,24.829225,93.720472,581.0,22.290970374758974
18749,24.83,93.9,833.0,25.5133092609215
18750,24.83,93.88,784.0,4.262693045214654
18751,24.830202,94.357821,1666.0,33.70658681677467
18752,24.83025,93.466972,815.0,22.61986494804043
18753,24.831028,94.334833,1408.0,28.553305000609424
18754,24.831167,94.334111,1395.0,20.846265656650555
18755,24.83125,94.339194,1425.0,18.94158858012096
18756,24.831526,94.32757,1396.0,35.45087793804301
18758,24.831859,94.335718,1422.0,33.64040940514667
18759,24.83278,93.46333,773.0,28.665750219765908
18760,24.832817,94.330448,1399.0,41.02410199989886
18761,24.833278,94.349639,1501.0,31.7353754997287
18762,24.833889,94.220167,1214.0,8.159014354942736
18763,24.833889,94.346417,1469.0,28.257311688503773
18764,24.833944,94.08125,827.0,4.262693045214654
18765,24.834028,93.644,483.0,29.205932247399417
18767,24.834083,94.353028,1473.0,34.21858270764895
18768,24.834386,93.715025,813.0,25.5133092609215
18769,24.834694,93.459167,854.0,25.267001648248186
18770,24.834917,93.459083,868.0,27.078936947526696
18771,24.834921,94.365211,1569.0,31.80039615270397
18772,24.835145,94.340419,1260.0,36.657991622615484
18773,24.835611,94.519722,1380.0,22.07341542334565
18774,24.836194,93.481992,412.0,26.437229357181263
18775,24.836222,93.482111,399.0,28.485468456722128
18776,24.836222,93.482111,399.0,28.485468456722128
18777,24.83636,94.37622,1439.0,35.88986674043215
18778,24.836588,94.354848,1500.0,36.26089278326507
18779,24.83725,93.494528,355.0,37.79331583229016
18780,24.837576,94.337593,1171.0,35.09090415129421
18781,24.838167,94.357139,1546.0,37.56093713903626
18782,24.8385,94.357083,1512.0,30.973505797181858
18783,24.839028,94.357083,1519.0,27.32389130134654
18784,24.839306,94.22575,1228.0,38.90056504199712
18785,24.839722,94.224944,1203.0,42.749108647694875
18786,24.84,93.9,934.0,30.25643716352927
18787,24.84,93.91,806.0,20.846265656650555
18788,24.841472,93.495917,345.0,18.77467605427877
18789,24.8415,94.361167,1674.0,24.094842552110705
18790,24.841611,93.498556,310.0,27.791305644779218
18791,24.841944,94.512972,1549.0,31.576393336997814
18792,24.842444,93.499333,305.0,21.47206914335925
18793,24.842538,94.325233,1306.0,25.363232718381973
18794,24.842778,94.357583,1512.0,33.296989754761654
18795,24.842944,93.439972,860.0,36.733505603395045
18796,24.845611,93.498778,262.0,37.716233913055774
18797,24.846028,93.43875,794.0,36.62354905164433
18798,24.846167,94.323778,1320.0,21.818550314312215
18799,24.847417,94.358028,1489.0,21.135527342306382
18800,24.847436,94.325861,1201.0,29.260073022738787
18801,24.847611,94.357889,1478.0,25.14243049054343
18802,24.84833,93.45917,988.0,33.698329255184774
18803,24.84833,93.45917,988.0,33.698329255184774
18804,24.849667,94.365306,1534.0,25.5133092609215
18805,24.85,93.497583,257.0,13.16632060042364
18806,24.851194,94.361722,1460.0,23.3822424378352
18807,24.851722,93.449389,1132.0,32.98940559251087
18808,24.851806,94.366083,1466.0,37.4041069193059
18809,24.852,94.366303,1472.0,40.72974809403222
18810,24.852222,94.369333,1452.0,10.759583898850556
18811,24.85225,93.449639,1115.0,36.15474073941196
18812,24.853139,94.369875,1451.0,4.857533338413092
18813,24.85325,93.2449,369.0,17.035742128041974
18815,24.8545,93.449036,989.0,34.846405699136405
18817,24.85536111,93.62402778,379.0,26.74234155739631
18818,24.858778,94.233139,1236.0,34.090063875331914
18819,24.860347,93.572383,462.0,27.55326483492445
18820,24.860639,93.62675,329.0,3.4389123953782974
18821,24.860889,93.463222,1276.0,20.973493421320807
18822,24.861264,93.627742,386.0,34.97675368176345
18823,24.862444,93.610639,380.0,8.049466975528398
18825,24.86269444,93.62405556,338.0,13.03657849691309
18827,24.862903,93.616397,330.0,11.499465999742787
18832,24.864833,93.772583,1365.0,31.39687644298045
18833,24.866972,93.7745,1302.0,36.51283284150458
18834,24.867139,94.566889,1000.0,33.89536963300801
18835,24.867694,93.625858,420.0,29.260073022738787
18836,24.869028,94.234611,1193.0,31.51991437453672
18837,24.869889,93.779444,1159.0,25.955401413885546
18838,24.869917,94.592417,789.0,21.954998832237578
18839,24.870028,94.588778,823.0,33.02386755579665
18840,24.8705,94.589944,817.0,30.010334187691758
18841,24.870806,94.591111,811.0,25.197913740371355
18842,24.871361,93.778667,1163.0,22.290970374758974
18843,24.871528,94.234056,1210.0,32.05794564123819
18844,24.871694,93.776861,1253.0,25.809367457705076
18845,24.871861,93.778111,1196.0,34.846405699136405
18846,24.871889,94.580417,919.0,31.58578773967389
18847,24.872153,93.623861,591.0,27.029504599267472
18848,24.872917,93.779167,1216.0,22.81394173961772
18849,24.874222,93.466667,1334.0,18.87922133905067
18850,24.8745,94.235833,1210.0,24.634322367669885
18851,24.877417,93.460583,1389.0,32.35640884426763
18852,24.883132,94.31281,1284.0,9.462322208025618
18853,24.883194,93.465667,1403.0,22.668609279892422
18854,24.884389,94.601306,554.0,28.084099366691156
18855,24.884889,94.613222,768.0,23.021526638116164
18856,24.8852,94.313301,1309.0,31.993934384330498
18857,24.887722,94.610194,717.0,19.51118046928032
18858,24.888472,93.473028,1413.0,35.83201983789954
18859,24.888528,94.601694,435.0,25.5133092609215
18860,24.888556,93.641472,410.0,18.77467605427877
18861,24.889031,94.306125,1217.0,39.24321155180508
18862,24.890167,93.707572,866.0,8.049466975528398
18863,24.890333,93.466667,1440.0,21.260377126997213
18864,24.8905,94.607056,675.0,26.360054096082706
18865,24.890806,94.319308,1315.0,30.973505797181858
18866,24.892028,94.238389,1239.0,15.922779458176539
18867,24.894359,94.320541,1306.0,22.989767773608854
18868,24.894944,94.323111,1340.0,32.13988228321215
18869,24.895,94.242972,1224.0,30.568994594623476
18870,24.895806,94.243944,1231.0,23.750100573474086
18871,24.897722,94.328472,1348.0,40.856595083236975
18872,24.898,93.487722,1256.0,28.037600489728426
18873,24.898438,94.328686,1353.0,32.91160083273797
18874,24.901194,94.342444,1388.0,29.506862217331054
18875,24.90139,93.45389,971.0,25.486125594093767
18876,24.901444,94.338306,1404.0,32.34744349944203
18877,24.901861,94.341944,1386.0,22.81394173961772
18878,24.906333,94.482917,1635.0,14.535165207979569
18879,24.90725,94.335333,1362.0,29.707989691713134
18880,24.908389,94.335056,1363.0,32.91160083273797
18881,24.908778,94.333417,1358.0,32.96351159099253
18882,24.909542,94.316778,986.0,42.03111377419729
18883,24.909889,94.486778,1665.0,40.84079665857319
18884,24.910619,94.321092,1052.0,32.427956428323874
18885,24.911194,94.242111,1380.0,30.103052462896233
18886,24.911722,93.484361,1191.0,25.016893478100023
18887,24.913611,94.242028,1408.0,25.91570359318582
18888,24.91475,94.464944,1885.0,29.538782259558097
18889,24.914778,94.242583,1419.0,26.56505117707799
18890,24.9155,94.578333,1128.0,21.242603631151898
18891,24.915806,94.578222,1134.0,18.19662752273151
18892,24.916083,94.486889,1752.0,36.815480279408405
18893,24.916444,93.481556,1021.0,11.348119585994183
18894,24.917278,93.471167,1010.0,21.55942138371082
18895,24.917611,94.576556,1121.0,32.74612665551688
18896,24.9179,94.0,842.0,20.80971857959822
18897,24.919751,94.461919,1939.0,42.210260168775214
18898,24.919917,94.567111,1188.0,34.417388710441564
18899,24.920056,94.568778,1169.0,33.3982497427651
18900,24.921167,94.563361,1238.0,33.46541063428238
18901,24.922861,93.633144,1124.0,33.05825736162379
18902,24.924528,94.559833,1268.0,24.904481044556743
18903,24.925194,94.337056,1493.0,36.232654007001685
18904,24.9252,94.3371,1490.0,35.69379666026943
18905,24.927139,93.789333,1639.0,19.370844026969944
18906,24.930056,93.797167,1405.0,13.421509132977462
18907,24.930278,94.149361,991.0,18.370345512861498
18908,24.930806,93.444833,573.0,17.5484006137923
18909,24.930944,94.151639,1010.0,21.33126583595921
18910,24.931167,94.227111,1302.0,37.45655576127969
18911,24.931333,94.228917,1340.0,35.98342760298727
18912,24.932631,94.417417,1305.0,29.85463927845754
18913,24.934336,94.460091,1953.0,29.802413569555988
18914,24.934833,94.184944,964.0,20.699546585586496
18915,24.935611,93.654444,472.0,25.955401413885546
18916,24.936361,94.160028,946.0,29.63417437185607
18917,24.938361,94.549556,1513.0,34.15444974731139
18918,24.93875,94.181861,942.0,21.818550314312215
18919,24.938806,94.549278,1526.0,37.990724989171014
18920,24.939167,94.548889,1529.0,35.80301842021218
18921,24.940333,94.202556,1018.0,14.036243467926479
18922,24.940583,94.008889,819.0,3.931095784160226
18923,24.940611,94.009083,818.0,5.5507182121273235
18924,24.940611,94.1515,1033.0,15.609525869125669
18925,24.940944,94.201889,1001.0,14.24415761739711
18926,24.940972,94.151528,1027.0,11.904688112848122
18927,24.94125,94.220861,1184.0,12.53638838286113
18928,24.94225,94.541056,1520.0,16.453666886955713
18929,24.942778,93.495333,1252.0,20.307500221928045
18930,24.943258,94.457787,1960.0,36.15474073941196
18931,24.943778,93.706472,1470.0,11.386165083355712
18932,24.943833,93.488917,1043.0,14.621143938770764
18933,24.944083,94.538667,1533.0,23.021526638116164
18934,24.946889,94.155111,1071.0,21.419418908984124
18935,24.946944,94.191194,919.0,34.999648077881965
18936,24.9475,94.188889,935.0,35.59118566547325
18937,24.94775,93.492889,1231.0,18.434948822922014
18938,24.947972,94.187972,918.0,35.45087793804301
18939,24.948056,94.534778,1522.0,41.952978200653284
18940,24.948083,94.535556,1516.0,38.3782952345034
18941,24.948444,94.1555,1033.0,19.471220634490695
18942,24.948667,94.4835,1766.0,27.40876997825205
18943,24.949167,94.155389,1057.0,31.51991437453672
18944,24.949274,94.473427,1834.0,29.88589573021274
18945,24.950139,93.481278,908.0,43.3896255946841
18946,24.950278,93.481917,894.0,36.97817981978636
18947,24.950361,93.482333,895.0,32.427956428323874
18948,24.950583,94.177778,930.0,30.80698111710518
18949,24.950583,94.186028,907.0,24.461332518771652
18950,24.951444,94.179278,929.0,24.16881343581011
18951,24.952,94.529028,1490.0,43.65396627844831
18952,24.952611,93.487611,1187.0,27.62503917921715
18953,24.954887,94.493465,1578.0,35.339242872470656
18954,24.955167,94.157778,1049.0,17.03574212804197
18955,24.955972,94.157889,1047.0,25.809367457705076
18956,24.956083,94.522278,1498.0,36.09071171241025
18957,24.95625,94.520083,1512.0,31.12871688801731
18958,24.956472,94.155694,1158.0,23.021526638116164
18959,24.957209,94.473616,1890.0,22.090258704050036
18960,24.957303,94.473342,1877.0,31.50104503484435
18961,24.957333,94.50075,1498.0,25.376933525152303
18962,24.957833,94.162444,1099.0,26.577778623734837
18963,24.958261,94.473862,1869.0,28.30319610038818
18964,24.958833,94.618917,1328.0,14.036243467926479
18965,24.964694,94.6175,1319.0,19.47122063449069
18966,24.965053,93.731514,1824.0,34.44108336670712
18967,24.969056,94.173528,1000.0,21.869859308909426
18968,24.969479,94.483082,1586.0,36.86989764584402
18969,24.970167,94.618,1378.0,11.038532615965034
18970,24.971389,93.559056,732.0,19.689673297252913
18971,24.974128,93.666128,813.0,34.017325088918376
18972,24.975175,93.652939,944.0,33.98489250343522
18973,24.9755,94.155,1165.0,26.67924362098057
18974,24.975961,93.567983,937.0,55.18622487210484
18975,24.97775,93.502639,1324.0,12.604382648379184
18976,24.978139,94.614861,1478.0,30.747804873668915
18978,24.978444,93.5,1247.0,8.049466975528398
18979,24.978611,93.528278,1215.0,12.638224684699054
18980,24.98025,94.613972,1515.0,22.489134862284537
18981,24.981031,93.654678,1095.0,57.16089075434395
18982,24.982611,93.52,1242.0,24.691575152551952
18983,24.982694,93.507,1305.0,23.628423517864427
18984,24.982917,94.162639,1232.0,13.421509132977462
18985,24.983194,93.500417,1225.0,12.604382648379184
18986,24.983528,94.158333,1118.0,17.456590925928477
18987,24.983722,94.158306,1118.0,17.456590925928477
18988,24.983806,93.497528,1156.0,13.640311227766057
18989,24.984528,93.509861,1255.0,17.5484006137923
18990,24.984722,93.524917,1161.0,22.684823831912844
18991,24.985167,93.508306,1238.0,18.434948822922014
18992,24.985389,93.49275,1059.0,6.379370208442804
18993,24.98575,93.497389,1165.0,12.53638838286113
18994,24.985806,93.492972,1060.0,6.853224835121291
18995,24.985833,94.60825,1537.0,23.021526638116164
18996,24.985944,93.504944,1260.0,20.212632236452095
18997,24.98611,93.50583,1235.0,20.846265656650555
18998,24.986333,93.494361,1085.0,16.051123667414398
18999,24.986444,93.494,1074.0,7.416536974278209
19000,24.986472,93.49425,1078.0,10.388857815469612
19001,24.986861,93.506028,1244.0,21.47206914335925
19002,24.98722,93.50361,1291.0,6.379370208442804
19003,24.98722,93.50361,1291.0,6.379370208442804
19004,24.987361,93.525333,1131.0,22.489134862284537
19005,24.987464,93.506244,1260.0,24.461332518771652
19006,24.987583,93.506167,1260.0,24.461332518771652
19007,24.987667,93.494361,1110.0,14.592550602033427
19008,24.987986,93.671258,1176.0,38.69010577379569
19010,24.989944,94.233611,1112.0,27.613098503754813
19011,24.99083,93.50583,1206.0,15.288517970232027
19012,24.99083,93.50583,1206.0,15.288517970232027
19013,24.991444,94.2345,1124.0,32.754877470959904
19014,24.991833,94.603306,1506.0,16.453666886955713
19015,24.992889,94.230583,972.0,31.002719133873985
19016,24.99306,93.4975,1196.0,12.604382648379184
19017,24.994278,94.205917,1579.0,32.57012547147068
19018,24.996444,94.021444,807.0,20.155422119735228
19019,24.99694,93.50222,1186.0,13.915808695897175
19020,24.997972,94.020444,803.0,14.931417178137552
19021,25.002611,94.330278,1619.0,23.132182561931256
19022,25.006694,93.523444,1036.0,18.434948822922014
19023,25.007917,94.452972,1817.0,27.238572082130066
19024,25.010139,94.317306,1460.0,19.689673297252913
19025,25.012111,94.464833,1799.0,35.39887735323683
19026,25.013083,93.530111,1068.0,32.35640884426763
19027,25.013161,93.529758,1070.0,28.360372759879684
19028,25.013472,93.530472,1067.0,17.775317038209
19029,25.016375,94.021711,815.0,29.802413569555988
19030,25.019139,94.332472,1422.0,20.001783914715944
19031,25.020361,94.4095,1785.0,18.130932944052347
19032,25.023056,94.449306,1915.0,26.577778623734844
19033,25.023111,94.449361,1915.0,26.577778623734844
19034,25.025472,93.537028,1146.0,21.55942138371082
19035,25.025639,93.537222,1159.0,26.539566558618308
19036,25.027333,94.423583,1937.0,30.133843411422752
19037,25.027528,94.316806,1208.0,23.428692808745406
19038,25.028456,94.015522,816.0,12.260147486012336
19039,25.029333,93.586167,818.0,20.155422119735228
19040,25.033278,94.431806,1979.0,18.456418645243215
19041,25.033778,94.43625,2001.0,28.987578250072634
19042,25.034611,94.31925,1231.0,19.82702865340817
19043,25.038753,94.152236,873.0,10.555380466061173
19044,25.042333,94.241111,1507.0,28.25731168850377
19045,25.044111,94.233778,1472.0,24.16881343581011
19046,25.047833,92.789306,95.0,29.85463927845754
19047,25.048417,94.332389,1457.0,21.869859308909426
19048,25.049,94.551028,1787.0,6.379370208442804
19049,25.049861,93.602389,933.0,26.93019100092878
19050,25.050417,94.551167,1792.0,33.3982497427651
19051,25.050694,94.555139,1707.0,29.833768779920437
19052,25.05125,94.556111,1742.0,40.499818214844055
19053,25.051944,94.551111,1814.0,34.37782091784768
19054,25.052833,94.551083,1825.0,30.347789794448904
19055,25.054,94.550972,1797.0,31.744679866591962
19056,25.054083,93.603694,963.0,20.532771786488425
19057,25.054722,94.526528,1478.0,37.14591448999934
19058,25.054917,94.551306,1794.0,35.27938801183364
19059,25.054944,94.530528,1545.0,27.32389130134654
19060,25.055139,93.603778,961.0,20.991582376941242
19061,25.055186,94.599525,1538.0,20.07880037349212
19062,25.055278,94.567861,1691.0,36.82229258372596
19063,25.055278,94.56436,1709.0,32.91160083273797
19064,25.056,94.600667,1501.0,29.85463927845754
19065,25.0565,94.551528,1789.0,26.880307851328986
19066,25.057167,94.532194,1572.0,39.254893860353654
19067,25.057194,93.603028,977.0,11.499465999742787
19068,25.057361,94.533083,1552.0,37.79331583229016
19069,25.058833,93.604028,973.0,18.305448954250746
19070,25.058833,94.55125,1775.0,25.526884054256257
19071,25.059167,93.604222,981.0,24.38870074689113
19072,25.059361,94.586361,1559.0,32.74612665551688
19073,25.059556,94.550611,1768.0,29.421439641486938
19074,25.059861,93.604639,973.0,20.07880037349212
19075,25.059861,94.584889,1537.0,37.53490600791178
19076,25.060389,94.535472,1584.0,25.376933525152303
19077,25.061417,93.604889,976.0,21.680889149080844
19078,25.061472,94.549694,1734.0,25.03089023333195
19079,25.061861,93.605361,982.0,14.535165207979569
19080,25.062222,94.61475,1020.0,30.588958163975438
19081,25.062833,94.577722,1534.0,37.81892671564865
19082,25.063167,94.614389,1001.0,24.16881343581011
19083,25.063778,94.615,1012.0,16.051123667414398
19084,25.063861,94.614972,1012.0,16.051123667414398
19085,25.063972,94.336,1574.0,24.359555875506427
19086,25.064444,94.620278,1115.0,18.305448954250746
19087,25.064639,94.534,1567.0,27.029504599267472
19088,25.064833,94.643917,1448.0,30.05160649070701
19089,25.065056,94.544583,1679.0,38.68405094716037
19090,25.065889,94.632139,1283.0,30.418494611596426
19091,25.066861,94.6325,1325.0,28.82189836411544
19092,25.067194,94.632972,1316.0,31.660751096636602
19093,25.067306,93.604861,993.0,14.302914425322811
19094,25.069306,94.536528,1566.0,35.47311285748566
19095,25.069306,94.536528,1566.0,35.47311285748566
19096,25.069806,94.541667,1579.0,24.094842552110705
19097,25.07,93.43,971.0,47.13085091525793
19098,25.072528,93.6075,1012.0,17.93200256558677
19099,25.077361,93.611028,1049.0,8.47871314708616
19100,25.077417,94.352444,1778.0,13.640311227766057
19101,25.077778,93.611583,1048.0,18.130932944052347
19102,25.079361,94.549667,1530.0,35.03012380867594
19103,25.079667,94.296361,1139.0,36.345312673574405
19104,25.079806,94.294111,1141.0,38.75655509292031
19105,25.079944,94.294667,1174.0,52.22256484985759
19106,25.080161,94.114939,828.0,16.796238729882134
19107,25.08025,93.612278,1080.0,13.262676008304846
19108,25.080389,93.611889,1085.0,8.104435709194412
19109,25.081361,94.552278,1535.0,25.915703593185818
19110,25.081611,94.506333,1654.0,32.91160083273797
19111,25.082306,94.551722,1534.0,14.15548761586253
19112,25.082778,94.550694,1543.0,37.53490600791177
19113,25.083083,93.613583,1092.0,10.046788047511114
19114,25.08325,94.503639,1690.0,29.63417437185607
19115,25.083694,94.502278,1694.0,36.1972856606515
19116,25.085833,94.107222,837.0,20.155422119735228
19117,25.086525,94.078197,822.0,14.24415761739711
19118,25.087417,93.618333,1158.0,22.07341542334565
19119,25.088639,93.619722,1158.0,17.66231893216494
19120,25.090556,94.387389,1742.0,32.74612665551688
19121,25.091667,94.550056,1530.0,31.002719133873985
19122,25.091742,94.550444,1570.0,34.6605872943073
19123,25.091778,92.354694,159.0,28.553305000609424
19124,25.091858,94.550786,1595.0,30.895350180310494
19125,25.092033,94.640664,1074.0,20.307500221928045
19126,25.092111,94.370444,1735.0,11.976725812374069
19127,25.09225,93.619972,1185.0,33.64040940514667
19128,25.093167,94.516611,1527.0,35.27938801183364
19129,25.094333,94.522528,1540.0,40.36453657309736
19130,25.0948,94.547461,1661.0,23.490416068641593
19131,25.095056,94.547722,1655.0,27.613098503754813
19132,25.095611,94.384778,1714.0,19.451200005616776
19133,25.095611,94.522944,1531.0,26.113233272206745
19134,25.095972,94.375944,1682.0,17.03574212804197
19135,25.096083,94.515806,1544.0,35.98342760298727
19136,25.096333,93.61925,1152.0,34.25055493497398
19137,25.096417,94.531778,1603.0,34.9155437050667
19138,25.096611,94.551028,1650.0,23.3822424378352
19139,25.09825,94.513778,1556.0,30.68841605381868
19140,25.098639,93.620778,1112.0,21.31357434104547
19141,25.098667,94.390222,1745.0,13.262676008304846
19142,25.099194,94.460722,2279.0,29.08619467351647
19143,25.100889,94.526556,1526.0,28.257311688503773
19144,25.101083,93.620333,1095.0,43.65396627844831
19145,25.10125,94.510806,1536.0,31.51991437453672
19146,25.101972,94.5125,1528.0,23.428692808745406
19147,25.103111,94.532083,1547.0,26.880307851328986
19148,25.103528,94.531722,1552.0,11.348119585994183
19149,25.105108,93.621136,1091.0,17.083143246452856
19150,25.106472,93.623472,1122.0,33.10114358966526
19151,25.107694,93.623556,1144.0,69.66476446169166
19152,25.109944,93.626528,1171.0,26.360054096082706
19153,25.11,93.37,992.0,37.038767555809535
19154,25.11,93.37,992.0,37.038767555809535
19155,25.110389,93.624056,1118.0,36.944420390334
19156,25.110389,93.625583,1155.0,39.811205717430234
19157,25.110417,93.791806,750.0,20.66264400478191
19158,25.110472,93.625389,1183.0,54.278453186285
19159,25.110667,93.62275,1142.0,29.63417437185607
19160,25.110917,93.622361,1183.0,42.590426635906965
19161,25.111556,93.629972,1218.0,36.733505603395045
19162,25.113278,94.352722,1653.0,31.244175851188185
19163,25.113472,93.636917,1237.0,37.96539079113361
19164,25.114444,94.354694,1665.0,24.932657538079724
19165,25.115111,93.642361,1265.0,30.133843411422752
19166,25.115194,93.645,1235.0,27.40876997825205
19167,25.115417,93.63925,1235.0,30.856133351956277
19168,25.115444,93.638778,1229.0,33.64040940514667
19169,25.115833,93.645833,1240.0,23.930893411419156
19170,25.115889,93.639611,1248.0,26.437229357181263
19171,25.116,93.643278,1192.0,20.155422119735228
19172,25.116083,93.639889,1239.0,26.880307851328986
19173,25.116111,93.640417,1242.0,36.59594159662962
19174,25.116333,94.356833,1709.0,22.373844274024943
19175,25.116556,93.645944,1228.0,22.07341542334565
19176,25.116778,94.353917,1699.0,31.44430728239367
19177,25.116833,93.645889,1223.0,23.628423517864427
19178,25.11775,93.647222,1221.0,26.628589703310887
19179,25.117806,93.647528,1226.0,24.16881343581011
19180,25.118,93.64775,1217.0,25.688903331931808
19181,25.118056,93.648556,1220.0,24.359555875506427
19182,25.118083,93.649472,1218.0,21.045720884075834
19183,25.119917,93.653333,1213.0,34.218582707648956
19184,25.12,93.37,759.0,29.51750907883067
19185,25.120444,93.653778,1215.0,33.927980154144706
19186,25.121111,93.654694,1218.0,32.9548711795407
19187,25.121417,93.654972,1220.0,34.907876215342675
19188,25.123361,93.656306,1227.0,34.369895822693806
19189,25.124639,93.92575,1262.0,16.253917058152773
19190,25.124917,93.657333,1198.0,24.591248866909307
19191,25.126167,94.456278,1876.0,28.084099366691156
19192,25.126222,94.456278,1876.0,28.084099366691156
19193,25.126361,93.901333,1727.0,26.217612768234883
19194,25.127556,94.338583,1664.0,15.06995574963759
19195,25.127722,94.449417,1878.0,13.915808695897175
19196,25.128194,94.440417,1852.0,21.680889149080844
19197,25.128222,94.321722,1802.0,21.260377126997213
19198,25.128417,94.440639,1851.0,25.809367457705076
19199,25.129639,93.661806,1199.0,25.253207609369632
19200,25.130361,93.6625,1199.0,21.31357434104547
19201,25.130722,93.663583,1193.0,23.490416068641593
19202,25.13109,93.97215,1037.0,20.097992628721148
19203,25.131889,94.322667,1714.0,16.796238729882134
19204,25.131917,94.338583,1667.0,25.955401413885546
19205,25.1345,93.666417,1163.0,21.869859308909426
19206,25.134611,94.460722,1918.0,21.045720884075834
19207,25.134944,93.666667,1150.0,25.267001648248186
19208,25.135333,93.667,1152.0,29.58124669955053
19209,25.135861,93.6675,1154.0,30.133843411422752
19210,25.136222,93.667639,1158.0,22.684823831912844
19211,25.138306,93.669028,1142.0,29.51750907883067
19212,25.139167,93.669444,1128.0,34.37782091784768
19213,25.139639,93.669639,1129.0,24.094842552110705
19214,25.14275,94.320139,1647.0,29.195082782485805
19215,25.145583,94.320444,1630.0,28.91046765839842
19216,25.14625,93.671194,1082.0,31.892840502095876
19217,25.146528,93.941722,1287.0,16.796238729882134
19218,25.151417,93.672833,1060.0,10.999158271052183
19219,25.151917,94.312167,1405.0,26.880307851328986
19220,25.152167,93.713083,819.0,24.38870074689113
19221,25.152361,93.67325,1054.0,24.8479801794304
19222,25.152389,93.712833,824.0,20.82800310374709
19223,25.152472,93.673667,1046.0,26.20460176321736
19224,25.153472,93.712444,826.0,33.32236342654518
19225,25.153722,94.461917,1921.0,26.113233272206745
19226,25.154917,93.711278,851.0,33.66525729241905
19227,25.155194,94.461278,1919.0,27.791305644779218
19228,25.155611,93.676639,1031.0,20.66264400478191
19229,25.155861,93.677306,1039.0,32.53469816945699
19230,25.155917,93.681583,1018.0,30.246255653454714
19231,25.156306,93.678917,1036.0,40.93534296900471
19232,25.156722,93.723889,734.0,27.944207405422542
19233,25.156833,93.703222,900.0,25.07280797783953
19234,25.157092,93.682686,1043.0,32.212374446006656
19235,25.157528,93.68425,1027.0,35.59853666783391
19236,25.157667,93.6845,1032.0,30.133843411422752
19237,25.15775,93.72275,746.0,29.88589573021274
19238,25.158083,93.684944,1016.0,29.421439641486938
19239,25.158361,94.461472,1909.0,22.373844274024943
19240,25.158667,93.685222,1004.0,33.70658681677467
19241,25.158828,93.720131,772.0,27.505240762859906
19242,25.159,93.712056,1042.0,10.430760195064721
19243,25.159028,93.699833,916.0,28.632096976803734
19244,25.159386,93.720417,759.0,20.097992628721148
19245,25.159778,93.7065,855.0,37.50230700018765
19246,25.160306,93.689306,1007.0,38.17319333803387
19247,25.160333,93.688528,1006.0,39.23736711340155
19248,25.160389,93.688167,1005.0,40.99804999183514
19249,25.160583,93.7055,868.0,26.93019100092878
19250,25.161361,93.732333,728.0,27.372447043216635
19251,25.161667,93.730361,741.0,19.310287408745566
19252,25.161694,93.731306,740.0,31.670097621922785
19253,25.161861,93.729917,750.0,17.775317038209
19254,25.162028,93.733306,726.0,33.32236342654518
19255,25.162306,93.691111,997.0,31.051293565952417
19256,25.162583,93.703972,876.0,25.156319133694215
19257,25.163167,93.735556,745.0,38.079076328995825
19258,25.163333,93.691194,1034.0,32.9548711795407
19259,25.163528,93.736222,762.0,25.955401413885546
19260,25.163722,93.700556,946.0,29.421439641486938
19261,25.163917,93.73625,768.0,22.684823831912844
19262,25.164056,93.692861,1004.0,39.10233716664201
19263,25.164222,93.736361,758.0,28.799681652550277
19264,25.164278,93.691361,1013.0,35.23435131905115
19265,25.164472,93.693944,983.0,30.337664384844906
19266,25.164847,93.696828,963.0,33.821757317608586
19267,25.16485,93.697303,957.0,27.909048110686054
19268,25.165222,93.697722,959.0,25.8493248967401
19269,25.165222,93.69575,984.0,36.147638969088355
19270,25.16525,94.354611,1714.0,12.53638838286113
19271,25.165472,93.695528,991.0,39.260731733474245
19272,25.165833,93.699611,962.0,25.91570359318582
19273,25.166833,94.354889,1722.0,29.031480434376107
19274,25.167444,93.735472,777.0,32.401162502089626
19275,25.167528,94.294861,1540.0,21.18915910142139
19276,25.167806,93.749222,693.0,29.118936488427924
19277,25.167917,93.749083,705.0,37.87640024160826
19278,25.168028,93.748972,692.0,28.002640063185417
19279,25.168528,94.288333,1642.0,23.930893411419156
19280,25.16875,93.742306,735.0,37.58043252806343
19281,25.168806,93.742111,761.0,34.35403406736099
19282,25.168928,93.739886,771.0,31.205779114725832
19283,25.169,93.74075,763.0,29.08619467351647
19284,25.169028,93.741083,778.0,33.821757317608586
19285,25.172194,94.3485,1730.0,34.75376186272035
19286,25.172806,94.347694,1726.0,32.47251629973426
19287,25.173056,94.136261,1241.0,22.140679470491683
19288,25.174667,94.347306,1713.0,18.62703081108459
19289,25.176639,94.297361,1517.0,24.74862531519583
19290,25.178194,94.527444,1285.0,20.155422119735228
19291,25.178417,94.52725,1296.0,18.520635899770767
19292,25.179194,94.526528,1293.0,29.538782259558097
19293,25.179306,94.526333,1285.0,29.020515817031367
19294,25.180611,94.525278,1309.0,28.25731168850377
19295,25.180889,94.504611,1780.0,25.635076100950123
19296,25.181194,94.524861,1317.0,29.51750907883067
19297,25.181222,94.524611,1317.0,29.51750907883067
19298,25.181528,94.523694,1334.0,17.035742128041974
19299,25.181583,94.304444,1412.0,25.239401820678914
19300,25.181639,94.342667,1688.0,37.56093713903626
19301,25.181722,94.504917,1788.0,27.5172599283964
19302,25.181806,94.522556,1346.0,12.772578169490426
19303,25.181917,94.522306,1350.0,12.260147486012336
19304,25.182222,94.522333,1355.0,19.471220634490695
19305,25.182306,94.523333,1343.0,21.86985930890943
19306,25.182417,94.523556,1363.0,31.002719133873992
19307,25.182472,94.523722,1363.0,31.002719133873992
19308,25.182861,94.505167,1802.0,28.82189836411544
19309,25.184194,94.522694,1408.0,29.665849859262984
19310,25.18425,94.522667,1408.0,29.665849859262984
19311,25.185167,94.308972,1327.0,20.07880037349212
19312,25.185889,94.520944,1441.0,24.38870074689113
19313,25.186167,94.342889,1656.0,31.002719133873992
19314,25.186389,94.52025,1458.0,17.66231893216494
19315,25.188578,94.139278,1279.0,39.149436730539115
19316,25.188611,94.520917,1485.0,19.370844026969944
19317,25.198756,94.136078,1301.0,27.613098503754813
19318,25.200853,94.134506,1304.0,33.573963453775406
19319,25.201083,93.140806,498.0,8.159014354942736
19320,25.218022,94.107603,1235.0,26.437229357181263
19321,25.236142,94.101983,1110.0,14.621143938770764
19322,25.2375,94.113889,1026.0,35.339242872470656
19323,25.238611,94.009189,1109.0,8.47871314708616
19324,25.240539,94.114492,1032.0,23.021526638116164
19325,25.245869,94.014442,1088.0,14.959246786437891
19326,25.255931,94.1254,1401.0,31.892840502095876
19327,25.257919,94.091564,1015.0,22.81394173961772
19328,25.259222,94.547417,1205.0,25.91570359318582
19329,25.259722,94.03715,1464.0,22.8781056322946
19330,25.259972,94.543806,1225.0,29.421439641486938
19331,25.261617,94.079422,1196.0,38.67193428122302
19332,25.261806,94.546944,1244.0,25.486125594093767
19333,25.262947,94.079353,1297.0,36.00494166156304
19334,25.263722,94.544833,1251.0,25.486125594093767
19335,25.264278,94.543611,1259.0,28.799681652550277
19336,25.264639,94.062167,1399.0,29.85463927845754
19337,25.265389,94.541472,1261.0,28.30319610038818
19338,25.265492,94.098872,1202.0,18.64821573021375
19339,25.265578,94.064836,1353.0,34.162480159648744
19340,25.268519,94.047614,1336.0,16.428860704621638
19341,25.268703,94.045883,1305.0,20.846265656650555
19342,25.268825,94.048439,1363.0,31.002719133873985
19343,25.268942,94.044694,1300.0,27.226347381898258
19344,25.269014,94.046367,1321.0,22.684823831912844
19345,25.269097,94.022569,1071.0,21.242603631151898
19346,25.27325,94.555417,1588.0,23.397741000263863
19347,25.276222,94.555889,1612.0,27.372447043216628
19349,25.286369,94.036492,1040.0,28.084099366691156
19350,25.286944,94.531361,1192.0,26.577778623734844
19351,25.287306,94.539833,1439.0,36.16893488396254
19352,25.287333,94.528333,1142.0,31.119058788415003
19353,25.287361,94.528472,1142.0,31.119058788415003
19354,25.287611,94.5295,1159.0,29.346331162468683
19355,25.287722,94.530583,1187.0,31.002719133873985
19356,25.28775,94.527667,1151.0,20.439317573258247
19357,25.288056,94.527806,1151.0,18.370345512861498
19358,25.288417,94.539528,1424.0,36.317221955587435
19359,25.289139,94.539417,1397.0,33.590600231227405
19360,25.28925,94.526861,1141.0,33.573963453775406
19361,25.289444,94.309472,1171.0,12.364552990274646
19362,25.289806,94.525639,1122.0,32.05794564123819
19364,25.289889,94.525306,1129.0,32.667159071642764
19365,25.289944,94.525111,1122.0,25.88918455713453
19366,25.297797,94.044722,1144.0,40.07374412075692
19367,25.302639,94.014617,1415.0,10.678414922779545
19368,25.304917,94.011444,1371.0,24.16881343581011
19369,25.311458,94.058922,1065.0,19.610609129170935
19370,25.312667,94.509111,1448.0,23.628423517864423
19371,25.313,94.50975,1439.0,23.021526638116164
19372,25.314972,94.5065,1390.0,27.62503917921715
19373,25.315444,94.504417,1378.0,19.290046219188735
19374,25.315861,94.504139,1377.0,17.083143246452856
19375,25.316056,94.504306,1363.0,16.527811501531776
19376,25.316639,94.504278,1372.0,23.674161365449706
19377,25.317628,94.070336,1076.0,29.538782259558097
19378,25.317878,94.069389,1060.0,14.24415761739711
19379,25.318206,94.091428,1213.0,30.96375653207352
19380,25.318628,94.092053,1204.0,14.506372352544124
19381,25.319389,94.50425,1340.0,31.12871688801731
19382,25.320194,94.504472,1338.0,23.397741000263863
19383,25.321019,94.067142,1073.0,28.485468456722128
19384,25.321861,94.523839,1247.0,33.573963453775406
19385,25.322717,94.067492,1091.0,39.34803840397339
19386,25.322822,94.088994,1174.0,25.197913740371355
19387,25.323556,94.525583,1213.0,19.630414815023528
19388,25.324194,94.520278,1264.0,23.428692808745403
19389,25.324731,94.086558,1209.0,18.96231828867539
19390,25.324861,94.509861,1301.0,32.96351159099253
19391,25.325194,94.511861,1281.0,31.501045034844353
19392,25.325778,94.515694,1288.0,17.775317038209
19393,25.325889,94.511306,1279.0,26.56505117707799
19394,25.326722,94.510083,1274.0,26.767512858834905
19395,25.329306,94.524639,1197.0,19.370844026969944
19396,25.332083,94.526639,1162.0,23.273326481355983
19397,25.332489,94.080258,1080.0,35.88986674043215
19398,25.334333,94.08275,1066.0,37.51535462990476
19399,25.335364,94.169247,1664.0,11.038532615965034
19400,25.337239,94.039708,1121.0,14.959246786437891
19401,25.337428,94.184525,1665.0,28.799681652550277
19402,25.3375,94.52825,1110.0,20.532771786488425
19403,25.3375,94.527806,1128.0,24.461332518771652
19404,25.338556,94.158806,1525.0,29.205932247399417
19405,25.339872,94.168736,1678.0,28.405971880095237
19406,25.340433,94.166631,1650.0,28.084099366691156
19407,25.340833,94.160528,1519.0,26.56505117707799
19408,25.342472,94.161667,1482.0,29.63417437185607
19409,25.344389,94.199722,1759.0,15.896959679954522
19410,25.346653,94.159475,1416.0,22.989767773608854
19411,25.346747,94.215264,1736.0,27.372447043216635
19412,25.346964,94.198264,1745.0,28.91046765839842
19413,25.34725,94.334444,1443.0,32.78110200943605
19414,25.350061,94.220711,1722.0,21.954998832237578
19415,25.350764,94.222161,1706.0,13.915808695897175
19416,25.351311,94.222514,1714.0,22.684823831912844
19417,25.356306,94.525222,1454.0,10.555380466061173
19418,25.356583,94.525306,1459.0,20.80971857959822
19419,25.359278,94.527806,1473.0,29.24925904290538
19420,25.360389,94.529917,1461.0,29.802413569555988
19421,25.363278,94.228389,1678.0,15.609525869125669
19422,25.373639,94.555333,998.0,18.541977963997237
19423,25.379611,94.146667,1250.0,22.489134862284537
19424,25.379878,94.214606,1701.0,14.931417178137552
19425,25.381389,94.279306,1692.0,23.021526638116164
19426,25.388056,94.550083,943.0,14.763132623631552
19427,25.389639,94.457028,1558.0,22.22435314380804
19428,25.392389,94.454333,1542.0,23.490416068641593
19429,25.392444,94.29875,1608.0,16.796238729882134
19430,25.394361,94.628222,2209.0,19.82702865340817
19431,25.394667,94.548917,989.0,18.94158858012096
19432,25.394917,94.630111,2226.0,24.862123938667224
19433,25.396222,94.450472,1550.0,18.96231828867539
19434,25.39625,94.548444,934.0,13.03657849691309
19435,25.397944,94.551083,980.0,11.348119585994185
19436,25.400639,94.620639,2028.0,27.944207405422542
19437,25.407667,94.587222,1679.0,32.10351627298505
19438,25.407972,94.596917,1673.0,28.799681652550277
19439,25.408417,94.587083,1692.0,28.855167513744334
19440,25.409139,94.592139,1662.0,20.846265656650555
19441,25.409167,94.599278,1667.0,39.260731733474245
19442,25.409222,94.589389,1663.0,32.667159071642764
19443,25.409306,94.596417,1678.0,24.862123938667224
19444,25.409417,94.599722,1671.0,34.25055493497398
19445,25.410278,94.600389,1685.0,21.18915910142139
19446,25.410333,94.542028,887.0,0.9548412538721887
19447,25.410389,94.579361,1544.0,39.469451083486256
19448,25.410667,94.598361,1682.0,26.113233272206745
19449,25.410694,94.500056,1812.0,11.976725812374069
19450,25.413,94.541333,898.0,18.520635899770767
19451,25.413086,94.526303,1149.0,20.097992628721148
19452,25.414028,94.58,1522.0,27.565248984490395
19453,25.415583,94.558778,1182.0,21.55942138371082
19454,25.415639,94.559361,1189.0,18.96231828867539
19455,25.416,94.579028,1505.0,19.610609129170935
19456,25.416389,94.067894,1267.0,5.128711509483252
19457,25.416419,94.077794,1517.0,33.764273391292186
19458,25.416483,94.079214,1517.0,44.36965489983546
19459,25.416778,94.577472,1507.0,25.253207609369632
19460,25.417167,94.578556,1523.0,22.765646640754472
19461,25.417653,94.084694,1537.0,23.628423517864423
19462,25.417778,94.077222,1528.0,43.917911186611704
19463,25.418361,94.578528,1511.0,13.262676008304846
19464,25.419,94.578639,1509.0,17.775317038209
19465,25.419444,94.5775,1498.0,20.43931757325825
19466,25.419639,94.578556,1501.0,20.307500221928045
19467,25.42025,94.578222,1498.0,19.451200005616776
19468,25.420722,94.577722,1488.0,12.604382648379184
19469,25.421028,94.070472,1449.0,30.25643716352927
19470,25.421111,94.077,1501.0,25.91570359318582
19471,25.421656,94.071,1500.0,31.12871688801731
19472,25.427231,94.048914,1456.0,32.401162502089626
19473,25.428889,94.043861,1451.0,31.993934384330498
19474,25.429097,94.108439,1349.0,26.008181915695513
19475,25.42955,94.053333,1458.0,39.16706249520315
19476,25.429639,94.556472,1223.0,5.788832299437198
19477,25.430853,94.043697,1461.0,35.80301842021218
19478,25.431361,94.560861,1292.0,10.555380466061171
19479,25.432833,94.575444,1523.0,7.825525624597575
19480,25.433231,94.070986,1419.0,32.03054267172445
19481,25.4351,94.071111,1394.0,25.14243049054343
19482,25.435444,94.061928,1445.0,4.857533338413092
19483,25.437203,94.042989,1311.0,33.89536963300801
19484,25.439367,94.025864,1414.0,15.179705807856672
19485,25.440961,94.046264,1455.0,48.04977340770609
19486,25.442278,94.563833,1509.0,25.03089023333195
19487,25.443264,94.0392,1491.0,35.45087793804301
19488,25.444322,94.046858,1414.0,23.567234622032583
19489,25.444333,94.006631,1674.0,34.218582707648956
19490,25.444722,94.0414,1367.0,35.63524161504921
19491,25.446611,94.049511,1392.0,34.21057985417024
19492,25.447378,94.049444,1357.0,23.765245108071557
19493,25.447664,94.041483,1411.0,43.22871003564824
19494,25.448389,94.003139,1685.0,34.46474362464782
19495,25.448506,94.031956,1747.0,25.197913740371355
19496,25.450353,94.129017,1422.0,23.97577371272972
19497,25.450653,94.046667,1328.0,25.675463214971884
19498,25.451814,94.049944,1387.0,38.81071405226977
19499,25.452369,94.128022,1415.0,31.892840502095876
19500,25.452417,94.018919,1564.0,40.19511744351121
19501,25.453942,94.048881,1325.0,35.50271196509591
19502,25.454017,94.124572,1396.0,17.66231893216494
19503,25.45475,94.552583,1445.0,29.85463927845754
19504,25.465167,94.543694,1055.0,26.437229357181263
19505,25.466083,94.552889,1265.0,31.892840502095876
19506,25.466278,94.552528,1251.0,34.49623729009093
19507,25.466528,94.552028,1253.0,27.791305644779218
19508,25.466611,94.537861,814.0,13.262676008304846
19509,25.467167,94.551528,1229.0,37.50230700018765
19510,25.467169,94.54755,1216.0,52.038348089018676
19511,25.467772,94.549483,1219.0,41.41469683062031
19512,25.468,94.545083,1037.0,20.136303428248134
19513,25.468389,94.544917,1040.0,15.42324502154344
19514,25.471806,94.543,956.0,25.635076100950123
19515,25.47217,94.15433,1489.0,16.91651608571675
19516,25.476722,94.534806,930.0,31.12871688801731
19517,25.477056,94.534528,941.0,33.44025753518539
19518,25.478194,94.535111,942.0,24.8479801794304
19519,25.480722,94.532861,965.0,31.051293565952417
19520,25.483694,94.530194,1003.0,31.993934384330498
19521,25.485861,94.544528,907.0,19.370844026969944
19522,25.489611,94.553306,1011.0,30.895350180310494
19523,25.492333,94.555444,1017.0,23.750100573474086
19524,25.493694,94.555833,976.0,32.13988228321215
19525,25.49625,94.554722,940.0,31.993934384330498
19526,25.497078,94.553583,919.0,29.195082782485805
19527,25.499542,94.552992,899.0,26.577778623734837
19528,25.5,94.389,1782.0,24.74862531519583
19529,25.508,94.135,1735.0,14.036243467926479
19532,25.51591667,94.13652778,1701.0,11.648634944412734
19533,25.517,93.957,1820.0,30.568994594623476
19534,25.52,93.958,1889.0,37.482715448564946
19535,25.521,93.964,1742.0,26.67924362098057
19537,25.52103,94.13783,1667.0,20.699546585586496
19538,25.523,93.873,1617.0,37.671095800679176
19539,25.523,93.898,2150.0,35.181649870682044
19540,25.523,93.899,2130.0,39.23736711340155
19541,25.523,93.955,1754.0,31.7353754997287
19543,25.525,94.146,1565.0,15.042369244334244
19544,25.527,93.953,1705.0,27.5172599283964
19545,25.528,93.871,1572.0,42.73982112121029
19546,25.528,93.872,1623.0,44.03323301127651
19547,25.529,93.952,1692.0,22.61986494804043
19548,25.529,93.87,1596.0,41.62130964323344
19549,25.53128,94.16536,1700.0,9.462322208025618
19550,25.532,93.927,1806.0,19.370844026969944
19551,25.54039,94.16989,1602.0,19.51118046928032
19552,25.587167,94.514361,1411.0,24.286461463040197
19553,25.451978,94.137142,1478.0,26.217612768234883
19554,24.85397,93.61937,501.0,14.273571375658685
19555,24.8587,93.61439,383.0,25.8493248967401
19556,24.85534,93.62409,379.0,26.74234155739631
19557,25.471526,94.151784,1548.0,8.735690934280582
19558,24.979,93.496,1154.0,8.530765609948133
19559,24.524125,93.816333,794.0,26.539566558618308
19560,24.517056,93.817056,784.0,13.824682316158707
19562,25.476047,94.146074,1599.0,21.818550314312215
19575,24.985,93.52113889,1043.0,21.18915910142139
19576,24.79083333,93.72333333,1053.0,42.97485685199572
19577,25.67341667,91.06625,950.0,20.001783914715944
19578,25.67469444,91.88652778,1062.0,4.763641690726177
19579,24.82908333,93.50694444,360.0,22.61986494804043
19580,24.84563889,93.50202778,355.0,20.991582376941242
19581,24.86461111,93.59888889,414.0,18.520635899770767
19582,24.86469444,93.62116667,350.0,9.508656426564368
19583,24.86297222,93.62397222,351.0,20.82800310374709
19584,24.73133333,93.92738889,788.0,13.326469949385988
19585,24.82022222,94.35255556,1593.0,30.337664384844906
19586,25.07849444,94.23608333,1591.0,22.61986494804043
19587,25.35366667,94.06508333,1227.0,17.083143246452856
19588,25.24868889,93.85251111,1029.0,33.02386755579665
19589,24.80664722,93.66738056,977.0,27.62503917921715
19603,24.859576,93.576244,412.0,30.498931686310716
19604,25.066715,94.349728,1826.0,16.796238729882134
19605,24.984331,94.228244,1060.0,32.754877470959904
19635,25.047556,92.405806,71.0,25.253207609369632
19654,25.084611,92.335667,147.0,29.927479327463576
19655,25.08586,92.35869,355.0,11.904688112848122
19662,25.093078,92.348025,165.0,34.21858270764895
19663,25.095131,92.350111,168.0,35.62790729142092
19664,25.096592,92.351017,146.0,36.211442333800804
19667,25.111331,92.351128,260.0,43.33171975024536
19668,25.112806,92.350194,249.0,43.53560155636589
19671,25.113475,92.350506,258.0,38.882636036728115
19673,25.114997,92.358378,104.0,15.81919394750014
19674,25.117453,92.35705,171.0,25.915703593185818
19676,25.122381,92.243069,137.0,32.57012547147069
19679,25.133289,92.225272,138.0,34.815583037866574
19680,25.133911,92.222392,170.0,24.904481044556743
19684,25.136047,92.222064,156.0,28.30319610038818
19685,25.143375,92.141861,40.0,30.747804873668915
19686,25.143969,92.217497,110.0,32.05794564123819
19688,25.147942,92.181586,162.0,21.835672195716146
19689,25.148019,92.178114,176.0,31.809663934881115
19690,25.148083,92.180639,163.0,28.632096976803734
19691,25.148158,92.177172,177.0,36.505887632648864
19692,25.148303,92.176236,176.0,29.346331162468683
19693,25.148747,92.175119,151.0,24.461332518771652
19695,25.14965,92.214519,65.0,34.74601766541864
19696,25.150286,92.213508,55.0,15.845167180271268
19697,25.151189,92.191308,171.0,33.22063240830351
19698,25.152367,92.195708,146.0,13.915808695897175
19699,25.153272,92.206058,79.0,25.91570359318582
19700,25.156419,92.141353,37.0,18.96231828867539
19701,25.156542,92.198469,68.0,18.64821573021375
19702,25.156889,92.198194,63.0,13.069151942759
19703,25.157592,92.239928,95.0,13.824682316158707
19704,25.158643,91.525222,60.0,21.419418908984124
19705,25.159367,92.202078,102.0,29.665849859262984
19706,25.159469,91.528337,44.0,15.179705807856672
19707,25.160222,91.527843,27.0,6.0172848640320336
19708,25.160398,91.489558,34.0,4.262693045214654
19709,25.16400556,92.38702778,393.0,26.360054096082706
19710,25.164133,92.417747,348.0,12.364552990274646
19713,25.169159,91.690014,29.0,18.87922133905067
19714,25.180032,91.65815,123.0,17.083143246452856
19715,25.180536,91.576839,157.0,15.81919394750014
19716,25.18092,91.570335,49.0,12.260147486012336
19717,25.181759,91.573658,76.0,23.750100573474086
19718,25.181969,91.637545,50.0,16.428860704621638
19719,25.182254,91.618979,95.0,29.49620849656644
19720,25.184381,92.029531,41.0,14.763132623631552
19721,25.18676,91.396515,104.0,15.288517970232027
19722,25.188327,91.761486,144.0,20.097992628721148
19723,25.188444,92.074139,78.0,22.862089144234922
19724,25.189106,92.079564,109.0,44.77947522777099
19725,25.18955,91.453997,187.0,31.576393336997814
19728,25.191611,92.155361,538.0,13.640311227766057
19730,25.196781,91.574727,249.0,17.083143246452856
19731,25.197283,92.1991,611.0,18.62703081108459
19732,25.197283,92.2225,569.0,9.73677691573277
19734,25.199311,91.858857,559.0,16.796238729882134
19735,25.200333,92.200472,629.0,21.86985930890943
19736,25.200934,91.63449,200.0,20.307500221928045
19737,25.201,91.234,18.0,1.3502244696996157
19738,25.20111,91.640451,412.0,32.05794564123819
19739,25.20283,91.20908,50.0,14.24415761739711
19740,25.202886,92.201147,646.0,12.604382648379184
19741,25.204882,91.742535,542.0,38.876655136344326
19742,25.205078,91.57517,301.0,15.06995574963759
19743,25.205307,91.755686,439.0,33.490525189983416
19744,25.205465,91.755789,457.0,23.021526638116164
19745,25.205623,91.736208,545.0,36.89703704231115
19746,25.205651,91.599771,493.0,27.33604368814356
19747,25.206426,91.75498,478.0,35.74485877621931
19748,25.20655,91.744914,566.0,32.667159071642764
19749,25.206573,91.738428,661.0,37.482715448564946
19750,25.206686,91.73898,662.0,32.427956428323874
19751,25.206763,91.231417,142.0,25.955401413885546
19752,25.206885,91.740497,678.0,33.723089453168576
19753,25.206892,91.736341,614.0,49.253463877930855
19754,25.206972,92.208028,680.0,10.046788047511114
19755,25.2071,91.741225,693.0,32.24850128082579
19756,25.207314,91.592357,541.0,20.991582376941242
19757,25.207515,91.746839,536.0,42.05058435733242
19758,25.208256,91.69041,363.0,29.08619467351647
19759,25.208313,91.606889,656.0,23.444146119861458
19760,25.20836,91.725397,586.0,26.008181915695513
19761,25.208593,91.742294,733.0,37.927313249696354
19762,25.209427,91.646032,607.0,23.674161365449706
19763,25.209456,91.646315,604.0,26.628589703310887
19764,25.209568,91.745894,599.0,22.423358559286118
19765,25.209703,91.646662,611.0,25.91570359318582
19766,25.211269,91.208223,322.0,45.067481581853656
19767,25.211722,92.065389,619.0,26.91773442777563
19768,25.211814,92.065517,629.0,26.126317264569018
19769,25.21225,92.047306,580.0,14.959246786437891
19770,25.212554,91.747962,598.0,41.36896307416782
19771,25.214153,92.045428,591.0,11.348119585994183
19772,25.214783,91.590875,761.0,22.684823831912844
19773,25.214944,92.073917,674.0,20.991582376941242
19774,25.215028,92.075167,670.0,15.81919394750014
19775,25.215583,92.077639,687.0,18.520635899770767
19776,25.215611,92.077361,685.0,17.083143246452856
19777,25.216078,91.738387,906.0,19.47122063449069
19778,25.216169,91.389142,162.0,19.370844026969944
19779,25.216464,91.735629,883.0,21.954998832237578
19780,25.216805,91.709405,540.0,33.32236342654518
19781,25.217558,91.709355,549.0,42.73982112121029
19782,25.217886,91.73381,877.0,15.845167180271268
19783,25.218732,91.740262,970.0,20.82800310374709
19784,25.218821,91.581584,796.0,12.225122675735753
19785,25.218961,91.707094,546.0,35.121209164599065
19786,25.219787,91.710947,552.0,33.44025753518539
19787,25.220023,91.631989,435.0,36.83590849508688
19788,25.22026,91.720198,565.0,32.401162502089626
19789,25.220764,91.187,457.0,18.64821573021375
19790,25.221164,91.719886,528.0,39.00770983983683
19791,25.221406,91.387092,246.0,30.020661922564646
19792,25.221572,91.185833,480.0,27.078936947526696
19793,25.22175,91.693006,477.0,23.195068590140778
19794,25.222221,91.742134,989.0,20.699546585586496
19795,25.222304,91.763619,641.0,38.81071405226977
19796,25.222501,91.714409,525.0,34.37782091784768
19797,25.222528,91.765256,602.0,39.254893860353654
19798,25.222564,91.691398,528.0,33.993006686150665
19799,25.223307,91.762345,524.0,36.505887632648864
19800,25.223553,91.671157,898.0,29.665849859262984
19801,25.223708,91.76661,502.0,28.280269845499703
19802,25.223769,91.740164,968.0,31.744679866591962
19803,25.224417,91.689893,514.0,28.462794189425193
19804,25.224506,91.704403,515.0,23.567234622032583
19805,25.224654,91.735929,1048.0,19.787913812706314
19806,25.224808,91.696177,367.0,17.775317038209
19807,25.225772,91.863037,791.0,10.555380466061171
19808,25.226046,91.701458,506.0,25.8493248967401
19809,25.226751,91.754441,514.0,29.54940859650111
19810,25.226806,92.090611,771.0,16.253917058152773
19811,25.227063,91.691293,482.0,25.635076100950123
19812,25.227183,91.690972,479.0,22.668609279892422
19813,25.227249,91.748917,479.0,30.418494611596426
19814,25.22784,91.688252,566.0,16.2287367059342
19815,25.228005,91.687913,585.0,33.169529390014134
19816,25.228272,91.687776,580.0,27.078936947526696
19817,25.228344,91.693332,451.0,19.47122063449069
19818,25.228472,92.187806,752.0,11.795709540896548
19819,25.228755,91.963018,703.0,6.091478002079769
19820,25.229161,91.693249,451.0,23.97577371272972
19821,25.229167,92.2235,468.0,23.195068590140778
19822,25.229706,91.745297,679.0,32.401162502089626
19823,25.229822,91.693551,448.0,21.954998832237578
19824,25.229972,92.223278,419.0,38.70825624807791
19825,25.230047,92.221119,440.0,35.03012380867594
19826,25.230063,91.688941,591.0,17.594079543115168
19827,25.231383,92.2215,413.0,31.002719133873992
19828,25.232417,92.178881,788.0,11.348119585994183
19829,25.233583,92.209583,664.0,19.630414815023528
19830,25.234097,91.866071,852.0,14.621143938770764
19831,25.23416,91.690216,624.0,18.64821573021375
19832,25.234922,92.095531,797.0,7.6530487205434135
19833,25.234952,91.689803,636.0,20.43931757325825
19834,25.234966,91.690051,631.0,21.954998832237578
19835,25.23572,91.68776,722.0,32.74612665551688
19836,25.236428,92.096172,803.0,15.896959679954522
19837,25.236582,91.688857,708.0,18.87922133905067
19838,25.23707,91.43212,686.0,30.747804873668915
19839,25.237221,91.679456,656.0,20.532771786488425
19840,25.237361,92.096992,810.0,17.224372940700082
19841,25.239068,91.174728,543.0,30.246255653454714
19842,25.23908,90.63944,73.0,14.036243467926479
19843,25.240315,91.733388,1096.0,44.892165781404444
19844,25.240338,91.677786,718.0,13.915808695897175
19845,25.24327,91.866626,921.0,15.06995574963759
19846,25.243358,91.747094,1117.0,36.59594159662962
19847,25.243671,91.866854,912.0,24.094842552110705
19848,25.243783,91.738698,1091.0,45.569407475043604
19849,25.247014,92.096144,885.0,10.555380466061173
19850,25.247226,91.671435,341.0,37.47617956136138
19851,25.24736,91.451647,735.0,23.444146119861458
19852,25.247518,91.450545,795.0,38.079076328995825
19853,25.251211,91.454514,798.0,34.49623729009093
19854,25.25419,90.21486,44.0,7.594643368591445
19855,25.256259,91.868197,978.0,24.461332518771652
19856,25.257286,91.871763,986.0,23.021526638116164
19857,25.257449,91.87187,982.0,21.869859308909426
19859,25.259326,91.872712,1001.0,25.267001648248186
19860,25.2608,91.8736,1003.0,17.083143246452856
19863,25.262931,92.203628,666.0,25.486125594093767
19864,25.263806,92.203,684.0,21.954998832237578
19866,25.265048,91.591553,1162.0,25.14243049054343
19867,25.265158,92.202239,689.0,22.423358559286118
19868,25.266067,92.204897,719.0,27.17735741799749
19869,25.266222,92.202528,695.0,28.118887671283172
19870,25.266939,91.383208,751.0,12.225122675735754
19871,25.26851,91.580418,1227.0,26.56505117707799
19872,25.269949,91.875273,1073.0,21.818550314312215
19873,25.27142,91.874884,1074.0,17.594079543115168
19874,25.27197,91.874872,1078.0,17.93200256558677
19875,25.273217,91.609962,399.0,31.892840502095876
19876,25.27342,91.578074,1287.0,31.50104503484435
19877,25.273477,91.577794,1279.0,28.485468456722128
19879,25.277215,91.865449,1153.0,17.29444852858009
19880,25.277934,91.575,1166.0,54.849463198077906
19881,25.278028,91.348931,1072.0,18.262020066776483
19883,25.281122,92.345397,864.0,15.179705807856672
19884,25.282267,92.341433,946.0,19.370844026969944
19885,25.28236861,91.73874417,759.0,34.090063875331914
19886,25.282485,91.57685,1034.0,28.888369805687372
19887,25.282608,91.867354,1155.0,18.96231828867539
19888,25.282943,91.580161,970.0,29.421439641486938
19889,25.288467,91.224269,687.0,25.03089023333195
19890,25.289055,91.533039,942.0,35.264389682754654
19891,25.294601,91.930853,1115.0,14.273571375658685
19892,25.294778,91.930833,1115.0,14.273571375658685
19893,25.295624,91.56964,1263.0,41.49566207886726
19894,25.295881,91.071747,411.0,17.775317038209
19895,25.296,91.932,1090.0,25.79602649449995
19897,25.298806,91.923167,1233.0,5.385977098599754
19898,25.298951,91.726475,1507.0,20.155422119735228
19899,25.299369,91.325575,1139.0,32.6759519939448
19900,25.299931,91.726268,1524.0,27.238572082130066
19901,25.300281,91.944944,1136.0,23.56723462203258
19902,25.300389,91.726722,1519.0,22.989767773608854
19903,25.301167,91.929306,1116.0,8.984876931685683
19904,25.301383,91.922017,1192.0,27.55326483492445
19905,25.301444,91.9245,1208.0,18.96231828867539
19906,25.301559,91.922585,1190.0,28.799681652550277
19907,25.301676,91.923138,1193.0,29.346331162468683
19908,25.302544,91.925218,1184.0,13.915808695897175
19909,25.305047,91.075778,292.0,30.80698111710518
19910,25.309969,92.69525,1157.0,16.2287367059342
19911,25.311336,90.969222,382.0,13.915808695897175
19912,25.311778,91.917528,1161.0,12.638224684699054
19913,25.312667,92.130417,1142.0,8.104435709194412
19914,25.31458,91.45242,1308.0,43.097794687172446
19915,25.31488,91.44913,1378.0,24.805474401698422
19916,25.31488,91.33367,1141.0,43.45615808370977
19917,25.315176,91.923021,1031.0,35.27189058250504
19918,25.316069,92.685461,906.0,15.99993592924168
19919,25.316519,92.692311,945.0,27.029504599267472
19920,25.316519,92.692,938.0,27.360321545332805
19921,25.316589,92.687186,915.0,25.955401413885546
19922,25.318161,92.687219,904.0,18.96231828867539
19923,25.31848,91.45262,1393.0,22.61986494804043
19924,25.320833,91.9275,1099.0,20.991582376941242
19925,25.321102,91.927514,1099.0,22.684823831912844
19926,25.321975,92.504228,1143.0,13.069151942759
19927,25.322897,91.927752,1080.0,35.121209164599065
19928,25.324583,91.940667,825.0,22.684823831912844
19929,25.324806,91.942194,834.0,27.32389130134654
19930,25.324861,91.938389,851.0,10.759583898850556
19931,25.324889,91.943417,835.0,16.228736705934203
19932,25.325889,91.935222,952.0,20.43931757325825
19933,25.326032,91.659568,1368.0,39.8055710922652
19934,25.326063,91.931808,989.0,39.14355704978305
19935,25.326204,91.932463,996.0,32.11261530059655
19936,25.326694,91.933972,971.0,26.577778623734837
19937,25.32765,91.893414,1449.0,15.896959679954522
19938,25.331209,91.67737,1613.0,38.69010577379569
19939,25.331948,91.661011,1546.0,20.439317573258247
19940,25.332836,91.934395,565.0,37.51535462990476
19941,25.333758,92.589778,1137.0,17.5484006137923
19942,25.338631,91.777559,1416.0,42.51516365200912
19943,25.338711,91.775111,1432.0,24.359555875506427
19944,25.339339,92.584781,1109.0,15.845167180271268
19945,25.341306,92.009611,1053.0,32.53469816945699
19946,25.342269,92.58225,1069.0,23.069045509039658
19947,25.343028,92.0625,1250.0,19.82702865340817
19948,25.343111,92.584269,1089.0,23.490416068641593
19949,25.343528,92.069028,1235.0,12.53638838286113
19950,25.343939,92.5849,1090.0,21.835672195716146
19951,25.345,91.891,1539.0,26.334247846853142
19952,25.34555,91.891461,1529.0,32.667159071642764
19953,25.345611,91.895,1577.0,4.763641690726177
19954,25.346111,92.00675,860.0,43.24667654838039
19956,25.346972,92.008278,996.0,40.70850426789114
19957,25.347353,92.010558,1095.0,27.432940772267944
19958,25.347444,92.007917,1008.0,37.00513608621634
19959,25.34815,91.892506,1522.0,26.20460176321736
19960,25.348394,91.762714,1547.0,20.07880037349212
19961,25.349742,91.893423,1550.0,28.553305000609424
19962,25.350166,91.972582,1071.0,26.539566558618308
19963,25.35093,92.51236,1177.0,7.416536974278209
19964,25.351304,91.89353,1563.0,14.273571375658685
19965,25.352431,92.513478,1153.0,13.515781057664528
19966,25.353486,91.765544,1603.0,37.16592466590954
19967,25.354239,92.572861,994.0,11.386165083355712
19968,25.354644,91.973237,1184.0,31.44430728239367
19969,25.35465,92.5735,1001.0,12.364552990274646
19970,25.35525,91.767889,1623.0,36.59594159662962
19971,25.356361,92.004972,905.0,30.77741947322608
19972,25.356461,92.006278,919.0,36.055029684428945
19973,25.356475,91.225489,1030.0,25.34952033151192
19974,25.357472,91.229167,1087.0,21.971970836813973
19975,25.358972,92.003131,973.0,35.339242872470656
19976,25.358977,91.973477,1182.0,28.222814437179903
19977,25.359281,91.035939,535.0,4.763641690726178
19978,25.359306,91.885111,1472.0,35.264389682754654
19979,25.359331,91.974469,1167.0,32.06706985148497
19980,25.359611,91.889417,1560.0,27.33604368814356
19981,25.359922,91.882943,1518.0,36.25383773744479
19982,25.359923,91.883122,1518.0,36.25383773744479
19983,25.359985,91.882639,1518.0,41.98721249581666
19984,25.360004,91.8838,1522.0,33.44025753518539
19985,25.360132,91.882043,1511.0,27.613098503754813
19986,25.360351,91.974979,1193.0,24.591248866909307
19987,25.361056,91.034889,536.0,17.387333467314576
19988,25.362972,91.976278,1192.0,25.915703593185818
19989,25.363156,92.618839,1069.0,9.508656426564368
19990,25.364889,91.881,1446.0,41.90884788180327
19991,25.36565,92.5314,1022.0,12.225122675735754
19992,25.36925,91.879611,1354.0,37.84449625941184
19993,25.372139,91.879889,1437.0,32.10351627298505
19994,25.374072,90.8146,213.0,22.684823831912844
19995,25.37539167,92.431275,1112.0,10.430760195064721
19996,25.375719,92.610181,1035.0,18.174763056324142
19997,25.375806,92.609725,1049.0,9.321835749415003
19998,25.375917,91.876,1492.0,26.437229357181263
19999,25.376083,91.876944,1421.0,40.70318870066343
20000,25.3763,91.874028,1512.0,28.799681652550277
20001,25.376992,91.038136,612.0,8.159014354942736
20002,25.381107,91.756477,1774.0,26.577778623734844
20003,25.382428,91.874568,1514.0,27.226347381898258
20004,25.382563,91.757675,1760.0,33.69006752597979
20005,25.382694,91.877528,1381.0,40.14006614878386
20006,25.382898,91.757906,1775.0,27.029504599267472
20007,25.383298,91.87473,1525.0,29.54940859650111
20008,25.385535,91.988473,1362.0,17.5484006137923
20009,25.386191,91.874586,1520.0,26.56505117707799
20010,25.386583,91.874694,1527.0,31.002719133873985
20011,25.38707,91.988294,1360.0,29.421439641486938
20012,25.387781,91.877117,1450.0,29.421439641486938
20013,25.387912,91.762233,1768.0,29.260073022738787
20014,25.38803,91.46977,1529.0,6.379370208442804
20015,25.388039,91.8773,1458.0,34.46474362464782
20016,25.389028,91.874917,1409.0,41.90884788180327
20017,25.390145,91.87196,1569.0,26.67924362098057
20018,25.390444,91.883806,1251.0,31.58578773967389
20019,25.390714,91.764766,1763.0,29.24925904290538
20020,25.391265,91.884164,1268.0,20.80971857959822
20021,25.391723,91.871851,1585.0,27.32389130134654
20022,25.391944,91.875028,1405.0,44.2360201883268
20023,25.393914,91.872066,1588.0,26.113233272206745
20025,25.394983,91.872484,1592.0,36.83590849508688
20026,25.397287,91.872324,1574.0,17.775317038209
20028,25.397722,91.769417,1800.0,11.648634944412734
20030,25.398345,91.769704,1804.0,8.735690934280582
20031,25.39897,91.993367,1422.0,38.81672017857869
20032,25.400194,92.015731,1221.0,50.19714643182018
20033,25.40023,91.5159,1592.0,19.12710170142385
20035,25.4013,91.45855,1563.0,24.862123938667224
20037,25.40547,91.53712,1461.0,17.66231893216494
20038,25.407917,91.998889,1522.0,8.530765609948133
20039,25.408236,91.778704,1833.0,22.61986494804043
20040,25.413306,91.871139,1650.0,46.12050877888997
20042,25.416456,90.802981,135.0,8.935631425418535
20043,25.42142,92.28894,1331.0,10.046788047511114
20044,25.422194,91.869222,1671.0,32.401162502089626
20045,25.423674,91.721317,1693.0,27.017123217850244
20046,25.423839,91.862729,1749.0,28.485468456722128
20047,25.425,91.405,1563.0,18.520635899770767
20048,25.425944,91.866,1576.0,28.553305000609424
20049,25.426194,92.180472,1360.0,22.765646640754472
20050,25.426306,92.181278,1359.0,21.135527342306382
20051,25.430111,92.182167,1302.0,17.01197993242201
20052,25.430167,91.866528,1604.0,29.549408596501117
20053,25.434972,92.18425,1274.0,26.967504073598892
20054,25.435167,92.185006,1259.0,14.036243467926479
20055,25.43561,91.862056,1635.0,20.607120971804857
20056,25.436306,91.050361,621.0,10.046788047511114
20057,25.436706,91.051053,633.0,4.857533338413092
20058,25.436875,91.06105,685.0,18.130932944052347
20059,25.437036,91.857168,1810.0,26.880307851328986
20060,25.438495,91.862917,1668.0,43.18820521020111
20061,25.439833,92.181333,1294.0,28.49679392207442
20062,25.439889,92.181083,1309.0,23.195068590140778
20063,25.440153,90.881372,538.0,31.311156133255537
20064,25.44465,91.34622,1471.0,15.179705807856672
20065,25.446933,91.742919,1746.0,28.91046765839842
20066,25.44889,92.19417,1331.0,23.81059263950923
20067,25.449349,91.817118,1793.0,14.15548761586253
20068,25.450464,92.095806,1078.0,15.609525869125669
20069,25.450628,91.817767,1788.0,17.93200256558677
20070,25.452164,91.819054,1773.0,15.179705807856672
20071,25.455639,91.082944,725.0,21.260377126997216
20072,25.455817,91.086289,704.0,11.795709540896548
20073,25.461894,91.830791,1732.0,17.224372940700082
20074,25.462319,91.096836,876.0,24.904481044556743
20075,25.463778,92.04425,1465.0,12.604382648379184
20077,25.479069,90.807167,324.0,18.87922133905067
20078,25.484178,92.510928,1120.0,6.91817481667161
20080,25.489833,92.069033,1252.0,17.224372940700082
20081,25.490472,92.069472,1230.0,22.290970374758974
20082,25.490475,92.069278,1225.0,20.097992628721148
20083,25.490961,92.070397,1233.0,16.601549599020238
20084,25.49137,91.821688,1713.0,23.750100573474086
20085,25.49151667,91.77329444,1802.0,16.453666886955713
20086,25.496081,91.117675,981.0,19.51118046928032
20087,25.496367,91.163575,1187.0,14.592550602033427
20088,25.496861,91.198556,1289.0,29.260073022738787
20089,25.49736111,91.77902778,1802.0,3.4389123953782974
20090,25.49833333,91.73361111,1733.0,13.421509132977462
20091,25.5,90.21,206.0,9.321835749415003
20092,25.5,90.22,407.0,12.364552990274646
20093,25.5,90.22,407.0,12.364552990274646
20094,25.5,90.22,407.0,12.364552990274646
20095,25.5014,90.68972,251.0,3.016961309815993
20096,25.50335,91.28335,1414.0,21.18915910142139
20097,25.50368056,91.72342222,1748.0,5.5507182121273235
20098,25.504083,91.723028,1747.0,10.176527410054078
20099,25.50667,91.28318,1396.0,20.532771786488425
20100,25.507378,91.223883,1363.0,23.567234622032583
20101,25.507528,91.224333,1361.0,23.567234622032583
20102,25.507586,91.708236,1777.0,14.036243467926479
20103,25.50781,90.68,352.0,6.853224835121291
20104,25.508,91.225694,1378.0,18.43494882292201
20105,25.509233,91.703961,1785.0,9.870926939134982
20106,25.509358,91.719631,1743.0,11.648634944412734
20107,25.51,90.21,264.0,14.621143938770764
20108,25.51028,90.21678,325.0,11.461836902818336
20109,25.51046111,91.70312778,1795.0,13.421509132977462
20110,25.512611,90.658611,366.0,3.4389123953782974
20111,25.519556,91.266444,1333.0,6.721369339369457
20112,25.51973,91.28443,1449.0,1.3502244696996157
20113,25.520356,91.537764,1593.0,23.021526638116164
20114,25.5208,91.25985,1358.0,19.74869565807571
20115,25.522717,91.448328,1528.0,14.959246786437891
20116,25.522768,91.892701,1837.0,17.083143246452856
20117,25.523,91.521389,1586.0,13.824682316158707
20118,25.523083,91.268972,1352.0,18.96231828867539
20119,25.524931,91.514383,1596.0,24.591248866909307
20120,25.525533,91.467683,1692.0,23.490416068641593
20121,25.527489,92.415139,1248.0,19.451200005616776
20122,25.5275,91.918861,1775.0,14.763132623631552
20123,25.527781,91.263214,1339.0,8.049466975528398
20124,25.528308,91.395711,1539.0,16.228736705934203
20125,25.529056,91.923722,1748.0,12.364552990274646
20126,25.529408,92.455339,1178.0,7.2338446967252255
20127,25.53,89.98,69.0,7.416536974278209
20128,25.53,89.98,69.0,7.416536974278209
20129,25.533183,91.205647,1350.0,16.72355800648402
20130,25.534486,91.205492,1359.0,26.56505117707799
20131,25.53458,92.11539,1238.0,10.046788047511114
20133,25.536889,91.206556,1337.0,26.360054096082706
20135,25.53725,91.206972,1333.0,21.04572088407583
20136,25.537344,91.207542,1333.0,29.58124669955053
20137,25.537636,91.208528,1333.0,27.17735741799749
20138,25.537972,91.602361,1626.0,23.069045509039658
20141,25.54231,92.1,1336.0,17.083143246452856
20142,25.54261,92.10867,1138.0,14.763132623631552
20143,25.54261,92.09842,1318.0,10.759583898850556
20144,25.54264,92.10214,1332.0,6.853224835121291
20146,25.542744,91.662067,1762.0,21.04572088407583
20148,25.54328,92.10478,1272.0,28.665750219765908
20149,25.544028,91.215472,1364.0,11.309932474020215
20151,25.544889,91.263722,1363.0,20.001783914715944
20152,25.544906,91.268575,1379.0,28.280269845499703
20153,25.544917,91.270722,1393.0,19.47122063449069
20154,25.544936,91.267672,1369.0,22.07341542334565
20155,25.545061,91.269778,1386.0,25.688903331931808
20158,25.545206,91.276144,1406.0,20.973493421320807
20159,25.545642,91.325403,1507.0,17.66231893216494
20160,25.545722,91.520556,1674.0,0.9548412538721887
20161,25.545939,91.284283,1425.0,26.113233272206745
20162,25.546456,91.235733,1329.0,20.80971857959822
20163,25.546553,91.235222,1324.0,25.376933525152303
20164,25.547867,91.292589,1485.0,12.260147486012336
20165,25.548089,91.647706,1717.0,4.262693045214654
20166,25.548306,91.61775,1637.0,23.069045509039658
20167,25.549139,91.244417,1348.0,16.2287367059342
20168,25.549333,91.246583,1337.0,25.156319133694215
20169,25.549639,91.247472,1337.0,21.419418908984124
20170,25.549667,91.242444,1350.0,16.723558006484023
20171,25.549789,91.645033,1699.0,18.520635899770767
20172,25.549861,91.295706,1483.0,11.038532615965034
20173,25.549961,91.341175,1564.0,19.310287408745566
20174,25.55,90.33,744.0,3.016961309815993
20175,25.550122,91.250286,1336.0,22.290970374758974
20176,25.5502,91.618106,1660.0,15.922779458176539
20177,25.550608,91.232894,1331.0,23.397741000263863
20178,25.551225,91.232636,1333.0,21.680889149080844
20179,25.55125,91.297056,1477.0,8.935631425418535
20180,25.551667,91.2325,1318.0,19.12710170142385
20181,25.551667,92.331806,1192.0,26.767512858834905
20182,25.552647,91.237072,1356.0,3.931095784160226
20183,25.552992,90.814503,503.0,24.242444512172103
20184,25.553522,90.815225,485.0,21.260377126997213
20185,25.553794,91.231139,1304.0,18.96231828867539
20186,25.555256,91.234944,1338.0,14.066164922222868
20187,25.557833,90.818103,514.0,12.04828213833979
20188,25.558058,90.809919,405.0,28.280269845499703
20189,25.558442,91.228547,1302.0,15.042369244334244
20190,25.558489,91.230911,1315.0,22.373844274024943
20191,25.559222,91.229639,1313.0,23.628423517864423
20192,25.559778,92.226278,1279.0,14.15548761586253
20193,25.56,90.34,745.0,15.042369244334246
20194,25.56,90.37,678.0,17.66231893216494
20195,25.560028,90.833917,576.0,15.042369244334246
20196,25.560667,91.228028,1307.0,27.505240762859906
20197,25.560931,91.227694,1308.0,27.62503917921715
20198,25.561281,92.330142,1064.0,28.49679392207442
20199,25.563239,91.225711,1326.0,22.862089144234922
20200,25.563472,92.329689,1032.0,28.799681652550277
20201,25.565333,91.225667,1325.0,19.787913812706314
20202,25.565489,91.220686,1341.0,8.735690934280582
20203,25.565569,90.808153,413.0,6.091478002079769
20204,25.56667,91.90194,1545.0,3.016961309815993
20205,25.568056,91.737944,1710.0,10.759583898850556
20206,25.568106,91.737919,1710.0,10.759583898850556
20207,25.568837,91.833286,1469.0,21.954998832237578
20208,25.569222,91.217222,1293.0,17.66231893216494
20209,25.569278,92.2025,1249.0,28.118887671283172
20210,25.569333,92.202139,1233.0,21.04572088407583
20211,25.569778,91.21575,1282.0,10.555380466061173
20212,25.57,89.98,53.0,9.870926939134982
20213,25.570361,91.215056,1274.0,8.049466975528398
20214,25.571,92.55128,836.0,16.428860704621638
20215,25.571256,91.825464,1277.0,25.8493248967401
20216,25.571299,91.833183,1442.0,17.775317038209
20217,25.571555,91.826228,1281.0,33.3982497427651
20218,25.571747,91.827526,1305.0,29.421439641486938
20219,25.572312,91.828292,1326.0,40.05711897530876
20220,25.572492,91.209156,1263.0,16.723558006484023
20221,25.57255,91.828833,1326.0,41.77567556138229
20222,25.573653,91.831023,1357.0,33.993006686150665
20224,25.57425,91.214472,1247.0,15.06995574963759
20225,25.57428,91.831851,1362.0,40.14558013326291
20227,25.576806,92.242444,1190.0,15.042369244334246
20228,25.576847,91.753423,1706.0,20.80971857959822
20229,25.577212,91.75219,1674.0,24.591248866909307
20230,25.578206,92.266856,1250.0,11.499465999742787
20231,25.57822,91.86545,1459.0,8.735690934280582
20232,25.58,89.99,43.0,6.0172848640320336
20233,25.580703,91.237361,1350.0,13.262676008304846
20234,25.581572,91.181611,1232.0,20.250651404968387
20235,25.581822,91.189944,1249.0,17.29444852858009
20236,25.581829,91.765659,1694.0,21.47206914335925
20237,25.581983,91.176972,1251.0,25.809367457705076
20238,25.582061,91.185611,1224.0,15.179705807856672
20240,25.582836,91.183972,1228.0,18.87922133905067
20241,25.583236,91.237317,1318.0,17.775317038209
20242,25.585389,91.1765,1211.0,7.6530487205434135
20243,25.585875,91.777328,1692.0,20.001783914715944
20244,25.587111,91.498556,1567.0,17.5484006137923
20246,25.59578,91.917379,1506.0,12.04828213833979
20247,25.597614,91.153233,1143.0,10.046788047511114
20248,25.598908,91.175628,1098.0,11.348119585994183
20249,25.599096,91.859289,1279.0,19.310287408745566
20250,25.599575,91.1782,1133.0,17.66231893216494
20251,25.599762,91.860814,1298.0,17.01197993242201
20252,25.599815,91.860028,1292.0,24.461332518771652
20253,25.599817,91.176394,1096.0,14.24415761739711
20254,25.6,90.03,75.0,7.653048720543413
20255,25.6,90.29,601.0,20.439317573258247
20256,25.600736,91.177453,1079.0,17.29444852858009
20257,25.602683,91.180708,1060.0,22.22435314380804
20258,25.60339,91.856222,1245.0,30.508958866202807
20259,25.606189,91.157706,1170.0,8.735690934280582
20260,25.606193,91.856276,1193.0,32.57012547147069
20261,25.606969,91.176158,1131.0,20.991582376941242
20262,25.607458,91.157039,1184.0,17.752790161946685
20263,25.607567,91.174906,1145.0,19.451200005616776
20264,25.61,90.29,565.0,9.64622531297678
20265,25.61,90.29,565.0,9.64622531297678
20266,25.61,90.29,565.0,9.64622531297678
20267,25.61,90.29,565.0,9.64622531297678
20268,25.61,90.3,692.0,10.999158271052183
20269,25.61,90.31,671.0,5.385977098599754
20270,25.611361,91.022019,938.0,14.036243467926479
20271,25.611931,92.452931,993.0,11.348119585994185
20272,25.612528,91.870861,1328.0,22.373844274024943
20273,25.612794,91.173697,1157.0,12.772578169490426
20274,25.613583,91.871778,1317.0,17.752790161946685
20275,25.613917,91.868639,1282.0,30.77741947322608
20276,25.614112,91.869632,1291.0,23.750100573474086
20277,25.614537,91.87005,1285.0,23.750100573474086
20278,25.614657,91.870692,1289.0,26.628589703310887
20279,25.614664,91.870266,1282.0,25.526884054256257
20280,25.614807,91.871158,1294.0,28.037600489728426
20281,25.614912,91.871711,1279.0,33.698329255184774
20282,25.615092,91.309872,1423.0,16.601549599020238
20283,25.615134,91.872232,1292.0,33.83814426542724
20285,25.617787,91.872745,1254.0,25.79602649449995
20286,25.618994,91.185681,1159.0,16.051123667414398
20287,25.619625,91.616567,1506.0,15.922779458176539
20288,25.619861,91.875111,1233.0,29.917093225401345
20289,25.62,90.33,681.0,4.763641690726178
20290,25.62,91.88272222,1266.0,11.461836902818336
20292,25.624778,91.16775,1239.0,13.16632060042364
20293,25.6251,91.9118,1355.0,6.721369339369457
20294,25.625142,90.791675,441.0,7.653048720543413
20295,25.625331,91.182614,1176.0,24.634322367669885
20296,25.626417,91.887028,1261.0,10.759583898850556
20297,25.626767,91.165211,1256.0,23.674161365449706
20298,25.626794,91.829725,1443.0,21.260377126997213
20299,25.627946,91.876487,1164.0,23.132182561931256
20300,25.628361,91.037139,929.0,16.72355800648402
20301,25.628758,91.164169,1251.0,18.130932944052347
20302,25.629003,91.037664,938.0,26.334247846853142
20303,25.629683,91.163172,1239.0,15.06995574963759
20304,25.63,90.33,650.0,6.091478002079769
20305,25.63,90.33,650.0,6.091478002079769
20306,25.630652,91.87886,1148.0,23.195068590140778
20307,25.632286,91.162786,1257.0,17.775317038209
20309,25.635556,90.807778,444.0,11.038532615965034
20310,25.636747,91.162711,1267.0,9.508656426564368
20311,25.636913,91.843235,1256.0,22.40687120493745
20312,25.637026,91.844464,1273.0,24.904481044556743
20313,25.637189,91.93345,1324.0,26.967504073598892
20314,25.637274,91.844234,1251.0,31.660751096636602
20315,25.637365,91.932235,1299.0,29.665849859262984
20316,25.637779,91.932565,1293.0,26.20460176321736
20317,25.639417,91.044806,926.0,11.976725812374069
20318,25.640264,91.848588,1203.0,33.89536963300801
20320,25.641388,91.854928,1154.0,33.2376314445189
20321,25.64213,91.851852,1104.0,22.22435314380804
20322,25.642198,91.851055,1109.0,26.56505117707799
20323,25.643494,91.159222,1214.0,13.262676008304846
20325,25.64366,91.899342,1060.0,21.938008256074177
20326,25.644222,91.158528,1205.0,15.99993592924168
20327,25.644833,91.134778,1218.0,14.959246786437891
20328,25.644944,91.158153,1201.0,13.421509132977462
20329,25.64575,92.071167,859.0,15.845167180271268
20330,25.6466,91.157592,1197.0,24.16881343581011
20331,25.647514,91.055144,975.0,24.461332518771652
20332,25.64906111,91.89733611,1096.0,21.04572088407583
20333,25.64908889,91.899,1091.0,25.8493248967401
20335,25.649856,91.154383,1161.0,7.825525624597575
20336,25.65,90.38,500.0,6.0172848640320336
20337,25.65,90.38,500.0,6.0172848640320336
20338,25.65,90.38,500.0,6.0172848640320336
20339,25.65060556,91.89945278,1111.0,15.99993592924168
20342,25.656408,91.900528,947.0,16.723558006484023
20343,25.657083,91.147397,1160.0,6.853224835121291
20344,25.65835,91.177014,1156.0,14.959246786437891
20345,25.660275,91.144308,1177.0,9.321835749415003
20348,25.660825,91.143689,1162.0,12.260147486012336
20349,25.663303,91.1347,1128.0,25.91570359318582
20350,25.663444,91.915944,948.0,16.453666886955713
20351,25.664111,91.089556,914.0,26.56505117707799
20352,25.6655,91.090556,936.0,15.042369244334244
20353,25.666028,91.091167,946.0,21.611596098722195
20354,25.66675,91.121472,1050.0,9.73677691573277
20355,25.667072,91.091972,969.0,20.307500221928045
20356,25.667417,91.092333,959.0,19.310287408745566
20357,25.667472,91.066778,1010.0,28.82189836411544
20358,25.667597,91.063169,983.0,18.305448954250746
20359,25.667744,91.597819,1280.0,11.499465999742787
20360,25.668317,91.114858,1019.0,12.604382648379184
20361,25.668469,91.975083,1020.0,30.41849461159642
20362,25.669678,91.102908,1032.0,27.372447043216635
20363,25.66975,91.100222,1029.0,31.060991342684076
20365,25.670083,91.094806,986.0,26.20460176321736
20366,25.670639,91.09525,1004.0,22.090258704050036
20367,25.671125,91.178883,1101.0,15.36952380130432
20368,25.6715,91.095233,989.0,18.64821573021375
20369,25.671583,91.040889,959.0,11.386165083355712
20370,25.671944,91.096139,998.0,20.155422119735228
20371,25.672167,91.066028,971.0,14.763132623631552
20372,25.672917,91.06475,990.0,9.321835749415003
20373,25.674,92.157667,807.0,6.721369339369457
20374,25.676,92.157917,838.0,15.179705807856672
20375,25.678306,91.07975,988.0,11.348119585994183
20376,25.68625,91.118358,1057.0,21.18915910142139
20377,25.687056,91.6485,1139.0,25.526884054256257
20378,25.687083,91.650858,1111.0,22.668609279892422
20379,25.687314,91.655378,1075.0,28.002640063185417
20380,25.687431,91.648322,1133.0,31.012445448807313
20381,25.687442,91.656183,1045.0,21.04572088407583
20382,25.687856,91.647944,1142.0,36.42929126949838
20383,25.688011,91.658069,1032.0,26.56505117707799
20384,25.690833,91.056556,923.0,13.03657849691309
20385,25.691444,91.057,927.0,11.348119585994185
20386,25.691453,91.645731,1273.0,36.93089662022377
20387,25.692933,91.647703,1196.0,28.82189836411544
20388,25.692947,91.648044,1179.0,23.444146119861458
20389,25.693222,91.0555,926.0,17.387333467314576
20390,25.69483,91.11836,1095.0,14.621143938770764
20392,25.696489,91.644528,1244.0,26.93019100092878
20393,25.696556,92.109694,839.0,5.788832299437198
20394,25.698111,91.18275,1105.0,23.273326481355983
20395,25.6985,91.056611,907.0,7.6530487205434135
20396,25.698667,91.054778,865.0,15.609525869125669
20397,25.699306,91.055556,887.0,19.12710170142385
20398,25.6999,91.642192,1260.0,25.675463214971884
20399,25.700053,91.644486,1254.0,34.017325088918376
20400,25.704083,92.118833,837.0,7.2338446967252255
20403,25.716594,90.822539,372.0,15.36952380130432
20404,25.746722,92.111139,898.0,26.577778623734837
20405,25.746806,92.107806,913.0,24.805474401698422
20406,25.747333,92.117333,866.0,16.051123667414398
20407,25.747597,92.114167,893.0,24.475819581509896
20408,25.75634,92.017832,973.0,29.686933196903503
20411,25.763347,91.657153,849.0,17.224372940700082
20412,25.776087,92.03754,930.0,18.96231828867539
20414,25.79,91.02,569.0,13.915808695897175
20415,25.79,90.44,197.0,12.772578169490426
20416,25.795444,91.662111,763.0,15.36952380130432
20417,25.796657,92.143462,821.0,24.38870074689113
20418,25.8,91.11,513.0,22.07341542334565
20419,25.8,91.01,554.0,10.176527410054078
20420,25.81,91.02,431.0,24.16881343581011
20421,25.83,91.14,384.0,12.364552990274646
20422,25.83,91.05,110.0,6.091478002079769
20423,25.83,91.05,110.0,6.091478002079769
20424,25.84,91.47,359.0,19.370844026969944
20425,25.85,91.17,78.0,2.1342998941463125
20428,25.86575,92.153286,674.0,14.621143938770764
20430,25.874293,92.018322,763.0,8.735690934280582
20432,25.913997,91.578903,414.0,18.64821573021375
20433,25.9235,91.574222,469.0,15.922779458176539
20434,25.92792,91.87717,591.0,10.759583898850556
20436,25.930386,91.571822,510.0,27.17735741799749
20437,25.934889,91.714389,291.0,16.723558006484023
20438,25.935708,91.714556,281.0,24.16881343581011
20439,25.935833,91.56525,486.0,31.434832006995155
20440,25.935908,91.564903,486.0,28.118887671283172
20442,25.937,91.87553,561.0,12.225122675735754
20443,25.940439,91.563069,454.0,18.96231828867539
20444,25.940978,91.724644,308.0,13.915808695897175
20447,25.951106,91.968889,547.0,23.132182561931256
20448,25.9545,91.546622,180.0,22.684823831912844
20452,25.95847,91.85406,339.0,12.260147486012336
20455,25.970032,92.056762,606.0,25.915703593185818
20456,25.970062,92.054889,603.0,26.880307851328986
20457,25.971897,91.562372,280.0,33.821757317608586
20458,25.972322,91.561125,285.0,20.532771786488425
20459,25.972469,91.560822,278.0,30.205466819616653
20460,25.97256,91.86242,338.0,10.555380466061173
20462,25.978481,91.569575,391.0,21.818550314312215
20465,25.982436,92.057405,407.0,11.386165083355712
20466,25.994619,91.577214,378.0,8.47871314708616
20469,26.00294,91.86692,405.0,7.6530487205434135
20470,26.007083,91.909806,210.0,17.775317038209
20471,26.01061,91.86886,342.0,24.862123938667224
20472,26.011861,91.569611,87.0,24.805474401698422
20473,26.022094,91.832906,106.0,9.870926939134982
20474,26.02547,91.87158,179.0,11.038532615965034
20475,26.027028,91.88175,87.0,23.56723462203258
20476,26.027583,91.886556,91.0,26.61590170730996
20477,26.02897,91.87197,155.0,14.931417178137552
20478,26.032028,91.989528,237.0,20.846265656650555
20479,26.033583,91.867083,116.0,10.430760195064721
20480,26.0591,92.236,71.0,11.976725812374069
20481,26.061,92.241,72.0,21.242603631151898
20482,26.075944,91.820806,222.0,10.555380466061171
20483,26.08125,91.798278,106.0,24.634322367669885
20484,26.086389,91.879083,86.0,15.042369244334244
20485,26.086975,91.7831,88.0,14.763132623631552
20486,25.47704743,92.16831285,1405.0,8.984876931685683
20487,25.46307925,92.25426106,1376.0,3.4389123953782974
20488,25.5667327,91.9146185,1537.0,6.853224835121291
20489,25.28422636,92.11294194,1036.0,8.735690934280582
20490,25.2842285,92.11314877,1036.0,8.735690934280582
20491,25.29967,91.46108,1047.0,18.456418645243215
20492,25.29667,91.45986,1005.0,24.634322367669885
20493,25.2975,91.46167,1075.0,21.869859308909426
20494,25.29739,91.46201,1082.0,14.535165207979569
20495,25.29778,91.45972,1067.0,13.640311227766057
20496,25.809088,91.875238,594.0,18.520635899770767
20497,25.781246,91.874475,698.0,10.430760195064721
20498,25.640581,91.89212,1188.0,21.18915910142139
20499,25.465167,91.824944,1690.0,14.506372352544124
20500,25.422278,91.867694,1713.0,31.434832006995155
20501,25.43480556,91.85952778,1805.0,32.53469816945699
20502,25.48716667,91.81936111,1724.0,6.91817481667161
20503,25.456896,91.826145,1760.0,17.775317038209
20505,25.369056,91.775046,1683.0,29.58124669955053
20506,25.366201,91.767213,1608.0,35.339242872470656
20507,25.355042,91.767525,1621.0,38.97802093380687
20508,25.340415,91.774142,1441.0,31.77256152831432
20510,25.67341667,91.06625,950.0,20.001783914715944
20511,25.57711111,91.88141667,1484.0,3.4389123953782974
20512,25.56183333,91.86855556,1546.0,14.763132623631552
20513,25.57188889,91.90127778,1515.0,9.462322208025618
20514,25.56852778,91.89219444,1532.0,6.0172848640320336
20515,25.13561111,92.3805,178.0,23.56723462203258
20516,25.13561111,92.3805,178.0,23.56723462203258
20517,25.13561111,92.3805,178.0,23.56723462203258
20518,25.13486111,92.382,188.0,44.05448909146209
20519,25.12383333,92.38519444,93.0,44.73090749488438
20520,25.07533333,92.36341667,156.0,24.8479801794304
20521,25.05108333,92.40219444,64.0,9.64622531297678
20522,25.04305556,92.42041667,149.0,17.01197993242201
20523,25.04222222,92.44127778,276.0,25.07280797783953
20524,25.36497222,91.02411111,398.0,12.260147486012336
20525,25.26361111,92.38557778,844.0,14.959246786437891
20526,25.26005556,92.38863889,792.0,11.386165083355712
20527,25.14702778,92.37883333,195.0,15.845167180271268
20528,25.14702778,92.37883333,195.0,15.845167180271268
20529,25.14341667,92.37805556,206.0,27.944207405422542
20530,25.13427778,92.38511111,148.0,18.43494882292201
20531,25.09022222,92.35805556,151.0,25.5133092609215
20532,25.09055556,92.35972222,203.0,20.307500221928045
20533,25.08772222,92.36086111,431.0,22.668609279892422
20534,26.00361111,92.86361111,77.0,1.3502244696996157
20535,25.53086111,91.29780556,1465.0,20.532771786488425
20536,25.97283333,91.86545,285.0,20.846265656650555
20537,25.97255556,91.86241667,338.0,10.555380466061173
20538,25.67469444,91.88652778,1062.0,4.763641690726177
20539,26.02611111,91.86827778,111.0,13.262676008304846
20540,25.24416667,91.79397222,522.0,34.999648077881965
20541,25.563,91.885,1572.0,24.16881343581011
20542,25.56663056,91.91370556,1530.0,11.038532615965034
20543,25.281,91.57330556,1325.0,14.036243467926479
20544,25.27728056,91.57445,1334.0,48.53323420115268
20545,25.6489,91.8965,1079.0,15.896959679954522
20546,25.64911111,91.899,1091.0,25.8493248967401
20547,25.23211111,91.37252778,418.0,16.051123667414398
20548,25.22194444,91.38422222,240.0,21.045720884075834
20549,25.2161,91.38912222,162.0,19.370844026969944
20550,25.18766667,91.39816667,94.0,20.43931757325825
20551,25.18688889,91.39855556,77.0,17.083143246452856
20552,25.62,91.88272222,1266.0,11.461836902818336
20553,25.44233333,92.19447222,1331.0,7.825525624597575
20554,25.44177778,92.19558333,1340.0,4.262693045214654
20555,25.44138889,92.19108333,1318.0,28.553305000609424
20556,25.43630556,92.19525,1359.0,13.16632060042364
20557,25.43505556,92.19836111,1350.0,13.03657849691309
20558,25.44741667,92.20138889,1371.0,18.96231828867539
20559,25.45075,92.19452778,1354.0,22.290970374758974
20560,25.45351667,92.18784722,1272.0,8.984876931685683
20561,25.59875,91.86427778,1365.0,18.87922133905067
20562,25.56194444,91.88055556,1552.0,20.07880037349212
20563,25.54930833,91.91161389,1638.0,19.451200005616776
20564,25.54948611,91.91179722,1638.0,19.451200005616776
20565,25.54985278,91.91202778,1635.0,19.471220634490695
20566,25.58136111,91.88338889,1450.0,17.66231893216494
20567,25.65060556,91.89945278,1111.0,15.99993592924168
20568,25.64908889,91.899,1091.0,25.8493248967401
20569,25.64906111,91.89733611,1096.0,21.04572088407583
20570,25.49736111,91.77902778,1802.0,3.4389123953782974
20571,25.49151667,91.77329444,1802.0,16.453666886955713
20572,25.49833333,91.73361111,1733.0,13.421509132977462
20573,25.50368056,91.72342222,1748.0,5.5507182121273235
20574,25.51046111,91.70312778,1795.0,13.421509132977462
20575,25.36103333,91.64700833,1449.0,26.577778623734844
20576,25.21273889,90.63216111,44.0,24.461332518771652
20577,25.21022222,90.63220278,36.0,15.922779458176539
20578,25.38163333,90.06033889,82.0,8.47871314708616
20579,25.45939722,90.70860278,190.0,21.6115960987222
20580,25.45903056,90.70813333,185.0,18.305448954250746
20581,25.44835,91.59150278,1649.0,12.260147486012336
20582,25.44743611,91.59103889,1628.0,20.846265656650555
20583,25.44716111,91.59067778,1635.0,24.16881343581011
20584,25.16400556,92.38702778,393.0,26.360054096082706
20585,25.296,91.932,1090.0,25.79602649449995
20586,25.345,91.891,1539.0,26.334247846853142
20587,25.35861111,91.97208333,1166.0,22.862089144234922
20588,25.35908333,91.97433333,1189.0,34.41738871044157
20589,25.39611111,91.99194444,1436.0,24.16881343581011
20590,25.365263,91.878497,1545.0,19.47122063449069
20591,25.52901389,91.26188611,1361.0,20.607120971804857
20592,25.41955556,92.16194444,1393.0,3.931095784160226
20593,25.55256111,91.61870278,1657.0,15.042369244334246
20594,25.39295833,91.55163333,1415.0,20.699546585586496
20595,25.37129167,91.48003056,1567.0,9.368915578454837
20596,25.40288611,91.43424167,1527.0,16.051123667414398
20597,25.531739,91.296177,1460.0,25.8493248967401
20598,25.540056,91.314142,1513.0,13.824682316158707
20599,25.62790278,91.88801944,1257.0,9.870926939134982
20600,25.630403,91.8899195,1250.0,9.73677691573277
20601,25.630858,91.887601,1232.0,14.273571375658685
20602,25.641242,91.894137,1210.0,9.462322208025618
20603,25.65057222,91.89351389,1135.0,21.55942138371082
20604,25.64887222,91.89692778,1083.0,19.188418756936425
20605,25.44693056,91.74096667,1734.0,19.689673297252913
20606,25.41384722,91.67856111,1655.0,7.416536974278209
20607,25.34508889,91.60050278,1679.0,37.24571514151944
20612,25.65308889,91.89803889,1044.0,17.456590925928477
20613,25.65341111,91.89819444,1038.0,17.035742128041974
20614,25.66315,91.90180278,1017.0,7.653048720543413
20615,25.67032222,91.90487222,1008.0,13.915808695897175
20616,25.67517222,91.8983,1015.0,18.262020066776483
20617,25.42315556,91.86329167,1740.0,40.41337530810542
20621,25.49551944,91.49585278,1584.0,17.387333467314576
20622,25.28247222,91.36413333,973.0,36.16893488396254
20623,25.28090556,91.36584722,993.0,28.485468456722128
20630,25.62269444,91.16914444,1222.0,6.379370208442804
20631,25.61276111,91.17375278,1166.0,14.763132623631552
20632,25.66156667,91.13485278,1145.0,10.759583898850556
20633,25.69150833,91.64160833,1338.0,1.3502244696996157
20634,25.69517778,91.64123611,1302.0,15.06995574963759
20635,25.69688611,91.64176667,1285.0,11.348119585994185
20636,25.70087778,91.642902,1247.0,18.43494882292201
20637,25.69866667,91.64517222,1228.0,24.242444512172106
20638,25.69683611,91.64485556,1257.0,20.699546585586496
20639,25.69523333,91.64426944,1225.0,25.5133092609215
20640,25.69463611,91.64577778,1204.0,23.750100573474086
20641,25.68698889,91.64812222,1171.0,38.29781579971788
20642,25.68690556,91.64915278,1124.0,21.818550314312215
20643,25.688833,91.653639,1046.0,27.017123217850244
20644,25.68798889,91.65838889,1032.0,29.58124669955053
20645,25.68805,91.66653,957.0,31.051293565952417
20646,25.68822222,91.66746111,936.0,25.5133092609215
20647,25.69007,91.67085,888.0,6.091478002079769
20648,25.733262,91.675754,742.0,16.453666886955713
20649,25.762051,91.658959,796.0,6.0172848640320336
20650,25.770935,91.656497,776.0,10.555380466061171
20651,25.791616,91.658242,743.0,8.582483688827132
20652,25.803984,91.659801,686.0,23.132182561931256
20653,25.700668,91.596815,1345.0,15.503408837548553
20654,25.739454,91.572107,903.0,22.373844274024943
20655,25.567423,89.979711,47.0,12.260147486012336
20657,25.531698,91.295995,1460.0,25.8493248967401
20658,22.05,92.66,174.0,12.53638838286113
20659,22.06,92.66,187.0,5.128711509483252
20660,22.08,92.65,145.0,4.262693045214654
20661,22.1,92.85,129.0,21.86985930890943
20662,22.1,92.86,335.0,23.11642191920837
20663,22.1,92.86,335.0,23.11642191920837
20664,22.1,92.86,335.0,23.11642191920837
20665,22.11,92.85,295.0,23.397741000263863
20666,22.11,92.85,295.0,23.397741000263863
20667,22.11,92.85,295.0,23.397741000263863
20668,22.11,92.86,414.0,27.40876997825205
20669,22.11,92.86,414.0,27.40876997825205
20670,22.11,92.88,386.0,33.03247176064103
20671,22.14,92.88,532.0,10.999158271052183
20672,22.14,93.0,928.0,19.74869565807571
20673,22.15,92.62,151.0,1.9091524329963763
20674,22.15,92.62,151.0,1.9091524329963763
20675,22.15,92.63,163.0,3.931095784160226
20676,22.15,92.78,105.0,9.64622531297678
20677,22.15,92.88,577.0,20.80971857959822
20678,22.15,92.99,635.0,41.85966196264453
20679,22.15,92.99,635.0,41.85966196264453
20680,22.15,93.01,1135.0,5.5507182121273235
20681,22.15,93.01,1135.0,5.5507182121273235
20682,22.15,93.01,1135.0,5.5507182121273235
20683,22.15,93.01,1135.0,5.5507182121273235
20684,22.15,93.01,1135.0,5.5507182121273235
20685,22.16,92.62,169.0,10.046788047511114
20686,22.16,92.62,169.0,10.046788047511114
20687,22.16,92.8,503.0,37.19921925289739
20688,22.16,93.0,790.0,25.91570359318582
20689,22.17,92.99,1278.0,12.604382648379184
20690,22.17,93.01,970.0,36.42230980353445
20691,22.17,93.0,1257.0,24.634322367669885
20692,22.17,93.01,970.0,36.42230980353445
20693,22.18,92.61,223.0,14.506372352544124
20694,22.18,92.61,223.0,14.506372352544124
20695,22.18,92.61,223.0,14.506372352544124
20696,22.18,92.61,223.0,14.506372352544124
20697,22.18,92.61,223.0,14.506372352544124
20698,22.18,92.61,223.0,14.506372352544124
20699,22.18,92.61,223.0,14.506372352544124
20700,22.18,92.61,223.0,14.506372352544124
20701,22.18,92.61,223.0,14.506372352544124
20702,22.18,92.77,168.0,17.752790161946685
20703,22.18,93.01,1109.0,11.038532615965034
20704,22.18,93.01,1109.0,11.038532615965034
20705,22.18,93.01,1109.0,11.038532615965034
20706,22.18,93.01,1109.0,11.038532615965034
20707,22.18,93.01,1109.0,11.038532615965034
20708,22.19,92.61,194.0,13.421509132977462
20709,22.19,92.69,216.0,11.348119585994183
20710,22.19,92.98,958.0,45.66086475334925
20711,22.19,93.03,775.0,31.119058788415003
20712,22.2,92.61,213.0,8.47871314708616
20713,22.2,92.61,213.0,8.47871314708616
20714,22.2,93.13,1142.0,24.475819581509896
20715,22.21,92.61,239.0,19.12710170142385
20716,22.21,92.61,239.0,19.12710170142385
20717,22.21,92.96,1059.0,29.195082782485805
20718,22.21,92.96,1059.0,29.195082782485805
20719,22.21,93.12,1057.0,55.04832248723774
20720,22.21,93.12,1057.0,55.04832248723774
20721,22.22,92.62,199.0,13.326469949385988
20722,22.22,92.62,199.0,13.326469949385988
20723,22.22,92.62,199.0,13.326469949385988
20724,22.22,92.95,1002.0,18.77467605427877
20725,22.22,92.96,1307.0,24.805474401698422
20726,22.22,93.11,1382.0,31.051293565952417
20727,22.23,92.62,172.0,8.530765609948133
20728,22.23,92.62,172.0,8.530765609948133
20729,22.23,92.93,608.0,23.765245108071557
20730,22.23,92.93,608.0,23.765245108071557
20731,22.24,92.69,266.0,22.765646640754472
20732,22.24,92.62,198.0,18.434948822922014
20733,22.24,92.68,199.0,6.853224835121291
20734,22.24,92.6,202.0,8.735690934280582
20735,22.24,93.1,1328.0,29.88589573021274
20736,22.25,92.63,178.0,18.520635899770767
20737,22.25,92.63,178.0,18.520635899770767
20738,22.25,92.62,228.0,12.04828213833979
20739,22.25,92.62,228.0,12.04828213833979
20740,22.25,93.03,1103.0,37.50230700018765
20741,22.25,93.09,1490.0,40.14006614878386
20742,22.26,92.63,186.0,11.461836902818336
20743,22.26,92.63,186.0,11.461836902818336
20744,22.26,92.68,191.0,13.069151942759
20745,22.26,92.68,191.0,13.069151942759
20746,22.26,93.05,1106.0,6.379370208442804
20747,22.26,93.03,1371.0,31.660751096636602
20748,22.26,93.03,1371.0,31.660751096636602
20749,22.27,92.63,162.0,23.021526638116164
20750,22.27,92.68,168.0,17.01197993242201
20751,22.27,93.09,1149.0,23.490416068641593
20752,22.27,93.05,1126.0,21.55942138371082
20753,22.27,93.06,954.0,6.721369339369457
20754,22.28,92.63,120.0,7.594643368591445
20755,22.28,93.08,996.0,18.520635899770767
20756,22.28,93.08,996.0,18.520635899770767
20757,22.28,93.08,996.0,18.520635899770767
20758,22.28,93.09,1234.0,23.444146119861458
20759,22.29,92.63,116.0,15.179705807856672
20760,22.29,92.63,116.0,15.179705807856672
20761,22.29,93.08,954.0,29.421439641486938
20762,22.29,93.09,1276.0,30.895350180310494
20763,22.3,92.59,116.0,6.91817481667161
20764,22.309944,92.768333,254.0,21.86985930890943
20765,22.309944,92.768059,244.0,18.64821573021375
20766,22.31,92.63,121.0,2.1342998941463125
20767,22.31,92.63,121.0,2.1342998941463125
20768,22.31,93.02,1144.0,14.24415761739711
20769,22.32,92.73,134.0,8.104435709194412
20770,22.32,93.14,1536.0,16.2287367059342
20771,22.32,93.02,1249.0,20.155422119735228
20772,22.320999,92.772003,308.0,27.017123217850244
20773,22.326,92.771004,322.0,21.18915910142139
20774,22.328888,92.769997,336.0,35.59853666783391
20775,22.33,92.75,319.0,8.530765609948133
20776,22.33,92.74,209.0,24.691575152551952
20777,22.33,92.74,209.0,24.691575152551952
20778,22.33,92.74,209.0,24.691575152551952
20779,22.33,92.73,142.0,28.222814437179903
20780,22.33,92.72,313.0,17.93200256558677
20781,22.33,92.72,313.0,17.93200256558677
20782,22.33,92.69,213.0,20.155422119735228
20783,22.33,92.69,213.0,20.155422119735228
20784,22.33,92.63,112.0,11.461836902818336
20785,22.33,92.65,134.0,6.721369339369457
20786,22.34,92.75,429.0,19.310287408745566
20787,22.34,92.74,179.0,17.93200256558677
20788,22.34,92.71,449.0,16.91651608571675
20789,22.34,92.68,187.0,25.915703593185818
20790,22.34,92.69,195.0,19.630414815023528
20791,22.34,92.74,179.0,17.93200256558677
20792,22.34,92.74,179.0,17.93200256558677
20793,22.34,92.74,179.0,17.93200256558677
20794,22.34,92.65,118.0,4.857533338413092
20795,22.34,92.6,146.0,4.262693045214654
20796,22.34,93.04,1159.0,20.43931757325825
20797,22.34,93.04,1159.0,20.43931757325825
20798,22.34,93.04,1159.0,20.43931757325825
20799,22.34,93.13,1878.0,38.17319333803387
20800,22.341,92.768997,338.0,21.419418908984124
20801,22.35,92.66,122.0,10.21937711459359
20802,22.35,92.74,286.0,6.091478002079769
20803,22.35,92.74,286.0,6.091478002079769
20804,22.35,92.74,286.0,6.091478002079769
20805,22.35,92.65,123.0,7.825525624597575
20806,22.356001,92.791,251.0,10.21937711459359
20807,22.358999,92.779999,248.0,29.707989691713134
20808,22.36,92.61,231.0,15.179705807856672
20809,22.36,93.05,1451.0,14.273571375658685
20810,22.363001,92.861,337.0,18.541977963997237
20811,22.368999,92.934998,451.0,36.147638969088355
20812,22.369862,92.934998,402.0,29.686933196903503
20813,22.37,92.63,113.0,4.262693045214654
20814,22.375,92.858002,361.0,16.253917058152773
20815,22.379,92.858002,403.0,16.91651608571675
20816,22.38,92.59,199.0,24.8479801794304
20817,22.38,92.59,199.0,24.8479801794304
20818,22.38,93.03,1405.0,29.020515817031367
20819,22.38,93.12,1478.0,26.539566558618308
20820,22.38,93.03,1405.0,29.020515817031367
20821,22.381001,92.978996,708.0,31.50104503484435
20822,22.385,92.857002,384.0,16.228736705934203
20823,22.385,92.858002,430.0,14.506372352544124
20824,22.389999,92.862999,537.0,42.548137970679974
20825,22.39,92.61,246.0,17.93200256558677
20826,22.39,92.59,217.0,16.723558006484023
20827,22.39,92.64,100.0,4.763641690726178
20828,22.39,93.11,1335.0,15.793169048263966
20829,22.392,92.978996,468.0,42.99770029709786
20830,22.395,92.860001,568.0,30.246255653454714
20831,22.399,92.964996,148.0,12.260147486012336
20832,22.4,93.12,1443.0,21.954998832237578
20833,22.4,93.13,1359.0,19.74869565807571
20834,22.405001,92.861,654.0,17.224372940700082
20835,22.405001,92.950996,192.0,30.77741947322608
20836,22.41,92.75,619.0,20.439317573258247
20837,22.41,92.75,619.0,20.439317573258247
20838,22.41,92.6,141.0,10.430760195064721
20839,22.41,92.64,91.0,0.9548412538721887
20840,22.41,93.02,1264.0,17.29444852858009
20841,22.416,92.864998,616.0,31.39687644298045
20842,22.42,92.992996,844.0,21.419418908984124
20843,22.424,92.977997,805.0,27.017123217850244
20845,22.43,92.870003,592.0,35.121209164599065
20846,22.43,92.75,563.0,31.576393336997814
20847,22.43,92.71,1040.0,22.636129876883253
20848,22.43,92.69,557.0,29.833768779920437
20849,22.434999,92.945999,346.0,16.796238729882134
20850,22.44,93.1,1502.0,12.772578169490426
20851,22.44,93.1,1502.0,12.772578169490426
20852,22.440001,92.879997,585.0,30.68841605381868
20853,22.445999,92.874001,482.0,33.927980154144706
20854,22.447001,92.882004,577.0,39.260731733474245
20855,22.448,92.882004,504.0,13.262676008304846
20856,22.45,92.7,856.0,21.83567219571615
20857,22.45,92.57,121.0,20.212632236452095
20858,22.45,93.09,1405.0,23.674161365449706
20859,22.450001,92.870003,459.0,26.67924362098057
20860,22.45138,92.911942,654.0,26.269553396535294
20861,22.45138,92.911942,654.0,26.269553396535294
20862,22.455,92.959999,651.0,32.772365143142935
20863,22.455999,92.962997,644.0,27.990970091758022
20864,22.455999,92.948997,582.0,39.82809730035543
20866,22.459,92.873001,673.0,26.880307851328993
20868,22.46,92.73,923.0,9.462322208025618
20869,22.46,92.69,1034.0,41.09162949850341
20870,22.46,93.05,1630.0,12.260147486012336
20871,22.46,93.05,1630.0,12.260147486012336
20872,22.462999,92.877998,695.0,32.47251629973426
20873,22.462999,92.969002,386.0,30.347789794448904
20874,22.464916,92.916107,737.0,25.267001648248186
20876,22.468,92.873001,511.0,17.93200256558677
20877,22.469,92.876999,632.0,27.791305644779218
20878,22.469469,92.878334,668.0,35.113638216485604
20879,22.47,92.63,88.0,4.262693045214654
20880,22.472,92.969002,424.0,29.031480434376107
20881,22.475,92.877998,733.0,23.765245108071557
20882,22.475,92.964996,389.0,31.7353754997287
20883,22.476999,92.885002,936.0,34.35403406736099
20884,22.478001,92.966003,472.0,29.58124669955053
20885,22.48,92.73,781.0,3.931095784160226
20886,22.482,92.877998,629.0,20.250651404968387
20888,22.483999,92.954002,511.0,17.66231893216494
20889,22.485666,92.985825,1141.0,25.526884054256257
20890,22.486,92.882004,704.0,20.846265656650555
20891,22.487,92.964996,687.0,28.222814437179903
20892,22.49,92.67,427.0,20.607120971804857
20893,22.49,92.74,487.0,34.017325088918376
20894,22.49,93.01,1173.0,39.62417273740968
20895,22.490999,92.964996,702.0,21.33126583595921
20896,22.490999,92.981003,1058.0,14.763132623631552
20897,22.490999,92.984001,1124.0,29.24925904290538
20898,22.496,92.975998,839.0,44.714681750739786
20899,22.5,92.887001,703.0,34.41738871044157
20900,22.5,92.75,239.0,26.93019100092878
20901,22.5,92.74,531.0,27.565248984490395
20902,22.5,92.73,584.0,10.21937711459359
20903,22.5,92.74,531.0,27.565248984490395
20904,22.5,92.73,584.0,10.21937711459359
20905,22.5,92.68,931.0,19.290046219188735
20906,22.5,93.01,1216.0,31.012445448807313
20907,22.5,93.02,1629.0,20.991582376941242
20910,22.507,92.886002,711.0,35.121209164599065
20911,22.51,92.886002,714.0,26.56505117707799
20912,22.51,92.74,625.0,9.462322208025617
20913,22.513,92.992996,945.0,52.20635232211357
20914,22.513,92.793999,509.0,16.796238729882134
20915,22.517,92.879997,739.0,40.58577698788522
20916,22.518,92.855003,744.0,36.0407347065913
20917,22.518,92.811996,696.0,21.954998832237578
20918,22.52,92.867996,702.0,41.169175500993006
20919,22.52,92.71,323.0,22.8781056322946
20920,22.52,92.71,323.0,22.8781056322946
20921,22.52,92.72,511.0,30.588958163975438
20922,22.52,92.72,511.0,30.588958163975438
20923,22.525,92.865997,770.0,6.721369339369457
20924,22.525,92.864998,797.0,31.244175851188178
20925,22.525999,92.888,714.0,15.896959679954522
20926,22.527,92.891998,739.0,24.904481044556743
20927,22.5273,92.870003,705.0,15.179705807856672
20928,22.528,92.896004,875.0,15.288517970232027
20929,22.53,92.7,242.0,27.238572082130066
20930,22.53,92.7,242.0,27.238572082130066
20931,22.53,92.62,113.0,21.954998832237578
20932,22.530001,92.890999,702.0,34.35403406736099
20933,22.530001,92.890999,702.0,34.35403406736099
20934,22.530001,92.890999,702.0,34.35403406736099
20935,22.532,92.862999,857.0,26.113233272206745
20936,22.533001,92.886002,654.0,26.880307851328986
20937,22.534,92.876999,567.0,22.81394173961772
20938,22.53544,92.893059,788.0,20.097992628721148
20939,22.535999,92.860001,892.0,4.857533338413092
20940,22.537416,92.885002,665.0,19.370844026969944
20941,22.538,92.857002,909.0,27.238572082130066
20942,22.54,92.69,411.0,16.91651608571675
20943,22.54,92.68,555.0,18.62703081108459
20944,22.55,92.54,78.0,13.640311227766057
20946,22.56,92.67,492.0,32.34744349944203
20947,22.56,92.67,492.0,32.34744349944203
20948,22.561611,92.877502,894.0,23.021526638116164
20950,22.57,92.68,475.0,19.610609129170935
20951,22.573833,92.917519,998.0,33.03247176064103
20953,22.577,92.892998,754.0,18.77467605427877
20957,22.5886,92.970001,859.0,36.76087717499856
20958,22.591,92.917,1206.0,36.16893488396254
20959,22.6,92.67,391.0,17.66231893216494
20960,22.61,92.66,162.0,13.069151942759
20961,22.61,92.66,162.0,13.069151942759
20962,22.61,92.66,162.0,13.069151942759
20963,22.61,92.67,464.0,20.43931757325825
20964,22.61,92.67,464.0,20.43931757325825
20965,22.61,92.67,464.0,20.43931757325825
20966,22.61,92.64,79.0,2.1342998941463125
20967,22.61,92.54,79.0,4.857533338413092
20968,22.61,92.54,79.0,4.857533338413092
20969,22.615,92.916,1287.0,14.036243467926479
20970,22.615999,92.913002,1201.0,16.91651608571675
20971,22.62,92.64,83.0,2.1342998941463125
20972,22.63,92.64,84.0,4.857533338413092
20973,22.63,92.64,84.0,4.857533338413092
20974,22.63,92.66,272.0,22.668609279892422
20975,22.63,92.66,272.0,22.668609279892422
20976,22.63,92.66,272.0,22.668609279892422
20977,22.64,92.61,144.0,5.710593137499643
20978,22.64,92.66,322.0,21.47206914335925
20979,22.64,92.66,322.0,21.47206914335925
20980,22.64,92.67,591.0,12.638224684699054
20981,22.65,92.61,105.0,4.763641690726178
20982,22.65,92.65,275.0,26.628589703310887
20983,22.65,92.66,176.0,16.796238729882134
20984,22.65,92.67,371.0,20.097992628721148
20985,22.65,92.67,371.0,20.097992628721148
20986,22.65,92.67,371.0,20.097992628721148
20987,22.65,92.71,243.0,20.532771786488425
20988,22.65,92.71,243.0,20.532771786488425
20989,22.65,92.71,243.0,20.532771786488425
20990,22.654861,92.894722,805.0,52.52435409911129
20991,22.656334,92.874725,905.0,37.99705220207771
20992,22.66,92.855003,980.0,22.423358559286118
20993,22.66,92.67,477.0,14.273571375658685
20994,22.66,92.67,477.0,14.273571375658685
20995,22.66,92.67,477.0,14.273571375658685
20996,22.66,92.65,389.0,22.373844274024943
20997,22.66,92.65,389.0,22.373844274024943
20998,22.66,92.71,249.0,24.904481044556743
20999,22.67,92.56,471.0,39.6583469636901
21000,22.67,92.68,426.0,25.14243049054343
21001,22.67,92.68,426.0,25.14243049054343
21002,22.67,92.68,426.0,25.14243049054343
21003,22.67,92.69,223.0,18.456418645243215
21004,22.67,92.69,223.0,18.456418645243215
21005,22.673,92.844002,906.0,24.16881343581011
21006,22.68,92.59,132.0,15.81919394750014
21007,22.68,92.59,132.0,15.81919394750014
21008,22.68,92.58,250.0,26.437229357181263
21009,22.68,92.58,250.0,26.437229357181263
21010,22.68,92.58,250.0,26.437229357181263
21011,22.68,92.57,582.0,24.748625315195834
21012,22.68,92.57,582.0,24.748625315195834
21013,22.68,92.56,513.0,66.06081232560473
21014,22.68,92.66,606.0,5.710593137499643
21015,22.68,92.69,320.0,17.456590925928477
21016,22.681,92.884003,725.0,60.11419976528102
21017,22.683001,92.882004,890.0,21.47206914335925
21019,22.69,92.72,481.0,6.654425046006596
21022,22.7,92.56,334.0,24.16881343581011
21023,22.7,92.66,619.0,20.250651404968387
21024,22.7,92.66,619.0,20.250651404968387
21025,22.7,92.66,619.0,20.250651404968387
21026,22.700001,92.994003,1152.0,37.29868767505919
21027,22.704,92.985001,1069.0,22.373844274024943
21028,22.705,92.842003,810.0,14.273571375658685
21029,22.71,92.54,89.0,13.069151942759
21030,22.71,92.7,171.0,0.9548412538721887
21031,22.71,92.66,608.0,18.130932944052347
21032,22.711,92.839996,744.0,31.434832006995155
21033,22.73,92.65,657.0,11.976725812374069
21034,22.73,92.65,657.0,11.976725812374069
21035,22.73,92.65,657.0,11.976725812374069
21036,22.73,92.65,657.0,11.976725812374069
21037,22.74,92.52,71.0,7.594643368591445
21038,22.74,92.63,446.0,19.82702865340817
21039,22.751808,92.838905,570.0,20.699546585586496
21040,22.771872,92.840324,648.0,35.03012380867594
21041,22.777763,92.833969,661.0,46.382754922663665
21042,22.779978,92.833778,657.0,35.09090415129421
21043,22.785034,92.834671,660.0,45.76305281239284
21044,22.786274,92.620659,422.0,24.22774531795417
21045,22.786629,92.62748,350.0,19.370844026969944
21046,22.788198,92.825165,740.0,49.323379706006236
21047,22.78916,92.981087,1114.0,21.680889149080844
21048,22.789585,92.621895,399.0,24.862123938667224
21049,22.789967,92.820396,716.0,18.96231828867539
21050,22.790684,92.614983,390.0,28.987578250072634
21051,22.791958,92.833511,667.0,20.136303428248134
21052,22.795282,92.813881,783.0,26.628589703310887
21053,22.796106,92.991173,1201.0,29.118936488427924
21054,22.801022,92.81369,805.0,27.078936947526696
21055,22.802805,93.004639,1245.0,39.85620904397488
21056,22.80291,92.81369,809.0,24.38870074689113
21057,22.803709,92.815636,835.0,35.65722463378061
21058,22.803982,92.815475,806.0,46.629537767134266
21059,22.804358,92.816559,832.0,28.002640063185417
21060,22.804701,92.816734,828.0,23.674161365449706
21061,22.806564,92.812057,882.0,34.543363929709116
21062,22.812588,92.807343,920.0,28.987578250072634
21063,22.813019,92.805801,936.0,42.377774270582094
21064,22.815697,92.802696,957.0,33.56563872420533
21065,22.82106,92.637703,115.0,22.290970374758974
21066,22.821659,92.804405,1046.0,33.993006686150665
21067,22.822599,92.624512,177.0,34.6605872943073
21068,22.823553,92.628441,138.0,31.51991437453672
21069,22.823893,93.036804,1363.0,38.04757894764742
21070,22.82402,92.608917,266.0,17.456590925928477
21071,22.826855,92.971519,1274.0,37.58043252806343
21072,22.827084,92.80175,1061.0,29.833768779920437
21073,22.827406,92.975822,1221.0,49.56234688798017
21074,22.829491,92.760933,526.0,30.588958163975438
21075,22.832573,92.892761,445.0,25.915703593185818
21076,22.83358,92.955582,1372.0,37.19921925289739
21077,22.834824,92.758766,636.0,32.96351159099253
21078,22.83528,92.80519,1229.0,28.257311688503773
21079,22.836016,92.759361,625.0,23.195068590140778
21080,22.8363,92.892799,484.0,20.82800310374709
21081,22.83653,92.80092,1100.0,26.437229357181263
21082,22.83664,92.80347,1238.0,42.73982112121029
21083,22.83675,92.79922,1051.0,25.14243049054343
21084,22.837624,92.797165,1155.0,42.200631091885704
21085,22.83779,92.795959,1164.0,48.46832276290028
21086,22.837809,92.798653,1161.0,47.66397305862553
21087,22.838051,92.798889,1161.0,41.4754613018093
21088,22.838732,92.791954,1138.0,32.667159071642764
21089,22.83885,92.89209,510.0,19.471220634490695
21090,22.838875,92.792801,1156.0,30.347789794448904
21091,22.839445,92.95668,1182.0,32.38327563166962
21092,22.841097,92.792755,1173.0,25.239401820678914
21093,22.841455,92.891235,530.0,23.11642191920837
21094,22.841801,92.951385,1240.0,32.13988228321215
21095,22.842268,92.951981,1209.0,21.80140948635181
21096,22.844219,92.955048,1098.0,20.250651404968387
21097,22.844894,92.944511,1304.0,36.51283284150458
21098,22.845263,92.674942,371.0,10.555380466061171
21099,22.84553,92.79944,1299.0,2.1342998941463125
21100,22.846123,92.796333,1211.0,20.155422119735228
21101,22.846241,92.804893,1250.0,16.428860704621638
21102,22.84808,92.79831,1283.0,16.453666886955713
21103,22.848185,92.886963,612.0,33.03247176064103
21104,22.849134,92.809334,1138.0,21.04572088407583
21105,22.850847,92.797028,1203.0,18.434948822922014
21106,22.851028,92.694972,571.0,25.79602649449995
21107,22.85258,92.70186,432.0,20.097992628721148
21108,22.852823,92.815781,1151.0,14.302914425322811
21109,22.853046,92.81588,1154.0,7.2338446967252255
21110,22.85558,92.69914,414.0,21.971970836813973
21111,22.85697,92.70764,560.0,22.61986494804043
21112,22.857729,92.704483,469.0,27.62503917921715
21113,22.86003,92.75831,885.0,11.348119585994183
21114,22.86025,92.70778,533.0,23.490416068641593
21115,22.860407,92.705795,479.0,27.360321545332805
21116,22.861877,92.897736,579.0,26.360054096082706
21117,22.862419,92.706055,473.0,30.508958866202807
21118,22.862442,92.826431,1020.0,13.16632060042364
21119,22.86428,92.71097,626.0,22.22435314380804
21120,22.865286,92.754898,1105.0,34.090063875331914
21121,22.865692,92.825745,1014.0,20.80971857959822
21122,22.865734,92.771561,1143.0,21.6115960987222
21123,22.866318,92.776726,1174.0,29.707989691713134
21124,22.866783,92.772026,1158.0,25.156319133694215
21125,22.866833,92.774925,1179.0,32.401162502089626
21126,22.86739,92.75764,1132.0,11.795709540896548
21127,22.867477,92.754234,1100.0,53.75184478890449
21128,22.867741,92.898506,651.0,21.835672195716146
21129,22.869579,92.824974,970.0,21.47206914335925
21130,22.869707,92.753304,1077.0,55.10840511073098
21131,22.87,92.49,143.0,20.250651404968387
21132,22.87,92.48,78.0,14.621143938770764
21133,22.87,92.48,78.0,14.621143938770764
21134,22.870518,92.703873,516.0,23.11642191920837
21135,22.870546,92.752853,1093.0,49.55378487229218
21136,22.87056,92.822105,954.0,25.915703593185818
21137,22.87075,92.75403,1149.0,8.735690934280582
21138,22.872238,92.750557,1053.0,55.35629634806384
21139,22.872299,92.815971,906.0,29.85463927845754
21140,22.872849,92.748711,1008.0,35.02251023762291
21141,22.873062,92.817093,891.0,27.897311656033175
21142,22.873558,92.755951,1075.0,21.869859308909426
21143,22.873812,92.902039,677.0,27.432940772267944
21144,22.874456,92.901688,663.0,15.845167180271268
21145,22.874741,92.730354,697.0,40.25544756073769
21146,22.87506,92.75136,1140.0,21.86985930890943
21147,22.88,92.49,98.0,7.825525624597575
21148,22.88,92.49,98.0,7.825525624597575
21149,22.88,92.49,98.0,7.825525624597575
21150,22.88,92.49,98.0,7.825525624597575
21151,22.88,92.48,66.0,14.036243467926479
21152,22.88,92.48,66.0,14.036243467926479
21153,22.88,92.48,66.0,14.036243467926479
21154,22.88,92.47,87.0,14.763132623631552
21155,22.88,92.46,42.0,3.4389123953782974
21156,22.88,92.46,42.0,3.4389123953782974
21157,22.88,92.46,42.0,3.4389123953782974
21158,22.880117,92.831108,575.0,12.604382648379184
21159,22.880322,92.747818,957.0,35.23435131905115
21160,22.882607,92.837952,609.0,33.993006686150665
21161,22.88281,92.74583,953.0,26.437229357181263
21162,22.883036,92.557152,179.0,18.62703081108459
21163,22.883656,92.715782,611.0,24.242444512172103
21164,22.88392,92.74256,941.0,28.222814437179903
21165,22.883968,92.735397,861.0,26.126317264569018
21166,22.88408,92.72978,853.0,20.001783914715944
21167,22.884092,92.736252,854.0,33.854514812620515
21168,22.8846,92.85128,456.0,39.149436730539115
21169,22.886652,92.724503,636.0,37.19921925289739
21170,22.887474,92.836769,655.0,39.34803840397339
21171,22.889551,92.728073,840.0,19.12710170142385
21172,22.889872,92.903984,689.0,25.955401413885546
21173,22.89,92.46,114.0,18.43494882292201
21174,22.89,92.47,60.0,11.348119585994185
21175,22.89,92.48,109.0,13.824682316158707
21176,22.89,92.48,109.0,13.824682316158707
21177,22.89,92.48,109.0,13.824682316158707
21178,22.89,92.49,313.0,14.931417178137552
21179,22.890068,92.823021,774.0,29.63417437185607
21180,22.89061,92.73033,683.0,23.628423517864423
21181,22.891706,92.950081,547.0,37.4041069193059
21182,22.892199,92.822884,796.0,36.26089278326507
21183,22.892977,92.947433,536.0,29.260073022738787
21184,22.893372,92.946724,539.0,41.00847613866502
21185,22.89682,92.832611,696.0,36.0407347065913
21186,22.897339,92.549866,139.0,21.04572088407583
21187,22.897387,92.889938,580.0,30.856133351956277
21188,22.897877,92.934364,406.0,25.915703593185818
21189,22.898329,92.893478,591.0,32.754877470959904
21190,22.899078,92.721306,763.0,24.748625315195834
21191,22.899151,92.935677,424.0,28.084099366691156
21192,22.899906,92.868828,370.0,46.36831390578792
21193,22.9,92.47,73.0,9.462322208025618
21194,22.9,92.49,222.0,22.668609279892422
21195,22.9,92.49,222.0,22.668609279892422
21196,22.9,92.49,222.0,22.668609279892422
21197,22.9,92.49,222.0,22.668609279892422
21198,22.9,92.49,222.0,22.668609279892422
21199,22.9,92.48,128.0,33.83814426542724
21200,22.9,92.49,222.0,22.668609279892422
21201,22.9,92.49,222.0,22.668609279892422
21202,22.9,92.46,195.0,12.638224684699054
21203,22.9,92.47,73.0,9.462322208025618
21204,22.9,92.47,73.0,9.462322208025618
21205,22.9,92.48,128.0,33.83814426542724
21206,22.901035,92.87265,377.0,23.97577371272972
21207,22.901287,92.882271,450.0,32.35640884426763
21208,22.9015,92.83319,793.0,17.01197993242201
21209,22.90175,92.83233,749.0,34.99964807788197
21210,22.902401,92.941025,424.0,49.30593549041149
21211,22.902414,92.829948,737.0,6.379370208442804
21212,22.903807,92.757401,1156.0,35.264389682754654
21213,22.904324,92.546265,171.0,16.527811501531776
21214,22.90442,92.72281,752.0,6.091478002079769
21215,22.906252,92.93174,262.0,18.434948822922014
21216,22.908125,92.767128,1061.0,21.47206914335925
21217,22.908737,92.930191,303.0,21.260377126997216
21218,22.91,92.47,186.0,11.386165083355712
21219,22.91,92.47,186.0,11.386165083355712
21220,22.91,92.47,186.0,11.386165083355712
21221,22.91,92.46,61.0,13.421509132977462
21222,22.91165,92.929871,383.0,28.632096976803734
21223,22.91312,92.754616,1182.0,45.384705066815705
21224,22.913414,92.754501,1169.0,48.001743274171766
21225,22.913624,92.508827,130.0,12.53638838286113
21226,22.914276,92.753403,1156.0,43.39407046879893
21227,22.914797,92.928406,433.0,34.44108336670712
21228,22.915947,92.928337,422.0,18.43494882292201
21229,22.916008,92.927841,439.0,22.684823831912844
21230,22.917629,92.75267,1126.0,15.609525869125669
21231,22.920202,92.927345,471.0,24.16881343581011
21232,22.93,92.48,51.0,25.363232718381973
21233,22.93,92.48,51.0,25.363232718381973
21234,22.93,92.49,43.0,10.555380466061173
21235,22.93,92.5,117.0,8.47871314708616
21236,22.933441,92.708267,820.0,7.6530487205434135
21237,22.940655,92.833038,781.0,30.528995003825997
21238,22.954966,92.705765,761.0,21.835672195716146
21239,22.955112,92.836403,835.0,28.037600489728426
21240,22.957235,92.929703,746.0,38.48905350894504
21241,22.957518,92.707161,753.0,20.991582376941242
21242,22.959173,92.708145,749.0,35.80301842021218
21243,22.962877,92.738541,758.0,20.07880037349212
21244,22.963112,92.835556,833.0,31.660751096636602
21245,22.9634,92.737465,748.0,22.423358559286118
21246,22.965527,92.731926,700.0,26.20460176321736
21247,22.966381,92.705399,761.0,39.14355704978305
21248,22.96703,92.925728,775.0,16.051123667414398
21249,22.968073,92.929916,674.0,29.63417437185607
21250,22.969294,92.729332,629.0,18.64821573021375
21251,22.969807,92.729706,622.0,17.224372940700082
21252,22.97032,92.70697,725.0,17.775317038209
21253,22.970823,92.729607,609.0,21.954998832237578
21254,22.977497,92.70578,744.0,30.80698111710518
21255,22.979994,92.726112,486.0,29.421439641486938
21256,22.983683,93.038437,717.0,21.47206914335925
21257,22.986418,92.999901,1214.0,26.008181915695513
21258,22.993277,92.72374,426.0,35.74485877621931
21259,23.001865,92.923225,752.0,36.9849231528159
21260,23.002401,92.923904,746.0,26.628589703310887
21261,23.003361,92.962914,663.0,32.54356214739029
21262,23.003996,92.963562,655.0,20.307500221928045
21263,23.004421,92.988426,982.0,12.772578169490426
21264,23.005156,92.985893,958.0,31.77256152831432
21265,23.005556,92.810555,952.0,29.58124669955053
21266,23.005587,92.720192,389.0,19.630414815023528
21267,23.005594,92.703522,682.0,39.149436730539115
21268,23.006939,92.98938,1146.0,30.508958866202807
21269,23.007998,92.808693,947.0,13.262676008304846
21270,23.010895,92.924156,757.0,19.610609129170935
21271,23.011667,92.720558,448.0,24.094842552110705
21272,23.014982,92.720505,475.0,27.17735741799749
21273,23.015444,92.704414,681.0,19.290046219188735
21274,23.016111,92.764168,917.0,36.491988188351336
21275,23.017494,92.920425,764.0,25.486125594093767
21276,23.017555,92.771515,942.0,17.66231893216494
21277,23.017822,92.920723,769.0,25.91570359318582
21278,23.018333,92.920555,793.0,32.11261530059655
21279,23.018612,92.920555,795.0,30.297100641022165
21280,23.019981,92.920921,792.0,10.555380466061173
21281,23.021145,92.770981,1001.0,28.732851681077435
21282,23.021692,92.752975,729.0,24.475819581509896
21283,23.022125,92.919952,798.0,14.763132623631552
21284,23.022377,92.757759,803.0,37.29868767505919
21285,23.025131,92.91922,765.0,23.567234622032583
21286,23.026818,93.26673,1410.0,53.75388443926397
21287,23.031231,92.773987,1140.0,25.88918455713453
21288,23.032444,92.705917,706.0,18.77467605427877
21289,23.035839,92.795578,876.0,24.461332518771652
21290,23.038607,92.795174,927.0,29.118936488427924
21291,23.038607,92.795174,927.0,29.118936488427924
21292,23.038668,92.794441,892.0,21.33126583595921
21293,23.040543,92.909523,779.0,49.25054265704854
21294,23.0425,92.772781,1070.0,28.072486935852957
21295,23.0425,92.772781,1070.0,28.072486935852957
21296,23.045416,92.705612,744.0,25.8493248967401
21297,23.045416,92.705612,744.0,25.8493248967401
21298,23.047222,92.906944,781.0,22.684823831912844
21299,23.048967,92.907501,792.0,16.527811501531776
21300,23.051673,93.306394,1202.0,49.136107905835296
21301,23.05214,93.307373,1181.0,61.6574221243344
21302,23.05374,92.70755,860.0,29.118936488427924
21303,23.053747,92.704163,906.0,7.6530487205434135
21304,23.053806,92.704918,902.0,26.217612768234883
21305,23.05479,92.702461,903.0,11.348119585994185
21306,23.056194,92.70047,900.0,8.159014354942736
21307,23.056612,92.699997,899.0,12.364552990274646
21308,23.057222,93.080002,1570.0,20.439317573258247
21309,23.057276,92.90416,799.0,23.628423517864427
21310,23.058,93.280568,1404.0,26.61590170730996
21311,23.059174,93.276033,1391.0,32.78110200943605
21312,23.059264,93.275647,1395.0,23.444146119861458
21313,23.068354,93.002747,968.0,41.53598294850654
21314,23.072695,93.218956,634.0,31.051293565952417
21315,23.075575,93.315376,1108.0,29.421439641486938
21316,23.075703,93.315391,1101.0,37.05891248302156
21317,23.075896,93.315313,1101.0,37.05891248302156
21318,23.076319,92.69873,961.0,25.5133092609215
21319,23.07859,92.870544,421.0,12.772578169490426
21320,23.078611,92.760002,784.0,18.130932944052347
21321,23.080278,92.858612,574.0,20.097992628721148
21322,23.081345,93.321054,1080.0,29.917093225401345
21323,23.081569,93.320633,1113.0,42.6979553057302
21324,23.083004,92.898277,726.0,25.253207609369632
21325,23.083221,92.556969,177.0,16.72355800648402
21326,23.083611,92.70108,961.0,17.66231893216494
21327,23.084101,92.795685,551.0,12.53638838286113
21328,23.087177,92.853889,712.0,20.307500221928045
21329,23.088409,92.793564,486.0,24.15404655313558
21330,23.088615,92.849403,808.0,28.222814437179903
21331,23.089111,92.555168,167.0,19.51118046928032
21332,23.08964,93.200974,1049.0,39.190532590075605
21333,23.08989,93.020531,1319.0,36.42230980353445
21334,23.091749,92.695419,879.0,20.80971857959822
21335,23.091749,92.695419,879.0,20.80971857959822
21336,23.092278,92.789948,422.0,1.9091524329963763
21337,23.092573,92.896141,762.0,30.20546681961666
21338,23.094528,92.695808,913.0,14.763132623631552
21339,23.094999,92.785835,477.0,28.899422426198566
21340,23.094999,92.785835,477.0,28.899422426198566
21341,23.097,92.696358,927.0,21.954998832237578
21342,23.097061,92.752235,744.0,15.99993592924168
21343,23.09951,92.782928,561.0,13.069151942759
21344,23.103046,92.8983,693.0,36.505887632648864
21345,23.104166,92.559998,233.0,23.444146119861458
21346,23.107222,92.693054,880.0,20.43931757325825
21347,23.111111,92.789719,804.0,16.601549599020238
21348,23.111578,92.789795,795.0,19.51118046928032
21349,23.113066,92.891212,677.0,16.2287367059342
21350,23.11375,92.744614,845.0,17.93200256558677
21351,23.117416,92.79612,944.0,27.33604368814356
21352,23.118336,92.741035,844.0,8.47871314708616
21353,23.124069,93.145889,1256.0,24.359555875506427
21354,23.125311,92.820023,874.0,30.61885839795703
21355,23.125807,92.817886,889.0,40.99804999183514
21356,23.127266,93.296204,1530.0,20.43931757325825
21357,23.129629,92.809196,930.0,26.56505117707799
21358,23.13114,92.687469,925.0,23.428692808745406
21359,23.131158,93.293979,1447.0,31.051293565952417
21360,23.132685,92.798332,858.0,32.427956428323874
21361,23.133568,92.64373,174.0,13.915808695897175
21362,23.133902,92.623497,530.0,26.321329428286734
21363,23.135405,93.368299,688.0,19.787913812706314
21364,23.135416,92.616661,689.0,29.88589573021274
21365,23.135434,93.368506,681.0,22.373844274024943
21366,23.135794,92.62294,588.0,26.334247846853142
21367,23.135889,92.551819,427.0,12.260147486012336
21368,23.136654,93.314856,1606.0,32.57012547147069
21369,23.136712,93.31485,1606.0,32.57012547147069
21370,23.13732,92.747276,863.0,39.12001615700953
21371,23.138981,93.288852,1435.0,30.41849461159642
21372,23.139244,93.289294,1435.0,30.68841605381868
21373,23.140294,93.344976,1111.0,29.88589573021274
21374,23.14046,93.343507,1172.0,38.876655136344326
21375,23.140461,93.343504,1172.0,38.876655136344326
21376,23.140694,92.551529,387.0,25.915703593185818
21377,23.14085,93.142487,1215.0,34.090063875331914
21378,23.141408,93.338272,1345.0,31.7353754997287
21379,23.141445,93.33848,1344.0,30.347789794448904
21380,23.142357,92.750961,867.0,17.29444852858009
21381,23.143007,92.91124,626.0,17.387333467314576
21382,23.143806,93.031219,1223.0,30.246255653454714
21383,23.143888,92.909447,650.0,32.9548711795407
21384,23.143888,92.909447,650.0,32.9548711795407
21385,23.145,92.613693,820.0,18.96231828867539
21386,23.145016,92.908569,677.0,15.99993592924168
21387,23.145214,93.287063,1460.0,34.49623729009093
21388,23.145231,92.687721,882.0,14.273571375658685
21389,23.14572,93.306544,1613.0,24.242444512172106
21390,23.146056,93.306889,1599.0,26.880307851328986
21391,23.146333,93.30675,1609.0,29.686933196903503
21392,23.146464,93.306249,1635.0,30.246255653454714
21393,23.1465,93.30625,1623.0,28.222814437179903
21394,23.147697,92.687386,858.0,33.573963453775406
21395,23.148056,93.055832,953.0,29.802413569555988
21396,23.148273,92.75016,894.0,23.750100573474086
21397,23.14953,93.287758,1437.0,23.628423517864427
21398,23.150719,92.74826,881.0,24.74862531519583
21399,23.150719,92.74826,881.0,24.74862531519583
21400,23.150818,93.286358,1445.0,36.97817981978636
21401,23.150924,93.28563,1428.0,28.485468456722128
21402,23.15114,93.283462,1430.0,23.765245108071557
21403,23.151417,93.283077,1434.0,26.008181915695513
21404,23.151444,93.282333,1434.0,39.8055710922652
21405,23.152298,93.28066,1421.0,23.11642191920837
21406,23.153805,92.686775,890.0,34.730518200788445
21407,23.157667,93.279722,1433.0,25.03089023333195
21408,23.161889,93.2775,1460.0,23.444146119861458
21409,23.163158,93.280821,1512.0,29.707989691713134
21410,23.163528,93.281056,1529.0,18.174763056324142
21411,23.164508,93.270428,1524.0,0.9548412538721887
21412,23.168705,93.108017,1216.0,24.094842552110705
21413,23.168777,92.90097,846.0,27.990970091758022
21414,23.172249,93.058052,1003.0,15.99993592924168
21415,23.172501,92.900558,819.0,30.96375653207352
21416,23.173716,92.739754,787.0,17.93200256558677
21417,23.17411,92.608917,752.0,14.763132623631552
21418,23.176575,92.979797,1117.0,30.010334187691758
21419,23.18,92.49,753.0,17.29444852858009
21420,23.181417,93.197586,1011.0,29.665849859262984
21421,23.182264,92.737099,827.0,30.266612409654883
21422,23.182417,93.246498,1507.0,34.97675368176345
21423,23.182667,93.026138,764.0,5.385977098599754
21424,23.183332,92.794724,967.0,25.635076100950123
21425,23.183584,93.235031,1460.0,31.80039615270397
21426,23.184711,92.679962,871.0,26.321329428286734
21427,23.184711,92.679962,871.0,26.321329428286734
21428,23.188799,92.55249,595.0,9.368915578454837
21429,23.189108,92.547783,489.0,17.083143246452856
21430,23.189638,92.549889,574.0,34.846405699136405
21431,23.189917,92.54953,550.0,30.77741947322608
21432,23.193548,92.684456,928.0,35.59853666783391
21433,23.193548,92.684456,928.0,35.59853666783391
21434,23.194187,92.680779,994.0,37.671095800679176
21435,23.195522,92.90062,861.0,27.990970091758022
21436,23.196638,92.679802,1015.0,7.825525624597575
21437,23.197752,93.007805,945.0,31.12871688801731
21438,23.199167,92.683334,1017.0,26.321329428286734
21439,23.199879,93.00705,956.0,38.59294718251652
21440,23.201084,92.580803,732.0,28.222814437179903
21441,23.201111,92.681946,1055.0,41.62130964323344
21442,23.202129,92.681442,1019.0,30.568994594623476
21443,23.204981,92.57457,814.0,41.93828247167183
21444,23.205305,92.585861,499.0,24.359555875506427
21445,23.205961,92.538406,762.0,14.273571375658685
21446,23.206,93.329028,1660.0,35.181649870682044
21447,23.207528,93.258861,1408.0,27.432940772267944
21448,23.207889,93.255917,1439.0,16.723558006484023
21449,23.208017,92.676277,948.0,32.54356214739029
21450,23.208055,92.795555,979.0,24.74862531519583
21451,23.208082,92.507889,686.0,20.307500221928045
21452,23.208139,93.257389,1424.0,30.378128880975513
21453,23.208694,92.50975,741.0,20.607120971804857
21454,23.20875,92.538361,749.0,25.5133092609215
21455,23.208918,92.518692,795.0,28.987578250072634
21456,23.209055,92.540611,674.0,32.667159071642764
21457,23.210028,92.522781,799.0,25.8493248967401
21458,23.212713,92.930771,707.0,15.06995574963759
21459,23.213055,92.58889,592.0,21.55942138371082
21460,23.213892,92.904892,854.0,26.334247846853142
21461,23.214001,92.588608,599.0,14.15548761586253
21462,23.21475,93.261139,1452.0,29.549408596501117
21463,23.21685,92.955475,534.0,33.169529390014134
21464,23.217224,92.949684,472.0,24.591248866909307
21465,23.219172,92.67691,781.0,17.842681707487124
21466,23.221762,92.975006,979.0,24.591248866909307
21467,23.222652,92.940269,409.0,36.16893488396254
21468,23.222652,92.940269,409.0,36.16893488396254
21469,23.222778,92.92778,436.0,22.862089144234922
21470,23.222778,92.943611,416.0,40.16211026482196
21471,23.222853,92.941536,402.0,36.36634852599243
21472,23.222925,92.940842,414.0,26.008181915695513
21473,23.223055,92.931114,399.0,21.55942138371082
21474,23.223555,92.92672,436.0,24.094842552110705
21475,23.223957,92.936401,367.0,17.842681707487124
21476,23.225542,92.798363,979.0,15.81919394750014
21477,23.226894,92.638527,763.0,30.747804873668915
21478,23.227602,92.923164,498.0,29.85463927845754
21479,23.228361,92.916832,572.0,33.69006752597979
21480,23.23,92.919724,530.0,25.253207609369632
21481,23.23035,92.79808,984.0,22.81394173961772
21482,23.230371,92.673973,848.0,8.735690934280582
21483,23.230371,92.673973,848.0,8.735690934280582
21484,23.231653,92.673714,868.0,8.735690934280582
21485,23.235651,92.673058,886.0,23.428692808745406
21486,23.237767,93.308461,1465.0,20.607120971804857
21487,23.242306,92.640587,769.0,18.96231828867539
21488,23.242306,92.640587,769.0,18.96231828867539
21489,23.242828,92.798134,907.0,40.36453657309736
21490,23.243479,92.904846,712.0,28.222814437179903
21491,23.244541,93.099533,1081.0,25.239401820678914
21492,23.245819,92.798233,868.0,32.401162502089626
21493,23.246555,92.554054,1022.0,33.993006686150665
21494,23.24774,92.671333,927.0,16.72355800648402
21495,23.248526,92.63958,732.0,4.262693045214654
21496,23.249056,92.546501,1177.0,27.505240762859906
21497,23.249727,92.796631,869.0,24.591248866909307
21498,23.25,92.48,733.0,18.434948822922014
21499,23.254263,93.238127,1132.0,18.541977963997237
21500,23.254946,92.634239,802.0,26.767512858834905
21501,23.255288,92.888813,839.0,28.49679392207442
21502,23.255426,92.890915,838.0,24.634322367669885
21503,23.260038,92.882734,874.0,33.28852313430615
21504,23.26125,93.337222,1358.0,35.03012380867594
21505,23.261944,93.295194,1353.0,25.8493248967401
21506,23.262222,93.337667,1351.0,42.41580120815348
21507,23.268811,92.665508,885.0,29.686933196903503
21508,23.270139,93.293333,1304.0,37.99705220207771
21509,23.271781,92.637703,584.0,30.25643716352927
21511,23.273513,92.65731,906.0,6.0172848640320336
21512,23.2741,92.848362,742.0,33.169529390014134
21513,23.2747,92.647873,651.0,34.35403406736099
21514,23.275305,92.850377,737.0,25.03089023333195
21515,23.276999,92.850991,734.0,26.56505117707799
21517,23.277886,92.840388,646.0,28.30319610038818
21518,23.279612,92.869602,988.0,33.10114358966526
21519,23.279667,93.232917,1231.0,25.526884054256257
21520,23.281103,92.857654,770.0,25.91570359318582
21521,23.28113,92.651804,773.0,31.993934384330498
21522,23.281521,92.868857,971.0,37.671095800679176
21523,23.282258,92.852377,777.0,31.311156133255537
21524,23.28328,92.831766,575.0,31.138369345567487
21525,23.28388,92.857468,835.0,32.34744349944203
21526,23.283951,92.852551,813.0,24.862123938667224
21527,23.285967,92.856546,854.0,23.021526638116164
21528,23.286001,92.857178,836.0,31.576393336997814
21529,23.28611,92.85748,823.0,28.987578250072634
21530,23.28621,92.857249,836.0,31.576393336997814
21531,23.288105,92.857432,862.0,42.22469219190813
21532,23.28985,92.860445,864.0,28.084099366691156
21533,23.291063,92.860374,886.0,16.723558006484023
21534,23.293142,92.857091,918.0,38.072781873990834
21535,23.293769,92.871451,837.0,3.016961309815993
21536,23.296,93.340556,1168.0,10.555380466061171
21537,23.296419,93.095813,1335.0,29.802413569555988
21538,23.29659,92.694008,351.0,31.12871688801731
21539,23.297332,92.740677,731.0,29.205932247399417
21540,23.297637,92.74119,769.0,43.06601987632945
21541,23.297759,92.856169,980.0,17.66231893216494
21542,23.297894,93.332441,1310.0,24.634322367669885
21543,23.298044,92.648759,723.0,26.217612768234883
21544,23.298413,92.81508,485.0,3.016961309815993
21545,23.299073,93.057068,1271.0,24.38870074689113
21546,23.299407,92.696714,361.0,25.675463214971884
21547,23.30028,92.741186,714.0,37.29868767505919
21548,23.301117,93.330175,1258.0,20.43931757325825
21549,23.301399,92.699109,401.0,43.33171975024536
21550,23.302106,92.649524,730.0,22.81394173961772
21551,23.302456,92.853533,982.0,29.260073022738787
21552,23.303412,93.31066,1491.0,18.520635899770767
21553,23.303639,93.311361,1490.0,15.503408837548553
21554,23.304778,93.329472,1265.0,17.93200256558677
21555,23.304833,93.306778,1535.0,17.66231893216494
21556,23.305111,93.311528,1490.0,11.648634944412734
21557,23.305259,92.809736,488.0,10.759583898850556
21558,23.30622,93.294554,1464.0,32.53469816945699
21559,23.306444,93.303889,1492.0,32.53469816945699
21560,23.306444,93.311639,1500.0,25.03089023333195
21561,23.306654,92.707482,426.0,31.051293565952417
21562,23.307833,93.311672,1543.0,16.453666886955713
21563,23.308202,92.731268,552.0,17.29444852858009
21564,23.308769,92.862258,1032.0,15.179705807856672
21565,23.309091,92.86293,1037.0,27.613098503754813
21566,23.310167,93.311889,1505.0,29.205932247399417
21567,23.310611,93.312,1504.0,26.880307851328986
21568,23.311082,93.323501,1413.0,24.932657538079724
21569,23.311604,93.313134,1513.0,19.188418756936425
21570,23.312747,93.314456,1502.0,25.376933525152303
21571,23.314208,92.858096,1059.0,23.3822424378352
21572,23.314408,92.808662,483.0,32.401162502089626
21573,23.315355,92.786906,652.0,28.176705590951745
21574,23.3154,92.791224,620.0,32.91160083273797
21575,23.315806,92.859192,1060.0,14.763132623631552
21576,23.316221,92.856217,987.0,25.635076100950123
21577,23.318805,92.853099,825.0,14.302914425322811
21578,23.320197,93.285718,1264.0,25.03089023333195
21579,23.320289,92.854914,962.0,29.260073022738787
21580,23.320815,92.854748,960.0,21.818550314312215
21581,23.321505,92.854734,950.0,34.033517274264824
21582,23.321765,92.8589,1023.0,32.38327563166962
21583,23.321864,92.859431,999.0,18.94158858012096
21584,23.322151,93.066154,1223.0,38.8167201785787
21585,23.322363,92.854689,935.0,31.46324153737256
21586,23.322995,93.092151,1139.0,21.869859308909426
21587,23.325028,93.092333,1101.0,29.707989691713134
21588,23.3305,93.096806,1215.0,18.96231828867539
21589,23.33101,93.091406,1044.0,33.854514812620515
21590,23.333984,92.781878,712.0,29.346331162468683
21591,23.336389,93.074722,1140.0,35.03012380867594
21592,23.336425,93.361493,779.0,57.79434885105325
21593,23.336955,93.07526,1145.0,33.993006686150665
21594,23.337519,93.076258,1122.0,31.138369345567487
21595,23.339889,93.357889,790.0,26.321329428286734
21596,23.340389,93.102306,1305.0,17.93200256558677
21597,23.340722,93.081083,1051.0,31.744679866591962
21598,23.341111,93.080583,1053.0,35.27938801183364
21599,23.341194,93.080389,1050.0,31.119058788415003
21600,23.341333,93.080056,1060.0,29.802413569555988
21601,23.349857,92.780208,925.0,37.29868767505919
21602,23.350776,93.296677,1226.0,34.417388710441564
21603,23.351115,93.296893,1212.0,32.401162502089626
21604,23.351772,92.781701,905.0,48.55787986304441
21605,23.353111,93.299361,1174.0,23.628423517864423
21606,23.353803,92.794306,1369.0,28.280269845499703
21607,23.354778,93.300556,1174.0,34.543363929709116
21608,23.35691,93.301356,1174.0,20.307500221928045
21609,23.359579,93.298884,1180.0,30.82665955230447
21610,23.360199,92.632911,724.0,18.434948822922014
21611,23.361979,93.299909,1196.0,29.506862217331054
21612,23.36545,93.377907,867.0,14.959246786437891
21613,23.366333,93.380028,836.0,20.846265656650555
21614,23.366694,93.380139,822.0,25.688903331931808
21615,23.367333,93.380083,845.0,38.5746628389258
21616,23.367806,93.381139,822.0,29.63417437185607
21617,23.368361,93.379667,831.0,9.508656426564368
21618,23.368386,93.380632,837.0,27.33604368814356
21619,23.369857,93.296657,1202.0,19.47122063449069
21620,23.370167,93.120444,1404.0,20.699546585586496
21621,23.373849,93.383061,860.0,23.444146119861458
21622,23.37492,93.1185,1524.0,16.796238729882134
21623,23.375634,93.384499,894.0,37.00513608621634
21624,23.375972,93.384639,873.0,34.846405699136405
21625,23.376472,93.384778,891.0,36.16893488396254
21626,23.3765,93.384861,891.0,36.16893488396254
21627,23.378571,93.218843,749.0,42.97485685199572
21628,23.379469,93.385565,916.0,33.16099672886019
21629,23.379732,93.383565,945.0,31.892840502095876
21630,23.379812,93.384813,924.0,37.53490600791177
21631,23.38075,93.13075,1299.0,28.553305000609424
21632,23.380806,93.128917,1303.0,14.763132623631552
21633,23.381167,93.112917,1184.0,23.11642191920837
21634,23.382417,93.384944,979.0,21.260377126997213
21635,23.382695,93.116001,1184.0,29.686933196903503
21636,23.383745,92.845792,939.0,26.967504073598892
21637,23.383778,93.115972,1144.0,28.25731168850377
21638,23.384222,93.145528,1208.0,28.987578250072634
21639,23.385211,92.844697,971.0,26.577778623734837
21640,23.38533,92.855433,811.0,18.520635899770767
21641,23.387194,93.147806,1151.0,23.273326481355983
21642,23.387328,92.933397,979.0,21.135527342306382
21643,23.388162,93.312962,1241.0,25.363232718381973
21644,23.388377,92.845102,929.0,26.767512858834905
21645,23.388585,93.2446,696.0,54.215862166028614
21646,23.390204,93.311043,1203.0,13.421509132977462
21647,23.391352,93.376359,1144.0,26.91773442777563
21648,23.391983,93.376078,1167.0,40.51058943733277
21649,23.392598,93.375863,1158.0,30.17480904438851
21650,23.393194,93.378917,1121.0,13.915808695897175
21651,23.393332,92.758148,1296.0,27.791305644779218
21652,23.393889,93.309244,1166.0,28.360372759879684
21653,23.394333,93.374861,1155.0,23.273326481355983
21654,23.394732,93.381271,1091.0,11.795709540896548
21655,23.395159,93.374335,1170.0,27.990970091758022
21656,23.395375,93.369426,1237.0,41.17433120903597
21657,23.395474,93.370459,1192.0,31.138369345567487
21658,23.396738,93.368237,1195.0,31.311156133255537
21659,23.397126,92.757203,1253.0,25.915703593185818
21660,23.397417,93.385722,1041.0,18.96231828867539
21661,23.397861,93.3845,1055.0,21.611596098722195
21662,23.397884,93.384281,1055.0,20.80971857959822
21663,23.40002,92.842404,901.0,31.809663934881115
21664,23.401015,92.848482,926.0,17.29444852858009
21665,23.40178,92.750005,1212.0,27.372447043216635
21666,23.403402,92.750288,1198.0,25.915703593185818
21667,23.404207,93.318763,1171.0,30.77741947322608
21668,23.405305,92.851014,915.0,31.46324153737256
21669,23.40555,93.360549,1255.0,34.369895822693806
21670,23.406236,93.356052,1293.0,9.870926939134982
21671,23.406389,92.75325,1109.0,17.29444852858009
21672,23.407528,93.318111,1185.0,15.42324502154344
21673,23.408528,93.361278,1260.0,27.791305644779218
21674,23.409674,92.750935,1183.0,29.58124669955053
21675,23.410218,93.343897,1307.0,22.862089144234922
21676,23.411146,92.752193,1154.0,24.286461463040197
21677,23.411417,93.343361,1297.0,40.36997076821638
21678,23.411942,93.154836,1089.0,27.226347381898258
21679,23.412046,92.750099,1149.0,33.927980154144706
21680,23.412845,93.33833,1307.0,34.543363929709116
21681,23.412879,92.75401,1105.0,29.205932247399417
21682,23.413501,92.725781,1095.0,30.266612409654883
21683,23.414113,93.136272,864.0,19.370844026969944
21684,23.415165,92.722199,1081.0,23.069045509039658
21685,23.417482,92.770557,1209.0,28.25731168850377
21686,23.418808,93.163009,1077.0,10.430760195064721
21687,23.419417,93.333333,1309.0,14.036243467926479
21688,23.4195,93.331917,1310.0,20.001783914715944
21689,23.421903,92.715601,1020.0,21.954998832237578
21690,23.422583,93.166,1053.0,10.759583898850556
21691,23.423348,92.715571,998.0,21.135527342306382
21692,23.423972,93.165944,1046.0,30.568994594623476
21693,23.42425,93.168778,1003.0,27.432940772267944
21694,23.424417,93.167306,1035.0,32.754877470959904
21695,23.425424,92.716106,948.0,19.689673297252913
21696,23.425583,93.168278,986.0,24.932657538079724
21697,23.427418,93.335544,1287.0,35.69379666026943
21698,23.427611,93.336861,1278.0,35.45087793804301
21699,23.427681,92.714959,905.0,22.862089144234922
21700,23.427713,93.33564,1302.0,30.508958866202807
21701,23.428061,93.339182,1294.0,31.576393336997814
21702,23.429181,93.171166,939.0,23.750100573474086
21703,23.430917,93.171889,918.0,21.33126583595921
21704,23.431639,93.33925,1302.0,26.126317264569018
21705,23.43179,93.339128,1302.0,26.126317264569018
21706,23.434706,92.854894,904.0,11.386165083355712
21707,23.43481,92.873933,753.0,29.421439641486938
21708,23.435405,92.871814,762.0,25.915703593185818
21709,23.436999,92.875456,719.0,4.763641690726177
21710,23.438997,92.877502,688.0,9.462322208025618
21711,23.439142,93.222581,1595.0,25.197913740371355
21712,23.439894,92.702301,588.0,39.9290614388517
21713,23.440648,92.703726,603.0,25.79602649449995
21714,23.440711,92.864298,795.0,15.896959679954522
21715,23.440973,92.87909,649.0,33.46541063428238
21716,23.44129,92.865395,795.0,30.973505797181858
21717,23.442083,93.223472,1531.0,6.091478002079769
21718,23.442118,92.868912,794.0,20.699546585586496
21719,23.442296,92.695903,482.0,21.33126583595921
21720,23.443793,92.862106,782.0,19.370844026969944
21721,23.443878,92.85593,893.0,31.670097621922785
21722,23.445083,93.223889,1489.0,30.508958866202807
21723,23.44608,92.861819,784.0,21.55942138371082
21724,23.447015,92.866917,914.0,11.904688112848122
21725,23.447093,92.863082,787.0,19.610609129170935
21726,23.447639,93.223611,1487.0,24.461332518771652
21727,23.447697,92.861729,763.0,27.372447043216628
21728,23.447985,92.856607,775.0,27.55326483492445
21729,23.448278,93.207472,1382.0,25.156319133694215
21730,23.448329,93.209889,1390.0,24.591248866909307
21731,23.448368,92.899862,790.0,19.630414815023528
21732,23.449083,93.206222,1338.0,27.62503917921715
21733,23.449827,92.8599,777.0,10.759583898850556
21734,23.451278,93.002944,1380.0,15.609525869125669
21735,23.451505,92.900845,817.0,22.40687120493745
21736,23.451972,93.259686,762.0,20.136303428248134
21737,23.453389,93.2615,758.0,33.89536963300801
21738,23.454081,92.857453,1023.0,38.85270866598098
21739,23.454817,92.858696,1023.0,36.699225200489884
21740,23.454924,93.260137,780.0,20.250651404968387
21741,23.454968,92.854599,1003.0,32.98940559251086
21742,23.455367,93.362276,1368.0,25.267001648248186
21743,23.456101,92.859084,1025.0,39.92346957548317
21744,23.456613,93.006652,1411.0,33.296989754761654
21745,23.456861,93.006694,1403.0,26.577778623734844
21746,23.457028,93.006722,1403.0,26.577778623734844
21747,23.457031,92.857686,1049.0,39.99043879615859
21748,23.457083,93.007639,1468.0,38.19194959128782
21749,23.45769,93.041184,1286.0,19.74869565807571
21750,23.457971,93.263265,820.0,46.54419507602035
21751,23.458124,92.9053,922.0,23.195068590140778
21752,23.45835,93.263247,828.0,36.82229258372596
21753,23.458538,93.260555,802.0,23.397741000263863
21754,23.458593,92.905313,906.0,21.6115960987222
21755,23.458778,93.263222,835.0,39.85620904397488
21756,23.459019,92.856803,1058.0,25.79602649449995
21757,23.459039,93.324774,1326.0,4.763641690726178
21758,23.459737,93.044479,1253.0,31.12871688801731
21759,23.459786,92.855821,1052.0,22.07341542334565
21760,23.46025,93.01125,1457.0,38.32262251890178
21761,23.460697,92.747293,1465.0,8.530765609948133
21762,23.460792,92.855527,1056.0,12.260147486012336
21763,23.460968,92.597217,941.0,13.515781057664528
21764,23.461083,93.205278,1287.0,27.32389130134654
21765,23.461111,93.320472,1324.0,16.527811501531776
21766,23.461248,93.012863,1453.0,16.428860704621638
21767,23.462173,93.014317,1477.0,26.880307851328986
21768,23.46243,93.262259,862.0,28.257311688503773
21769,23.462667,93.317472,1333.0,0.9548412538721887
21770,23.462667,93.317472,1333.0,0.9548412538721887
21771,23.462805,92.856093,1054.0,12.53638838286113
21772,23.462917,93.04575,1242.0,13.515781057664528
21773,23.463222,93.015694,1484.0,18.94158858012096
21774,23.463765,93.018316,1456.0,21.818550314312215
21775,23.463981,92.736875,1246.0,44.118071683689635
21776,23.464206,92.737583,1275.0,49.88640057174149
21777,23.464394,92.855608,1073.0,21.680889149080844
21778,23.466139,93.312778,1356.0,18.434948822922014
21779,23.466951,93.311834,1359.0,17.083143246452856
21780,23.467005,93.315107,1390.0,9.321835749415003
21781,23.46718,93.311778,1363.0,23.750100573474086
21782,23.467262,92.740634,1269.0,43.02962202284221
21783,23.467623,93.250867,889.0,24.748625315195834
21784,23.467679,93.250636,881.0,31.50104503484435
21785,23.467715,93.313017,1363.0,23.3822424378352
21786,23.468357,92.591717,884.0,17.03574212804197
21787,23.468361,93.304222,1314.0,26.767512858834905
21788,23.468389,93.27075,984.0,21.18915910142139
21789,23.468508,93.270788,970.0,33.690067525979785
21790,23.46925,93.273139,997.0,24.16881343581011
21791,23.469712,93.248874,864.0,13.421509132977462
21792,23.469833,93.314889,1405.0,21.18915910142139
21793,23.470109,92.740615,1289.0,44.18137746111112
21794,23.470139,93.025944,1459.0,25.809367457705076
21795,23.470198,92.693264,391.0,20.607120971804857
21796,23.470244,93.025409,1469.0,29.549408596501117
21797,23.470329,93.26728,954.0,21.045720884075834
21798,23.470722,93.246639,900.0,33.821757317608586
21799,23.470794,92.741413,1345.0,31.434832006995155
21800,23.470917,93.296417,1282.0,37.53490600791177
21801,23.470964,92.692902,395.0,24.12447190179544
21802,23.471889,93.246333,886.0,36.76087717499856
21803,23.473258,93.241869,913.0,31.12871688801731
21804,23.473361,93.222167,1048.0,35.80301842021218
21805,23.473611,93.243069,895.0,30.96375653207352
21806,23.473662,93.312845,1512.0,23.444146119861458
21807,23.473778,93.239194,905.0,31.660751096636602
21808,23.474056,93.225889,1030.0,27.909048110686054
21809,23.474194,93.229667,1024.0,21.260377126997216
21810,23.474472,93.322667,1471.0,17.083143246452856
21811,23.474528,93.241611,896.0,28.49679392207442
21812,23.474611,93.241556,890.0,30.246255653454714
21813,23.474639,93.314167,1544.0,24.094842552110705
21814,23.474833,93.229,1013.0,14.302914425322811
21815,23.475139,93.241028,887.0,25.03089023333195
21816,23.475392,92.605749,965.0,20.846265656650555
21817,23.475522,93.313978,1563.0,18.305448954250746
21818,23.476232,92.913652,1010.0,40.70850426789115
21819,23.476694,93.238556,915.0,32.212374446006656
21820,23.476702,92.705854,1002.0,9.73677691573277
21821,23.476989,93.377213,1394.0,28.25731168850377
21823,23.477601,92.818801,1011.0,32.427956428323874
21824,23.477778,93.236333,919.0,18.370345512861498
21825,23.477806,93.236611,916.0,18.64821573021375
21826,23.477806,93.310111,1538.0,36.09071171241025
21827,23.47803,92.861256,1027.0,28.002640063185417
21828,23.47831,92.865466,961.0,26.217612768234883
21829,23.478556,93.311722,1618.0,29.58124669955053
21831,23.479667,93.225722,1003.0,26.93019100092878
21832,23.479766,92.870601,922.0,36.505887632648864
21833,23.480549,93.040585,1209.0,24.094842552110705
21834,23.481881,93.214835,1045.0,29.031480434376107
21835,23.482322,93.310052,1563.0,17.594079543115168
21836,23.48375,93.212611,1039.0,37.84449625941184
21837,23.484639,93.278222,1130.0,34.543363929709116
21838,23.485194,93.274236,1133.0,35.27189058250504
21839,23.486909,92.856282,1009.0,8.582483688827132
21840,23.487102,92.606156,906.0,17.03574212804197
21841,23.487306,93.192778,1099.0,26.126317264569018
21842,23.487813,93.20758,1080.0,41.292432412809355
21843,23.490702,93.33685,1373.0,13.515781057664528
21844,23.491004,92.696873,651.0,42.87852793254086
21845,23.491497,92.705503,980.0,54.982417177492046
21846,23.493913,92.854305,957.0,17.456590925928477
21847,23.496347,93.310454,1523.0,11.038532615965034
21848,23.497388,92.855013,923.0,27.238572082130066
21849,23.497919,92.854946,923.0,20.991582376941242
21850,23.498802,92.8546,894.0,33.03247176064103
21851,23.498881,92.703251,937.0,29.51750907883067
21852,23.498889,93.311889,1538.0,22.373844274024943
21853,23.49901,92.702759,921.0,21.18915910142139
21854,23.499418,92.905021,972.0,18.94158858012096
21855,23.500083,92.585889,874.0,6.379370208442804
21856,23.500803,93.201572,1062.0,33.10114358966526
21857,23.501778,92.58575,849.0,14.959246786437891
21858,23.503611,92.615556,664.0,31.39687644298045
21859,23.5087,93.360825,1307.0,43.06601987632945
21860,23.50994,92.76861,676.0,31.80039615270397
21861,23.510275,93.360333,1325.0,44.15186907819885
21862,23.512147,93.359164,1299.0,34.60598807399335
21863,23.513436,93.074047,1065.0,13.915808695897175
21864,23.514479,93.369982,1359.0,18.94158858012096
21865,23.517632,93.075702,1078.0,43.31385665828305
21866,23.518162,93.366956,1391.0,26.437229357181263
21867,23.519139,92.5795,800.0,21.18915910142139
21868,23.51975,92.579556,800.0,26.767512858834905
21869,23.531417,92.573056,875.0,28.82189836411544
21870,23.533361,92.572139,922.0,11.499465999742787
21871,23.534307,93.168479,1138.0,20.07880037349212
21873,23.537082,93.161682,1086.0,35.264389682754654
21874,23.537491,93.159176,1082.0,24.8479801794304
21875,23.538538,93.158251,1051.0,17.456590925928477
21876,23.540457,93.379051,1590.0,32.167104228386144
21877,23.541929,93.382376,1584.0,44.15186907819885
21878,23.542899,93.156212,1040.0,34.846405699136405
21879,23.54294,93.384772,1482.0,41.70117944887398
21880,23.543891,93.232644,1380.0,24.15404655313558
21881,23.545796,93.136912,864.0,24.094842552110705
21882,23.546,92.574556,953.0,18.434948822922014
21883,23.546048,93.147734,953.0,36.59594159662962
21884,23.546627,93.381058,1660.0,53.879662673071735
21885,23.548132,93.077509,1009.0,31.244175851188178
21886,23.548173,93.131588,835.0,39.532671950458315
21887,23.55097,93.215688,1300.0,36.16893488396254
21888,23.555561,93.072462,974.0,38.66587243862988
21889,23.555929,93.295668,1546.0,34.090063875331914
21890,23.562444,92.577806,983.0,26.126317264569018
21891,23.563275,93.120567,731.0,44.12230065738465
21892,23.566631,92.876781,544.0,30.82665955230447
21893,23.56952,93.100523,639.0,31.311156133255537
21894,23.57,92.47,513.0,16.723558006484023
21895,23.57,92.47,513.0,16.723558006484023
21896,23.570595,93.07382,1007.0,28.405971880095237
21897,23.573051,93.102716,651.0,25.675463214971884
21898,23.57348,93.102938,673.0,25.91570359318582
21899,23.573731,93.075313,966.0,38.54414157288248
21900,23.577354,93.102871,693.0,15.609525869125669
21901,23.580139,92.591139,848.0,9.508656426564368
21902,23.583574,93.09659,791.0,29.58124669955053
21903,23.584417,92.622917,868.0,16.228736705934203
21904,23.586582,93.102493,626.0,16.723558006484023
21905,23.587,92.622389,813.0,17.752790161946685
21906,23.587111,92.601667,949.0,39.254893860353654
21907,23.587361,92.601278,921.0,43.2466765483804
21908,23.587917,92.598056,886.0,24.242444512172106
21909,23.588417,92.600889,929.0,55.740638990281376
21910,23.588444,92.597417,898.0,27.360321545332805
21911,23.588472,92.599,885.0,26.321329428286734
21912,23.589167,92.590111,751.0,32.13988228321215
21913,23.590139,92.607333,983.0,13.069151942759
21914,23.590722,92.604694,999.0,7.825525624597575
21915,23.597403,93.094131,899.0,33.296989754761654
21916,23.597919,93.207362,1073.0,23.11642191920837
21917,23.598139,92.599111,1010.0,24.16881343581011
21918,23.602028,93.083824,1167.0,33.26309702272514
21919,23.602395,93.084222,1179.0,33.44025753518539
21920,23.603629,93.355925,1373.0,37.61935164481234
21921,23.603808,93.092328,967.0,22.61986494804043
21922,23.603865,93.204311,1026.0,26.269553396535294
21923,23.604431,93.204251,1040.0,36.815480279408405
21924,23.604611,92.726417,845.0,19.82702865340817
21925,23.605611,93.08682,1128.0,21.611596098722195
21926,23.605864,93.20387,1036.0,39.44639778779632
21927,23.606539,93.087476,1135.0,35.03012380867594
21928,23.607124,93.088782,1118.0,29.118936488427924
21929,23.607347,92.879114,586.0,17.93200256558677
21930,23.60753,93.092644,1005.0,18.456418645243215
21931,23.607873,93.351351,1408.0,41.5812158696674
21932,23.608133,93.201022,972.0,17.387333467314576
21933,23.608306,92.850583,1111.0,32.167104228386144
21934,23.608389,92.596889,1042.0,20.001783914715944
21935,23.609111,92.596306,1050.0,21.611596098722195
21936,23.610611,92.977722,1374.0,19.471220634490695
21937,23.612312,93.198942,894.0,23.021526638116164
21938,23.613722,92.851889,1066.0,21.83567219571615
21939,23.615139,92.594944,1068.0,29.260073022738787
21940,23.617227,93.042191,709.0,37.48271544856494
21941,23.618083,92.645028,851.0,23.930893411419156
21942,23.618316,93.342403,1522.0,31.993934384330498
21943,23.618722,92.627389,1045.0,11.976725812374069
21944,23.618917,92.642611,841.0,41.35368778916235
21945,23.619583,92.634417,951.0,41.50070806498084
21946,23.619791,93.33801,1580.0,28.855167513744334
21947,23.621722,92.623583,1101.0,16.723558006484023
21948,23.625444,92.614889,1087.0,19.47122063449069
21949,23.626194,92.962111,1248.0,18.62703081108459
21950,23.626738,93.033627,600.0,16.453666886955713
21951,23.629553,93.077474,1001.0,27.909048110686058
21952,23.630914,93.079723,963.0,17.571258778322424
21953,23.631956,93.033971,566.0,19.630414815023528
21954,23.63341,93.033595,553.0,33.44025753518539
21955,23.633591,93.048668,832.0,25.07280797783953
21956,23.635122,93.065289,844.0,14.763132623631552
21957,23.635733,93.07666,923.0,36.211442333800804
21958,23.636647,93.082939,1130.0,37.038767555809535
21959,23.636699,93.083183,1130.0,37.038767555809535
21960,23.637472,92.595278,1223.0,31.809663934881115
21961,23.6377,93.066302,867.0,20.66264400478191
21962,23.63797,93.078826,926.0,24.8479801794304
21963,23.638822,93.066182,871.0,1.3502244696996157
21964,23.639272,93.066239,876.0,10.999158271052183
21965,23.639484,93.032189,484.0,31.138369345567487
21966,23.640073,93.315306,1687.0,22.765646640754472
21967,23.640448,93.343559,1167.0,33.69006752597979
21968,23.640693,93.084944,1130.0,37.51535462990476
21969,23.64119,93.085929,1128.0,31.966424730373205
21970,23.644469,93.068299,867.0,24.16881343581011
21971,23.6445,92.990194,1238.0,21.135527342306382
21972,23.644962,93.076363,864.0,20.155422119735228
21973,23.646848,93.068776,859.0,35.39887735323683
21974,23.647342,93.303877,1731.0,34.44108336670712
21975,23.647375,93.303415,1758.0,38.09794465951107
21976,23.647593,93.068219,877.0,21.86985930890943
21977,23.647667,93.299727,1733.0,25.5133092609215
21978,23.648967,93.291988,1653.0,23.428692808745403
21979,23.650925,93.030704,466.0,16.723558006484023
21980,23.652972,92.6985,912.0,33.3982497427651
21981,23.653812,93.029927,469.0,28.30319610038818
21982,23.654025,93.287022,1541.0,31.670097621922785
21983,23.654361,92.932389,848.0,17.29444852858009
21984,23.654556,92.965056,1232.0,40.60184075517832
21985,23.65475,92.690083,860.0,32.35640884426763
21986,23.655417,92.957167,930.0,20.607120971804857
21987,23.656556,92.964611,1200.0,23.97577371272972
21988,23.657,93.028012,497.0,37.81892671564865
21989,23.657018,93.286924,1489.0,25.239401820678914
21990,23.657186,93.087169,1128.0,34.033517274264824
21991,23.657194,92.5905,1193.0,30.747804873668915
21992,23.657278,92.704583,898.0,24.634322367669885
21993,23.657444,92.963889,1164.0,34.033517274264824
21994,23.657642,93.349683,1167.0,16.2287367059342
21995,23.658861,92.963722,1133.0,34.34609740006152
21996,23.658944,92.964056,1179.0,33.764273391292186
21997,23.659891,93.349052,1173.0,19.630414815023528
21998,23.660361,93.285548,1405.0,30.498931686310716
21999,23.663354,93.023297,520.0,22.290970374758974
22000,23.664583,92.590111,1114.0,26.008181915695513
22001,23.665806,92.969556,1091.0,18.96231828867539
22002,23.665806,92.892639,415.0,23.428692808745403
22003,23.666361,92.975972,1175.0,25.5133092609215
22004,23.666608,93.350691,1242.0,13.069151942759
22005,23.666722,92.890889,367.0,33.573963453775406
22006,23.667306,92.978028,1095.0,27.078936947526696
22007,23.667361,92.978,1095.0,27.078936947526696
22008,23.667361,92.978,1095.0,27.078936947526696
22009,23.669056,92.888889,487.0,26.880307851328986
22010,23.669278,92.592278,1011.0,14.24415761739711
22011,23.66958,93.02425,538.0,18.96231828867539
22012,23.669694,92.592667,1020.0,19.12710170142385
22013,23.670389,92.964417,1059.0,22.636129876883253
22014,23.670556,92.728528,716.0,19.188418756936425
22015,23.671,92.888333,408.0,15.06995574963759
22016,23.672022,93.349595,1291.0,21.04572088407583
22017,23.673104,93.349412,1289.0,23.490416068641593
22018,23.674167,92.596889,1029.0,34.017325088918376
22019,23.67425,92.587278,1048.0,24.16881343581011
22020,23.674694,92.597361,1033.0,34.090063875331914
22021,23.675142,93.023551,570.0,28.084099366691156
22022,23.675722,92.598639,1074.0,36.42929126949838
22023,23.677967,93.087973,1157.0,31.244175851188185
22024,23.678583,92.571583,914.0,17.842681707487124
22025,23.68054,93.020091,608.0,29.85463927845754
22026,23.68075,92.571917,925.0,25.8493248967401
22027,23.680931,92.859617,1051.0,1.9091524329963763
22028,23.681206,93.019927,598.0,22.140679470491683
22029,23.681531,92.718606,1171.0,20.001783914715944
22030,23.681548,93.030106,564.0,20.001783914715944
22031,23.681778,92.602611,1068.0,31.002719133873992
22032,23.682158,92.858383,982.0,23.428692808745406
22033,23.68225,92.573694,947.0,30.528995003825997
22034,23.682274,93.350321,1271.0,25.486125594093767
22035,23.682611,92.602028,1082.0,31.670097621922785
22036,23.683417,92.601222,1097.0,26.113233272206745
22037,23.684222,92.599917,1102.0,39.76607121224395
22038,23.684472,92.573694,968.0,30.05160649070701
22039,23.684707,93.088283,1187.0,20.846265656650555
22040,23.685602,93.028404,484.0,34.37782091784768
22041,23.685795,93.019874,629.0,22.22435314380804
22042,23.687031,93.203106,1152.0,37.53490600791177
22043,23.687833,92.722444,1018.0,39.87305161235626
22044,23.688389,92.595583,1122.0,27.565248984490395
22045,23.689256,93.192172,1197.0,25.809367457705076
22046,23.689282,93.039041,705.0,29.88589573021274
22047,23.69,92.49,739.0,33.296989754761654
22048,23.69,92.35,473.0,24.38870074689113
22049,23.69,92.35,473.0,24.38870074689113
22050,23.690722,92.570139,972.0,20.136303428248134
22051,23.69159,93.190067,1128.0,27.226347381898258
22052,23.691722,92.575111,912.0,26.539566558618308
22053,23.6935,92.570306,960.0,16.253917058152773
22054,23.693667,92.719056,1005.0,21.818550314312215
22055,23.694333,93.183335,1430.0,22.22435314380804
22056,23.695083,92.570639,950.0,35.32429987761792
22057,23.695088,93.041426,755.0,33.89536963300801
22058,23.695444,92.861667,936.0,34.25055493497398
22059,23.695528,92.884167,358.0,25.675463214971884
22060,23.696979,93.041829,809.0,26.880307851328986
22061,23.697056,92.877944,436.0,33.05825736162379
22062,23.697889,92.568444,923.0,32.212374446006656
22063,23.699472,92.716167,987.0,19.188418756936425
22064,23.6995,92.71617,987.0,19.188418756936425
22065,23.699611,92.874917,431.0,8.104435709194412
22066,23.700556,92.715972,1011.0,37.19921925289739
22067,23.700889,92.878361,495.0,33.69006752597979
22068,23.701047,93.190913,1139.0,51.731527719099795
22069,23.701575,93.177726,1413.0,30.508958866202807
22070,23.70166667,92.71944444,1044.0,23.750100573474086
22071,23.702056,92.993222,890.0,18.19662752273151
22072,23.70272,92.71631,1097.0,34.017325088918376
22073,23.704333,92.7145,1049.0,28.987578250072634
22074,23.704861,92.98575,962.0,14.763132623631552
22075,23.705117,92.877669,501.0,10.759583898850556
22076,23.705262,93.008904,710.0,34.369895822693806
22077,23.705705,93.19007,1104.0,31.51991437453672
22078,23.706667,92.714694,1033.0,46.8510996127983
22079,23.707126,93.187183,1120.0,30.297100641022165
22080,23.708217,92.761489,823.0,37.84449625941184
22081,23.708377,93.053261,1004.0,31.80039615270397
22082,23.708507,93.05583,1040.0,41.107170339499476
22083,23.71,92.692528,649.0,40.00713585053131
22084,23.710194,92.741167,613.0,25.376933525152303
22085,23.710278,92.558056,965.0,16.601549599020238
22086,23.710517,93.058403,1071.0,42.09430109320842
22087,23.71125,92.660167,284.0,25.363232718381973
22089,23.712306,92.649528,353.0,42.22469219190813
22090,23.712528,92.64775,376.0,39.8055710922652
22091,23.712611,92.560444,999.0,28.360372759879684
22092,23.712694,92.66025,208.0,38.17319333803387
22093,23.713131,92.798942,217.0,41.292432412809355
22094,23.714694,92.728694,852.0,19.787913812706314
22095,23.714703,92.873933,530.0,33.44025753518539
22096,23.715278,92.697611,750.0,35.50271196509591
22097,23.7155,92.556028,914.0,21.611596098722195
22099,23.716111,92.712611,908.0,9.73677691573277
22100,23.716125,92.866156,704.0,44.43187429640961
22101,23.716278,92.727694,821.0,17.594079543115168
22102,23.716333,92.688639,616.0,18.305448954250746
22103,23.716556,92.699056,765.0,20.80971857959822
22104,23.717028,92.692389,798.0,34.83870551117362
22105,23.717111,92.713972,946.0,18.434948822922014
22106,23.717222,92.694833,851.0,21.31357434104547
22107,23.718194,92.556417,889.0,22.61986494804043
22108,23.719306,92.869058,762.0,23.195068590140778
22109,23.719306,92.869058,762.0,23.195068590140778
22110,23.719389,92.675083,488.0,20.212632236452095
22111,23.719472,92.676444,499.0,20.532771786488425
22112,23.7195,92.675528,491.0,25.363232718381973
22113,23.719694,92.868053,738.0,38.81672017857869
22114,23.719972,92.697694,961.0,34.97675368176345
22115,23.720417,92.695667,911.0,30.17480904438851
22116,23.720611,92.692722,871.0,25.486125594093767
22117,23.720833,92.978,905.0,18.94158858012096
22118,23.721167,92.675056,561.0,35.810273662543636
22119,23.722,92.721222,1005.0,32.98940559251086
22120,23.722111,92.681472,684.0,34.033517274264824
22121,23.722222,92.682278,699.0,22.290970374758974
22122,23.726694,92.557778,834.0,45.62663742342179
22124,23.727639,92.703083,870.0,30.747804873668915
22125,23.727694,92.736,720.0,29.85463927845754
22126,23.728778,92.557833,797.0,25.34952033151192
22127,23.730867,92.755639,898.0,32.11261530059655
22129,23.732894,92.753033,907.0,27.62503917921715
22130,23.733083,92.675611,770.0,37.16592466590954
22131,23.733222,92.557833,710.0,22.07341542334565
22132,23.7335,92.674472,851.0,37.4041069193059
22133,23.73436,92.75194,900.0,30.020661922564646
22134,23.734427,93.08625,983.0,33.56563872420533
22135,23.735,92.695111,919.0,25.5133092609215
22136,23.735028,92.696028,926.0,30.05160649070701
22137,23.735086,92.829525,609.0,23.397741000263863
22138,23.735833,92.558056,693.0,17.775317038209
22139,23.736217,92.796936,332.0,24.461332518771652
22140,23.736778,92.694528,961.0,23.132182561931256
22141,23.737083,92.703889,929.0,22.765646640754472
22142,23.737167,92.557167,734.0,21.18915910142139
22143,23.739306,92.743111,919.0,20.097992628721148
22144,23.739417,92.699917,1002.0,31.744679866591962
22145,23.740028,92.709861,900.0,40.41337530810542
22146,23.740306,92.965389,815.0,20.439317573258247
22147,23.740417,92.795083,367.0,12.772578169490426
22148,23.741389,92.739528,961.0,21.938008256074177
22149,23.741806,92.72525,967.0,21.971970836813973
22150,23.741851,93.377004,1315.0,27.32389130134654
22151,23.742696,93.378058,1350.0,14.24415761739711
22152,23.742754,93.094558,1222.0,34.37782091784768
22153,23.742861,92.725389,945.0,11.348119585994183
22154,23.743694,92.679028,922.0,24.461332518771652
22155,23.74372,92.72417,979.0,18.77467605427877
22156,23.744028,92.698861,907.0,34.472622749576175
22157,23.744167,92.730472,801.0,25.79602649449995
22158,23.74425,92.968472,714.0,17.387333467314576
22159,23.744303,92.720114,1148.0,32.10351627298505
22160,23.744972,92.702889,818.0,18.77467605427877
22161,23.745083,92.6955,935.0,44.563720855785085
22162,23.745444,92.749556,808.0,14.959246786437891
22163,23.745639,92.694361,934.0,44.563720855785085
22164,23.746722,92.695972,816.0,30.103052462896233
22165,23.746832,93.377656,1387.0,20.155422119735228
22166,23.747111,93.378258,1400.0,15.36952380130432
22167,23.747444,92.696194,792.0,25.8493248967401
22168,23.747943,93.374597,1221.0,22.61986494804043
22169,23.749722,92.693781,849.0,41.17433120903597
22170,23.749805,93.099227,1399.0,28.82189836411544
22171,23.750139,93.098167,1412.0,21.260377126997213
22172,23.750454,92.69524,765.0,25.016893478100023
22173,23.750676,92.679635,833.0,17.29444852858009
22174,23.750722,92.744,893.0,28.987578250072634
22175,23.751155,92.571589,790.0,33.83814426542724
22176,23.751528,91.604533,88.0,6.721369339369457
22177,23.751694,92.731528,946.0,23.628423517864427
22178,23.753222,93.377281,1402.0,33.690067525979785
22179,23.753417,92.687556,687.0,27.505240762859906
22180,23.754359,92.690207,689.0,24.242444512172103
22181,23.754475,92.722754,1014.0,35.71570019685384
22182,23.754493,92.690145,689.0,24.242444512172103
22183,23.757805,92.561473,769.0,22.684823831912844
22184,23.760222,92.848167,802.0,29.85463927845754
22185,23.761734,92.573908,497.0,26.67924362098057
22186,23.762482,92.742799,1064.0,29.24925904290538
22187,23.767139,92.533889,483.0,33.490525189983416
22188,23.767139,92.533889,483.0,33.490525189983416
22189,23.76821,92.539681,523.0,28.987578250072634
22190,23.771587,92.732129,1295.0,36.815480279408405
22191,23.777472,93.009163,536.0,27.33604368814356
22192,23.777555,93.112473,1261.0,38.31642449920507
22193,23.777805,93.00489,582.0,21.260377126997216
22194,23.779444,93.023918,426.0,21.04572088407583
22195,23.78,92.84,546.0,15.36952380130432
22196,23.78,92.36,713.0,23.97577371272972
22197,23.780138,93.152916,759.0,25.675463214971884
22198,23.780864,92.577909,493.0,31.12871688801731
22199,23.782249,93.148865,817.0,28.257311688503773
22200,23.782249,93.116165,1231.0,20.250651404968387
22201,23.783846,92.553747,645.0,34.35403406736099
22202,23.783956,92.553695,645.0,34.35403406736099
22203,23.784222,92.841972,604.0,21.47206914335925
22204,23.784278,92.597111,422.0,17.387333467314576
22205,23.785444,93.024612,480.0,20.82800310374709
22206,23.785944,93.154137,716.0,34.090063875331914
22207,23.787414,92.725278,1244.0,25.955401413885546
22208,23.78775,93.386887,1314.0,17.775317038209
22209,23.788032,92.729443,1164.0,35.39887735323683
22210,23.7885,93.024666,515.0,20.439317573258247
22211,23.788666,93.386139,1309.0,19.787913812706314
22212,23.788722,92.837833,622.0,26.56505117707799
22213,23.788722,92.837833,622.0,26.56505117707799
22214,23.789749,93.035667,523.0,14.763132623631552
22215,23.79,92.36,722.0,17.775317038209
22216,23.790132,92.672097,358.0,33.33081260166977
22217,23.790138,93.394447,1392.0,24.12447190179544
22218,23.79125,93.384583,1270.0,28.987578250072634
22219,23.791277,93.156387,665.0,24.16881343581011
22220,23.791511,92.730515,1174.0,34.97675368176345
22221,23.792555,93.029892,559.0,33.573963453775406
22222,23.792749,93.116943,1285.0,33.3982497427651
22223,23.793417,93.387474,1162.0,31.58578773967389
22224,23.794195,93.025055,561.0,17.03574212804197
22225,23.795444,93.04039,530.0,14.302914425322811
22226,23.795778,93.38797,1155.0,32.401162502089626
22227,23.796268,92.54654,492.0,3.4389123953782974
22228,23.797361,93.040916,552.0,35.50271196509591
22229,23.798611,93.16378,606.0,33.862693945765855
22230,23.798861,92.642417,138.0,7.416536974278209
22231,23.799166,93.132919,1032.0,18.305448954250746
22232,23.8,92.5,672.0,19.689673297252913
22233,23.800556,93.15889,460.0,24.932657538079724
22234,23.801001,93.166359,593.0,43.879267026727
22235,23.801054,93.168762,554.0,20.001783914715944
22236,23.801399,93.168648,565.0,18.62703081108459
22237,23.801624,92.960437,1244.0,30.895350180310494
22238,23.802567,92.564045,859.0,11.038532615965034
22239,23.803055,93.160164,471.0,20.250651404968387
22240,23.803085,93.159225,421.0,19.310287408745566
22241,23.803364,93.159164,419.0,26.61590170730996
22242,23.804193,93.035248,670.0,30.856133351956277
22243,23.805313,92.592663,523.0,41.18463738471524
22244,23.805779,93.027115,722.0,30.568994594623476
22245,23.808111,93.041779,840.0,15.042369244334244
22246,23.808528,92.595222,371.0,20.07880037349212
22247,23.81,92.5,610.0,24.591248866909307
22248,23.810083,92.833861,527.0,35.264389682754654
22249,23.810806,93.379028,1074.0,23.021526638116164
22250,23.811722,92.959917,1333.0,40.77214745945523
22251,23.811938,92.570804,625.0,20.136303428248134
22252,23.812139,92.954167,1335.0,25.88918455713453
22253,23.812167,92.835194,510.0,31.51991437453672
22254,23.816,92.84,294.0,21.86985930890943
22255,23.816611,92.662306,133.0,14.592550602033427
22256,23.817333,92.661222,133.0,25.156319133694215
22257,23.819269,92.826983,445.0,30.418494611596426
22258,23.819269,92.826983,445.0,30.418494611596426
22259,23.821894,92.569325,714.0,31.311156133255537
22260,23.822054,92.826453,458.0,29.260073022738787
22261,23.822086,92.826497,448.0,31.809663934881115
22262,23.823222,92.674861,403.0,25.07280797783953
22263,23.82325,92.925222,1128.0,28.176705590951745
22264,23.824586,92.825019,457.0,15.42324502154344
22265,23.825205,92.830469,385.0,24.38870074689113
22266,23.826694,92.603833,449.0,22.40687120493745
22267,23.832916,93.301888,1237.0,27.565248984490395
22268,23.832916,93.301888,1237.0,27.565248984490395
22269,23.833166,93.305275,1268.0,22.61986494804043
22270,23.833698,92.650724,117.0,37.53490600791177
22271,23.835361,93.052414,1044.0,17.775317038209
22272,23.836056,93.37664,868.0,16.723558006484023
22273,23.83675,92.916556,1124.0,25.5133092609215
22274,23.839417,92.910972,1145.0,16.2287367059342
22275,23.84,92.37,433.0,22.765646640754472
22276,23.840334,93.071945,703.0,22.373844274024943
22277,23.841713,92.911476,1138.0,33.69006752597979
22278,23.842167,93.373917,831.0,25.635076100950123
22279,23.844109,92.928779,1826.0,24.15404655313558
22280,23.844139,92.933,1640.0,42.055448062192106
22281,23.844165,92.930006,1841.0,14.036243467926479
22282,23.844444,93.051361,1087.0,30.747804873668915
22283,23.84461,93.190277,762.0,31.138369345567487
22284,23.846056,93.371971,760.0,14.763132623631552
22285,23.846786,92.655892,75.0,38.079076328995825
22286,23.847224,92.927508,1796.0,16.72355800648402
22287,23.847246,92.927341,1788.0,13.640311227766057
22288,23.848,93.041885,1010.0,27.55326483492445
22289,23.848083,93.076691,680.0,14.066164922222868
22290,23.848917,93.135307,463.0,31.670097621922785
22291,23.849497,92.928202,1822.0,14.036243467926479
22292,23.85,93.048164,1030.0,24.242444512172103
22293,23.85,92.33,188.0,11.461836902818336
22294,23.85075,93.115608,399.0,32.91160083273797
22295,23.850861,92.743083,1274.0,24.748625315195834
22296,23.851361,92.742222,1300.0,24.805474401698422
22297,23.851723,93.186775,963.0,34.62941016850345
22298,23.852722,92.743306,1255.0,21.31357434104547
22299,23.852861,93.059998,840.0,38.882636036728115
22300,23.853333,93.12458,300.0,34.60598807399335
22301,23.855028,93.041695,944.0,26.880307851328993
22302,23.855092,92.666553,407.0,26.321329428286734
22303,23.855535,92.648953,73.0,39.87305161235626
22304,23.856821,92.833784,189.0,23.444146119861458
22305,23.856861,92.743028,1367.0,22.636129876883253
22306,23.856972,93.046112,886.0,34.49623729009093
22307,23.857278,92.646222,163.0,40.628576343250124
22308,23.859417,92.917333,1258.0,21.419418908984124
22309,23.86,92.35,282.0,10.176527410054078
22310,23.86,92.37,540.0,28.987578250072634
22311,23.860102,92.834056,202.0,25.79602649449995
22312,23.860167,93.194778,912.0,32.98940559251087
22313,23.860361,93.203804,955.0,22.489134862284537
22314,23.860361,93.203804,955.0,22.489134862284537
22315,23.861805,93.364944,610.0,17.842681707487124
22316,23.862638,93.204025,996.0,21.135527342306382
22317,23.863417,93.201279,932.0,24.904481044556743
22318,23.865694,92.932639,1315.0,28.037600489728426
22319,23.866138,93.222809,1163.0,17.01197993242201
22320,23.867277,93.205643,1047.0,35.113638216485604
22321,23.868279,93.222557,1160.0,29.88589573021274
22322,23.868917,92.735472,1258.0,25.8493248967401
22323,23.869861,92.877444,978.0,20.991582376941242
22324,23.87,92.5,873.0,13.16632060042364
22325,23.870445,93.208611,1045.0,38.32881810145589
22326,23.870445,93.353859,992.0,29.421439641486938
22327,23.870567,93.215149,1127.0,34.369895822693806
22328,23.870583,93.095444,575.0,23.428692808745406
22329,23.87075,93.078529,702.0,31.138369345567487
22330,23.871694,92.919955,1186.0,29.549408596501117
22331,23.872055,93.094276,608.0,22.090258704050036
22332,23.87211,93.335999,1196.0,17.29444852858009
22333,23.872722,92.874083,937.0,20.846265656650555
22334,23.874056,93.244469,1223.0,23.628423517864423
22335,23.875174,93.21302,1151.0,28.002640063185417
22336,23.876139,93.260445,1616.0,17.66231893216494
22337,23.877806,93.267609,1668.0,52.75478326888513
22338,23.88,92.69,609.0,21.869859308909426
22339,23.88,92.5,761.0,34.97675368176345
22340,23.881056,93.245804,1476.0,30.010334187691758
22341,23.881361,93.257027,1568.0,16.051123667414398
22342,23.88139,93.243027,1356.0,28.222814437179903
22343,23.881639,93.234642,1272.0,26.74234155739631
22344,23.881971,93.250969,1542.0,30.266612409654883
22345,23.882055,93.041222,876.0,43.429581196908224
22346,23.882389,93.248947,1518.0,30.895350180310494
22347,23.882583,92.877639,882.0,30.020661922564646
22348,23.88319,92.869,671.0,30.508958866202807
22349,23.883306,92.861917,711.0,26.126317264569018
22350,23.88375,92.866778,711.0,26.269553396535294
22351,23.883944,92.880528,879.0,26.91773442777563
22352,23.883944,93.247528,1443.0,28.084099366691156
22353,23.884083,93.209908,1192.0,24.591248866909307
22354,23.885195,93.202332,912.0,35.121209164599065
22355,23.885279,93.207726,1096.0,19.370844026969944
22356,23.885639,92.857861,707.0,31.576393336997814
22357,23.886723,93.200279,873.0,23.490416068641593
22358,23.887251,93.095612,637.0,33.590600231227405
22359,23.887333,92.851111,526.0,23.021526638116164
22360,23.888081,93.026642,958.0,26.842795672040804
22361,23.888945,93.033974,913.0,25.253207609369632
22362,23.889306,92.736528,1118.0,34.60598807399335
22363,23.890694,93.275024,1698.0,17.594079543115168
22364,23.891722,92.84925,576.0,24.634322367669885
22365,23.891722,92.84925,576.0,24.634322367669885
22366,23.894444,93.019279,1071.0,34.44108336670712
22368,23.899305,93.015587,1066.0,22.989767773608854
22369,23.9,92.39,207.0,20.307500221928045
22370,23.900694,93.015587,1077.0,23.273326481355983
22371,23.901638,93.278641,1691.0,20.097992628721148
22372,23.902111,92.922556,1138.0,11.348119585994185
22373,23.905027,93.185776,1003.0,28.632096976803734
22374,23.907555,93.015114,1106.0,17.775317038209
22375,23.908806,93.177391,1020.0,22.22435314380804
22376,23.908806,93.180832,1004.0,32.05794564123819
22377,23.909111,93.02375,1103.0,33.02386755579665
22378,23.91,92.45,217.0,21.83567219571615
22379,23.91011,93.177193,1016.0,18.456418645243215
22380,23.913445,93.023941,1101.0,43.07056331739201
22381,23.914278,93.178864,988.0,27.17735741799749
22382,23.915778,92.742417,1006.0,24.74862531519583
22383,23.918389,92.923472,1106.0,18.305448954250746
22384,23.918461,92.741531,985.0,24.475819581509896
22385,23.918694,92.740389,1039.0,10.046788047511114
22386,23.918917,92.650833,158.0,6.853224835121291
22387,23.922639,92.736528,875.0,28.002640063185417
22389,23.923047,92.656696,107.0,18.96231828867539
22390,23.92425,92.925222,1117.0,26.91773442777563
22391,23.924278,92.744806,919.0,8.47871314708616
22392,23.927389,93.02803,1071.0,29.020515817031367
22393,23.927389,93.02803,1071.0,29.020515817031367
22394,23.929083,92.922778,1110.0,15.793169048263966
22395,23.93,92.37,730.0,13.824682316158707
22396,23.933904,92.673871,225.0,20.307500221928045
22397,23.934222,92.730611,798.0,21.954998832237578
22398,23.934417,92.667222,194.0,27.33604368814356
22399,23.935917,93.345642,805.0,30.856133351956277
22400,23.935917,93.345642,805.0,30.856133351956277
22401,23.936333,93.118858,1508.0,34.41738871044157
22402,23.936806,93.340668,888.0,32.10351627298505
22403,23.938028,93.121277,1526.0,24.8479801794304
22404,23.938583,93.213997,1044.0,22.140679470491683
22405,23.939194,93.214195,1078.0,35.98342760298727
22406,23.9395,92.927889,1221.0,35.27938801183364
22407,23.94,92.37,688.0,25.688903331931808
22408,23.940106,92.680592,254.0,28.222814437179903
22409,23.940333,92.680833,254.0,26.321329428286734
22410,23.942722,93.213531,1038.0,7.6530487205434135
22411,23.943241,92.933604,1266.0,26.967504073598892
22412,23.94325,92.933611,1266.0,26.967504073598892
22413,23.945055,93.313698,1463.0,37.56093713903626
22414,23.948917,93.038719,1053.0,25.253207609369632
22415,23.95,92.37,772.0,14.506372352544124
22416,23.950195,93.125061,1429.0,11.648634944412734
22417,23.950277,93.217056,972.0,12.04828213833979
22418,23.950417,93.037109,1067.0,22.373844274024943
22419,23.956528,93.041084,1072.0,22.8781056322946
22420,23.957556,93.026558,928.0,33.05825736162379
22421,23.958944,93.022781,896.0,23.3822424378352
22422,23.958944,93.022781,896.0,23.3822424378352
22423,23.959278,93.020859,852.0,35.50271196509591
22424,23.959278,93.123558,1379.0,28.855167513744334
22425,23.95942,92.943345,984.0,43.65396627844831
22426,23.961,93.028969,960.0,23.97577371272972
22427,23.962278,93.035309,1022.0,33.89536963300801
22428,23.965889,92.682278,300.0,24.8479801794304
22429,23.966249,93.041115,1126.0,25.915703593185818
22430,23.966249,93.041115,1126.0,25.915703593185818
22431,23.966917,93.041473,1106.0,36.978179819786355
22432,23.969223,93.016335,783.0,18.370345512861498
22433,23.970444,92.927167,1222.0,8.47871314708616
22434,23.971078,92.682781,321.0,28.222814437179903
22435,23.972027,93.014893,752.0,27.62503917921715
22436,23.972222,92.68325,351.0,26.967504073598892
22437,23.973513,92.6839,338.0,15.042369244334246
22438,23.973684,92.683868,338.0,15.042369244334246
22439,23.976412,92.683312,386.0,27.238572082130066
22440,23.979472,92.684139,389.0,21.33126583595921
22441,23.980749,93.28653,1427.0,45.142527402683065
22442,23.981083,93.287392,1395.0,43.60147763828204
22443,23.982,92.718028,687.0,14.036243467926479
22444,23.982639,93.011055,677.0,27.33604368814356
22445,23.983667,92.683333,436.0,17.775317038209
22446,23.983694,93.044418,1070.0,12.364552990274646
22447,23.984972,92.772028,600.0,16.228736705934203
22448,23.986109,92.681581,448.0,15.793169048263966
22449,23.9865,92.709806,628.0,29.665849859262984
22450,23.990028,93.010582,602.0,28.30319610038818
22451,23.99016,92.68075,485.0,14.506372352544124
22452,23.992805,93.043251,1101.0,30.297100641022165
22453,23.993778,93.004524,422.0,27.226347381898258
22454,23.997222,92.681722,548.0,27.791305644779218
22455,23.999111,93.285309,1399.0,24.38870074689113
22456,24.000334,93.300278,1188.0,31.002719133873985
22457,24.001167,93.037613,1188.0,26.577778623734837
22458,24.003889,93.323502,698.0,19.47122063449069
22459,24.004186,92.904111,894.0,37.50230700018765
22460,24.004313,92.904068,906.0,35.59118566547325
22461,24.004867,92.677265,610.0,36.16893488396254
22462,24.005278,92.677083,615.0,34.218582707648956
22463,24.00977,92.767346,678.0,31.244175851188178
22464,24.010279,92.767056,715.0,29.88589573021274
22465,24.012472,93.047249,1238.0,31.002719133873985
22466,24.013044,92.920237,1069.0,25.14243049054343
22467,24.014332,92.924018,1076.0,32.96351159099253
22468,24.015858,92.797666,620.0,43.13854791026302
22469,24.019306,93.181274,1058.0,10.21937711459359
22470,24.02025,93.243973,558.0,26.61590170730996
22471,24.021514,92.673778,677.0,37.14591448999934
22472,24.022079,92.771729,798.0,26.539566558618308
22473,24.022188,92.771891,806.0,26.360054096082706
22474,24.022347,92.772075,806.0,26.360054096082706
22475,24.022376,92.77308,829.0,25.14243049054343
22476,24.023861,93.248192,594.0,24.591248866909307
22477,24.023916,93.194336,1261.0,41.65131033076985
22478,24.023945,93.195663,1260.0,39.607057362378036
22479,24.024289,92.771361,856.0,8.159014354942736
22480,24.024826,92.888859,1195.0,16.601549599020238
22481,24.025094,92.769158,870.0,19.12710170142385
22482,24.025487,92.907485,1031.0,31.892840502095876
22483,24.025506,92.915628,1033.0,41.10199182161108
22484,24.025542,92.91546,1033.0,41.10199182161108
22485,24.025676,92.914807,1042.0,39.37703221498191
22486,24.026138,93.240166,691.0,26.91773442777563
22487,24.026556,92.911915,1044.0,36.26089278326507
22488,24.028721,92.909301,1068.0,16.253917058152773
22489,24.030186,92.673377,731.0,23.628423517864423
22490,24.030416,92.901491,974.0,20.80971857959822
22491,24.030588,92.668422,914.0,29.54940859650111
22492,24.030793,92.793313,632.0,27.613098503754813
22493,24.033563,92.674267,767.0,24.16881343581011
22494,24.036336,92.770846,945.0,31.244175851188185
22495,24.036893,92.771278,945.0,27.62503917921715
22496,24.037336,92.922455,913.0,25.526884054256257
22497,24.037395,92.922461,908.0,25.363232718381973
22498,24.037574,92.922489,908.0,25.363232718381973
22499,24.038279,93.140945,1037.0,22.61986494804043
22500,24.039744,92.780045,877.0,40.70850426789114
22501,24.039833,93.232864,941.0,39.260731733474245
22502,24.040703,92.774277,941.0,11.348119585994185
22503,24.040967,92.774357,943.0,4.857533338413092
22504,24.040972,93.078697,648.0,33.32236342654518
22505,24.043187,92.77542,977.0,31.205779114725832
22506,24.043417,93.066307,910.0,26.321329428286734
22507,24.043492,92.775423,977.0,27.17735741799749
22508,24.045278,92.775169,959.0,24.748625315195834
22509,24.046499,93.04422,1217.0,17.775317038209
22510,24.047916,93.056946,1229.0,45.59995887022537
22511,24.048695,93.061638,1090.0,36.147638969088355
22512,24.05,92.38,649.0,31.051293565952417
22513,24.05,92.38,649.0,31.051293565952417
22514,24.050391,92.775525,966.0,35.45087793804301
22515,24.053275,92.77647,979.0,30.747804873668915
22516,24.056205,92.916817,864.0,19.74869565807571
22517,24.06,92.39,564.0,23.567234622032583
22518,24.061004,92.925342,810.0,36.055029684428945
22519,24.062429,92.922576,783.0,25.14243049054343
22520,24.066822,92.893593,1003.0,11.904688112848122
22521,24.067478,92.893471,1006.0,4.044691235386269
22522,24.067576,92.893076,1003.0,5.788832299437198
22523,24.069401,92.91857,753.0,13.915808695897175
22524,24.069728,92.918457,757.0,6.91817481667161
22525,24.069857,92.918457,757.0,6.91817481667161
22526,24.070285,92.787738,971.0,29.205932247399417
22527,24.07462,92.91518,764.0,36.67862167977997
22528,24.076035,92.790672,949.0,21.954998832237578
22529,24.077014,92.790809,933.0,32.490306531189724
22530,24.078041,92.914114,777.0,20.001783914715944
22531,24.07814,92.790905,936.0,28.987578250072634
22532,24.078422,92.792189,919.0,38.17319333803387
22533,24.08,92.39,551.0,12.638224684699054
22534,24.08,92.51,647.0,27.017123217850244
22535,24.080938,92.914167,801.0,28.084099366691156
22536,24.081381,92.793089,911.0,20.155422119735228
22537,24.09,92.37,155.0,17.01197993242201
22538,24.09,92.37,155.0,17.01197993242201
22539,24.09,92.37,155.0,17.01197993242201
22540,24.09,92.4,379.0,12.638224684699054
22541,24.091081,92.795582,922.0,20.991582376941242
22542,24.09109,92.795724,923.0,19.74869565807571
22543,24.09123,92.795928,923.0,19.74869565807571
22544,24.091359,92.796008,916.0,30.498931686310716
22545,24.091664,92.796134,898.0,25.156319133694215
22546,24.09176,92.803968,654.0,18.520635899770767
22547,24.094248,92.917745,785.0,32.98940559251086
22548,24.097858,92.918738,789.0,34.85410224097107
22549,24.099117,92.916676,809.0,31.80039615270397
22550,24.1,92.37,110.0,12.772578169490426
22551,24.1,92.42,141.0,9.73677691573277
22552,24.1,92.51,579.0,37.671095800679176
22553,24.100401,92.915441,817.0,15.81919394750014
22554,24.102008,92.791628,896.0,23.428692808745403
22555,24.10246,92.811355,737.0,31.809663934881115
22556,24.11,92.39,281.0,5.128711509483252
22557,24.12,92.38,123.0,20.532771786488425
22558,24.12,92.36,117.0,18.434948822922014
22559,24.12,92.46,129.0,7.416536974278209
22560,24.125294,92.805847,703.0,7.416536974278209
22561,24.125631,92.805948,701.0,10.759583898850556
22562,24.125996,92.805874,699.0,16.723558006484023
22563,24.13,92.52,302.0,13.515781057664528
22564,24.14,92.41,318.0,18.434948822922014
22565,24.146606,92.796528,702.0,32.13988228321215
22566,24.15,92.41,153.0,18.64821573021375
22567,24.162021,92.797605,752.0,26.321329428286734
22568,24.17,92.33,72.0,12.772578169490426
22569,24.17,92.53,117.0,35.62790729142092
22570,24.17,92.52,65.0,20.07880037349212
22571,24.170329,92.641325,137.0,3.4389123953782974
22572,24.171459,92.641035,140.0,6.91817481667161
22573,24.175865,92.945618,506.0,29.802413569555988
22574,24.18,92.54,82.0,24.286461463040197
22575,24.180261,92.690737,686.0,35.02251023762291
22576,24.182669,92.950748,454.0,31.670097621922785
22577,24.182783,92.949911,455.0,23.750100573474086
22578,24.183115,92.949989,460.0,20.212632236452095
22579,24.183717,92.798909,743.0,20.80971857959822
22580,24.184022,92.951257,453.0,26.56505117707799
22581,24.187212,92.633859,199.0,14.15548761586253
22582,24.188117,92.595278,155.0,9.462322208025618
22583,24.188702,92.943036,486.0,31.434832006995155
22584,24.19,92.33,70.0,9.462322208025618
22585,24.190369,92.94432,496.0,37.53490600791178
22586,24.190711,92.943593,521.0,30.020661922564646
22587,24.191114,92.943311,533.0,32.91160083273797
22588,24.192522,92.944635,520.0,27.755818170577996
22589,24.19265,92.944583,538.0,36.65110902894253
22590,24.193061,92.992877,249.0,25.8493248967401
22591,24.193682,92.946417,531.0,36.815480279408405
22592,24.194015,92.944562,536.0,34.37782091784768
22593,24.194252,92.963806,330.0,7.416536974278209
22594,24.197474,92.947295,584.0,29.020515817031367
22595,24.197817,92.993923,258.0,25.363232718381973
22596,24.198831,92.946348,581.0,30.418494611596426
22597,24.199114,92.992916,257.0,45.039733563025486
22598,24.199185,92.992094,268.0,42.00674000869547
22599,24.199201,92.993156,247.0,42.46793068162231
22600,24.2,92.42,556.0,16.91651608571675
22601,24.200487,92.985172,269.0,29.833768779920437
22602,24.200746,92.98517,259.0,31.12871688801731
22603,24.201154,92.944079,584.0,26.61590170730996
22604,24.211504,92.679258,713.0,23.490416068641593
22605,24.214366,92.680404,680.0,25.14243049054343
22606,24.215868,92.802452,694.0,20.532771786488425
22607,24.216509,92.802591,690.0,23.444146119861458
22608,24.217097,92.632545,187.0,4.763641690726178
22609,24.218066,92.951214,602.0,21.260377126997216
22610,24.220596,92.802961,677.0,19.12710170142385
22611,24.222837,92.952639,599.0,1.9091524329963763
22612,24.225579,92.805884,609.0,25.363232718381973
22613,24.225691,92.805445,611.0,20.607120971804857
22614,24.225969,92.805611,624.0,20.155422119735228
22615,24.229303,92.819002,493.0,11.904688112848122
22616,24.232551,92.81525,494.0,34.417388710441564
22617,24.233808,92.978777,587.0,15.81919394750014
22618,24.237794,92.805727,657.0,12.53638838286113
22619,24.23782,92.612062,185.0,14.302914425322811
22620,24.237872,92.798117,466.0,25.635076100950123
22622,24.239118,92.639369,129.0,28.25731168850377
22623,24.24,92.36,91.0,7.2338446967252255
22624,24.240244,92.694292,495.0,19.310287408745566
22625,24.240415,92.941421,606.0,27.33604368814356
22626,24.242764,92.955406,675.0,17.01197993242201
22627,24.243567,92.645801,73.0,13.03657849691309
22628,24.24496,92.683014,467.0,29.195082782485805
22629,24.245649,92.681551,505.0,26.113233272206745
22630,24.246076,92.948994,696.0,14.592550602033427
22631,24.248558,92.954177,710.0,16.723558006484023
22635,24.26,92.65,51.0,6.853224835121291
22636,24.26,92.65,51.0,6.853224835121291
22637,24.26,92.65,51.0,6.853224835121291
22638,24.26,92.96,706.0,26.67924362098057
22639,24.26,92.81,710.0,13.824682316158707
22640,24.26,92.81,710.0,13.824682316158707
22641,24.27,92.65,64.0,16.796238729882134
22642,24.27,92.65,64.0,16.796238729882134
22643,24.27,92.65,64.0,16.796238729882134
22644,24.27,92.81,544.0,16.723558006484023
22645,24.28,92.64,51.0,5.385977098599754
22646,24.28,92.65,103.0,13.824682316158707
22647,24.28,92.81,580.0,34.090063875331914
22648,24.29,92.65,112.0,7.2338446967252255
22649,24.29,92.95,968.0,12.225122675735754
22650,24.29,92.96,837.0,35.795759914707084
22651,24.29,92.82,574.0,44.63327765256181
22654,24.32,92.84,305.0,52.78577026867817
22656,24.33,92.84,459.0,39.09643971967424
22657,24.34,92.66,43.0,1.3502244696996157
22659,24.34,92.74,141.0,9.462322208025618
22660,24.34,92.77,84.0,17.387333467314576
22661,24.34,92.84,459.0,23.97577371272972
22662,24.34,92.84,459.0,23.97577371272972
22663,24.34,92.84,459.0,23.97577371272972
22664,24.34,92.84,459.0,23.97577371272972
22665,24.34,92.84,459.0,23.97577371272972
22666,24.34,92.84,459.0,23.97577371272972
22667,24.34,92.84,459.0,23.97577371272972
22668,24.34,92.84,459.0,23.97577371272972
22669,24.35,92.67,84.0,7.6530487205434135
22670,24.35,92.67,84.0,7.6530487205434135
22672,24.35,92.84,326.0,19.471220634490695
22673,24.35,92.85,382.0,25.239401820678914
22674,24.35,92.82,485.0,11.499465999742787
22675,24.36,92.89,122.0,22.373844274024943
22676,24.36,92.89,122.0,22.373844274024943
22677,24.36,92.88,100.0,13.03657849691309
22678,24.36,92.83,389.0,6.654425046006596
22679,24.36,92.82,327.0,20.43931757325825
22680,24.37,92.9,139.0,23.069045509039658
22681,24.37,92.9,139.0,23.069045509039658
22682,24.37,92.89,45.0,8.47871314708616
22683,24.37,92.89,45.0,8.47871314708616
22684,24.37,92.89,45.0,8.47871314708616
22685,24.37,92.89,45.0,8.47871314708616
22686,24.37,92.78,46.0,2.1342998941463125
22687,24.37,92.87,162.0,31.44430728239367
22688,24.37,92.86,292.0,7.416536974278209
22689,24.37,92.85,348.0,22.40687120493745
22690,24.37,92.81,224.0,20.846265656650555
22691,24.38,92.68,80.0,19.370844026969944
22692,24.38,92.82,213.0,20.212632236452095
22693,24.39,92.79,52.0,8.582483688827132
22694,24.4,92.8,110.0,10.759583898850556
22695,24.41,92.8,64.0,13.03657849691309
22696,24.45,92.78,52.0,14.273571375658685
22697,24.47,92.76,135.0,14.959246786437891
22698,24.48,92.76,118.0,9.321835749415003
22699,24.5,92.77,115.0,3.4389123953782974
22700,24.51,92.77,254.0,25.5133092609215
22701,23.73888889,92.69638889,1044.0,26.74234155739631
22702,23.73947222,92.69666667,1033.0,25.03089023333195
22703,23.74027778,92.69722222,1039.0,18.305448954250746
22704,23.74066667,92.69336111,927.0,12.225122675735753
22705,23.7385748,92.6941941,986.0,32.98940559251086
22706,23.74472222,92.69277778,974.0,24.904481044556743
22707,23.74116667,92.69455556,948.0,25.8493248967401
22708,23.7375,92.69444444,979.0,29.51750907883067
22709,23.73386111,92.69491667,899.0,24.8479801794304
22710,23.72669444,92.69519444,897.0,33.10114358966526
22711,23.73361111,92.69388889,900.0,23.11642191920837
22712,23.73472222,92.695,917.0,22.07341542334565
22713,23.73416667,92.69805556,940.0,18.96231828867539
22714,23.73305556,92.69944444,894.0,32.754877470959904
22715,23.74972222,92.69833333,630.0,22.22435314380804
22716,23.73111111,92.70222222,862.0,20.307500221928045
22717,23.73111111,92.70388889,873.0,20.991582376941242
22718,23.73333333,92.70527778,949.0,11.461836902818336
22719,23.731,92.70644444,891.0,27.565248984490395
22720,23.73583333,92.69777778,993.0,16.253917058152773
22721,23.73132778,92.70821944,885.0,13.421509132977462
22722,23.72428333,92.70737778,978.0,27.226347381898258
22723,23.72276944,92.70665,961.0,39.811205717430234
22724,23.71446389,92.71146389,988.0,28.084099366691156
22725,23.71581111,92.70935,902.0,24.22774531795417
22726,23.71595,92.70879444,895.0,32.24850128082579
22727,23.7175,92.70666667,900.0,23.628423517864427
22728,23.71740833,92.70644167,896.0,26.269553396535294
22729,23.71735556,92.70753333,900.0,22.090258704050036
22730,23.71721667,92.70777778,906.0,25.486125594093767
22731,23.71697222,92.70817222,909.0,25.88918455713453
22732,23.71305556,92.70895833,981.0,21.18915910142139
22733,23.71523056,92.71529167,1012.0,16.72355800648402
22734,23.74,92.715,1065.0,42.22469219190813
22735,23.73944444,92.71472222,1073.0,52.710378879195765
22736,23.71138889,92.72444444,924.0,26.539566558618308
22737,23.71638889,92.72111111,983.0,30.205466819616653
22738,23.71444444,92.72861111,855.0,15.042369244334246
22739,23.71996389,92.73328889,812.0,25.675463214971884
22740,23.71583333,92.72444444,908.0,35.32429987761792
22741,23.71571389,92.72659722,865.0,25.14243049054343
22742,23.7104,92.72237778,963.0,35.03012380867594
22743,23.71865833,92.72335278,949.0,23.88588673441924
22744,23.7175,92.71972222,1082.0,28.987578250072634
22745,23.71,92.71611111,949.0,16.428860704621638
22746,23.70777778,92.71611111,1008.0,28.002640063185417
22747,23.70666667,92.71444444,1029.0,50.59314961259867
22748,23.70527778,92.71138889,1070.0,36.491988188351336
22749,23.70416667,92.71222222,1040.0,35.98342760298727
22750,23.70027778,92.71611111,1031.0,21.55942138371082
22751,23.69972222,92.71694444,1002.0,38.17319333803387
22752,23.68027778,92.72472222,905.0,32.53469816945699
22753,23.67805556,92.72,1020.0,52.39494438329273
22754,23.64333333,92.73444444,724.0,12.04828213833979
22755,23.64638889,92.72638889,797.0,26.628589703310887
22756,23.64638889,92.72527778,836.0,20.991582376941242
22757,23.63111111,92.72388889,867.0,22.373844274024943
22758,23.63055556,92.72305556,860.0,26.67924362098057
22759,23.62833333,92.72333333,797.0,19.787913812706314
22760,23.62277778,92.72444444,816.0,6.853224835121291
22761,23.62194444,92.72305556,814.0,33.03247176064103
22762,23.62083333,92.7225,822.0,17.66231893216494
22763,23.61916667,92.7225,830.0,35.889866740432154
22764,23.62,92.72472222,819.0,30.508958866202807
22765,23.61972222,92.72527778,818.0,25.03089023333195
22766,23.62027778,92.72555556,790.0,21.954998832237578
22767,23.62027778,92.72611111,771.0,33.927980154144706
22768,23.62111111,92.72444444,795.0,17.66231893216494
22769,23.68743333,92.72129167,1098.0,21.04572088407583
22770,23.67694444,92.71722222,1096.0,27.17735741799749
22771,23.67583333,92.715,997.0,23.428692808745403
22772,23.67472222,92.71722222,1099.0,18.19662752273151
22773,23.67444444,92.71472222,1000.0,20.991582376941242
22774,23.67388889,92.71472222,997.0,17.775317038209
22775,23.672069,92.7099293,1000.0,17.5484006137923
22776,23.684301,92.715511,1036.0,18.87922133905067
22777,23.70638889,92.72055556,875.0,33.10114358966526
22778,23.70416667,92.72,880.0,37.23908117204727
22779,23.70305556,92.72055556,879.0,43.60147763828204
22780,23.69333333,92.72055556,990.0,25.688903331931808
22781,23.69138889,92.72138889,929.0,31.311156133255537
22782,23.69,92.72361111,871.0,29.346331162468683
22783,23.68361111,92.72277778,924.0,31.670097621922785
22784,23.67611111,92.71972222,976.0,57.3984088115738
22785,23.67138889,92.72361111,927.0,36.211442333800804
22786,23.66694444,92.72194444,978.0,42.753750235572355
22787,23.66666667,92.72388889,829.0,32.57012547147069
22788,23.66027778,92.72694444,859.0,36.491988188351336
22789,23.65666667,92.72694444,849.0,10.999158271052183
22790,23.64388889,92.72583333,822.0,27.238572082130066
22791,23.635,92.72361111,837.0,35.113638216485604
22792,23.43277778,92.76111111,1503.0,15.99993592924168
22793,23.46777778,92.74111111,1328.0,56.309932474020215
22794,23.46805556,92.71638889,1135.0,28.855167513744334
22795,23.4725,92.71444444,1075.0,14.763132623631552
22796,23.47388889,92.70972222,1009.0,21.33126583595921
22797,23.49,92.70555556,1034.0,36.38035713820488
22798,23.49722222,92.70333333,905.0,25.197913740371355
22799,23.51361111,92.69833333,780.0,32.10351627298505
22800,23.53666667,92.6975,857.0,39.10233716664201
22801,23.54166667,92.70194444,872.0,21.045720884075834
22802,23.54277778,92.70333333,908.0,35.63524161504921
22803,23.52944444,92.72944444,989.0,17.5484006137923
22804,23.53083333,92.73055556,986.0,26.113233272206745
22805,23.53111111,92.73361111,1043.0,37.23908117204727
22806,23.53083333,92.73333333,1065.0,34.846405699136405
22807,23.56388889,92.70805556,836.0,32.47251629973426
22808,23.56416667,92.70805556,847.0,27.613098503754813
22809,23.565,92.70777778,851.0,34.75376186272035
22810,23.56666667,92.70888889,852.0,12.260147486012336
22811,23.77305556,92.74361111,1002.0,20.07880037349212
22812,23.77472222,92.76194444,1126.0,11.038532615965034
22813,23.77361111,92.76111111,1118.0,3.931095784160226
22814,23.74861111,92.73861111,948.0,34.97675368176345
22815,23.61,92.72083333,912.0,30.103052462896233
22816,23.60666667,92.72305556,925.0,22.40687120493745
22817,23.5925,92.71666667,763.0,20.07880037349212
22818,23.58722222,92.71361111,813.0,34.60598807399335
22819,23.57694444,92.71305556,906.0,13.824682316158707
22820,23.58027778,92.715,918.0,11.348119585994185
22821,23.58138889,92.71416667,911.0,27.238572082130066
22822,23.58694444,92.7175,957.0,14.763132623631552
22823,23.58555556,92.71583333,924.0,28.084099366691156
22824,23.58583333,92.71638889,952.0,19.610609129170935
22825,23.58638889,92.71583333,919.0,22.22435314380804
22826,23.65388889,92.72444444,742.0,23.069045509039658
22827,23.65416667,92.71777778,872.0,29.833768779920437
22828,23.655,92.71444444,859.0,26.217612768234883
22829,23.65416667,92.69,867.0,32.96351159099253
22830,23.66055556,92.67277778,1017.0,15.42324502154344
22831,23.66083333,92.67277778,1025.0,11.499465999742787
22832,23.65777778,92.67444444,954.0,11.461836902818336
22833,23.65861111,92.70583333,872.0,9.870926939134982
22834,23.68143611,92.72144167,1036.0,30.17480904438851
22835,23.73555556,92.78833333,529.0,30.337664384844906
22836,23.72694444,92.79527778,256.0,21.18915910142139
22837,23.73277778,92.79722222,256.0,15.042369244334246
22838,23.73416667,92.79861111,296.0,14.036243467926479
22839,23.74555556,92.79444444,360.0,26.008181915695513
22840,23.73666667,92.79722222,335.0,4.857533338413092
22841,23.73638889,92.79805556,346.0,20.991582376941242
22842,23.73583333,92.79888889,355.0,30.508958866202807
22843,23.73638889,92.8,375.0,24.286461463040197
22844,23.73555556,92.80027778,362.0,7.825525624597575
22845,23.71972222,92.79777778,215.0,18.456418645243215
22846,23.72222222,92.80138889,203.0,27.33604368814356
22847,23.73111111,92.84944444,792.0,29.54940859650111
22848,23.73305556,92.84777778,765.0,46.42958537828381
22849,23.76083333,92.8475,789.0,28.987578250072634
22850,23.86972222,92.87611111,971.0,26.360054096082706
22851,23.80750556,92.83417222,558.0,34.35403406736099
22852,23.47694444,92.857846,1053.0,17.224372940700082
22853,23.471041,92.85503,1076.0,31.244175851188185
22854,23.465558,92.855991,1072.0,15.922779458176539
22855,23.463164,92.854672,1060.0,21.135527342306382
22856,23.31259,92.856415,1000.0,37.07903201684691
22857,23.288812,92.864763,898.0,32.401162502089626
22858,23.281264,92.869279,982.0,38.39064026848265
22859,23.379441,92.844081,930.0,17.01197993242201
22860,23.38151,92.844938,928.0,16.72355800648402
22861,23.382175,92.843876,936.0,23.195068590140778
22862,23.382772,92.845187,928.0,26.008181915695513
22863,23.381533,92.854115,863.0,23.11642191920837
22864,23.387941,92.842291,964.0,25.809367457705076
22865,23.237077,92.910043,670.0,10.555380466061171
22866,23.126631,93.064946,1382.0,24.74862531519583
22867,23.665375,92.96162,1094.0,8.582483688827132
22868,23.683824,92.963188,1120.0,10.555380466061171
22869,23.696577,92.967198,1115.0,26.334247846853142
22870,23.73044444,92.75108333,969.0,18.19662752273151
22871,23.73019444,92.75141667,960.0,11.461836902818336
22872,23.74111111,92.71083333,823.0,22.40687120493745
22873,23.74194444,92.71027778,784.0,15.042369244334246
22874,23.73041667,92.75552778,916.0,28.49679392207442
22875,23.73041667,92.75552778,916.0,28.49679392207442
22876,23.70825,92.71769444,1037.0,30.895350180310494
22877,23.68352778,92.71338889,1005.0,20.212632236452095
22878,23.4745,93.28916667,1234.0,31.698105479809307
22879,24.34966667,92.75888889,62.0,15.922779458176539
22880,24.33805556,92.73386111,181.0,28.485468456722128
22881,24.33836111,92.73377778,177.0,30.246255653454714
22882,24.30905556,92.70394444,508.0,34.41738871044157
22883,24.24461111,92.69075,423.0,36.26089278326507
22884,24.26297222,92.69216667,521.0,45.142527402683065
22885,24.2625,92.69166667,480.0,31.670097621922785
22886,24.26411111,92.69188889,510.0,43.930769862879664
22887,24.26558333,92.69169444,516.0,40.14006614878386
22888,24.36911111,92.72822222,243.0,24.475819581509896
22889,24.37077778,92.71769444,185.0,25.688903331931808
22890,24.37402778,92.71846944,217.0,26.126317264569018
22891,24.51622222,92.77669444,148.0,24.475819581509896
22892,24.50772222,92.76961111,213.0,26.93019100092878
22893,24.36611111,92.71872222,132.0,15.288517970232027
22894,24.21091667,92.67888889,697.0,30.378128880975513
22895,24.16647222,92.69555556,725.0,17.083143246452856
22896,24.00419444,92.67780556,604.0,38.37211908620569
22897,23.97272222,92.68366667,344.0,24.932657538079724
22898,23.98997222,92.68061111,489.0,18.94158858012096
22899,23.99025,92.68066667,494.0,24.094842552110705
22900,23.74,92.71416667,986.0,36.978179819786355
22901,23.72322222,92.70183333,920.0,32.401162502089626
22902,23.72327778,92.70222222,928.0,37.08573289536603
22903,23.75969444,92.73241667,1190.0,26.628589703310887
22904,23.75888889,92.73336111,1217.0,27.432940772267944
22905,23.75861111,92.73261111,1169.0,27.33604368814356
22906,23.76494444,92.73427778,1165.0,34.37782091784768
22907,22.91452778,92.89333333,583.0,21.242603631151898
22908,23.40041667,92.75269444,1195.0,21.6115960987222
22909,23.40169444,92.75025,1200.0,23.195068590140778
22910,23.43936111,92.76144444,1498.0,38.954229164888794
22911,23.65669444,92.72694444,849.0,10.999158271052183
22912,23.72786111,92.73955556,746.0,25.675463214971884
22913,23.72713889,92.7405,752.0,31.434832006995155
22914,23.77022222,92.76,1129.0,33.69006752597979
22915,23.77166667,92.7605,1138.0,27.17735741799749
22916,23.77161111,92.75913889,1056.0,25.016893478100023
22917,23.65530556,92.7025,912.0,22.373844274024943
22918,23.65538889,92.71161111,826.0,50.64573905760707
22919,23.70827778,92.71711111,1024.0,41.09162949850341
22920,23.73241667,92.71480556,999.0,21.55942138371082
22921,23.73053889,92.716019,1040.0,28.82189836411544
22922,23.73055556,92.71527778,991.0,17.93200256558677
22923,23.75286,92.73307,1047.0,38.90056504199712
22924,23.75005,92.7355,1036.0,40.84079665857319
22925,23.93395,92.65928,201.0,23.444146119861458
22926,23.829501,92.736459,1263.0,28.084099366691156
22927,23.828321,92.73701,1242.0,36.0407347065913
22928,23.8665,92.74215,1426.0,39.6583469636901
22929,23.84421,92.74158,1294.0,35.113638216485604
22930,23.71951,92.72357,937.0,19.610609129170935
22931,23.71873,92.72298,967.0,27.62503917921715
22932,23.71824,92.72272,975.0,20.097992628721148
22933,23.74256944,92.73774444,911.0,32.98940559251087
22934,23.88147222,92.84263889,432.0,34.017325088918376
22935,23.88355556,92.84952778,491.0,26.628589703310887
22936,23.93202778,92.87436111,486.0,34.846405699136405
22937,23.89247222,92.85047222,573.0,33.573963453775406
22938,23.88386111,92.87505556,823.0,35.23435131905115
22939,23.87925,92.87127778,787.0,39.607057362378036
22940,23.88113889,92.87755556,928.0,18.87922133905067
22941,23.73541667,92.81222222,370.0,34.907876215342675
22942,23.732,92.75963889,845.0,32.98940559251087
22943,23.73488889,92.75177778,912.0,26.61590170730996
22944,23.73611111,92.75130556,902.0,31.51991437453672
22945,23.67058333,92.72530556,862.0,35.74485877621931
22946,23.66461111,92.72383333,831.0,39.52119635864218
22947,23.64702778,92.72583333,804.0,18.541977963997237
22948,23.59944444,92.72019444,762.0,22.423358559286118
22949,23.51980556,92.70066667,773.0,33.26309702272514
22950,24.02027778,92.92861111,1073.0,19.689673297252913
22951,24.02833333,92.89138889,1181.0,22.684823831912844
22952,24.26311111,92.96041667,789.0,14.273571375658685
22953,24.27138889,92.96,776.0,21.04572088407583
22954,24.52611111,92.93694444,72.0,4.857533338413092
22955,24.36527778,92.93,581.0,34.37782091784768
22956,24.36555556,92.93,592.0,29.63417437185607
22957,24.28361111,92.9125,768.0,5.128711509483252
22958,24.22416667,92.97638889,672.0,7.6530487205434135
22959,24.22472222,92.9775,663.0,11.976725812374069
22960,24.22527778,92.97777778,668.0,9.368915578454837
22961,24.22972222,92.99333333,750.0,9.508656426564368
22962,24.31925,92.99080556,775.0,8.104435709194412
22963,24.31991667,92.99033333,767.0,10.21937711459359
22964,24.2005,92.94105556,703.0,5.710593137499643
22965,24.19963889,92.94088889,703.0,3.016961309815993
22966,24.19388889,92.94455556,536.0,34.37782091784768
22967,24.19116667,92.94330556,533.0,32.91160083273797
22968,24.18252778,92.94991667,449.0,22.290970374758974
22969,24.18372222,92.94961111,456.0,24.242444512172103
22970,24.18561111,92.94536111,452.0,14.592550602033427
22971,24.15402778,92.94444444,501.0,30.508958866202807
22972,24.23847222,92.95591667,669.0,23.195068590140778
22973,24.23777778,92.95583333,664.0,21.260377126997213
22974,24.23738889,92.95508333,658.0,12.225122675735753
22975,24.23775,92.95447222,636.0,16.453666886955713
22976,24.22166667,93.00305556,377.0,17.842681707487124
22977,24.20083333,92.985,244.0,25.156319133694215
22978,24.14083333,92.92527778,657.0,11.348119585994183
22979,24.19533333,92.99544444,160.0,33.56563872420532
22980,24.07805556,92.91155556,846.0,19.787913812706314
22981,24.02555556,92.91944444,1018.0,29.802413569555988
22982,23.90527778,92.92083333,1045.0,30.337664384844906
22983,23.90222222,92.91888889,1070.0,6.091478002079769
22984,23.8975,92.92,1090.0,32.74612665551688
22985,23.89027778,92.91944444,996.0,20.097992628721148
22986,23.89083333,92.92055556,1045.0,20.307500221928045
22987,23.88833333,93.08638889,577.0,24.8479801794304
22988,23.88666667,92.91861111,1048.0,24.16881343581011
22989,23.86694444,92.91444444,1026.0,38.32262251890178
22990,23.85527778,92.90472222,1093.0,21.135527342306382
22991,23.85972222,92.89694444,1052.0,19.451200005616776
22992,23.86277778,92.8825,992.0,33.927980154144706
22993,23.86472222,92.88194444,945.0,32.667159071642764
22994,23.86638889,92.88138889,939.0,30.528995003825997
22995,23.87694444,92.87694444,898.0,30.588958163975438
22996,23.88194444,92.88166667,874.0,26.93019100092878
22997,23.36852778,92.76575,1127.0,30.266612409654883
22998,23.36852778,92.76538889,1136.0,36.944420390334
22999,23.37533333,92.75472222,1242.0,41.24632815095766
23000,23.35655556,92.76958333,959.0,47.32099145833476
23001,23.35516667,92.76991667,968.0,26.008181915695513
23002,23.33022222,92.78886111,661.0,17.93200256558677
23003,23.39813889,92.7485,1302.0,17.083143246452856
23004,23.41277778,92.73077778,1165.0,14.506372352544124
23005,23.38519444,92.752,1342.0,26.217612768234883
23006,23.65675,92.70352778,899.0,18.64821573021375
23007,23.65416667,92.70222222,919.0,12.260147486012336
23008,23.65955556,92.67111111,1018.0,9.321835749415003
23009,23.66030556,92.67244444,1016.0,12.225122675735754
23010,23.57166667,92.71083333,871.0,32.24850128082579
23011,23.58388889,92.71722222,976.0,6.0172848640320336
23012,23.58591667,92.71777778,960.0,20.001783914715944
23013,23.55944444,92.70833333,763.0,16.428860704621638
23014,23.54380556,92.70136111,777.0,25.239401820678914
23015,23.54027778,92.70138889,883.0,31.576393336997814
23016,23.53986111,92.70063889,843.0,21.31357434104547
23017,23.535,92.69694444,819.0,35.80301842021218
23018,23.53333333,92.69722222,821.0,36.62354905164433
23019,23.52972222,92.69611111,803.0,30.266612409654883
23020,23.49991667,92.70136111,901.0,24.359555875506427
23021,23.5,92.70111111,885.0,25.14243049054343
23022,23.47405556,92.71008333,1018.0,31.434832006995155
23023,23.78138889,92.67638889,441.0,39.00770983983683
23024,23.93194444,92.65222222,214.0,31.002719133873992
23025,23.93027778,92.6525,194.0,15.922779458176539
23026,23.05805556,92.67583333,706.0,3.931095784160226
23027,23.0475,92.67166667,392.0,25.809367457705076
23028,23.05222222,92.67027778,430.0,15.179705807856672
23029,23.03833333,92.67055556,388.0,19.51118046928032
23030,23.03016667,92.67336111,307.0,36.43626970061044
23031,23.02280556,92.67255556,350.0,18.541977963997237
23032,23.00638889,92.67691667,402.0,30.508958866202807
23033,23.32522222,92.70047222,371.0,20.155422119735228
23034,23.97411111,92.71730556,540.0,18.87922133905067
23035,23.97361111,92.7225,711.0,8.47871314708616
23036,23.91916667,92.7375,886.0,30.68841605381868
23037,23.91777778,92.73805556,908.0,57.379184413595866
23038,23.89638889,92.73638889,1081.0,54.08967008896894
23039,23.00461111,92.67744444,444.0,17.752790161946685
23040,23.00011111,92.67905556,529.0,5.128711509483252
23041,23.99777778,92.68166667,544.0,28.280269845499703
23042,23.99333333,92.68055556,520.0,26.967504073598892
23043,23.98472222,92.68138889,454.0,17.01197993242201
23044,23.98388889,92.68305556,436.0,20.07880037349212
23045,23.97222222,92.68333333,351.0,26.967504073598892
23046,23.97083333,92.6825,320.0,25.8493248967401
23047,23.94722222,92.68527778,283.0,9.73677691573277
23048,23.94138889,92.68305556,257.0,13.824682316158707
23049,23.94722222,92.68277778,341.0,33.854514812620515
23050,23.94,92.68277778,258.0,12.04828213833979
23051,23.93916667,92.68,268.0,32.9548711795407
23052,23.93583333,92.67805556,273.0,48.48380640781625
23053,23.935,92.67777778,241.0,39.76607121224395
23054,23.93388889,92.67555556,222.0,36.733505603395045
23055,23.93361111,92.67388889,213.0,21.83567219571615
23056,23.93333333,92.67305556,207.0,30.103052462896233
23057,23.93444444,92.66416667,158.0,17.775317038209
23058,23.93055556,92.65638889,122.0,15.81919394750014
23059,23.95055556,92.785,934.0,29.88589573021274
23060,24.00972222,92.76555556,729.0,23.021526638116164
23061,24.06638889,92.78194444,971.0,23.195068590140778
23062,24.06916667,92.78638889,996.0,35.88986674043215
23063,24.0775,92.79055556,943.0,33.56563872420533
23064,24.08222222,92.79305556,922.0,12.772578169490426
23065,24.10027778,92.79583333,822.0,28.91046765839842
23066,24.0525,92.66833333,712.0,27.372447043216635
23067,24.05138889,92.66833333,708.0,33.89536963300801
23068,24.04777778,92.66777778,668.0,25.239401820678914
23069,24.05361111,92.66555556,607.0,13.262676008304846
23070,24.05722222,92.66583333,516.0,34.846405699136405
23071,24.06111111,92.59972222,81.0,10.176527410054078
23072,24.06194444,92.59444444,51.0,11.348119585994183
23073,24.06333333,92.59277778,55.0,13.515781057664528
23074,23.63472222,92.855,1036.0,22.61986494804043
23075,23.69472222,92.85916667,906.0,28.118887671283172
23076,24.18055556,92.69555556,713.0,36.317221955587435
23077,24.24472222,92.69111111,426.0,40.70850426789114
23078,24.24722222,92.69333333,400.0,22.22435314380804
23079,24.26944444,92.69222222,531.0,28.987578250072634
23080,24.19111111,92.60222222,183.0,33.2376314445189
23081,24.17555556,92.57222222,68.0,13.915808695897175
23082,24.17638889,92.57333333,70.0,20.07880037349212
23083,23.72055556,92.80055556,176.0,21.242603631151898
23084,23.57472222,92.85277778,1072.0,37.038767555809535
23085,23.59194444,92.84972222,1165.0,30.498931686310716
23086,23.59833333,92.85194444,1213.0,7.653048720543413
23087,23.60416667,92.85472222,1151.0,34.472622749576175
23088,23.60861111,92.85055556,1123.0,25.239401820678914
23089,23.62,92.85055556,1092.0,32.10351627298505
23090,23.62055556,92.85083333,1090.0,31.46324153737256
23091,23.63472222,92.85527778,1044.0,18.87922133905067
23092,23.64222222,92.855,1013.0,13.069151942759
23093,23.65583333,92.86111111,975.0,27.33604368814356
23094,23.73722222,92.7425,874.0,25.955401413885546
23095,23.73305556,92.75,951.0,39.35384148704364
23096,23.73222222,92.75,944.0,44.847999871754865
23097,23.73194444,92.75,923.0,47.93421354598134
23098,23.74083333,92.74111111,953.0,29.63417437185607
23099,23.74916667,92.7375,1017.0,35.86819845525075
23100,23.74972222,92.73888889,1020.0,35.59853666783391
23101,23.75972222,92.73583333,1237.0,40.99804999183514
23102,23.75972222,92.74083333,1038.0,41.00847613866502
23103,23.76972222,92.74472222,1153.0,36.733505603395045
23104,23.76944444,92.73583333,1255.0,34.49623729009093
23105,23.76388889,92.73388889,1203.0,33.89536963300801
23106,23.76055556,92.73194444,1133.0,43.77571318439088
23107,23.71583333,92.72,1081.0,24.094842552110705
23108,23.7413587,92.7075844,901.0,36.62354905164433
23109,23.73888889,92.71472222,1107.0,24.16881343581011
23110,23.73694444,92.715,1066.0,44.020464452782285
23111,23.73722222,92.71972222,948.0,15.896959679954522
23112,22.74694444,92.69583333,153.0,7.825525624597575
23113,23.75138889,92.69583333,769.0,31.576393336997814
23114,23.75083333,92.69527778,766.0,28.037600489728426
23115,23.74916667,92.69416667,802.0,38.04757894764742
23116,23.74055556,92.71222222,872.0,19.310287408745566
23117,23.74194444,92.71305556,902.0,23.750100573474086
23118,23.74388889,92.71222222,824.0,29.118936488427924
23119,23.74722222,92.71805556,966.0,37.11250830386473
23120,23.76583333,92.71527778,556.0,23.628423517864423
23121,23.69277778,92.72055556,978.0,40.35910045666124
23122,23.69305556,92.72111111,954.0,34.730518200788445
23123,23.69361111,92.72083333,966.0,31.993934384330498
23124,23.71111111,92.72861111,785.0,35.59853666783391
23125,23.6975,92.72527778,744.0,16.051123667414398
23126,23.70444444,92.76333333,893.0,46.306772594617875
23127,23.72722222,92.75944444,961.0,26.008181915695513
23128,23.7275,92.75777778,887.0,19.310287408745566
23129,23.69777778,92.71944444,984.0,37.35807189461179
23130,23.69972222,92.7175,998.0,32.35640884426763
23131,23.69333333,92.76694444,1010.0,37.23908117204727
23132,23.70972222,92.72222222,918.0,33.16099672886019
23133,23.69944444,92.71972222,1070.0,12.772578169490426
23134,23.70888889,92.75083333,622.0,33.02386755579665
23135,23.68916667,92.72055556,1063.0,20.155422119735228
23136,23.67805556,92.76361111,742.0,41.46029301668304
23137,23.70277778,92.72083333,899.0,38.32262251890178
23138,23.7025,92.72138889,875.0,33.590600231227405
23139,23.69805556,92.72277778,858.0,31.012445448807313
23140,23.69361111,92.7225,869.0,36.89703704231115
23141,23.67972222,92.72333333,892.0,37.038767555809535
23142,23.67305556,92.72333333,908.0,43.64086172944834
23143,23.67555556,92.7225,770.0,25.03089023333195
23144,23.67666667,92.73138889,540.0,31.77256152831432
23145,23.66416667,92.72055556,1046.0,50.73204169763113
23146,23.66055556,92.72527778,888.0,24.8479801794304
23147,23.66,92.72638889,891.0,21.938008256074177
23148,23.65527778,92.72694444,811.0,22.668609279892422
23149,23.65138889,92.72694444,789.0,10.046788047511114
23150,23.64555556,92.72444444,805.0,31.119058788415003
23151,23.64666667,92.71916667,560.0,17.03574212804197
23152,23.64444444,92.72527778,816.0,24.8479801794304
23153,23.64166667,92.72416667,829.0,21.611596098722195
23154,23.64083333,92.72472222,827.0,23.765245108071557
23155,23.6375,92.72277778,843.0,39.28988834691393
23156,23.64222222,92.7275,856.0,28.987578250072634
23157,23.64222222,92.72805556,842.0,28.037600489728426
23158,23.64166667,92.71833333,559.0,18.96231828867539
23159,23.63611111,92.72333333,860.0,24.904481044556743
23160,23.62611111,92.72638889,785.0,22.140679470491683
23161,23.6325,92.72388889,807.0,32.91160083273797
23162,23.62972222,92.72666667,748.0,38.72034490930262
23163,23.62972222,92.72555556,771.0,28.222814437179903
23164,23.67416667,92.72055556,915.0,43.179189022177525
23165,23.66166667,92.72416667,859.0,37.14591448999934
23166,23.66,92.72805556,859.0,23.750100573474086
23167,23.61611111,92.71722222,887.0,22.373844274024943
23168,23.61027778,92.70527778,636.0,25.809367457705076
23169,23.615,92.7175,898.0,10.759583898850556
23170,23.61861111,92.72611111,793.0,28.280269845499703
23171,23.60555556,92.725,906.0,21.971970836813973
23172,23.58694444,92.8175,633.0,4.262693045214654
23173,23.59194444,92.82833333,593.0,35.74485877621931
23174,23.59444444,92.82861111,615.0,30.25643716352927
23175,23.60083333,92.83027778,742.0,36.699225200489884
23176,23.59861111,92.8225,342.0,27.33604368814356
23177,23.59194444,92.75055556,701.0,26.113233272206745
23178,23.595,92.81611111,622.0,24.74862531519583
23179,23.59638889,92.81583333,603.0,36.36634852599243
23180,23.5975,92.81388889,568.0,32.490306531189724
23181,23.59722222,92.81194444,667.0,29.195082782485805
23182,23.60111111,92.81305556,565.0,14.302914425322811
23183,23.60277778,92.81444444,536.0,15.042369244334244
23184,23.60861111,92.80972222,498.0,27.55326483492445
23185,23.6088,92.80972222,510.0,25.526884054256257
23186,23.60861111,92.8096,498.0,27.55326483492445
23187,23.60888889,92.8075,457.0,20.07880037349212
23188,23.60972222,92.80916667,536.0,23.273326481355983
23189,23.61361111,92.80777778,549.0,26.91773442777563
23190,23.61138889,92.80722222,411.0,30.418494611596426
23191,23.61,92.80722222,432.0,36.28203936315455
23192,23.61222222,92.80527778,450.0,23.069045509039658
23193,23.61138889,92.80333333,451.0,31.670097621922785
23194,23.60944444,92.80444444,357.0,23.021526638116164
23195,23.60972222,92.80027778,427.0,24.8479801794304
23196,23.60972222,92.79972222,397.0,38.97802093380687
23197,23.61222222,92.79944444,392.0,29.020515817031367
23198,23.61222222,92.79944444,392.0,29.020515817031367
23199,23.6125,92.80027778,413.0,13.915808695897175
23200,23.61277778,92.80083333,424.0,15.042369244334244
23201,23.61361111,92.8,399.0,19.74869565807571
23202,23.61388889,92.80083333,411.0,28.799681652550277
23203,23.61472222,92.80111111,395.0,24.12447190179544
23204,23.61555556,92.79972222,365.0,33.16099672886019
23205,23.61694444,92.80027778,452.0,31.744679866591962
23206,23.61611111,92.79944444,396.0,32.490306531189724
23207,23.61611111,92.79777778,397.0,25.14243049054343
23208,23.61472222,92.79583333,380.0,37.4041069193059
23209,23.615,92.79222222,331.0,31.12871688801731
23210,23.61583333,92.79111111,329.0,34.162480159648744
23211,23.61861111,92.79,314.0,11.904688112848122
23212,23.61972222,92.78916667,269.0,20.846265656650555
23213,23.62194444,92.78972222,266.0,17.594079543115168
23214,23.62333333,92.78888889,229.0,23.021526638116164
23215,23.62361111,92.78888889,235.0,27.33604368814356
23216,23.62527778,92.78638889,204.0,6.853224835121291
23217,23.60638889,92.7775,376.0,12.225122675735754
23218,23.60666667,92.76861111,431.0,28.25731168850377
23219,23.6025,92.76527778,488.0,15.179705807856672
23220,23.60138889,92.76472222,498.0,11.648634944412734
23221,23.60027778,92.75888889,551.0,30.205466819616653
23222,23.60111111,92.75888889,569.0,35.86819845525075
23223,23.60972222,92.75611111,663.0,16.601549599020238
23224,23.61,92.75055556,728.0,33.927980154144706
23225,23.60805556,92.74083333,808.0,20.532771786488425
23226,23.60472222,92.72055556,794.0,27.909048110686054
23227,23.60138889,92.71888889,811.0,30.895350180310494
23228,23.60111111,92.7225,699.0,32.06706985148497
23229,23.59527778,92.71722222,743.0,23.195068590140778
23230,23.59055556,92.71611111,774.0,33.64040940514667
23231,23.59027778,92.71583333,788.0,34.75376186272035
23232,23.58777778,92.71277778,802.0,21.869859308909426
23233,23.58638889,92.71388889,801.0,32.10351627298505
23234,23.58388889,92.71166667,812.0,23.97577371272972
23235,23.58277778,92.71333333,871.0,33.723089453168576
23236,23.57888889,92.7125,888.0,30.17480904438851
23237,23.58166667,92.71027778,696.0,21.135527342306382
23238,23.58583333,92.7,538.0,28.987578250072634
23239,23.57638889,92.69055556,540.0,39.260731733474245
23240,23.57833333,92.71222222,903.0,11.386165083355712
23241,23.57888889,92.7125,888.0,30.17480904438851
23242,23.57361111,92.71222222,874.0,31.993934384330498
23243,23.57222222,92.71166667,880.0,29.686933196903503
23244,23.57138889,92.71111111,889.0,28.485468456722128
23245,23.57138889,92.70888889,834.0,33.33081260166977
23246,23.57138889,92.70972222,855.0,34.74601766541864
23247,23.57055556,92.70888889,904.0,34.21858270764895
23248,23.57027778,92.70722222,847.0,26.360054096082706
23249,23.55388889,92.70472222,834.0,1.9091524329963763
23250,23.55444444,92.70527778,826.0,6.91817481667161
23251,23.5625,92.70777778,806.0,19.370844026969944
23252,23.56555556,92.7075,834.0,38.54414157288248
23253,23.55,92.70444444,847.0,29.833768779920437
23254,23.53222222,92.735,1001.0,23.490416068641593
23255,23.58611111,92.72944444,610.0,44.0672278572403
23256,23.56583333,92.72666667,789.0,32.35640884426763
23257,23.56361111,92.73277778,595.0,19.787913812706314
23258,23.5575,92.7275,697.0,29.538782259558097
23259,23.55055556,92.74833333,490.0,32.9548711795407
23260,23.54583333,92.71861111,847.0,22.862089144234922
23261,23.54555556,92.72111111,808.0,18.94158858012096
23262,23.54388889,92.72222222,760.0,24.748625315195834
23263,23.54277778,92.72361111,701.0,15.845167180271268
23264,23.53555556,92.72333333,910.0,22.61986494804043
23265,23.53805556,92.71861111,888.0,15.81919394750014
23266,23.53861111,92.71805556,912.0,24.8479801794304
23267,23.53972222,92.71777778,900.0,27.432940772267944
23268,23.54055556,92.71666667,908.0,29.08619467351647
23269,23.54194444,92.7175,839.0,28.987578250072634
23270,23.54055556,92.71638889,906.0,21.938008256074177
23271,23.5425,92.71666667,883.0,28.176705590951745
23272,23.54833333,92.71083333,959.0,23.11642191920837
23273,23.54666667,92.70333333,877.0,35.59118566547325
23274,23.54722222,92.70361111,898.0,20.80971857959822
23275,23.54777778,92.70416667,883.0,25.8493248967401
23276,23.54833333,92.70472222,900.0,26.93019100092878
23277,23.54888889,92.70555556,921.0,26.126317264569018
23278,23.545,92.70333333,858.0,33.764273391292186
23279,23.54027778,92.70138889,883.0,31.576393336997814
23280,23.54027778,92.70111111,870.0,28.553305000609424
23281,23.53888889,92.70055556,872.0,33.764273391292186
23282,23.53805556,92.69944444,857.0,23.81059263950923
23283,23.53694444,92.6975,841.0,33.05825736162379
23284,23.53611111,92.69777778,917.0,35.88986674043215
23285,23.53555556,92.69694444,853.0,45.209341192590244
23286,23.53388889,92.69833333,888.0,35.36163154658333
23287,23.53388889,92.6975,817.0,31.205779114725832
23288,23.5325,92.69694444,820.0,37.638775480074024
23289,23.53027778,92.69666667,832.0,28.002640063185417
23290,23.52861111,92.6975,825.0,39.607057362378036
23291,23.52777778,92.69861111,809.0,27.909048110686058
23292,23.52722222,92.70055556,811.0,36.62354905164433
23293,23.52666667,92.70083333,784.0,29.421439641486938
23294,23.52277778,92.70277778,787.0,17.66231893216494
23295,23.51944444,92.70055556,789.0,26.91773442777563
23296,23.51611111,92.69833333,774.0,20.07880037349212
23297,23.51444444,92.69805556,821.0,37.038767555809535
23298,23.51361111,92.69861111,793.0,34.846405699136405
23299,23.51055556,92.69972222,824.0,33.46541063428238
23300,23.50861111,92.69805556,834.0,31.002719133873985
23301,23.50694444,92.69638889,822.0,38.75655509292031
23302,23.50611111,92.69694444,830.0,27.17735741799749
23303,23.50527778,92.6975,848.0,31.892840502095876
23304,23.66,92.72916667,835.0,13.03657849691309
23305,23.65888889,92.72861111,847.0,25.376933525152303
23306,23.55027778,92.70444444,834.0,31.576393336997814
23307,23.54972222,92.70361111,812.0,17.93200256558677
23308,23.54972222,92.70361111,812.0,17.93200256558677
23309,23.54972222,92.70305556,791.0,27.5172599283964
23310,23.54805556,92.70222222,821.0,28.587119037972805
23311,23.54777778,92.70166667,794.0,38.659808254090095
23312,23.54805556,92.70138889,772.0,31.434832006995155
23313,23.54611111,92.70222222,792.0,22.373844274024943
23314,23.545,92.7025,805.0,26.126317264569018
23315,23.54388889,92.70166667,788.0,23.88588673441924
23316,23.54305556,92.70055556,824.0,38.19194959128782
23317,23.54194444,92.7,800.0,19.787913812706314
23318,23.54138889,92.69944444,765.0,26.842795672040804
23319,23.54111111,92.69444444,606.0,27.33604368814356
23320,23.54083333,92.69944444,753.0,35.264389682754654
23321,23.53972222,92.69944444,783.0,34.37782091784768
23322,23.53777778,92.69833333,826.0,30.133843411422752
23323,23.53805556,92.69388889,716.0,24.475819581509896
23324,23.54361111,92.67722222,656.0,29.85463927845754
23325,23.53944444,92.685,525.0,29.506862217331054
23326,23.53611111,92.68444444,488.0,23.567234622032583
23327,23.54277778,92.67638889,665.0,16.527811501531776
23328,23.5425,92.67666667,656.0,10.759583898850556
23329,23.5425,92.67694444,648.0,14.302914425322811
23330,23.54194444,92.67638889,636.0,38.129341871494454
23331,23.54277778,92.67472222,628.0,36.00494166156304
23332,23.54305556,92.66638889,564.0,29.49620849656644
23333,23.54333333,92.66472222,672.0,27.62503917921715
23334,23.54166667,92.66472222,701.0,20.607120971804857
23335,23.54166667,92.66555556,678.0,26.628589703310887
23336,23.53944444,92.66527778,599.0,21.31357434104547
23337,23.53916667,92.66444444,589.0,15.845167180271268
23338,23.53888889,92.6625,626.0,19.12710170142385
23339,23.53805556,92.66305556,583.0,23.195068590140778
23340,23.53805556,92.6625,583.0,28.25731168850377
23341,23.53805556,92.66166667,568.0,32.772365143142935
23342,23.53861111,92.65916667,547.0,17.842681707487124
23343,23.53888889,92.65888889,545.0,17.01197993242201
23344,23.5325,92.65555556,463.0,23.273326481355983
23345,23.53944444,92.65888889,552.0,14.763132623631552
23346,23.53611111,92.65527778,494.0,24.242444512172106
23347,23.5275,92.65472222,407.0,31.51991437453672
23348,23.52694444,92.65444444,397.0,24.8479801794304
23349,23.52555556,92.65333333,377.0,30.103052462896233
23350,23.52583333,92.63861111,229.0,24.591248866909307
23351,23.45083333,92.6825,903.0,19.310287408745566
23352,23.45111111,92.68166667,908.0,28.987578250072634
23353,23.45027778,92.6825,883.0,18.19662752273151
23354,23.45,92.68166667,872.0,18.520635899770767
23355,23.45055556,92.68138889,880.0,18.77467605427877
23356,23.45138889,92.68083333,886.0,25.5133092609215
23357,23.45138889,92.68,894.0,25.14243049054343
23358,23.45083333,92.67944444,854.0,32.9548711795407
23359,23.45194444,92.66944444,708.0,33.83814426542724
23360,23.44805556,92.68333333,874.0,17.66231893216494
23361,23.44583333,92.68444444,847.0,16.723558006484023
23362,23.44333333,92.68527778,837.0,25.363232718381973
23363,23.43722222,92.70333333,787.0,44.32385680419135
23364,23.42722222,92.71194444,873.0,39.79429568756374
23365,23.42722222,92.71277778,940.0,37.45655576127969
23366,23.4275,92.71416667,930.0,35.36163154658333
23367,23.41694444,92.71805556,1095.0,23.397741000263863
23368,23.41638889,92.72027778,1088.0,31.993934384330498
23369,23.41361111,92.72361111,1132.0,26.767512858834905
23370,23.415,92.7375,1090.0,19.630414815023528
23371,23.43416667,92.75222222,1082.0,43.65396627844831
23372,23.41333333,92.73972222,1129.0,29.63417437185607
23373,23.41,92.74944444,1224.0,30.205466819616653
23374,23.32361111,92.78944444,620.0,32.10351627298505
23375,23.32944444,92.78861111,695.0,36.59594159662962
23376,23.33194444,92.78916667,654.0,24.38870074689113
23377,23.33277778,92.78722222,646.0,24.691575152551952
23378,23.33611111,92.78388889,718.0,25.809367457705076
23379,23.33361111,92.78194444,693.0,36.317221955587435
23380,23.33472222,92.78083333,720.0,35.121209164599065
23381,23.34055556,92.77722222,766.0,35.59853666783391
23382,23.34111111,92.77666667,744.0,29.58124669955053
23383,23.34277778,92.77805556,823.0,26.61590170730996
23384,23.34333333,92.7775,783.0,30.80698111710518
23385,23.35333333,92.78138889,943.0,28.222814437179903
23386,23.35416667,92.77027778,941.0,40.72974809403222
23387,23.355,92.76972222,950.0,40.34278056721629
23388,23.37972222,92.75166667,1273.0,30.347789794448904
23389,23.37222222,92.755,1209.0,33.490525189983416
23390,23.37194444,92.75527778,1209.0,32.754877470959904
23391,23.37083333,92.75861111,1202.0,22.489134862284537
23392,23.37083333,92.75833333,1192.0,29.51750907883067
23393,23.36805556,92.76138889,1140.0,39.52119635864217
23394,23.36805556,92.76638889,1096.0,42.73982112121029
23395,23.36138889,92.77083333,1041.0,38.229395338185824
23396,23.35694444,92.77027778,1024.0,21.31357434104547
23397,23.35638889,92.77027778,1016.0,24.38870074689113
23398,23.3725,92.75861111,1282.0,9.321835749415003
23399,23.37083333,92.77333333,1380.0,28.084099366691156
23400,23.37361111,92.77611111,1360.0,36.62354905164433
23401,23.39166667,92.75527778,1310.0,32.754877470959904
23402,23.39194444,92.75611111,1310.0,39.99043879615859
23403,23.39333333,92.75805556,1296.0,27.791305644779218
23404,23.39722222,92.75722222,1253.0,25.915703593185818
23405,23.40222222,92.75,1215.0,26.113233272206745
23406,23.41888889,92.76777778,1165.0,18.305448954250746
23407,23.41777778,92.76944444,1187.0,20.439317573258247
23408,23.41805556,92.77111111,1245.0,19.610609129170935
23409,23.41888889,92.77333333,1263.0,40.16211026482196
23410,23.43194444,92.76083333,1460.0,24.38870074689113
23411,23.43388889,92.76111111,1534.0,29.63417437185607
23412,23.42472222,92.74472222,763.0,15.288517970232027
23413,23.43611111,92.76111111,1511.0,26.43722935718126
23414,23.44138889,92.77888889,1331.0,25.88918455713453
23415,23.44444444,92.79027778,1175.0,34.999648077881965
23416,23.4675,92.74083333,1307.0,44.028978068920836
23417,23.46722222,92.74083333,1304.0,50.033076259548636
23418,23.46916667,92.72083333,1120.0,26.360054096082706
23419,23.46972222,92.71861111,1081.0,36.26089278326507
23420,23.48555556,92.70305556,979.0,9.73677691573277
23421,23.49083333,92.70555556,1007.0,54.41999878286214
23422,23.49055556,92.70583333,1053.0,27.17735741799749
23423,23.49333333,92.70666667,1076.0,12.04828213833979
23424,23.49444444,92.70416667,900.0,32.772365143142935
23425,23.49527778,92.70472222,930.0,42.62791606190241
23426,23.49666667,92.70416667,924.0,41.09162949850341
23427,23.49861111,92.70388889,951.0,36.1972856606515
23428,23.49888889,92.7025,917.0,23.3822424378352
23429,23.49933333,92.70225,928.0,8.159014354942736
23430,23.66194444,92.85416667,834.0,14.959246786437891
23431,23.68277778,92.8575,946.0,34.369895822693806
23432,23.68305556,92.8575,960.0,26.360054096082706
23433,23.715,92.85472222,816.0,35.63524161504921
23434,23.685,92.85722222,950.0,20.991582376941242
23435,23.71388889,92.85722222,840.0,35.03012380867594
23436,23.68638889,92.85833333,927.0,23.069045509039658
23437,23.69305556,92.86055556,907.0,17.775317038209
23438,23.69472222,92.85972222,937.0,22.22435314380804
23439,23.71416667,92.85805556,879.0,28.587119037972805
23440,23.71416667,92.8575,865.0,32.401162502089626
23441,23.71666667,92.85583333,882.0,17.5484006137923
23442,23.72722222,92.85472222,805.0,34.60598807399335
23443,23.72972222,92.85305556,767.0,33.02386755579665
23444,23.73027778,92.85333333,801.0,24.591248866909307
23445,23.72888889,92.85388889,795.0,22.090258704050036
23446,23.73111111,92.84638889,698.0,25.34952033151192
23447,23.73361111,92.84305556,676.0,36.76087717499856
23448,23.73555556,92.83583333,617.0,29.686933196903503
23449,23.73388889,92.76527778,878.0,34.162480159648744
23450,23.73472222,92.83055556,584.0,34.99964807788197
23451,23.73305556,92.82527778,524.0,27.990970091758022
23452,23.73361111,92.82388889,493.0,26.217612768234883
23453,23.735,92.82194444,441.0,23.273326481355983
23454,23.73777778,92.825,470.0,24.242444512172106
23455,23.73944444,92.82638889,428.0,15.922779458176539
23456,23.75527778,92.82777778,308.0,32.10351627298505
23457,23.74055556,92.81388889,425.0,26.113233272206745
23458,23.73944444,92.81333333,438.0,21.83567219571615
23459,23.73833333,92.81333333,391.0,32.06706985148497
23460,23.73694444,92.81361111,407.0,36.83590849508688
23461,23.73472222,92.81333333,428.0,31.060991342684076
23462,23.73305556,92.80972222,355.0,36.232654007001685
23463,23.73333333,92.80888889,344.0,32.38327563166962
23464,23.72916667,92.75888889,978.0,19.689673297252913
23465,23.73,92.75833333,910.0,35.67917778351085
23466,23.73055556,92.75916667,920.0,39.85620904397488
23467,23.73,92.75861111,926.0,44.616941502248935
23468,23.73055556,92.75861111,893.0,33.490525189983416
23469,23.73361111,92.76444444,845.0,44.43187429640961
23470,23.72916667,92.76583333,754.0,31.50104503484435
23471,23.72805556,92.76583333,749.0,23.490416068641593
23472,23.73027778,92.76861111,728.0,33.690067525979785
23473,23.73222222,92.76555556,892.0,37.86364636173037
23474,23.7275,92.77,736.0,28.553305000609424
23475,23.73055556,92.77888889,673.0,37.927313249696354
23476,23.73794444,92.78613889,546.0,44.096908348432954
23477,23.7375,92.78805556,569.0,25.809367457705076
23478,23.73416667,92.78861111,495.0,25.809367457705076
23479,23.7375,92.79277778,442.0,15.99993592924168
23480,23.73388889,92.79388889,320.0,18.434948822922014
23481,23.72222222,92.79861111,215.0,26.113233272206745
23482,23.72138889,92.79944444,209.0,15.845167180271268
23483,23.72138889,92.85777778,792.0,34.46474362464782
23484,23.72083333,92.86472222,826.0,34.218582707648956
23485,23.71194444,92.86888889,686.0,34.090063875331914
23486,23.71805556,92.86638889,821.0,52.19475888731709
23487,23.71166667,92.87833333,612.0,27.565248984490395
23488,23.71111111,92.87861111,592.0,35.59118566547325
23489,23.70333333,92.87638889,566.0,1.3502244696996157
23490,23.70277778,92.8775,554.0,28.485468456722128
23491,23.70055556,92.87555556,464.0,24.15404655313558
23492,23.69916667,92.87277778,565.0,14.302914425322811
23493,23.69916667,92.87416667,491.0,33.296989754761654
23494,23.73361111,92.84833333,727.0,23.490416068641593
23495,23.73361111,92.85305556,851.0,43.60147763828204
23496,23.735,92.85666667,770.0,22.090258704050036
23497,23.73666667,92.85611111,766.0,28.49679392207442
23498,23.73583333,92.85194444,711.0,23.88588673441924
23499,23.74416667,92.85555556,833.0,28.176705590951745
23500,23.74361111,92.85416667,823.0,29.85463927845754
23501,23.76111111,92.84777778,790.0,32.54356214739029
23502,23.76166667,92.85083333,808.0,30.528995003825997
23503,23.76527778,92.85,774.0,34.49623729009093
23504,23.76861111,92.85138889,772.0,31.39687644298045
23505,23.77777778,92.8479,678.0,39.260731733474245
23506,23.774,92.848,670.0,32.63194030642942
23507,23.7775,92.84833333,686.0,37.00513608621634
23508,23.77833333,92.84666667,665.0,33.490525189983416
23509,23.77166667,92.84805556,735.0,27.432940772267944
23510,23.70555556,92.84805556,577.0,32.24850128082579
23511,24.24463611,93.423125,1047.0,33.2376314445189
23512,23.77361111,92.84944444,737.0,25.79602649449995
23513,23.815,92.8275,548.0,37.81892671564865
23514,23.81722222,92.82805556,460.0,22.765646640754472
23515,23.82166667,92.83055556,438.0,25.376933525152303
23516,23.82527778,92.8325,400.0,33.05825736162379
23517,23.82638889,92.8325,395.0,39.607057362378036
23518,23.83111111,92.83138889,342.0,30.103052462896233
23519,23.83277778,92.8325,350.0,35.71570019685384
23520,23.83888889,92.83194444,262.0,24.634322367669885
23521,23.84777778,92.83694444,376.0,21.31357434104547
23522,23.85194444,92.83305556,165.0,14.302914425322811
23523,23.86222222,92.83666667,239.0,20.43931757325825
23524,23.87694444,92.84,362.0,33.490525189983416
23525,23.87777778,92.84083333,374.0,44.55551561210556
23526,23.88583333,92.85055556,514.0,30.82665955230447
23527,23.89277778,92.85083333,582.0,28.888369805687372
23528,23.89138889,92.84888889,568.0,24.16881343581011
23529,23.89305556,92.84722222,573.0,21.6115960987222
23530,23.88361111,92.85305556,658.0,30.25643716352927
23531,23.88527778,92.8575,702.0,27.990970091758022
23532,23.76972222,92.76,1166.0,42.59980784178263
23533,24.03503889,93.54139444,1012.0,25.486125594093767
23534,24.05808333,93.49808333,1244.0,9.462322208025618
23535,24.04531667,93.49220278,1340.0,14.302914425322811
23536,24.090025,93.54191667,705.0,19.370844026969944
23537,24.10864167,93.54198333,741.0,4.857533338413092
23538,24.12682222,93.54013889,765.0,23.11642191920837
23539,24.12715278,93.53351389,633.0,16.2287367059342
23540,24.17180556,93.54406667,659.0,27.432940772267944
23541,24.18291667,93.53441944,785.0,27.078936947526696
23542,24.18566111,93.53935278,673.0,24.74862531519583
23543,24.24449722,93.55275833,1018.0,21.419418908984124
23544,24.24755556,93.54809722,1166.0,29.195082782485805
23545,24.28840278,93.58591389,798.0,23.56723462203258
23546,24.29982222,93.59040833,786.0,26.360054096082706
23547,24.30768611,93.58120556,735.0,9.870926939134982
23548,24.30711944,93.59375833,905.0,24.634322367669885
23549,24.33915833,93.66233611,1042.0,17.03574212804197
23550,24.33331944,93.65702778,1097.0,14.24415761739711
23551,24.33300556,93.65357222,1160.0,4.262693045214654
23552,24.3309,93.66054444,1049.0,7.6530487205434135
23553,24.32773611,93.57937222,781.0,23.81059263950923
23554,24.39255556,93.65468611,1561.0,42.24391328764961
23555,24.45131667,93.60013333,729.0,26.577778623734837
23556,24.49112222,93.62215556,1216.0,30.25643716352927
23557,24.48308611,93.58860833,866.0,17.775317038209
23558,24.48458889,93.58781944,817.0,16.723558006484023
23559,24.492825,93.58643611,632.0,13.03657849691309
23560,24.51785556,93.55086944,1019.0,13.915808695897175
23561,24.51698056,93.57191667,772.0,15.845167180271268
23562,24.52308611,93.57206944,758.0,15.179705807856672
23563,24.48338333,93.58848056,862.0,17.01197993242201
23564,24.450125,93.35963889,328.0,6.853224835121291
23565,24.48857222,93.36792222,268.0,11.976725812374069
23566,24.54263333,93.39741944,560.0,43.22871003564824
23567,24.60002222,93.37166389,863.0,15.179705807856672
23568,24.60067222,93.37223056,854.0,21.971970836813973
23569,24.60372222,93.37223056,815.0,30.010334187691758
23570,24.66895556,93.33700556,832.0,32.490306531189724
23571,24.71938056,93.26740556,825.0,27.897311656033175
23572,24.76606111,93.30076667,451.0,23.195068590140778
23573,24.73838889,93.30909722,264.0,27.791305644779218
23574,24.72074444,93.30899167,372.0,8.582483688827132
23575,24.716225,93.32551389,116.0,16.527811501531776
23576,24.70553333,93.33064167,371.0,24.242444512172103
23577,24.60719444,93.46784722,1112.0,22.61986494804043
23578,24.60853333,93.41668333,944.0,25.675463214971884
23579,24.77472778,93.30506111,637.0,12.53638838286113
23580,23.09758333,93.21623333,878.0,31.744679866591962
23581,23.10851389,93.20975,1106.0,21.419418908984124
23582,23.10172778,93.20231944,1175.0,18.19662752273151
23583,23.101925,93.20426111,1121.0,27.432940772267944
23584,23.10184722,93.20138889,1202.0,19.12710170142385
23585,23.1057,93.20275278,1154.0,18.370345512861498
23586,23.109925,93.20970833,1095.0,23.81059263950923
23587,23.09759444,93.21089444,924.0,33.64040940514667
23588,23.09561111,93.20786389,1000.0,22.765646640754472
23589,23.1077,93.19878056,1179.0,16.601549599020238
23590,23.10100556,93.19393611,1048.0,22.61986494804043
23591,23.10074722,93.18785278,978.0,24.242444512172103
23592,23.09954722,93.18600278,913.0,20.43931757325825
23593,23.10354167,93.18202778,959.0,20.607120971804857
23594,23.10299444,93.18323889,974.0,19.451200005616776
23595,23.0983,93.17597222,979.0,18.87922133905067
23596,23.110975,93.21260278,1020.0,29.195082782485805
23597,23.25986389,93.16155278,1215.0,26.360054096082706
23598,23.25828611,93.15288333,1207.0,32.35640884426763
23599,23.26126111,93.15070556,1098.0,16.601549599020238
23600,23.25951944,93.15917222,1252.0,16.723558006484023
23601,23.27598056,93.14351667,663.0,6.91817481667161
23602,23.27663889,93.14375,655.0,9.321835749415003
23603,23.281075,93.144075,653.0,22.373844274024943
23604,23.32829167,93.12184167,869.0,28.632096976803734
23605,23.33529167,93.11214167,1144.0,31.46324153737256
23606,23.41421944,93.10569167,1023.0,26.767512858834905
23607,23.45775278,93.07843611,699.0,23.490416068641593
23608,23.50882222,93.09170278,685.0,25.376933525152303
23609,23.54130278,93.10256944,635.0,6.91817481667161
23610,23.54600556,93.09247222,791.0,23.81059263950923
23611,23.54286944,93.08539722,916.0,23.3822424378352
23612,23.56332778,93.10553333,724.0,25.267001648248186
23613,23.56785,93.10472222,659.0,20.439317573258247
23614,23.56413333,93.11378889,740.0,17.29444852858009
23615,23.56233889,93.11890833,816.0,34.21858270764895
23616,23.56363611,93.12608056,754.0,23.765245108071557
23617,23.56238611,93.12376667,762.0,21.31357434104547
23618,23.56404167,93.10752222,758.0,1.9091524329963763
23619,23.56145278,93.10908889,730.0,19.451200005616776
23620,23.55881111,93.10900556,756.0,7.416536974278209
23621,23.55426111,93.110175,812.0,7.416536974278209
23622,23.5356,93.10656944,687.0,29.08619467351647
23623,23.34297778,93.057775,875.0,26.437229357181263
23624,23.35406111,93.04156111,516.0,11.348119585994183
23625,23.35958611,93.04477222,595.0,30.25643716352927
23626,23.36556111,93.05125278,696.0,22.07341542334565
23627,23.36966389,93.04609444,568.0,38.519681814973914
23628,23.05209722,93.12644167,585.0,22.090258704050036
23629,23.03821667,93.12529444,435.0,31.119058788415003
23630,23.54294167,93.23821667,1546.0,24.16881343581011
23631,24.5503,93.25550278,248.0,17.5484006137923
23632,24.55205833,93.25569167,235.0,5.128711509483252
23633,24.56016389,93.24426944,391.0,12.604382648379184
23634,24.56981667,93.2734,274.0,30.68841605381868
23635,24.58928889,93.31006944,624.0,28.462794189425193
23636,24.58496667,93.31397222,473.0,29.85463927845754
23637,24.599425,93.30004722,520.0,24.38870074689113
23638,24.60921944,93.30050278,720.0,39.09643971967424
23639,24.63960833,93.30401111,752.0,6.721369339369457
23640,24.64528611,93.28593611,570.0,26.880307851328986
23641,24.02205833,93.29369167,1201.0,27.432940772267944
23642,23.01689167,93.283175,885.0,29.927479327463576
23643,24.02782222,93.28944444,816.0,28.280269845499703
23644,24.04014167,93.2915,666.0,20.991582376941242
23645,24.03980278,93.29373889,749.0,25.526884054256257
23646,24.05823611,93.28901944,585.0,28.632096976803734
23647,24.09210556,93.29866667,923.0,16.527811501531776
23648,24.12428889,93.318525,606.0,11.309932474020215
23649,24.16986389,93.33564167,501.0,8.582483688827132
23650,24.19022778,93.35379167,1145.0,35.88986674043215
23651,24.22922222,93.35478333,842.0,17.29444852858009
23652,24.297775,93.34159722,562.0,24.74862531519583
23653,24.31379722,93.33684722,367.0,26.56505117707799
23654,24.35137778,93.34095556,315.0,11.386165083355712
23655,24.37023056,93.34268889,273.0,11.976725812374069
23656,23.6385278,93.13694722,949.0,18.87922133905067
23657,23.631219,93.118033,670.0,8.104435709194412
23658,23.6315833,93.13670278,1212.0,9.368915578454837
23659,23.63703333,93.14361389,1161.0,13.515781057664528
23660,23.62418333,93.14208611,1381.0,26.113233272206745
23661,23.60360833,93.14173056,707.0,10.430760195064721
23662,23.56672222,93.13764444,1140.0,26.360054096082706
23663,24.04014167,93.2915,666.0,20.991582376941242
23664,24.56771111,93.14291667,461.0,9.462322208025618
23665,24.57467222,93.14389722,584.0,25.915703593185818
23666,24.57470833,93.13897222,349.0,30.17480904438851
23667,24.57151389,93.141725,378.0,25.03089023333195
23668,24.56917222,93.14073611,355.0,25.635076100950123
23669,24.5606,93.13071389,464.0,30.747804873668915
23670,24.55987778,93.12541667,334.0,22.684823831912844
23671,24.08927222,93.12408611,983.0,19.689673297252913
23672,24.10641389,93.12339944,973.0,26.321329428286734
23673,24.10710778,93.11535444,1001.0,36.51283284150458
23674,24.10015917,93.10461389,464.0,29.927479327463576
23675,24.11104722,93.10374167,584.0,24.16881343581011
23676,24.10506389,93.09593611,319.0,20.439317573258247
23677,24.10743611,93.09532222,421.0,40.12351235567568
23678,24.10687222,93.08849722,216.0,30.588958163975438
23679,23.24231111,93.17726667,647.0,15.042369244334246
23680,23.24500833,93.17587222,559.0,6.721369339369457
23681,23.24454722,93.17027222,861.0,31.311156133255537
23682,23.20960722,93.13104722,911.0,16.453666886955713
23683,23.21068583,93.1212325,1126.0,18.434948822922014
23684,23.49216111,93.23695,1309.0,25.03089023333195
23685,23.504575,93.23805,1419.0,26.113233272206745
23686,24.15364444,93.02183611,306.0,29.538782259558097
23687,24.15817222,93.02488611,570.0,22.22435314380804
23688,24.23419444,93.02469167,80.0,25.363232718381973
23689,24.32836667,93.00923056,430.0,42.97485685199572
23690,24.34421944,93.03191111,41.0,14.066164922222868
23691,24.40520278,93.06672222,349.0,30.61885839795703
23692,24.4259,93.13580556,524.0,9.870926939134982
23693,24.44347778,93.15817778,65.0,3.4389123953782974
23694,24.42383889,93.14429167,115.0,30.378128880975513
23695,24.44857778,93.15738611,75.0,18.456418645243215
23696,24.44003333,93.16011944,173.0,19.51118046928032
23697,24.44003333,93.16011944,173.0,19.51118046928032
23698,24.56703611,93.23536389,399.0,18.541977963997237
23699,24.65409167,93.204625,134.0,21.80140948635181
23700,24.65018056,93.20256667,230.0,20.155422119735228
23701,24.6273,93.20404444,184.0,13.326469949385988
23702,24.62604722,93.22583889,128.0,4.044691235386269
23703,24.58605,93.21056389,72.0,25.156319133694215
23704,24.577475,93.19105,129.0,12.04828213833979
23705,24.56062778,93.18938889,110.0,14.036243467926479
23706,24.5716,93.17273056,208.0,30.17480904438851
23707,24.56925833,93.177275,184.0,13.326469949385988
23708,24.57296389,93.17700556,301.0,27.505240762859906
23709,24.5768,93.106075,119.0,17.456590925928477
23710,24.526075,93.05379167,107.0,25.5133092609215
23711,24.458325,93.09439167,443.0,16.228736705934203
23712,23.57722222,92.71222222,908.0,4.044691235386269
23713,23.692391,92.723348,794.0,24.359555875506427
23714,23.6868033,92.7251987,856.0,42.05058435733241
23715,23.7002691,92.7181685,1038.0,36.815480279408405
23716,23.74247,92.705587,938.0,34.846405699136405
23717,23.729422,92.716596,1052.0,37.16592466590954
23718,23.717553,92.716826,1028.0,22.61986494804043
23719,23.71577,92.713172,956.0,46.10947465489339
23720,23.730243,92.75603,920.0,17.456590925928477
23721,23.75024,92.736662,1095.0,20.82800310374709
23722,23.758901,92.730863,1068.0,22.668609279892422
23723,23.755925,92.726753,1006.0,41.952978200653284
23724,23.745802,92.717053,919.0,20.43931757325825
23725,23.605091,92.72184,799.0,37.99705220207771
23726,23.581766,92.713413,853.0,34.162480159648744
23727,23.469247,92.744068,1365.0,13.640311227766057
23728,23.410771,92.753123,1132.0,30.856133351956277
23729,23.367366,92.767304,1144.0,50.56149197967409
23730,23.353485,92.780193,884.0,45.0159066580947
23731,23.350187,92.778852,837.0,29.54940859650111
23732,23.341022,92.776761,744.0,29.58124669955053
23733,23.339144,92.786128,682.0,23.397741000263863
23734,23.336229,92.787113,676.0,41.93828247167183
23735,23.313871,92.792739,596.0,18.520635899770767
23736,23.315355,92.790619,617.0,32.53469816945699
23737,23.316491,92.788798,641.0,30.25643716352927
23738,23.239637,92.748175,756.0,11.499465999742787
23739,23.239077,92.745631,756.0,18.96231828867539
23740,23.239137,92.744468,764.0,12.04828213833979
23741,23.239797,92.744214,779.0,12.772578169490426
23742,23.238785,92.744224,771.0,17.29444852858009
23743,23.235716,92.744499,764.0,6.654425046006596
23744,23.214239,92.740856,842.0,16.72355800648402
23745,23.203253,92.735838,708.0,16.453666886955713
23746,23.200475,92.735007,749.0,15.42324502154344
23747,23.195661,92.73562,750.0,22.07341542334565
23748,23.194007,92.734654,778.0,30.010334187691758
23749,23.193468,92.734849,793.0,26.008181915695513
23750,23.183856,92.735346,835.0,17.93200256558677
23751,23.182152,92.734299,748.0,20.43931757325825
23752,23.181806,92.736868,812.0,26.269553396535294
23753,23.18077,92.735789,817.0,29.833768779920437
23754,23.173606,92.739793,787.0,17.93200256558677
23755,23.150939,92.748258,881.0,24.74862531519583
23756,23.140846,92.751229,861.0,34.56687621562631
23757,23.1351,92.748694,921.0,35.63524161504921
23758,23.134009,92.746247,795.0,17.775317038209
23759,23.132082,92.746268,858.0,18.43494882292201
23760,23.114694,92.743931,835.0,33.02386755579665
23761,23.114225,92.746024,802.0,31.244175851188185
23762,23.111824,92.745097,835.0,15.896959679954522
23763,23.015005,92.765065,959.0,25.253207609369632
23764,23.022804,92.755698,852.0,20.846265656650555
23765,22.973735,92.725975,545.0,7.2338446967252255
23766,22.529731,92.896699,852.0,22.684823831912844
23767,22.519716,92.891037,888.0,15.845167180271268
23769,22.404215,92.951647,198.0,31.012445448807313
23771,22.491822,92.970252,967.0,21.419418908984124
23772,22.491,92.97076,984.0,35.02251023762291
23773,22.469737,93.100868,1116.0,10.430760195064721
23774,22.437107,92.946912,344.0,24.475819581509896
23775,22.54735,92.882032,822.0,35.62790729142092
23784,22.866131,92.772713,1098.0,21.611596098722195
23785,22.903567,92.758702,1199.0,36.699225200489884
23786,22.903454,92.760096,1160.0,28.462794189425193
23787,22.904615,92.75705,1159.0,24.805474401698422
23788,22.922528,92.752404,1126.0,15.36952380130432
23789,22.895235,92.747812,1010.0,22.8781056322946
23793,22.967715,92.925677,773.0,20.80971857959822
23794,22.971217,92.925544,728.0,31.215386668546028
23795,22.969582,92.925917,758.0,26.437229357181263
23796,23.077813,92.89844,712.0,20.001783914715944
23797,23.081023,92.897247,749.0,37.410672491183874
23798,23.084343,92.898597,767.0,28.553305000609424
23799,23.170678,92.899334,869.0,4.262693045214654
23800,23.180345,92.900082,791.0,32.34744349944203
23801,23.187383,92.89826,885.0,27.33604368814356
23802,23.187762,92.898034,866.0,31.809663934881115
23803,23.188273,92.898879,827.0,22.290970374758974
23804,23.193401,92.900218,830.0,20.607120971804857
23805,23.198119,92.899566,904.0,14.15548761586253
23808,23.32201,92.85822,1038.0,17.66231893216494
23809,23.322039,92.859147,1006.0,24.634322367669885
23810,23.319156,92.857722,1038.0,19.787913812706314
23811,23.317543,92.858683,1030.0,24.862123938667224
23812,23.318568,92.852294,810.0,12.260147486012336
23813,23.323423,92.860926,989.0,11.348119585994183
23814,23.319412,92.855415,950.0,23.750100573474086
23815,23.319184,92.856725,1024.0,27.432940772267944
23816,23.309286,92.850807,972.0,22.40687120493745
23817,23.10112,92.852784,772.0,18.305448954250746
23818,23.309914,92.853522,969.0,29.421439641486938
23819,23.315273,92.856524,971.0,33.16099672886019
23820,23.311529,92.85443,958.0,33.16099672886019
23821,23.31637,92.854172,895.0,21.045720884075834
23822,23.310074,92.858498,999.0,31.39687644298045
23823,23.309295,92.860017,997.0,18.64821573021375
23824,23.308629,92.860039,993.0,16.723558006484023
23825,23.308778,92.858357,960.0,21.04572088407583
23826,23.300837,92.855693,937.0,37.61935164481234
23827,23.300787,92.853572,997.0,32.754877470959904
23828,23.305323,92.852358,1070.0,28.176705590951745
23829,23.30554,92.854877,954.0,21.818550314312215
23830,23.304746,92.862109,1005.0,33.423467333412106
23831,23.298928,92.857435,941.0,20.307500221928045
23832,23.310846,92.858915,1053.0,30.61885839795703
23833,23.311335,92.858026,1056.0,23.930893411419156
23834,23.307089,92.854209,1006.0,19.82702865340817
23835,23.3057,92.852802,1023.0,31.205779114725832
23836,23.307093,92.856289,981.0,19.310287408745566
23837,23.307524,92.857678,960.0,29.118936488427924
23838,23.305939,92.857538,922.0,26.880307851328986
23839,23.303906,92.853173,1037.0,37.410672491183874
23840,23.301381,92.853078,980.0,25.156319133694215
23841,23.299628,92.855609,950.0,24.748625315195834
23842,23.298137,92.857412,929.0,22.989767773608854
23843,23.293453,92.858089,892.0,23.397741000263863
23844,23.293873,92.858395,881.0,14.621143938770764
23845,23.298166,92.858694,907.0,21.954998832237578
23846,23.346456,92.851511,906.0,28.30319610038818
23847,23.3466,92.854847,897.0,16.453666886955713
23848,23.291103,92.864843,976.0,34.218582707648956
23849,23.301587,92.868485,864.0,24.461332518771652
23850,23.313996,92.863984,916.0,18.64821573021375
23851,23.321016,92.861601,902.0,28.732851681077435
23852,23.3228,92.862406,946.0,19.451200005616776
23860,23.243855,92.905242,745.0,35.27189058250504
23861,23.286735,92.85703,882.0,34.35403406736099
23862,23.284565,92.857096,830.0,30.588958163975438
23863,23.281443,92.840145,662.0,42.03111377419729
23864,23.280947,92.8367,621.0,38.37211908620569
23865,23.288276,92.830821,550.0,25.526884054256257
23866,23.293863,92.741368,771.0,26.334247846853142
23867,23.295774,92.740012,745.0,24.691575152551952
23868,23.30265,92.742945,698.0,25.156319133694215
23869,23.307135,92.707624,458.0,34.35403406736099
23870,23.306409,92.706083,415.0,25.363232718381973
23871,23.306012,92.704212,433.0,27.909048110686054
23872,23.300291,92.69577,358.0,27.17735741799749
23873,23.299806,92.694901,347.0,24.286461463040197
23874,23.299312,92.692614,418.0,17.083143246452856
23875,23.297521,92.689449,311.0,28.037600489728426
23876,23.30374,92.672816,553.0,10.759583898850556
23877,23.304123,92.671521,574.0,31.39687644298045
23878,23.306105,92.671296,517.0,26.767512858834905
23879,23.306338,92.666573,686.0,28.222814437179903
23880,23.32044,92.643229,718.0,12.04828213833979
23881,23.301901,92.649401,725.0,22.40687120493745
23882,23.246611,92.655112,405.0,20.846265656650555
23883,23.2388,92.636923,793.0,23.397741000263863
23884,23.234538,92.637234,817.0,21.242603631151898
23885,23.206413,92.632701,549.0,18.94158858012096
23886,23.197283,92.632661,591.0,22.684823831912844
23887,23.174558,92.612556,771.0,3.931095784160226
23888,23.1739,92.611378,785.0,12.53638838286113
23889,23.173258,92.611929,793.0,16.796238729882134
23890,23.17252,92.611434,806.0,19.610609129170935
23891,23.172659,92.611828,800.0,17.66231893216494
23892,23.198272,92.589291,704.0,4.857533338413092
23893,23.198961,92.590043,687.0,21.18915910142139
23894,23.199095,92.586671,719.0,7.825525624597575
23895,23.199415,92.585883,709.0,16.91651608571675
23896,23.200105,92.584517,705.0,15.81919394750014
23897,23.200655,92.5813,737.0,23.750100573474086
23898,23.201843,92.579666,728.0,17.752790161946685
23899,23.202247,92.57903,736.0,24.15404655313558
23900,23.203107,92.577972,749.0,19.82702865340817
23901,23.203903,92.576807,756.0,21.938008256074177
23902,23.204282,92.576174,770.0,26.113233272206745
23903,23.204481,92.575792,768.0,28.485468456722128
23904,23.205193,92.574684,774.0,37.00513608621634
23905,23.214589,92.572672,818.0,18.370345512861498
23906,23.212919,92.558022,863.0,13.824682316158707
23907,23.207082,92.509726,735.0,9.64622531297678
23908,23.195616,92.546251,579.0,15.609525869125669
23909,23.19796,92.543304,580.0,33.02386755579665
23910,23.190022,92.554302,631.0,17.5484006137923
23911,23.21035,92.539589,689.0,28.084099366691156
23912,23.208921,92.541174,669.0,21.680889149080844
23913,23.208823,92.53749,726.0,11.386165083355712
23914,23.206239,92.491221,645.0,20.07880037349212
23915,23.20549,92.543278,651.0,23.021526638116164
23916,23.219631,92.563324,922.0,25.8493248967401
23917,23.204981,92.534603,776.0,6.379370208442804
23918,23.206253,92.533605,791.0,14.506372352544124
23919,23.209857,92.500587,611.0,22.22435314380804
23920,23.206239,92.491221,645.0,20.07880037349212
23921,23.199961,92.488796,725.0,13.421509132977462
23922,23.17824,92.491031,762.0,17.775317038209
23923,23.180969,92.488193,773.0,14.959246786437891
23924,23.180354,92.486971,744.0,8.735690934280582
23925,23.182466,92.487731,785.0,8.47871314708616
23926,23.204706,92.533825,775.0,11.386165083355712
23927,23.251004,92.63667,749.0,8.935631425418535
23928,23.234898,92.911307,670.0,9.73677691573277
23929,23.225619,92.924909,451.0,33.16099672886019
23930,23.223807,92.944448,485.0,8.47871314708616
23931,23.21795,92.998007,1110.0,31.12871688801731
23932,23.217324,92.99812,1082.0,18.130932944052347
23933,23.19917,93.000199,768.0,37.4041069193059
23934,23.1915,93.011024,875.0,40.41337530810542
23935,23.183361,93.066742,1033.0,30.856133351956277
23936,23.241722,93.098254,1162.0,27.909048110686054
23937,23.229765,93.127521,1009.0,28.257311688503773
23938,23.2066,93.148665,830.0,31.311156133255537
23939,23.197704,93.163019,546.0,31.39687644298045
23940,23.198136,93.166988,663.0,28.222814437179903
23941,23.177311,93.198157,1149.0,14.506372352544124
23942,23.148209,93.321183,1606.0,30.297100641022165
23943,23.14788,93.323791,1548.0,21.33126583595921
23949,23.527592,92.984969,1342.0,27.017123217850244
23951,23.760466,92.848969,829.0,15.179705807856672
23952,23.807952,92.834037,534.0,39.8055710922652
23953,24.285871,92.94599,904.0,23.750100573474086
23954,24.288014,92.946017,923.0,27.360321545332805
23955,24.354658,92.925511,689.0,13.915808695897175
23956,24.365715,92.930137,610.0,34.41738871044157
23957,23.747519,92.853155,808.0,30.378128880975513
23958,22.82104167,92.63873333,94.0,17.01197993242201
23959,23.65701389,93.02799167,497.0,37.81892671564865
23960,23.74035833,92.71311667,926.0,32.98940559251087
23961,22.87355833,92.75595278,1075.0,21.869859308909426
23962,23.72949444,92.77544444,696.0,38.85270866598098
23963,24.80375556,92.733375,18.0,0.9548412538721887
23964,22.87355833,92.75595278,1075.0,21.869859308909426
23965,24.27899722,92.642375,69.0,18.305448954250746
23966,24.73197222,92.75988889,19.0,0.9548412538721887
23967,23.70166667,92.71944444,1044.0,23.750100573474086
23968,23.74190833,92.74161389,891.0,20.607120971804857
23969,23.68416667,92.85708333,970.0,13.515781057664528
23970,23.71688889,92.72083333,1004.0,31.80039615270397
23971,23.74150833,92.70785833,888.0,37.14591448999934
23972,23.92322222,92.49222222,852.0,18.520635899770767
23973,22.49086111,92.98086111,1060.0,18.19662752273151
23974,22.48541667,92.98238889,1048.0,20.699546585586496
23975,23.88591667,93.20961111,1214.0,24.38870074689113
23976,23.70213889,92.71822222,1060.0,41.292432412809355
23977,23.60722222,92.72505556,854.0,30.05160649070701
23978,23.60722222,92.72505556,854.0,30.05160649070701
23979,23.60830556,92.85058333,1111.0,32.167104228386144
23980,23.61372222,92.85188889,1066.0,21.83567219571615
23981,23.2034,92.7379,770.0,18.305448954250746
23982,23.2029,92.7371,794.0,14.036243467926479
23983,23.2029,92.7369,786.0,17.03574212804197
23984,23.2028,92.7368,777.0,23.490416068641593
23985,23.47,92.7215,1096.0,22.373844274024943
23986,23.4688,92.7208,1136.0,25.239401820678914
23987,23.4672,92.7193,1197.0,32.78110200943605
23988,23.4731,92.7119,1091.0,35.47311285748566
23989,23.4761,92.7066,975.0,24.15404655313558
23990,23.4785,92.7043,981.0,7.825525624597575
23991,23.4785,92.7041,981.0,7.825525624597575
23992,23.4807,92.7025,997.0,25.34952033151192
23993,23.4855,92.7033,978.0,13.326469949385988
23994,23.4912,92.7055,987.0,46.83713694732098
23995,23.4946,92.7044,929.0,43.53560155636589
23996,23.499713,92.7015,897.0,31.002719133873985
23997,23.500156,92.701436,900.0,14.302914425322811
23998,23.504006,92.699247,868.0,34.369895822693806
23999,23.239287,92.74818,748.0,11.038532615965034
24000,23.237356,92.744978,774.0,7.2338446967252255
24001,23.233349,92.744075,731.0,12.772578169490426
24002,23.230114,92.740067,781.0,15.36952380130432
24003,23.229731,92.73968,786.0,16.2287367059342
24004,23.226843,92.740266,757.0,16.2287367059342
24005,23.225357,92.74039,756.0,10.21937711459359
24006,23.206029,92.740123,815.0,24.242444512172103
24007,23.204595,92.73861,795.0,33.56563872420532
24008,23.202738,92.736174,745.0,32.53469816945699
24009,23.202224,92.736123,741.0,24.691575152551952
24010,23.202096,92.73698,767.0,28.222814437179903
24011,23.201584,92.736877,747.0,28.82189836411544
24012,23.201447,92.736703,740.0,18.370345512861498
24013,23.201281,92.735108,761.0,29.686933196903503
24014,23.201335,92.734857,774.0,24.38870074689113
24015,23.201614,92.734453,763.0,27.029504599267472
24016,23.201759,92.734328,763.0,27.029504599267472
24017,23.200073,92.734654,752.0,20.001783914715944
24018,23.199924,92.73481,752.0,20.001783914715944
24019,23.198568,92.734368,749.0,19.12710170142385
24020,23.197825,92.73502,741.0,12.260147486012336
24021,23.197177,92.735661,745.0,14.535165207979569
24022,23.196642,92.735456,744.0,16.228736705934203
24023,23.193237,92.734819,793.0,26.008181915695513
24024,23.191775,92.734778,785.0,17.752790161946685
24025,23.191747,92.73459,785.0,17.752790161946685
24026,23.189242,92.734475,793.0,22.090258704050036
24027,23.187473,92.734547,840.0,2.1342998941463125
24028,23.188245,92.734327,812.0,26.321329428286734
24029,23.187661,92.735055,823.0,20.07880037349212
24030,23.18675,92.735178,850.0,26.577778623734844
24031,23.186501,92.735632,838.0,31.215386668546028
24032,23.186296,92.7356,838.0,31.215386668546028
24033,23.186133,92.735682,850.0,35.795759914707084
24034,23.184091,92.738895,781.0,27.078936947526696
24035,23.185555,92.736061,844.0,34.21057985417024
24036,23.185396,92.736019,844.0,31.244175851188178
24037,23.18351,92.735641,824.0,8.530765609948133
24038,23.183268,92.736695,826.0,33.2376314445189
24039,23.181667,92.736374,820.0,13.640311227766057
24040,23.17884,92.736546,785.0,19.188418756936425
24041,23.174341,92.740855,786.0,23.195068590140778
24042,23.176777,92.738013,784.0,8.935631425418535
24043,23.170376,92.739585,754.0,27.372447043216628
24044,23.170205,92.73929,763.0,11.648634944412734
24045,23.16864,92.740342,800.0,13.515781057664528
24046,23.168362,92.74061,787.0,20.699546585586496
24047,23.165872,92.741435,813.0,16.527811501531776
24048,23.164812,92.743396,800.0,25.809367457705076
24049,23.164443,92.742682,827.0,27.432940772267944
24050,23.164169,92.74339,830.0,21.86985930890943
24051,23.163136,92.7444,839.0,25.675463214971884
24052,23.162899,92.744032,842.0,21.47206914335925
24053,23.160443,92.743261,863.0,15.793169048263966
24054,23.160357,92.743677,848.0,22.40687120493745
24055,23.160261,92.74337,859.0,13.326469949385988
24056,23.157803,92.743652,836.0,19.82702865340817
24057,23.157418,92.744221,853.0,21.971970836813973
24058,23.155456,92.744778,867.0,28.222814437179903
24059,23.152289,92.746243,891.0,9.462322208025618
24060,23.151833,92.746339,894.0,10.555380466061171
24061,23.151191,92.747211,897.0,20.991582376941242
24062,23.150972,92.747402,906.0,19.370844026969944
24063,23.149815,92.749076,912.0,16.527811501531776
24064,23.14968,92.749277,912.0,16.527811501531776
24065,23.149588,92.749562,903.0,22.140679470491683
24066,23.149163,92.750431,911.0,13.069151942759
24067,23.149094,92.750808,905.0,16.253917058152773
24068,23.147798,92.749742,905.0,18.64821573021375
24069,23.144687,92.750609,861.0,9.462322208025618
24070,23.143591,92.749751,851.0,31.215386668546028
24071,23.141589,92.751435,887.0,21.260377126997216
24072,23.141474,92.750577,838.0,31.002719133873985
24073,23.141077,92.75109,870.0,30.77741947322608
24074,23.139887,92.751646,860.0,13.421509132977462
24075,23.14016,92.75191,859.0,20.07880037349212
24076,23.1378,92.749869,839.0,15.042369244334244
24077,23.137565,92.747197,879.0,28.222814437179903
24078,23.136964,92.74724,845.0,34.46474362464782
24079,23.135979,92.747589,860.0,27.360321545332805
24080,23.135813,92.74814,872.0,24.932657538079724
24081,23.134961,92.747843,851.0,32.667159071642764
24082,23.13488,92.747567,844.0,33.296989754761654
24083,23.132516,92.746085,824.0,41.8103148957786
24084,23.132035,92.745362,818.0,31.50104503484435
24085,23.131844,92.744715,811.0,33.821757317608586
24086,23.131999,92.744413,807.0,28.280269845499703
24087,23.130578,92.743046,779.0,28.899422426198566
24088,23.129048,92.742692,763.0,25.376933525152303
24089,23.127505,92.740257,834.0,20.846265656650555
24090,23.125686,92.740507,802.0,22.668609279892422
24091,23.125271,92.740646,801.0,23.628423517864427
24092,23.123927,92.739604,806.0,23.628423517864427
24093,23.123517,92.739803,811.0,12.04828213833979
24094,23.121323,92.741086,809.0,9.321835749415003
24095,23.119722,92.742868,837.0,19.47122063449069
24096,23.119344,92.742996,827.0,20.846265656650555
24097,23.119163,92.743039,833.0,15.288517970232027
24098,23.116585,92.745325,737.0,24.591248866909307
24099,23.118272,92.742799,848.0,6.0172848640320336
24100,23.11239,92.745417,838.0,15.609525869125669
24101,23.11349,92.745057,840.0,24.461332518771652
24102,23.113126,92.74564,833.0,22.61986494804043
24103,23.112284,92.746288,793.0,28.084099366691156
24104,23.108018,92.746279,763.0,15.042369244334246
24105,23.10565,92.745979,711.0,18.87922133905067
24106,23.105869,92.746616,740.0,16.601549599020238
24107,23.104623,92.747711,739.0,21.260377126997213
24108,23.104711,92.747784,739.0,21.260377126997213
24109,23.103993,92.74869,736.0,27.432940772267944
24110,23.10357,92.748737,724.0,25.8493248967401
24111,23.100785,92.751508,780.0,13.262676008304846
24112,23.099615,92.752199,780.0,9.368915578454837
24113,23.098261,92.751461,756.0,27.029504599267472
24114,23.09459,92.753733,756.0,9.870926939134982
24115,23.092076,92.752286,754.0,20.43931757325825
24116,23.091619,92.752299,759.0,21.260377126997216
24117,23.089822,92.751916,736.0,20.532771786488425
24118,23.08373,92.757679,754.0,10.759583898850556
24119,23.082149,92.758285,768.0,5.788832299437198
24120,23.074255,92.76222,771.0,23.132182561931256
24121,23.07006,92.764514,793.0,9.73677691573277
24122,23.069585,92.765797,800.0,12.638224684699054
24123,23.067473,92.767201,843.0,24.16881343581011
24124,23.065772,92.767979,874.0,32.754877470959904
24125,23.06533,92.768329,882.0,30.010334187691758
24126,23.063838,92.769004,897.0,25.88918455713453
24127,23.061745,92.770105,941.0,21.18915910142139
24128,23.059168,92.771186,975.0,29.63417437185607
24129,23.056424,92.772983,973.0,33.423467333412106
24130,23.054573,92.772578,978.0,44.66589451282576
24131,23.053698,92.772504,1009.0,22.8781056322946
24132,23.050965,92.772524,997.0,8.735690934280582
24133,23.047367,92.772849,1022.0,8.47871314708616
24134,23.046442,92.772974,1035.0,15.042369244334244
24135,23.045557,92.772557,1015.0,13.421509132977462
24136,23.046939,92.772748,1026.0,14.066164922222868
24137,23.044434,92.772583,1058.0,24.591248866909307
24138,23.04345,92.772408,1075.0,35.02251023762291
24139,23.043269,92.77264,1058.0,30.020661922564646
24140,23.040669,92.772823,1111.0,31.311156133255537
24141,23.040051,92.773327,1087.0,39.56704795533052
24142,23.038879,92.773703,1120.0,22.290970374758974
24143,23.502336,92.697334,706.0,32.74612665551688
24144,23.502513,92.697754,742.0,29.421439641486938
24146,23.725778,91.645694,78.0,2.698950908923438
24147,25.187583,93.653861,600.0,35.69379666026943
24148,25.199528,93.625278,423.0,28.49679392207442
24149,25.275028,93.616306,1127.0,15.793169048263966
24150,25.275083,93.616306,1127.0,15.793169048263966
24151,25.287664,93.488956,1410.0,3.8140748342903543
24152,25.288472,93.489611,1496.0,26.61590170730996
24153,25.292417,93.498972,1437.0,31.434832006995155
24154,25.29725,93.630083,1294.0,29.260073022738787
24155,25.298167,93.632222,1306.0,33.2376314445189
24156,25.343583,93.566972,938.0,28.222814437179903
24157,25.356333,93.566583,835.0,35.113638216485604
24158,25.4095,93.476639,694.0,24.15404655313558
24159,25.40975,93.475944,690.0,27.017123217850244
24160,25.471556,93.726778,1534.0,40.326443341825765
24161,25.472217,93.726992,1544.0,40.12351235567568
24162,25.472506,93.727181,1531.0,36.733505603395045
24163,25.472781,93.727319,1535.0,29.63417437185607
24164,25.487139,93.493528,471.0,15.845167180271268
24165,25.5,93.67,1256.0,21.04572088407583
24166,25.502583,94.661194,1607.0,31.80039615270397
24167,25.502917,94.661194,1586.0,20.43931757325825
24168,25.505833,94.653806,1561.0,30.266612409654883
24169,25.507611,94.661028,1540.0,18.370345512861498
24170,25.51,93.7,1208.0,37.038767555809535
24171,25.51,93.7,1208.0,37.038767555809535
24172,25.51,93.71,1174.0,29.88589573021274
24173,25.51,93.71,1174.0,29.88589573021274
24174,25.51,93.72,1205.0,16.253917058152773
24175,25.51,93.67,1119.0,23.750100573474086
24176,25.51,93.67,1119.0,23.750100573474086
24177,25.51,93.67,1119.0,23.750100573474086
24178,25.51,93.67,1119.0,23.750100573474086
24179,25.51,93.67,1119.0,23.750100573474086
24180,25.51,93.68,1198.0,19.47122063449069
24181,25.51,93.68,1198.0,19.47122063449069
24182,25.515222,94.660694,1535.0,26.008181915695513
24183,25.52,93.73,1282.0,22.81394173961772
24184,25.52,93.72,1358.0,8.530765609948133
24185,25.52,93.73,1282.0,22.81394173961772
24186,25.526,93.766,770.0,41.04491159046639
24187,25.53,93.74,1353.0,29.686933196903503
24188,25.53,93.74,1353.0,29.686933196903503
24189,25.53,93.73,1280.0,15.06995574963759
24190,25.53,93.73,1280.0,15.06995574963759
24191,25.53,93.74,1353.0,29.686933196903503
24192,25.53,93.74,1353.0,29.686933196903503
24193,25.53,93.72,1205.0,26.67924362098057
24194,25.531,93.762,791.0,18.64821573021375
24195,25.536,94.236,1737.0,26.767512858834905
24196,25.53633,94.23894,1703.0,19.310287408745566
24198,25.54,93.74,1273.0,10.21937711459359
24200,25.543,94.357,1663.0,24.38870074689113
24201,25.546,94.274,1745.0,39.85620904397488
24202,25.546,94.27,1643.0,29.031480434376107
24203,25.548,94.188,1218.0,25.34952033151192
24204,25.54831,94.19192,1089.0,25.156319133694215
24205,25.549,94.286,1876.0,24.242444512172106
24206,25.552,94.149,1478.0,11.038532615965034
24207,25.552,94.36,1640.0,18.96231828867539
24208,25.552,94.362,1594.0,34.62941016850345
24209,25.552,94.289,1860.0,34.49623729009093
24210,25.553,94.148,1497.0,18.64821573021375
24211,25.553833,94.762389,1162.0,5.5507182121273235
24212,25.554,94.148,1535.0,21.954998832237578
24213,25.55408,94.23669,1168.0,26.628589703310887
24214,25.554167,94.760944,1160.0,9.462322208025617
24215,25.555056,94.768611,1154.0,5.788832299437198
24216,25.555969,94.764325,1119.0,5.385977098599754
24217,25.55697,94.15322,1471.0,17.66231893216494
24218,25.559,94.284,1747.0,8.935631425418535
24219,25.559,94.249,1488.0,25.809367457705076
24220,25.559,94.251,1557.0,28.987578250072634
24221,25.559211,94.769978,1088.0,20.80971857959822
24222,25.56,94.151,1582.0,3.4389123953782974
24223,25.56,94.153,1539.0,31.002719133873992
24224,25.560844,94.773214,1073.0,39.04326226960053
24225,25.561,94.294,1981.0,37.927313249696354
24226,25.561,94.143,1676.0,13.16632060042364
24227,25.561,93.858,1491.0,47.7132109090621
24228,25.561306,94.780778,1061.0,16.527811501531776
24229,25.561389,94.783889,1045.0,38.5746628389258
24230,25.561903,94.778178,1019.0,10.678414922779545
24231,25.562,94.168,1276.0,20.80971857959822
24232,25.562667,94.608,1791.0,37.99705220207771
24233,25.56292,94.14544,1648.0,7.416536974278209
24234,25.563,94.165,1296.0,15.896959679954522
24235,25.563,94.147,1656.0,5.788832299437198
24239,25.56544,94.17208,1373.0,19.370844026969944
24240,25.566,94.162,1302.0,18.64821573021375
24241,25.566,94.258,1860.0,28.82189836411544
24242,25.566,94.168,1253.0,27.17735741799749
24243,25.566,94.26,1852.0,19.82702865340817
24244,25.566,93.863,1672.0,44.783515145502
24245,25.566583,94.763722,1391.0,22.61986494804043
24246,25.566944,94.773222,1314.0,25.03089023333195
24247,25.567,94.164,1313.0,17.842681707487124
24248,25.568528,94.784806,999.0,28.084099366691156
24249,25.568611,94.783078,958.0,7.825525624597575
24250,25.569,94.234,1627.0,25.239401820678914
24251,25.569,94.283,1835.0,28.257311688503773
24252,25.569,93.872,1402.0,21.260377126997216
24253,25.57,93.871,1464.0,25.91570359318582
24254,25.570222,94.877278,1212.0,36.505887632648864
24255,25.57086,94.17047,1182.0,11.976725812374069
24256,25.571,94.253,1889.0,23.765245108071557
24257,25.571,94.166,1345.0,18.130932944052347
24258,25.571,93.871,1475.0,33.2376314445189
24259,25.572,94.168,1277.0,19.74869565807571
24260,25.572,94.25,1794.0,24.286461463040197
24261,25.572,94.25,1794.0,24.286461463040197
24262,25.572,93.787,1482.0,38.93040115948257
24263,25.572058,94.784969,977.0,36.69922520048988
24264,25.57244,94.17178,1181.0,4.763641690726178
24265,25.574,94.295,2036.0,20.80971857959822
24266,25.574,94.332,1756.0,42.52459232805973
24267,25.575,93.777,1445.0,17.775317038209
24268,25.576,94.351,1519.0,28.360372759879684
24269,25.576,93.783,1489.0,32.47251629973426
24270,25.576,93.878,1536.0,30.77741947322608
24271,25.576444,94.785556,1001.0,29.58124669955053
24272,25.578,93.805,1581.0,29.24925904290538
24273,25.579,93.87,1621.0,30.568994594623476
24274,25.581,94.863694,1229.0,37.58043252806343
24275,25.581333,94.627306,1642.0,26.321329428286734
24276,25.581806,94.784833,975.0,45.01590665809471
24277,25.58194,94.35,1417.0,18.94158858012096
24278,25.581944,94.858139,1215.0,36.055029684428945
24279,25.582,94.141,1549.0,7.825525624597575
24280,25.582694,94.785139,974.0,32.427956428323874
24281,25.583694,94.785639,969.0,21.83567219571615
24282,25.583833,94.858,1203.0,28.888369805687372
24283,25.584147,94.8582,1198.0,30.61885839795703
24284,25.584519,94.792344,1081.0,22.489134862284537
24285,25.585,94.137,1574.0,24.15404655313558
24286,25.585472,94.846833,1181.0,33.490525189983416
24287,25.586,94.288,1963.0,24.16881343581011
24288,25.586389,94.858222,1235.0,34.62941016850345
24289,25.586389,94.858222,1235.0,34.62941016850345
24290,25.587778,94.858722,1269.0,34.41738871044157
24291,25.588,94.292,2030.0,29.346331162468683
24292,25.588389,94.78825,969.0,21.6115960987222
24293,25.588806,94.859428,1266.0,36.42929126949838
24294,25.589222,94.766083,1715.0,34.6605872943073
24295,25.590139,94.846333,1155.0,39.70379580424368
24296,25.591833,94.595278,1063.0,15.845167180271268
24297,25.5925,94.628472,1509.0,32.10351627298505
24298,25.593333,94.855194,1207.0,38.61729324898542
24299,25.593472,94.596944,1077.0,15.042369244334246
24300,25.593778,94.822389,1381.0,35.264389682754654
24301,25.593944,94.810925,1470.0,53.46905600865955
24302,25.594,94.166,1078.0,17.083143246452856
24303,25.594,94.314,2002.0,24.591248866909307
24304,25.594639,94.842444,1248.0,32.10351627298505
24305,25.595083,94.857778,1236.0,20.07880037349212
24306,25.596111,94.785444,850.0,20.439317573258247
24307,25.597167,94.842028,1241.0,40.93534296900471
24308,25.597778,94.767,1753.0,37.7097934708822
24309,25.598,94.31,2004.0,37.24571514151944
24310,25.598,93.848,1733.0,46.10947465489339
24311,25.599056,94.617222,1299.0,26.43722935718126
24312,25.599722,94.612972,1281.0,27.55326483492445
24313,25.6,94.841389,1283.0,21.242603631151898
24314,25.600306,94.613222,1264.0,22.07341542334565
24315,25.601,94.31,1905.0,18.370345512861498
24316,25.601028,94.829722,1480.0,23.021526638116164
24317,25.602,94.427,838.0,20.532771786488425
24318,25.602208,94.823292,1264.0,27.432940772267944
24319,25.602511,94.891208,1020.0,40.14558013326291
24320,25.603,94.426,841.0,20.307500221928045
24321,25.604389,94.839583,1339.0,40.628576343250124
24322,25.604444,94.76,1804.0,32.57012547147069
24323,25.604611,94.768083,1747.0,36.733505603395045
24324,25.605,94.051,2528.0,52.58967310996107
24325,25.605061,94.772156,1631.0,30.133843411422752
24326,25.605458,94.839083,1316.0,32.53469816945699
24327,25.6055,94.800833,1123.0,33.05825736162378
24328,25.607,94.321,1847.0,24.15404655313558
24329,25.607778,94.837944,1330.0,41.53094871022609
24330,25.608,94.146,1524.0,20.250651404968387
24331,25.609472,94.806111,1176.0,44.616941502248935
24332,25.61,94.139,1528.0,19.47122063449069
24333,25.610083,94.591889,1027.0,17.01197993242201
24334,25.61092,94.20064,1244.0,38.31642449920507
24335,25.611028,94.747167,1933.0,12.04828213833979
24336,25.612,94.209,975.0,35.113638216485604
24337,25.61275,94.21517,979.0,23.021526638116164
24338,25.613,94.745889,1968.0,28.553305000609424
24339,25.613472,94.583333,953.0,25.5133092609215
24340,25.614,94.496,753.0,53.336732700438525
24341,25.614,94.493,824.0,39.190532590075605
24342,25.614,94.319,1844.0,29.88589573021274
24343,25.615,93.944,1723.0,25.8493248967401
24345,25.616,94.484,901.0,32.53469816945699
24346,25.617,94.113,1711.0,27.944207405422542
24347,25.617,93.941,1699.0,12.260147486012336
24348,25.618,94.468,981.0,34.417388710441564
24349,25.618,94.209,839.0,16.428860704621638
24350,25.619,94.206,965.0,32.57012547147068
24351,25.62,94.485,1106.0,26.113233272206745
24352,25.62,94.332,1800.0,21.31357434104547
24353,25.620269,94.801031,687.0,36.491988188351336
24354,25.62067,94.21483,1030.0,30.528995003825997
24355,25.62067,94.21483,1030.0,30.528995003825997
24357,25.621,94.212,937.0,37.53490600791177
24358,25.621,94.335,1806.0,24.862123938667224
24359,25.62153,94.19439,1044.0,25.486125594093767
24360,25.622,94.206,985.0,37.638775480074024
24362,25.622,94.212,915.0,20.699546585586496
24363,25.623,94.113,1653.0,25.486125594093767
24364,25.623,94.354,1825.0,18.43494882292201
24365,25.623,94.336,1829.0,35.27938801183364
24366,25.623364,94.819272,638.0,30.568994594623476
24367,25.624,94.206,1003.0,14.959246786437891
24368,25.624,94.361,1835.0,19.188418756936425
24369,25.624,94.348,1786.0,29.802413569555988
24370,25.624639,94.503278,894.0,30.82665955230447
24371,25.625,94.335,1932.0,25.156319133694215
24372,25.625,94.345,1859.0,22.22435314380804
24373,25.626833,94.847053,441.0,22.765646640754472
24374,25.628,94.211,940.0,17.03574212804197
24375,25.629,94.273,1734.0,23.765245108071557
24376,25.629,94.274,1769.0,23.021526638116164
24377,25.629,93.855,1354.0,29.260073022738787
24378,25.62978,94.19514,936.0,23.81059263950923
24379,25.63,94.014,1880.0,21.86985930890943
24380,25.63,94.25,1026.0,29.833768779920437
24381,25.63,94.259,1213.0,28.037600489728426
24383,25.631,94.203,987.0,22.765646640754472
24384,25.631,94.174,1114.0,18.130932944052347
24385,25.631,94.257,1146.0,34.090063875331914
24386,25.631,93.999,2083.0,33.590600231227405
24387,25.631122,94.748497,1997.0,18.520635899770767
24388,25.631833,94.750139,2056.0,42.62323504099259
24389,25.632,94.257,1138.0,25.376933525152303
24390,25.632,94.25,1095.0,23.3822424378352
24391,25.632,94.25,1095.0,23.3822424378352
24392,25.632,94.25,1095.0,23.3822424378352
24393,25.632,94.215,827.0,29.85463927845754
24394,25.633944,94.733056,1937.0,19.310287408745566
24395,25.634,94.255,1080.0,29.63417437185607
24396,25.635,94.253,1058.0,30.20546681961666
24397,25.635,94.217,880.0,31.660751096636602
24398,25.635,94.252,1096.0,18.541977963997237
24399,25.63669,94.21986,892.0,33.70658681677467
24400,25.6375,94.757556,2096.0,37.53490600791177
24402,25.63861,94.115,1320.0,16.723558006484023
24403,25.640056,94.765278,2116.0,40.72974809403222
24404,25.640389,94.732444,1835.0,32.96351159099253
24405,25.641,94.730878,1762.0,38.90056504199712
24406,25.642,94.201,1034.0,14.036243467926479
24408,25.645,94.034,1587.0,25.88918455713453
24409,25.645,93.992,2043.0,16.91651608571675
24410,25.646,94.033,1564.0,14.621143938770764
24411,25.646,94.177,1019.0,17.456590925928477
24412,25.646,93.843,761.0,18.43494882292201
24413,25.646,94.479,1352.0,32.490306531189724
24414,25.646,94.378,1453.0,19.310287408745566
24415,25.646389,94.766389,2011.0,30.973505797181858
24416,25.647,94.378,1475.0,23.428692808745406
24417,25.647,94.361,1705.0,41.18463738471524
24418,25.647,94.481,1375.0,32.9548711795407
24419,25.648,94.124,1279.0,11.348119585994183
24420,25.649,94.121,1231.0,23.11642191920837
24421,25.649,94.441,1499.0,43.57077227020226
24422,25.649428,94.737028,1797.0,32.31153323742385
24423,25.65,94.03,1510.0,21.611596098722195
24424,25.65,94.122,1241.0,38.079076328995825
24425,25.65,94.122,1241.0,38.079076328995825
24426,25.650111,94.510556,1214.0,35.98342760298727
24427,25.650556,94.5095,1255.0,35.80301842021218
24428,25.65072,94.03294,1703.0,36.28203936315455
24429,25.651,94.119,1311.0,16.428860704621638
24430,25.651,94.289,1785.0,31.7353754997287
24431,25.651,94.097,1605.0,21.86985930890943
24432,25.651,94.121,1252.0,25.955401413885546
24433,25.651,94.119,1311.0,16.428860704621638
24434,25.651,94.12,1276.0,26.360054096082706
24435,25.651,94.514833,1211.0,39.612764584574585
24436,25.651528,94.52225,1128.0,49.3088444642106
24437,25.652,94.121,1288.0,27.17735741799749
24438,25.652,94.288,1816.0,33.69006752597979
24439,25.652,94.122,1249.0,31.051293565952417
24440,25.652,94.154,1127.0,15.36952380130432
24441,25.652,94.03,1593.0,29.260073022738787
24442,25.652361,94.735889,1715.0,29.549408596501117
24443,25.652639,94.7705,1945.0,37.671095800679176
24444,25.65275,94.032,1675.0,18.94158858012096
24445,25.653,94.123,1277.0,24.461332518771652
24446,25.653,94.121,1325.0,31.244175851188178
24447,25.653361,94.734333,1614.0,30.05160649070701
24448,25.654,94.122,1354.0,31.205779114725832
24449,25.654,94.438,1554.0,39.33061616878252
24450,25.655,94.234,1216.0,26.269553396535294
24451,25.655,94.438,1571.0,29.63417437185607
24452,25.65653,94.09061,1575.0,28.888369805687372
24453,25.657,94.439,1523.0,19.188418756936425
24454,25.657,94.102,1474.0,16.723558006484023
24455,25.657361,94.750278,1706.0,22.140679470491683
24456,25.65747,94.08611,1581.0,17.29444852858009
24457,25.65778,94.05683,1514.0,36.147638969088355
24458,25.659,94.112,1376.0,7.825525624597575
24459,25.659,94.089,1526.0,10.21937711459359
24460,25.659,94.107,1406.0,25.5133092609215
24461,25.65967,94.09297,1479.0,13.421509132977462
24462,25.65975,94.747083,1714.0,30.246255653454714
24463,25.66,94.096,1468.0,14.535165207979569
24464,25.660194,94.7535,1673.0,15.845167180271268
24465,25.660583,94.755389,1673.0,35.113638216485604
24466,25.66083,94.10278,1483.0,3.8140748342903543
24467,25.661,94.054,1364.0,40.55896658324713
24468,25.661,94.055,1444.0,26.577778623734837
24469,25.661,94.388,1308.0,15.288517970232027
24470,25.662,94.453,1481.0,31.77256152831432
24471,25.662,94.096,1434.0,16.453666886955713
24472,25.662,94.108,1391.0,10.759583898850556
24473,25.662222,94.719444,1364.0,25.14243049054343
24474,25.66264,94.11353,1380.0,14.302914425322811
24476,25.663,94.097,1422.0,18.370345512861498
24477,25.663,94.113,1381.0,9.73677691573277
24479,25.665,94.104,1401.0,11.795709540896548
24480,25.665,94.216,809.0,19.47122063449069
24481,25.665,94.247,1479.0,24.16881343581011
24482,25.665,94.096,1395.0,25.197913740371355
24483,25.665,94.215,808.0,24.591248866909307
24484,25.665,94.104,1401.0,11.795709540896548
24485,25.665,94.214,848.0,20.80971857959822
24486,25.666,94.244,1319.0,34.49623729009093
24487,25.666,94.258,1576.0,23.021526638116164
24488,25.666,94.09,1360.0,9.870926939134982
24490,25.666,94.098,1446.0,18.64821573021375
24491,25.66667,94.10972,1425.0,14.15548761586253
24492,25.667,94.035,1555.0,30.25643716352927
24493,25.667,94.253,1560.0,27.360321545332805
24495,25.667,94.254,1564.0,32.78110200943605
24496,25.667,94.211,809.0,18.370345512861498
24497,25.667,94.051,1408.0,34.472622749576175
24500,25.667,94.21,811.0,27.17735741799749
24501,25.667,94.718944,1292.0,23.428692808745403
24502,25.668,94.464,1374.0,26.628589703310887
24503,25.668,94.107,1409.0,17.66231893216494
24504,25.668,94.051,1394.0,44.534982074608344
24505,25.66806,94.05525,1301.0,9.64622531297678
24506,25.668417,94.543194,665.0,27.613098503754813
24508,25.669,94.091,1326.0,18.96231828867539
24509,25.669,94.114,1348.0,12.53638838286113
24510,25.669,94.218,760.0,13.069151942759
24511,25.669,94.104,1429.0,20.307500221928045
24512,25.669,94.114,1348.0,12.53638838286113
24513,25.669,94.091,1326.0,18.96231828867539
24514,25.669,94.192,985.0,17.5484006137923
24515,25.669,94.051,1402.0,38.09794465951107
24516,25.66917,94.10722,1452.0,16.2287367059342
24517,25.66969,94.06267,1445.0,35.889866740432154
24518,25.66977,94.11269,1357.0,14.036243467926479
24519,25.67,94.113,1350.0,13.03657849691309
24520,25.67,94.109,1465.0,6.91817481667161
24521,25.67,94.211,797.0,23.428692808745403
24522,25.67,94.062,1459.0,27.62503917921715
24523,25.67,94.397,1389.0,31.51991437453672
24524,25.67,94.382,1639.0,32.63194030642942
24525,25.6702,94.456,1424.0,34.21858270764895
24526,25.671,94.21,836.0,17.387333467314576
24527,25.671,94.14,1300.0,21.31357434104547
24528,25.671,94.217,796.0,19.310287408745566
24529,25.671,94.209,858.0,13.03657849691309
24530,25.6715,94.06942,1551.0,22.61986494804043
24531,25.672,94.218,849.0,24.591248866909307
24532,25.672,94.111,1378.0,7.653048720543413
24533,25.672,94.101,1325.0,17.93200256558677
24534,25.672,94.106,1412.0,17.775317038209
24535,25.67222,94.11083,1382.0,14.763132623631552
24537,25.673,94.239,1143.0,23.490416068641593
24538,25.673,94.077,1424.0,27.078936947526696
24539,25.673,94.101,1285.0,16.453666886955713
24540,25.673292,94.7597,1522.0,13.262676008304846
24541,25.673472,94.716222,1204.0,15.845167180271268
24543,25.674,94.081,1342.0,3.931095784160226
24544,25.674944,94.762694,1652.0,20.532771786488425
24545,25.675,94.075,1399.0,12.260147486012336
24546,25.675,94.397,1420.0,34.62941016850345
24548,25.67661,94.02364,1435.0,27.613098503754813
24549,25.677,94.104,1358.0,13.262676008304846
24550,25.677,94.241,1003.0,24.15404655313558
24551,25.677,94.08,1285.0,11.499465999742787
24552,25.677,94.081,1300.0,11.976725812374069
24553,25.677,94.0202,1540.0,15.922779458176539
24554,25.678,94.101,1273.0,22.684823831912844
24555,25.678,94.109,1435.0,17.594079543115168
24556,25.678,94.122,1433.0,11.386165083355712
24557,25.679,94.458,1552.0,15.922779458176539
24559,25.679,94.108,1411.0,15.922779458176539
24560,25.679,94.096,1255.0,21.55942138371082
24561,25.68,94.117,1500.0,2.1342998941463125
24562,25.68,94.287,1682.0,15.06995574963759
24563,25.680167,94.837944,927.0,19.82702865340817
24564,25.68044,94.07336,1259.0,15.179705807856672
24565,25.680917,94.792014,2309.0,36.16893488396254
24566,25.681,94.285,1671.0,26.20460176321736
24567,25.681,94.387,1468.0,28.084099366691156
24568,25.68176111,94.06811944,1161.0,26.126317264569018
24570,25.682,94.131,1323.0,12.260147486012336
24571,25.682,94.094,1224.0,18.94158858012096
24572,25.682,94.12,1454.0,24.16881343581011
24573,25.682,94.096,1288.0,17.01197993242201
24574,25.682333,94.760111,1598.0,26.74234155739631
24575,25.683,94.099,1349.0,18.62703081108459
24576,25.683,94.038,1095.0,18.130932944052347
24578,25.683,94.119,1465.0,16.527811501531776
24579,25.68375,94.12436,1357.0,18.96231828867539
24580,25.684,94.119,1444.0,16.253917058152773
24581,25.684,94.246,1029.0,23.628423517864423
24582,25.685,94.12,1397.0,25.363232718381973
24583,25.685,94.059,1219.0,20.991582376941242
24584,25.68525,94.12347,1313.0,21.260377126997216
24585,25.686,94.119,1431.0,12.260147486012336
24586,25.686,94.043,1003.0,13.326469949385988
24587,25.68625,94.043194,997.0,19.689673297252913
24589,25.68667,94.06361,1064.0,12.364552990274646
24590,25.687,94.12,1404.0,18.19662752273151
24591,25.687,94.062,1078.0,20.846265656650555
24592,25.68703,94.12442,1265.0,14.506372352544124
24593,25.68772,94.14044,1309.0,23.397741000263863
24594,25.688,94.137,1324.0,26.008181915695513
24595,25.688,94.12,1422.0,10.176527410054078
24596,25.688,93.907,916.0,19.310287408745566
24597,25.688,94.121,1380.0,21.954998832237578
24598,25.688667,94.097333,1382.0,11.904688112848122
24599,25.691,94.121,1396.0,7.653048720543413
24600,25.692,94.11,1415.0,24.16881343581011
24601,25.692,94.068,1014.0,36.317221955587435
24602,25.692,94.065,932.0,13.134022306396323
24603,25.692,94.444,1302.0,16.453666886955713
24604,25.692222,94.584722,985.0,31.244175851188178
24605,25.693,94.043,1059.0,20.82800310374709
24606,25.694,94.107,1423.0,15.288517970232027
24607,25.694,94.103,1341.0,11.461836902818336
24608,25.695,94.108,1385.0,15.36952380130432
24609,25.695,94.077,1173.0,17.775317038209
24610,25.695,94.459,1561.0,26.880307851328986
24611,25.695,94.349,1866.0,33.89536963300801
24612,25.69506,94.11203,1288.0,16.72355800648402
24613,25.69583,94.10833,1368.0,23.132182561931256
24614,25.696,94.318,1511.0,31.51991437453672
24615,25.696,94.32,1573.0,26.577778623734837
24616,25.696,94.08,1191.0,12.604382648379184
24617,25.696,94.104,1338.0,19.12710170142385
24618,25.696,94.461,1527.0,34.41738871044157
24619,25.696,93.924,971.0,20.212632236452095
24620,25.696,94.079,1189.0,11.348119585994185
24621,25.696,94.426,1800.0,48.75342639460345
24622,25.697,94.464,1494.0,23.674161365449706
24623,25.697,94.105,1350.0,22.290970374758974
24624,25.697,93.916,825.0,30.05160649070701
24625,25.6975,94.43,1812.0,21.954998832237578
24626,25.698,94.085,1246.0,21.80140948635181
24627,25.699,94.427,1774.0,45.3031370999722
24628,25.69925,94.761833,1353.0,38.29781579971788
24629,25.699556,94.775583,1419.0,35.6572246337806
24630,25.700278,94.767222,1352.0,35.06054243271615
24631,25.700506,94.775633,1418.0,47.30412119685582
24632,25.700692,94.775594,1418.0,47.30412119685582
24633,25.700944,94.775361,1366.0,41.696199941770345
24634,25.701,94.089,1350.0,23.628423517864427
24635,25.70106,94.14167,1189.0,13.326469949385988
24636,25.703,94.338,1810.0,27.62503917921715
24637,25.703,94.137,1346.0,21.6115960987222
24638,25.704,94.118,1104.0,17.775317038209
24639,25.706,94.466,1362.0,29.205932247399417
24640,25.706,94.468,1263.0,23.428692808745406
24641,25.707,94.466,1353.0,21.80140948635181
24643,25.708,94.386,2072.0,40.41337530810542
24644,25.71,93.74,380.0,17.752790161946685
24645,25.71,93.74,380.0,17.752790161946685
24646,25.71092,94.09306,1414.0,14.959246786437891
24647,25.711,94.069,1171.0,17.66231893216494
24649,25.711278,94.579944,1109.0,37.00513608621634
24650,25.712,93.949,1243.0,32.78110200943605
24651,25.71281,94.09194,1446.0,22.61986494804043
24654,25.713,94.06,1041.0,27.791305644779218
24655,25.713,94.309,1467.0,45.01590665809471
24658,25.715956,94.810833,1324.0,24.634322367669885
24662,25.719,94.105,1293.0,18.96231828867539
24663,25.71906,94.10883,1317.0,16.601549599020238
24665,25.72,94.109,1343.0,11.904688112848122
24668,25.721861,94.780667,1496.0,24.591248866909307
24672,25.723,93.778,471.0,25.8493248967401
24673,25.724,93.777,411.0,23.97577371272972
24675,25.726,94.435,1125.0,27.565248984490395
24677,25.726,93.773,343.0,13.421509132977462
24678,25.72628,94.10003,1223.0,12.364552990274646
24679,25.72739,94.10103,1234.0,16.723558006484023
24680,25.728,94.098,1301.0,25.688903331931808
24681,25.728,94.112,1285.0,20.307500221928045
24682,25.72894,94.0855,1425.0,23.069045509039658
24683,25.728964,94.795497,1459.0,29.54940859650111
24684,25.729,94.083,1362.0,24.15404655313558
24685,25.729639,94.795675,1402.0,33.89536963300801
24686,25.731,94.087,1448.0,24.16881343581011
24688,25.733444,94.780361,1576.0,44.63327765256181
24689,25.7345,94.777417,1600.0,35.59853666783391
24692,25.736,94.012,986.0,12.225122675735754
24693,25.736,94.329,1669.0,23.930893411419156
24694,25.737289,94.787844,1238.0,19.451200005616776
24696,25.74,93.775,359.0,10.430760195064721
24697,25.742,94.245,678.0,15.06995574963759
24698,25.742178,94.842917,554.0,38.32262251890178
24699,25.743,94.242,804.0,24.862123938667224
24700,25.743,93.798,354.0,22.61986494804043
24701,25.744,94.242,831.0,18.96231828867539
24702,25.744,94.337,1581.0,23.628423517864423
24703,25.74467,94.08672,1421.0,20.846265656650555
24704,25.745,93.782,291.0,9.368915578454837
24705,25.745,93.784,305.0,17.93200256558677
24706,25.745,94.338,1590.0,25.03089023333195
24707,25.746,94.078,1156.0,3.931095784160226
24709,25.747,94.075,1155.0,12.772578169490426
24710,25.747892,94.633072,1779.0,27.791305644779218
24711,25.748,94.077,1181.0,21.55942138371082
24712,25.749,94.078,1231.0,7.416536974278209
24714,25.750583,94.180833,738.0,30.61885839795703
24715,25.750617,94.237358,944.0,30.508958866202807
24716,25.750922,94.178869,730.0,25.267001648248186
24717,25.750944,94.199444,986.0,27.372447043216635
24718,25.750978,94.483064,742.0,24.748625315195834
24719,25.751456,94.850217,1081.0,27.791305644779218
24720,25.751567,94.48315,755.0,32.6759519939448
24721,25.751694,94.316361,1268.0,32.03054267172445
24722,25.7517,93.73449,308.0,21.869859308909426
24723,25.752806,94.213306,1060.0,22.61986494804043
24724,25.755206,94.179975,755.0,31.51991437453672
24725,25.755936,94.846033,1089.0,31.205779114725832
24726,25.756417,94.476083,765.0,33.10114358966526
24727,25.756444,94.245333,776.0,29.63417437185607
24728,25.756583,94.363694,1699.0,31.809663934881115
24729,25.756889,94.478472,796.0,36.211442333800804
24730,25.756972,94.476694,772.0,40.99804999183514
24731,25.757139,94.246194,807.0,20.991582376941242
24732,25.757639,94.223583,1057.0,20.439317573258247
24733,25.7578,94.7058,658.0,21.86985930890943
24734,25.758944,94.078028,1189.0,26.880307851328993
24735,25.759556,94.026056,714.0,20.43931757325825
24738,25.76,93.96,785.0,15.042369244334244
24739,25.76,93.94,752.0,34.907876215342675
24740,25.760111,94.366528,1715.0,31.51991437453672
24741,25.760583,94.064583,1022.0,6.654425046006596
24742,25.761278,94.072194,1127.0,18.96231828867539
24743,25.761278,94.032417,596.0,18.456418645243215
24744,25.761464,94.217103,735.0,30.010334187691758
24745,25.763833,94.479889,885.0,37.29868767505919
24746,25.764292,94.714094,701.0,24.475819581509896
24747,25.767,94.229778,1097.0,25.239401820678914
24748,25.767167,94.078556,1290.0,17.01197993242201
24749,25.767683,94.709381,653.0,18.62703081108459
24750,25.767692,94.185106,953.0,22.40687120493745
24752,25.769417,94.037639,721.0,23.021526638116164
24753,25.77,93.9,565.0,17.775317038209
24757,25.77,93.82,267.0,21.869859308909426
24760,25.77,93.9,565.0,17.775317038209
24761,25.77,93.9,565.0,17.775317038209
24768,25.77,93.82,267.0,21.869859308909426
24769,25.77,93.81,269.0,18.370345512861498
24770,25.77,93.81,269.0,18.370345512861498
24771,25.77,93.81,269.0,18.370345512861498
24773,25.77,93.98,542.0,0.9548412538721887
24775,25.77,93.82,267.0,21.869859308909426
24776,25.770917,94.357322,1449.0,32.91160083273797
24777,25.771028,94.076167,1309.0,18.96231828867539
24778,25.773306,94.084861,1351.0,19.689673297252913
24779,25.773583,94.086833,1357.0,24.691575152551952
24780,25.779111,94.115583,1330.0,17.775317038209
24781,25.779944,94.116556,1347.0,22.684823831912844
24785,25.78,93.8,252.0,30.266612409654883
24787,25.78,93.8,252.0,30.266612409654883
24790,25.78180556,93.80180556,259.0,27.372447043216628
24791,25.781919,94.171169,1469.0,35.80301842021218
24793,25.783278,94.388306,1816.0,21.242603631151898
24794,25.783939,94.856411,739.0,32.53469816945699
24796,25.784961,94.789617,884.0,37.56093713903626
24797,25.786061,94.931447,1790.0,24.748625315195834
24798,25.786311,94.796825,920.0,27.372447043216628
24799,25.786425,94.796303,920.0,27.565248984490395
24800,25.786433,94.519583,1364.0,33.05825736162379
24801,25.786594,94.922778,1850.0,25.03089023333195
24802,25.786692,94.829933,878.0,34.21057985417024
24803,25.786861,94.446,1096.0,29.549408596501117
24804,25.787211,94.834275,864.0,31.744679866591962
24805,25.788378,94.96105,1977.0,15.845167180271268
24806,25.788389,94.434111,1132.0,27.62503917921715
24807,25.78875,94.234111,644.0,25.239401820678914
24808,25.788847,94.856314,621.0,8.984876931685683
24809,25.788911,94.855664,617.0,24.862123938667224
24810,25.789856,94.95825,1880.0,14.959246786437891
24811,25.789861,94.850694,725.0,32.74612665551688
24812,25.789933,94.849811,705.0,33.490525189983416
24816,25.79,93.78,242.0,19.630414815023528
24817,25.792131,94.95655,1747.0,20.80971857959822
24818,25.793333,94.958014,1770.0,19.188418756936425
24819,25.794083,94.415944,1455.0,31.744679866591962
24820,25.796056,94.4315,1109.0,33.169529390014134
24821,25.797781,94.770447,588.0,23.11642191920837
24822,25.8,93.83,539.0,12.604382648379184
24823,25.8,93.81,340.0,18.174763056324142
24824,25.8,94.0,574.0,18.64821573021375
24825,25.8,93.8,226.0,6.721369339369457
24826,25.801608,94.935386,2174.0,25.8493248967401
24827,25.802361,94.430556,1153.0,27.909048110686058
24828,25.803806,94.065556,1255.0,27.791305644779218
24829,25.804908,94.932467,2122.0,30.051606490707
24830,25.804972,94.241086,1019.0,16.253917058152773
24831,25.806861,94.237333,1084.0,31.311156133255537
24832,25.808722,94.138278,1432.0,29.421439641486938
24833,25.809861,94.428972,1218.0,22.862089144234922
24834,25.810964,94.527417,1318.0,35.47311285748566
24835,25.813064,94.971453,1761.0,27.32389130134654
24836,25.813294,94.968222,1691.0,30.051606490707
24837,25.814272,94.968933,1696.0,33.69006752597979
24838,25.814525,94.806114,998.0,18.64821573021375
24839,25.814625,94.971819,1788.0,20.66264400478191
24840,25.814822,94.950353,2074.0,30.246255653454714
24841,25.814897,94.970297,1693.0,36.51283284150458
24842,25.817164,94.975969,1842.0,28.176705590951745
24843,25.817194,94.280058,842.0,33.10114358966526
24844,25.818947,94.8075,742.0,27.505240762859906
24845,25.820367,94.820367,908.0,27.33604368814356
24846,25.820664,94.912642,1697.0,34.21858270764895
24847,25.820689,94.767353,571.0,1.3502244696996157
24848,25.821589,94.708056,1386.0,35.80301842021218
24849,25.824278,94.147472,1402.0,27.33604368814356
24850,25.826778,94.047833,978.0,18.94158858012096
24851,25.827011,94.733178,1266.0,16.91651608571675
24852,25.827028,94.078139,784.0,30.588958163975438
24853,25.827106,94.907639,1719.0,42.22469219190813
24854,25.827397,94.907311,1727.0,40.35910045666124
24855,25.827608,94.783028,703.0,31.993934384330498
24856,25.828558,94.239531,734.0,29.549408596501117
24857,25.828703,94.726789,1385.0,27.791305644779218
24858,25.828736,94.728314,1366.0,33.64040940514667
24859,25.828928,94.898075,1687.0,38.32881810145589
24860,25.829,94.075278,778.0,26.217612768234883
24861,25.829728,94.792592,636.0,37.671095800679176
24862,25.83025,94.076639,826.0,23.021526638116164
24863,25.832333,94.073306,754.0,31.434832006995155
24864,25.832806,94.06175,747.0,25.14243049054343
24865,25.833028,94.050056,845.0,20.43931757325825
24866,25.833644,94.518333,816.0,20.80971857959822
24867,25.834436,94.795519,597.0,29.421439641486938
24868,25.835778,94.429778,1750.0,31.809663934881115
24869,25.836419,94.526964,858.0,12.638224684699054
24870,25.838592,94.788669,580.0,21.045720884075834
24871,25.838681,94.788925,568.0,25.8493248967401
24873,25.839361,94.430583,1749.0,33.89536963300801
24874,25.839583,94.007194,1215.0,28.799681652550277
24875,25.839667,94.149222,1444.0,37.05891248302156
24876,25.839667,94.149222,1444.0,37.05891248302156
24877,25.839722,94.011167,1180.0,27.55326483492445
24878,25.839722,94.050333,918.0,14.592550602033427
24879,25.839778,94.150333,1420.0,27.565248984490395
24881,25.84,93.98,510.0,18.87922133905067
24882,25.84,93.98,510.0,18.87922133905067
24883,25.84,93.98,510.0,18.87922133905067
24884,25.840139,94.006528,1275.0,27.613098503754813
24885,25.840167,94.115194,1133.0,22.22435314380804
24886,25.840361,94.152167,1399.0,19.290046219188735
24887,25.841667,94.436472,1747.0,35.88986674043215
24888,25.842358,94.702953,1814.0,29.260073022738787
24889,25.842531,94.787211,552.0,17.66231893216494
24890,25.842742,94.503003,1570.0,22.989767773608854
24891,25.842897,94.786861,554.0,22.140679470491683
24892,25.843222,94.053139,949.0,22.684823831912844
24893,25.843528,94.011806,1111.0,38.81071405226977
24894,25.844694,94.195833,1345.0,14.763132623631552
24895,25.844972,94.328611,904.0,28.899422426198566
24896,25.84575,94.055083,951.0,20.80971857959822
24897,25.845861,94.19025,1416.0,20.097992628721148
24898,25.847444,94.056361,951.0,19.451200005616776
24899,25.848194,94.916169,1510.0,31.809663934881115
24900,25.848958,94.755311,976.0,19.689673297252913
24901,25.849611,94.156806,1492.0,21.680889149080844
24902,25.849806,94.057083,964.0,20.699546585586496
24903,25.849947,94.916697,1526.0,41.77567556138229
24904,25.850458,94.530347,923.0,29.802413569555988
24905,25.850667,94.154667,1433.0,21.47206914335925
24906,25.851617,94.528211,913.0,23.930893411419156
24907,25.851889,94.005056,901.0,33.03247176064103
24908,25.854278,94.432472,1777.0,37.410672491183874
24909,25.854417,94.15525,1405.0,22.61986494804043
24910,25.854528,94.15725,1479.0,26.880307851328993
24911,25.85475,94.002778,722.0,25.675463214971884
24912,25.857789,94.523589,874.0,37.410672491183874
24913,25.859444,94.160139,1474.0,26.269553396535294
24914,25.86,93.99,399.0,12.225122675735753
24915,25.860611,94.0555,922.0,19.370844026969944
24916,25.861553,94.820553,922.0,35.03012380867594
24917,25.862222,94.450333,1667.0,39.10233716664201
24918,25.864158,94.047264,863.0,26.628589703310887
24919,25.865472,94.049944,944.0,35.181649870682044
24920,25.865722,94.048806,962.0,28.037600489728426
24921,25.866722,94.372639,745.0,28.084099366691156
24922,25.867083,94.614828,1786.0,41.394387744693525
24923,25.867778,94.168056,1471.0,24.15404655313558
24924,25.869194,94.324889,593.0,21.419418908984124
24925,25.872444,94.950069,1825.0,10.999158271052183
24926,25.875639,94.0395,1047.0,31.244175851188178
24927,25.876778,94.462028,1796.0,20.607120971804857
24928,25.877111,94.34325,840.0,21.680889149080844
24929,25.878183,94.946942,1897.0,34.74601766541864
24930,25.878525,94.947372,1839.0,37.351484577447394
24931,25.878861,94.221333,1420.0,38.876655136344326
24932,25.878917,94.223889,1426.0,41.348592607565855
24933,25.87975,94.358722,573.0,20.07880037349212
24934,25.879889,94.035417,1124.0,42.58573381691834
24935,25.879925,94.632275,1943.0,22.07341542334565
24936,25.880069,94.628103,1913.0,36.211442333800804
24937,25.880083,94.234167,1399.0,34.44108336670712
24938,25.880533,94.035325,1099.0,35.63524161504921
24939,25.880861,94.300667,1027.0,32.05794564123819
24940,25.880908,94.653542,1910.0,37.07903201684691
24941,25.881489,94.962525,1937.0,19.82702865340817
24942,25.881639,94.212861,1401.0,33.32236342654518
24943,25.881797,94.654425,1907.0,39.190532590075605
24944,25.881917,94.035694,1102.0,34.44108336670712
24945,25.883108,94.919106,1252.0,24.461332518771652
24946,25.884003,94.792711,972.0,25.363232718381973
24947,25.884206,94.026203,620.0,30.246255653454714
24948,25.885208,94.244494,1324.0,23.81059263950923
24949,25.886089,94.542711,1491.0,31.576393336997814
24950,25.88667,94.78639,1176.0,4.044691235386269
24951,25.887303,94.788144,1142.0,24.286461463040197
24952,25.887525,94.797508,899.0,34.907876215342675
24953,25.887917,94.795558,880.0,30.205466819616653
24954,25.889056,94.278361,1262.0,33.22063240830351
24955,25.889361,94.200583,1416.0,33.764273391292186
24956,25.889897,94.811111,694.0,24.359555875506427
24957,25.89125,94.202306,1379.0,16.051123667414398
24958,25.892028,94.274528,1310.0,30.973505797181858
24959,25.893042,94.45835,1637.0,35.73757406617853
24960,25.893797,94.821944,559.0,19.188418756936425
24961,25.895111,94.650258,2055.0,22.684823831912844
24962,25.896244,94.758128,1558.0,36.505887632648864
24963,25.896389,94.203556,1380.0,31.46324153737256
24964,25.896511,94.646325,2016.0,23.132182561931256
24965,25.898825,94.629367,1904.0,25.197913740371355
24966,25.899767,94.640067,2176.0,41.77567556138229
24967,25.899894,94.624047,1825.0,40.919625856551754
24968,25.9,94.78917,1047.0,24.15404655313558
24969,25.901125,94.82785,630.0,29.205932247399417
24970,25.901611,94.393694,737.0,22.373844274024943
24971,25.905433,94.097386,661.0,27.909048110686054
24972,25.905494,94.769017,1387.0,30.337664384844906
24973,25.905561,94.768481,1416.0,49.808238503469134
24974,25.905953,94.427414,1128.0,22.423358559286118
24975,25.906472,94.428039,1129.0,33.05825736162379
24976,25.90665,94.428758,1101.0,27.029504599267472
24977,25.907167,94.041583,1036.0,28.987578250072634
24978,25.907417,94.429519,1101.0,28.176705590951745
24979,25.909153,94.477497,1910.0,36.211442333800804
24980,25.910583,94.206417,1315.0,33.573963453775406
24981,25.910917,94.416361,1352.0,31.660751096636602
24982,25.911931,94.793292,1066.0,21.611596098722195
24983,25.914247,94.841489,932.0,28.49679392207442
24984,25.915092,94.844003,987.0,40.326443341825765
24985,25.915344,94.828308,667.0,27.40876997825205
24986,25.915444,94.119639,1162.0,32.34744349944203
24987,25.915925,94.824992,857.0,23.428692808745406
24988,25.917361,94.452556,1631.0,43.491519345092
24989,25.91775,94.415028,1100.0,32.754877470959904
24990,25.918194,94.409611,1034.0,35.181649870682044
24991,25.919689,94.839167,624.0,38.5746628389258
24992,25.920367,94.641739,1878.0,36.1972856606515
24993,25.920811,94.838889,679.0,59.36578772064964
24994,25.922767,94.565056,1953.0,25.91570359318582
24995,25.9255,94.760419,1874.0,6.853224835121291
24996,25.929733,94.072478,511.0,46.16089318197516
24997,25.930611,94.112139,763.0,8.530765609948133
24998,25.930722,94.048417,706.0,24.74862531519583
24999,25.931167,94.048889,721.0,28.25731168850377
25000,25.934647,94.787967,899.0,33.56563872420533
25001,25.935694,94.111472,707.0,24.904481044556743
25002,25.936056,94.216444,1173.0,25.79602649449995
25003,25.9365,94.047694,666.0,25.5133092609215
25004,25.938447,94.7843,926.0,35.80301842021218
25005,25.939139,94.649311,1989.0,31.50104503484435
25006,25.940053,94.797197,1097.0,35.02251023762291
25007,25.940317,94.650583,2009.0,36.67862167977997
25008,25.940703,94.750969,1970.0,39.9290614388517
25009,25.940872,94.586361,1799.0,24.461332518771652
25010,25.941056,94.651019,2024.0,37.07903201684691
25011,25.941525,94.652408,2005.0,35.63524161504921
25012,25.942111,94.04625,650.0,26.437229357181263
25013,25.943944,94.026556,525.0,35.339242872470656
25014,25.944008,94.789414,1217.0,26.842795672040804
25015,25.944361,94.023222,509.0,31.205779114725832
25016,25.944475,94.7888,1219.0,18.77467605427877
25017,25.945639,94.016417,437.0,11.461836902818336
25018,25.947583,94.023861,503.0,27.791305644779218
25019,25.948222,94.014361,390.0,25.688903331931808
25020,25.948833,94.025667,485.0,17.387333467314576
25021,25.948886,94.706133,1800.0,13.421509132977462
25022,25.949278,94.025528,484.0,17.66231893216494
25023,25.950944,94.019611,473.0,31.051293565952417
25024,25.951139,94.024194,496.0,25.03089023333195
25025,25.951583,94.023667,494.0,18.434948822922014
25026,25.952722,94.430278,1297.0,36.28203936315455
25027,25.952861,94.021028,474.0,27.613098503754813
25028,25.954389,94.022778,498.0,8.104435709194412
25029,25.9545,94.040083,640.0,24.16881343581011
25030,25.954636,94.607456,1541.0,35.98342760298727
25031,25.955769,94.605419,1604.0,34.97675368176345
25032,25.956083,94.719475,1872.0,32.6759519939448
25033,25.957472,94.036278,660.0,15.179705807856672
25034,25.958047,94.597519,1734.0,23.674161365449706
25035,25.961917,94.216194,1241.0,20.991582376941242
25036,25.962494,94.818667,1130.0,28.462794189425193
25037,25.962689,94.816972,1153.0,35.6572246337806
25038,25.963,94.614097,1485.0,23.021526638116164
25039,25.964283,94.619592,1428.0,23.750100573474086
25040,25.9645,94.632583,1216.0,28.222814437179903
25041,25.964631,94.574406,1940.0,6.853224835121291
25042,25.965083,94.426806,1101.0,36.16893488396254
25043,25.965394,94.571428,1896.0,37.19921925289739
25044,25.965944,94.216972,1239.0,19.370844026969944
25045,25.966581,94.565806,1840.0,24.461332518771652
25046,25.966742,94.502006,1775.0,28.176705590951745
25047,25.96675,94.031917,883.0,21.6115960987222
25048,25.966861,94.2215,1269.0,23.750100573474086
25049,25.968006,94.574256,1890.0,38.48905350894504
25050,25.968233,94.684364,1866.0,26.360054096082706
25051,25.969225,94.634053,1209.0,28.257311688503773
25052,25.969628,94.634169,1212.0,29.195082782485805
25053,25.970083,94.213639,1459.0,35.795759914707084
25054,25.970169,94.503803,1776.0,20.66264400478191
25055,25.970531,94.574903,1847.0,28.176705590951745
25056,25.970917,94.214028,1467.0,26.20460176321736
25057,25.971456,94.818392,1141.0,24.634322367669885
25058,25.971569,94.511647,1583.0,35.32429987761792
25059,25.971736,94.576933,1839.0,35.03012380867594
25060,25.97175,94.504619,1793.0,26.56505117707799
25061,25.972325,94.509267,1697.0,33.32236342654518
25062,25.972636,94.511444,1634.0,25.91570359318582
25063,25.976625,94.579939,1806.0,43.40739703986622
25064,25.977569,94.322217,1083.0,35.80301842021218
25065,25.978975,94.512064,1647.0,17.66231893216494
25066,25.979897,94.152281,451.0,35.27938801183364
25067,25.980008,94.580747,1760.0,34.784701829203186
25068,25.981228,94.572292,1639.0,29.802413569555988
25069,25.984456,94.031639,764.0,30.588958163975438
25070,25.985317,94.021903,773.0,35.63524161504921
25071,25.9899,94.5679,1548.0,35.45087793804301
25072,25.990158,94.508392,1772.0,23.021526638116164
25073,25.990339,94.507711,1754.0,20.307500221928045
25074,25.993164,94.034803,652.0,31.002719133873992
25075,25.993981,94.474467,1568.0,34.44108336670712
25076,25.995333,94.031361,581.0,35.88986674043215
25077,25.998183,94.5975,1905.0,16.601549599020238
25078,25.998217,94.504756,1784.0,24.38870074689113
25079,25.99875,94.026203,465.0,39.260731733474245
25080,25.998778,94.264853,1118.0,7.6530487205434135
25081,25.999744,94.030058,633.0,37.48271544856494
25083,26.002139,94.253972,1148.0,18.174763056324142
25084,26.002188,94.623681,2022.0,1.9091524329963763
25085,26.0034,93.9855,506.0,23.628423517864427
25086,26.0037,93.9862,514.0,14.066164922222868
25087,26.0038,93.9873,531.0,14.959246786437891
25088,26.0039,93.9807,467.0,15.922779458176539
25089,26.0043,93.9803,472.0,20.532771786488425
25090,26.0044,93.9789,448.0,18.64821573021375
25091,26.0045,93.9828,487.0,21.971970836813973
25092,26.004528,94.039583,494.0,46.650791883091465
25093,26.0046,93.9814,473.0,6.091478002079769
25094,26.0049,93.9901,552.0,23.628423517864423
25095,26.0049,93.9914,567.0,18.96231828867539
25096,26.0051,93.9795,462.0,28.485468456722128
25097,26.0052,93.9927,585.0,23.490416068641593
25098,26.0054,93.9794,446.0,37.038767555809535
25099,26.005917,94.039667,489.0,55.471214959051046
25100,26.006028,94.003194,748.0,7.2338446967252255
25101,26.0073,93.9983,657.0,31.809663934881115
25102,26.0074,93.9988,698.0,34.62941016850345
25103,26.0075,94.021444,443.0,23.428692808745406
25104,26.008333,94.032333,429.0,30.103052462896233
25105,26.011075,94.523236,1835.0,16.796238729882134
25106,26.011389,94.022722,446.0,27.238572082130066
25107,26.012139,94.523667,1811.0,7.416536974278209
25108,26.012889,94.044222,522.0,21.31357434104547
25109,26.013556,94.255139,1229.0,24.8479801794304
25110,26.013722,94.009083,701.0,18.434948822922014
25111,26.013806,94.530111,1691.0,16.723558006484023
25112,26.016333,94.254306,1246.0,30.378128880975513
25113,26.016528,94.171056,1175.0,22.090258704050036
25114,26.017,94.254306,1246.0,28.485468456722128
25115,26.017472,94.254389,1258.0,27.62503917921715
25116,26.020603,94.50632,1425.0,34.784701829203186
25117,26.021083,94.040361,302.0,33.83814426542724
25118,26.022278,94.257556,1314.0,27.791305644779218
25119,26.0225,94.004444,720.0,14.959246786437891
25120,26.026389,94.331722,1086.0,17.387333467314576
25121,26.027111,94.847806,731.0,43.65396627844831
25122,26.028806,94.638389,2004.0,23.765245108071557
25123,26.02883,94.863993,911.0,25.5133092609215
25124,26.031742,94.547354,1555.0,38.148150275360486
25125,26.031786,94.634392,2039.0,31.39687644298045
25126,26.0325,94.256,1425.0,27.372447043216628
25127,26.032992,94.633639,2034.0,31.44430728239367
25128,26.033098,94.542753,1614.0,39.33061616878252
25129,26.033361,94.257111,1434.0,31.670097621922785
25130,26.033528,94.257306,1421.0,32.91160083273797
25131,26.034806,94.519889,1860.0,46.583375450596094
25132,26.034833,94.458,925.0,3.4389123953782974
25133,26.037139,94.258306,1436.0,17.66231893216494
25134,26.037381,94.037386,280.0,31.244175851188178
25135,26.037847,94.635525,2024.0,26.67924362098057
25136,26.03853,94.58648,1191.0,22.489134862284537
25137,26.0415,94.522444,1787.0,36.87668681517018
25138,26.041525,94.523238,1791.0,34.417388710441564
25139,26.041611,95.075806,1486.0,21.971970836813973
25140,26.041658,94.5241,1784.0,27.62503917921715
25141,26.045083,95.054833,1213.0,25.07280797783953
25142,26.046444,94.526194,1743.0,38.93040115948257
25143,26.049285,94.635198,1963.0,38.17319333803387
25144,26.053164,94.045167,396.0,31.966424730373205
25145,26.053519,94.044361,393.0,25.675463214971884
25146,26.053667,94.307917,1013.0,25.688903331931808
25147,26.055011,94.044322,434.0,20.991582376941242
25148,26.056167,94.3065,978.0,31.244175851188178
25149,26.059222,94.2445,1445.0,21.419418908984124
25150,26.05925,94.244472,1445.0,21.419418908984124
25151,26.05925,94.251972,1474.0,31.002719133873985
25152,26.064111,95.03975,1658.0,22.81394173961772
25153,26.065972,94.270389,1639.0,18.370345512861498
25154,26.066583,95.033361,1690.0,48.58862325731728
25155,26.067194,94.317611,1068.0,10.555380466061171
25156,26.067889,94.224889,1073.0,28.632096976803734
25157,26.068028,94.317833,1067.0,14.036243467926479
25158,26.068111,95.025972,1817.0,40.3862618378815
25159,26.069278,95.023806,1877.0,38.37211908620569
25160,26.069722,94.223444,1048.0,30.895350180310494
25161,26.069917,94.411639,916.0,30.528995003825997
25162,26.070306,94.280586,1481.0,20.82800310374709
25163,26.070806,94.408028,909.0,12.772578169490426
25164,26.07256,93.928,130.0,1.3502244696996157
25165,26.073167,95.0785,2068.0,33.2376314445189
25166,26.073194,94.482139,1254.0,43.206221081578526
25167,26.073778,94.482194,1244.0,40.3862618378815
25168,26.074,95.083833,1982.0,31.119058788415003
25169,26.074417,94.423667,916.0,36.82229258372596
25170,26.075722,94.481611,1222.0,23.11642191920837
25171,26.076583,94.433611,966.0,20.136303428248134
25172,26.07675,94.558611,1826.0,20.991582376941242
25173,26.077122,94.559107,1835.0,30.347789794448904
25174,26.077167,94.542306,1690.0,11.348119585994183
25175,26.080917,94.481697,1176.0,35.301859507438905
25176,26.081472,95.02625,1839.0,8.47871314708616
25177,26.082972,94.267528,1511.0,13.421509132977462
25178,26.084444,94.09,739.0,32.35640884426763
25179,26.084806,94.263083,1391.0,23.273326481355983
25180,26.085333,94.49025,1498.0,21.80140948635181
25181,26.085389,94.258,1295.0,29.665849859262984
25182,26.085528,94.257556,1296.0,25.253207609369632
25183,26.085597,94.559075,1895.0,29.707989691713134
25184,26.086444,94.564667,1865.0,27.029504599267472
25185,26.087917,94.098056,736.0,27.62503917921715
25186,26.088361,94.264222,1459.0,28.987578250072634
25187,26.0885,94.263944,1453.0,28.899422426198566
25189,26.08875,94.202444,1029.0,31.576393336997814
25190,26.089806,94.349306,1035.0,25.07280797783953
25191,26.090056,94.256167,1312.0,22.81394173961772
25192,26.0905,94.204583,1092.0,41.25658564257651
25193,26.090556,94.349083,1028.0,16.723558006484023
25194,26.091528,94.100806,701.0,27.613098503754813
25195,26.091861,94.101333,704.0,29.686933196903503
25196,26.093083,95.036278,1735.0,24.591248866909307
25197,26.093972,94.217417,1117.0,24.475819581509896
25198,26.094083,95.043389,1742.0,37.50230700018765
25199,26.094333,94.493639,1515.0,25.253207609369632
25200,26.094778,94.259278,1393.0,16.051123667414398
25201,26.096722,94.253694,1346.0,11.309932474020215
25202,26.096778,94.252611,1355.0,11.976725812374069
25203,26.098056,94.105472,691.0,32.54356214739029
25204,26.101583,94.253222,1311.0,5.128711509483252
25205,26.101907,94.537237,1567.0,31.051293565952417
25206,26.10325,95.060361,2025.0,42.99770029709786
25207,26.103667,94.363139,735.0,22.61986494804043
25208,26.104528,94.353833,826.0,26.126317264569018
25209,26.104944,94.3375,1309.0,13.515781057664528
25210,26.105583,94.257778,1382.0,19.610609129170935
25211,26.10694722,94.25328889,1374.0,7.416536974278209
25212,26.107333,94.339139,1268.0,38.882636036728115
25213,26.109167,94.116167,659.0,39.260731733474245
25214,26.110135,94.870921,1906.0,20.307500221928045
25215,26.111278,94.257194,1413.0,27.5172599283964
25216,26.111389,94.119028,669.0,16.453666886955713
25217,26.111529,94.634066,1196.0,30.895350180310494
25218,26.112194,94.259111,1383.0,14.066164922222868
25219,26.1125,94.347556,933.0,43.0478321430526
25220,26.112611,95.039028,1784.0,33.296989754761654
25222,26.112806,95.051944,1958.0,34.75376186272035
25224,26.114222,94.254417,1298.0,21.869859308909426
25225,26.114833,94.399222,493.0,23.88588673441924
25226,26.114861,95.052417,1891.0,38.83472475633398
25227,26.114866,94.63475,1179.0,19.689673297252913
25229,26.116361,94.323778,1138.0,6.654425046006596
25230,26.117194,94.336972,1037.0,44.62919535007549
25231,26.117583,95.049806,1968.0,32.754877470959904
25232,26.119,94.637639,1199.0,35.339242872470656
25233,26.122167,94.131528,624.0,34.090063875331914
25234,26.122694,95.076861,1616.0,26.360054096082706
25235,26.122864,94.638388,1206.0,17.752790161946685
25237,26.124083,94.294694,1233.0,33.3982497427651
25238,26.125556,94.134639,612.0,37.05891248302156
25239,26.127222,94.306444,1160.0,28.360372759879684
25240,26.1295,94.136111,580.0,26.93019100092878
25241,26.129722,94.019194,257.0,37.45655576127969
25242,26.130417,94.138889,574.0,24.16881343581011
25243,26.131917,94.323611,942.0,38.37211908620569
25244,26.132333,95.01675,1561.0,21.86985930890943
25245,26.13379,94.632141,1236.0,17.01197993242201
25246,26.134639,94.049278,541.0,11.904688112848122
25247,26.134722,94.631639,1246.0,25.915703593185818
25248,26.135361,94.502167,1358.0,23.069045509039658
25249,26.13961,94.634561,1355.0,22.22435314380804
25250,26.1434,94.633527,1394.0,29.665849859262984
25251,26.143722,94.151111,557.0,32.53469816945699
25252,26.143985,94.579865,1666.0,30.568994594623476
25253,26.14425,94.246194,1196.0,26.539566558618308
25254,26.148727,94.626957,1516.0,27.62503917921715
25255,26.150343,94.603363,1736.0,25.955401413885546
25256,26.150578,94.602548,1713.0,29.421439641486938
25257,26.152278,94.241056,948.0,34.21858270764895
25258,26.153306,94.240611,927.0,28.49679392207442
25259,26.153418,94.590819,1801.0,22.07341542334565
25260,26.154917,94.250194,1010.0,35.63524161504921
25261,26.154944,94.614503,1756.0,21.242603631151898
25262,26.155083,94.250361,1010.0,35.63524161504921
25263,26.156333,94.593611,1795.0,37.29868767505919
25264,26.156611,94.621778,1751.0,38.70825624807791
25265,26.159667,94.4995,1106.0,35.36163154658333
25266,26.160139,94.499806,1111.0,35.86819845525075
25267,26.160167,94.873417,2117.0,21.835672195716146
25268,26.161639,94.6215,1693.0,31.58578773967389
25269,26.161955,94.594693,1806.0,27.505240762859906
25270,26.163778,95.056722,1380.0,30.41849461159642
25271,26.165417,95.020444,1065.0,19.310287408745566
25272,26.165972,95.021667,1095.0,27.62503917921715
25273,26.166905,94.876367,2171.0,25.03089023333195
25274,26.167861,95.026694,1142.0,29.260073022738787
25275,26.168556,95.04825,1118.0,26.43722935718126
25276,26.169111,95.041361,957.0,33.862693945765855
25277,26.169389,94.24675,776.0,32.53469816945699
25278,26.172472,95.048583,1030.0,29.020515817031367
25279,26.173917,95.025556,873.0,23.88588673441924
25280,26.174028,95.029722,894.0,28.485468456722128
25281,26.174472,95.027972,884.0,18.19662752273151
25282,26.17562,94.888105,2206.0,48.35630994084587
25283,26.175722,95.030222,826.0,27.078936947526696
25284,26.175889,95.030472,837.0,28.553305000609424
25285,26.176111,95.023639,850.0,32.490306531189724
25286,26.176278,95.009889,1073.0,20.699546585586496
25287,26.178,94.41275,960.0,24.22774531795417
25288,26.178472,94.41275,958.0,28.799681652550277
25289,26.1785,94.411778,992.0,18.520635899770767
25290,26.178889,94.638139,1613.0,29.205932247399417
25291,26.179,94.182611,639.0,19.310287408745566
25292,26.179226,94.557166,1703.0,15.896959679954522
25293,26.180639,94.101028,578.0,36.97817981978636
25294,26.180944,94.249472,660.0,25.91570359318582
25295,26.18096,94.81309,2019.0,34.730518200788445
25296,26.182056,94.409639,930.0,18.64821573021375
25297,26.182216,94.891382,2176.0,46.07263150206079
25298,26.182283,94.586087,1813.0,35.80301842021218
25299,26.182583,94.263361,1033.0,13.326469949385988
25300,26.182611,94.264861,1058.0,11.648634944412734
25301,26.183504,94.812894,1984.0,39.607057362378036
25302,26.183889,94.265472,1080.0,11.795709540896548
25303,26.184028,94.431361,767.0,12.364552990274646
25304,26.185479,94.577522,1752.0,30.82665955230447
25305,26.185491,94.814241,2049.0,17.842681707487124
25306,26.188227,94.812988,1960.0,32.6759519939448
25307,26.18971,94.549818,1555.0,29.24925904290538
25308,26.190598,94.549514,1534.0,31.50104503484435
25309,26.190833,94.813722,1970.0,39.260731733474245
25310,26.191278,94.484833,1088.0,16.796238729882134
25311,26.191306,94.569611,1708.0,12.604382648379184
25312,26.191463,94.549524,1529.0,28.25731168850377
25313,26.191611,94.284361,992.0,7.653048720543413
25314,26.192556,94.484472,1080.0,23.021526638116164
25315,26.19257,94.558955,1595.0,29.346331162468683
25316,26.192667,94.282194,1010.0,4.262693045214654
25317,26.192972,94.283222,1006.0,6.0172848640320336
25318,26.193,94.292972,902.0,6.853224835121291
25319,26.193056,94.2465,510.0,15.99993592924168
25320,26.193278,94.295222,915.0,12.260147486012336
25321,26.194204,94.554867,1552.0,21.818550314312215
25322,26.194406,95.020358,1271.0,12.604382648379184
25323,26.195917,94.486528,1073.0,17.29444852858009
25324,26.196222,95.020722,1349.0,19.51118046928032
25325,26.196306,94.485694,1085.0,21.954998832237578
25326,26.196333,95.019417,1353.0,21.135527342306382
25327,26.197444,94.856955,1993.0,34.730518200788445
25328,26.197944,95.015972,1441.0,19.370844026969944
25329,26.198528,94.487528,1012.0,16.723558006484023
25330,26.200056,94.81905,1873.0,36.36634852599243
25331,26.202167,95.017889,1492.0,17.01197993242201
25332,26.202972,94.213417,464.0,37.84449625941184
25333,26.204028,94.238389,424.0,24.242444512172103
25334,26.204472,94.214861,602.0,16.72355800648402
25335,26.205135,94.811625,1799.0,26.008181915695513
25336,26.205889,94.221583,560.0,33.33081260166977
25337,26.206111,94.223333,515.0,35.121209164599065
25338,26.206528,94.223333,555.0,35.36163154658333
25339,26.206778,94.215,665.0,40.919625856551754
25340,26.207833,95.001083,1562.0,28.25731168850377
25341,26.208417,94.204389,640.0,31.670097621922785
25342,26.209389,94.116411,527.0,41.70117944887398
25343,26.2095,94.232083,404.0,21.242603631151898
25344,26.210043,94.683989,1811.0,31.244175851188178
25345,26.210306,94.810333,1776.0,32.54356214739029
25346,26.211028,94.241389,354.0,27.17735741799749
25347,26.212028,95.000417,1596.0,29.58124669955053
25348,26.212222,94.234,379.0,17.456590925928477
25349,26.212861,94.235889,348.0,13.326469949385988
25350,26.212972,94.116583,616.0,23.444146119861458
25351,26.213111,94.208917,605.0,31.744679866591962
25352,26.213389,94.235778,352.0,17.93200256558677
25353,26.213889,94.211111,585.0,32.63194030642942
25354,26.214389,94.236694,348.0,17.224372940700082
25355,26.21475,95.010667,1568.0,32.63194030642942
25356,26.214972,94.812056,1752.0,33.98489250343522
25357,26.215889,94.212083,578.0,28.987578250072634
25358,26.216456,94.681866,1798.0,39.46369096261305
25359,26.216583,94.240556,296.0,25.267001648248186
25360,26.216778,95.006139,1596.0,21.33126583595921
25361,26.216861,95.002889,1600.0,22.090258704050036
25363,26.219417,94.477028,935.0,13.824682316158707
25364,26.220028,95.034417,1308.0,43.24667654838039
25365,26.220449,94.898329,2035.0,18.96231828867539
25366,26.220506,94.550504,1374.0,39.87305161235626
25367,26.221083,95.030139,1371.0,25.91570359318582
25368,26.22125,94.478056,920.0,13.915808695897175
25370,26.222306,94.214056,575.0,16.723558006484023
25371,26.222492,94.167267,326.0,5.128711509483252
25372,26.223,95.033417,1343.0,29.24925904290538
25373,26.223528,95.03275,1341.0,25.79602649449995
25374,26.226028,95.043389,1316.0,24.932657538079724
25375,26.226778,94.801583,1628.0,35.83201983789954
25376,26.226972,94.211806,532.0,26.437229357181263
25377,26.227896,94.55032,1216.0,27.62503917921715
25378,26.229389,95.051694,1293.0,25.07280797783953
25379,26.229861,95.0515,1313.0,25.14243049054343
25380,26.230083,94.198,601.0,33.698329255184774
25381,26.231028,94.217083,453.0,15.503408837548553
25382,26.231694,94.941056,1540.0,22.290970374758974
25383,26.232556,94.472889,982.0,5.128711509483252
25384,26.232694,94.473083,980.0,12.364552990274646
25385,26.232722,94.130806,578.0,16.228736705934203
25386,26.232861,94.472361,979.0,15.609525869125669
25387,26.232944,94.130639,577.0,24.242444512172103
25388,26.233444,94.795278,1674.0,33.10114358966526
25389,26.233861,94.4725,986.0,13.134022306396323
25390,26.234722,94.21525,418.0,22.07341542334565
25391,26.234778,94.782333,1668.0,21.954998832237578
25392,26.235278,94.215556,415.0,17.775317038209
25393,26.235639,94.213417,388.0,18.174763056324142
25394,26.235678,94.942004,1521.0,32.57012547147068
25395,26.235736,94.805011,1379.0,30.498931686310716
25396,26.236111,94.212639,394.0,23.750100573474086
25397,26.236111,94.809694,1497.0,29.506862217331054
25398,26.236336,94.212222,390.0,20.212632236452095
25399,26.23675,94.209639,378.0,31.434832006995155
25400,26.237,94.212611,396.0,10.046788047511114
25401,26.237861,94.205028,345.0,28.987578250072634
25402,26.238694,94.203944,339.0,20.155422119735228
25403,26.239056,95.058194,1205.0,30.010334187691758
25404,26.239167,94.200611,318.0,14.592550602033427
25405,26.239167,94.071111,237.0,28.899422426198566
25406,26.23925,94.202222,335.0,19.310287408745566
25407,26.239444,95.0655,1168.0,21.04572088407583
25408,26.240556,95.065694,1172.0,30.856133351956277
25409,26.24075,95.056722,1252.0,23.567234622032583
25410,26.24139,94.82056,1413.0,23.674161365449706
25411,26.242944,95.048417,1266.0,4.763641690726178
25412,26.24325,95.073167,1135.0,31.138369345567487
25413,26.247056,94.479694,1008.0,18.434948822922014
25414,26.249,94.819778,1387.0,27.505240762859906
25415,26.251111,94.808889,1216.0,29.927479327463576
25416,26.251778,95.072111,1080.0,20.097992628721148
25417,26.253611,94.616639,1594.0,38.148150275360486
25418,26.256833,95.096639,1285.0,12.260147486012336
25419,26.257028,95.099528,1328.0,12.604382648379184
25420,26.258889,94.8175,1354.0,18.62703081108459
25421,26.259083,95.085972,1038.0,23.273326481355983
25422,26.26,94.15,471.0,11.648634944412734
25423,26.26,94.15,471.0,11.648634944412734
25424,26.260333,95.104806,1345.0,55.89417503844993
25425,26.260556,94.813333,1276.0,31.809663934881115
25426,26.260556,94.809444,1106.0,25.156319133694215
25427,26.260556,94.813333,1276.0,31.809663934881115
25428,26.261111,94.809444,1114.0,23.195068590140778
25429,26.26175,95.103444,1294.0,28.82189836411544
25430,26.262889,95.084667,1094.0,27.62503917921715
25431,26.263889,94.812222,1188.0,39.9290614388517
25432,26.264444,94.815556,1278.0,13.640311227766057
25433,26.27,94.14,467.0,6.721369339369457
25434,26.27028,94.75,1446.0,24.15404655313558
25435,26.271389,94.453972,1205.0,11.348119585994183
25436,26.272028,94.585056,951.0,18.62703081108459
25437,26.272361,94.58425,947.0,26.334247846853142
25438,26.273333,94.83,973.0,26.126317264569018
25439,26.275,94.770278,1954.0,41.88919279184651
25440,26.275167,94.770472,1948.0,39.52119635864218
25441,26.276306,94.58375,852.0,23.567234622032583
25442,26.27647222,94.13175,480.0,26.74234155739631
25443,26.276667,94.8275,916.0,16.796238729882134
25444,26.28,94.13,475.0,11.499465999742787
25445,26.28,94.13,475.0,11.499465999742787
25446,26.282667,94.475667,1253.0,6.0172848640320336
25447,26.286222,94.364167,740.0,33.83814426542724
25448,26.29,94.11,317.0,17.93200256558677
25449,26.29,94.11,317.0,17.93200256558677
25450,26.29,94.11,317.0,17.93200256558677
25451,26.2905,94.393222,1077.0,16.2287367059342
25452,26.293056,94.839167,814.0,33.46541063428238
25453,26.29325,94.251806,954.0,24.16881343581011
25454,26.295278,94.835556,902.0,28.799681652550277
25455,26.299889,94.249667,1094.0,18.77467605427877
25456,26.3,94.11,303.0,11.648634944412734
25457,26.3,94.11,303.0,11.648634944412734
25458,26.300556,94.844722,935.0,33.10114358966526
25459,26.301639,94.588361,609.0,34.21858270764895
25460,26.301694,94.616694,1040.0,23.628423517864423
25461,26.30175,94.50675,1234.0,11.499465999742787
25462,26.302778,94.505528,1194.0,23.97577371272972
25463,26.303472,94.617528,1047.0,13.824682316158707
25464,26.305833,94.875833,1004.0,26.126317264569018
25465,26.311944,94.877778,1169.0,25.5133092609215
25466,26.316056,94.403972,968.0,20.07880037349212
25467,26.317778,94.849722,962.0,23.56723462203258
25468,26.318806,94.453611,1070.0,26.91773442777563
25469,26.320639,94.398806,925.0,37.404106919305896
25471,26.320861,94.559278,1056.0,11.499465999742787
25472,26.325861,94.52275,1287.0,24.748625315195834
25473,26.326111,94.866111,720.0,14.273571375658685
25474,26.326389,94.858056,922.0,22.8781056322946
25475,26.326944,94.896667,1040.0,8.582483688827132
25476,26.327167,94.508056,1189.0,16.723558006484023
25477,26.3275,94.917222,974.0,30.508958866202807
25478,26.327972,94.527389,1337.0,30.588958163975438
25479,26.33,94.279833,836.0,28.280269845499703
25480,26.330556,94.875833,657.0,30.498931686310716
25481,26.331028,94.279167,879.0,18.130932944052347
25482,26.331333,94.280389,864.0,44.534982074608344
25483,26.333833,94.284333,823.0,23.021526638116164
25484,26.336111,94.866944,818.0,15.042369244334244
25485,26.336667,94.9275,1138.0,24.242444512172106
25486,26.337778,94.929167,1182.0,25.8493248967401
25487,26.34417,94.83333,1746.0,10.678414922779545
25488,26.359722,94.935556,1280.0,35.45087793804301
25489,26.360556,94.933056,1361.0,10.999158271052183
25490,26.36083,94.84,2004.0,21.6115960987222
25491,26.367056,94.472861,942.0,16.527811501531776
25492,26.371611,94.709194,1295.0,31.660751096636602
25493,26.371667,94.943333,1156.0,42.33965034186064
25494,26.37175,95.000806,1379.0,36.62354905164433
25495,26.372667,94.71375,1313.0,12.260147486012336
25496,26.373056,94.941389,1142.0,32.667159071642764
25497,26.375278,94.936389,1288.0,14.15548761586253
25498,26.376,94.463389,860.0,20.212632236452095
25499,26.37639,94.84056,1881.0,36.00494166156304
25500,26.3765,95.011139,1403.0,20.097992628721148
25501,26.378222,95.009,1396.0,23.11642191920837
25502,26.379167,94.44625,894.0,18.262020066776483
25503,26.379361,95.003444,1387.0,23.750100573474086
25504,26.382806,94.66425,504.0,7.594643368591445
25505,26.38778,94.82583,1648.0,21.04572088407583
25506,26.38778,94.82583,1648.0,21.04572088407583
25507,26.389028,94.434889,626.0,19.630414815023528
25508,26.389028,94.434556,647.0,27.565248984490395
25509,26.389556,94.616667,1359.0,21.971970836813973
25510,26.389722,94.920556,800.0,28.899422426198566
25511,26.390417,94.617556,1361.0,10.430760195064721
25512,26.390833,94.437417,641.0,25.5133092609215
25513,26.39094,94.94406,547.0,22.61986494804043
25514,26.390972,94.438111,659.0,24.591248866909307
25515,26.391361,94.620083,1329.0,9.508656426564368
25516,26.3925,94.918611,781.0,32.427956428323874
25517,26.393889,94.919444,769.0,17.775317038209
25518,26.394222,94.553472,1021.0,11.348119585994183
25519,26.39425,94.444333,708.0,27.238572082130066
25520,26.395139,94.451194,748.0,26.67924362098057
25521,26.395389,94.454528,842.0,30.051606490707
25522,26.395944,94.460056,824.0,30.051606490707
25523,26.39936,94.94553,645.0,27.432940772267944
25524,26.404167,94.870278,911.0,25.915703593185818
25525,26.40653,94.95814,661.0,23.397741000263863
25526,26.40908,94.96308,695.0,26.61590170730996
25527,26.41,94.37,529.0,37.81892671564865
25529,26.410556,94.961944,657.0,25.88918455713453
25530,26.412694,94.641333,1086.0,28.222814437179903
25531,26.413056,95.048278,1651.0,33.89536963300801
25532,26.415417,95.053667,1627.0,34.6605872943073
25533,26.417222,94.960833,759.0,23.490416068641593
25534,26.4175,94.960278,782.0,21.33126583595921
25535,26.418333,94.967778,724.0,38.882636036728115
25536,26.418333,94.968056,716.0,36.733505603395045
25537,26.418611,94.966111,738.0,24.094842552110705
25538,26.41931,94.97369,686.0,15.36952380130432
25539,26.42,94.38,646.0,25.5133092609215
25540,26.420167,95.053833,1599.0,25.88918455713453
25541,26.420556,94.973056,692.0,25.688903331931808
25542,26.421389,94.975,687.0,21.55942138371082
25543,26.421667,95.011306,1621.0,26.008181915695513
25544,26.424167,94.863889,637.0,25.486125594093767
25545,26.424472,94.67,1318.0,15.81919394750014
25546,26.425222,95.021694,1596.0,26.967504073598892
25547,26.42575,94.669417,1319.0,5.128711509483252
25548,26.426417,94.668444,1313.0,25.486125594093767
25549,26.426944,94.669,1307.0,21.33126583595921
25550,26.427222,95.052389,1578.0,35.121209164599065
25551,26.428,94.668611,1317.0,15.288517970232027
25552,26.4285,95.0185,1663.0,19.370844026969944
25553,26.429361,94.623,1310.0,17.387333467314576
25554,26.43,94.38,415.0,14.535165207979569
25555,26.431,94.669944,1416.0,22.373844274024943
25556,26.431639,95.048417,1564.0,22.989767773608854
25557,26.433889,94.864444,762.0,25.915703593185818
25558,26.434722,94.863056,790.0,31.002719133873985
25559,26.435278,94.863333,761.0,19.188418756936425
25560,26.435556,94.863056,768.0,14.959246786437891
25561,26.439389,95.031806,1643.0,13.515781057664528
25562,26.439528,95.032278,1637.0,12.604382648379184
25563,26.441056,95.046111,1617.0,33.70658681677467
25564,26.46,94.852222,829.0,32.05794564123819
25565,26.461667,94.855,866.0,17.842681707487124
25566,26.463333,94.8575,804.0,26.43722935718126
25567,26.468611,94.806389,1147.0,22.636129876883253
25568,26.471889,94.454667,896.0,28.855167513744334
25569,26.475333,94.454833,1093.0,15.042369244334246
25570,26.479167,94.543806,537.0,15.179705807856672
25571,26.486389,94.448389,879.0,37.671095800679176
25572,26.488056,94.821389,1329.0,27.078936947526696
25573,26.49,94.37,261.0,20.250651404968387
25574,26.49,94.36,204.0,11.348119585994183
25575,26.49,94.36,204.0,11.348119585994183
25576,26.490833,94.82,1279.0,21.6115960987222
25577,26.491389,94.824444,1213.0,25.239401820678914
25578,26.494722,94.824722,1216.0,27.613098503754813
25579,26.5,94.43,443.0,4.763641690726177
25580,26.504917,94.662417,979.0,20.250651404968387
25581,26.506111,94.794167,1147.0,37.84449625941184
25582,26.506389,94.796111,1152.0,27.238572082130066
25583,26.506389,94.787222,1039.0,22.07341542334565
25584,26.510833,94.836944,1134.0,23.3822424378352
25585,26.516111,94.785833,977.0,37.50230700018765
25586,26.529444,94.837778,1041.0,23.490416068641593
25587,26.535556,94.788056,1025.0,22.684823831912844
25588,26.54,94.44,495.0,23.132182561931256
25589,26.541389,94.946389,1175.0,32.667159071642764
25590,26.542778,94.944167,1205.0,35.27938801183364
25591,26.545,94.941389,1221.0,34.75376186272035
25592,26.547167,95.092167,1428.0,30.80698111710518
25593,26.548056,95.0905,1415.0,19.74869565807571
25594,26.55,94.44,532.0,28.084099366691156
25595,26.55,94.44,532.0,28.084099366691156
25596,26.550472,95.101889,1452.0,35.32429987761792
25597,26.550528,95.099583,1426.0,35.88986674043215
25598,26.55075,95.098083,1416.0,37.81892671564865
25599,26.551111,94.79,1016.0,32.13988228321215
25600,26.552222,94.788611,1063.0,43.17467886248351
25601,26.555,94.9525,1131.0,27.62503917921715
25602,26.556,94.680167,644.0,13.069151942759
25603,26.556111,94.783333,1167.0,30.418494611596426
25604,26.556861,94.680944,645.0,17.29444852858009
25605,26.5585,95.097417,1425.0,28.30319610038818
25606,26.561861,94.686611,638.0,13.421509132977462
25607,26.562222,94.773056,1174.0,33.64040940514667
25608,26.563667,95.090139,1382.0,43.54880045295975
25609,26.571222,95.096361,1407.0,26.93019100092878
25610,26.571417,95.0985,1414.0,33.26309702272514
25611,26.5715,95.097639,1419.0,32.427956428323874
25612,26.572889,95.098944,1427.0,25.5133092609215
25613,26.57625,95.095842,1438.0,30.051606490707
25614,26.576417,95.092972,1422.0,34.44108336670712
25615,26.576806,95.096889,1485.0,25.14243049054343
25616,26.57725,95.095694,1484.0,36.97817981978636
25617,26.577389,95.096306,1489.0,35.63524161504921
25618,26.578028,95.028278,475.0,27.40876997825205
25619,26.580667,95.093056,1444.0,32.490306531189724
25620,26.582861,95.020306,523.0,11.499465999742787
25621,26.588056,94.549111,699.0,17.571258778322424
25622,26.588806,95.017667,558.0,15.179705807856672
25623,26.59,94.983056,593.0,15.81919394750014
25624,26.590556,94.764167,970.0,37.29207573526101
25625,26.592167,95.012111,547.0,6.91817481667161
25626,26.596389,94.990833,578.0,18.96231828867539
25627,26.6,94.49,600.0,13.262676008304846
25628,26.608167,94.645139,633.0,26.61590170730996
25629,26.61,94.5,508.0,26.539566558618308
25630,26.62,94.5,483.0,31.58578773967389
25631,26.62125,95.12575,1137.0,15.609525869125669
25632,26.625556,94.970833,356.0,23.674161365449706
25633,26.62625,95.120139,1049.0,20.532771786488425
25634,26.635667,94.703611,700.0,20.699546585586496
25635,26.637222,94.981389,339.0,14.036243467926479
25636,26.638861,95.123333,1172.0,11.348119585994185
25637,26.639167,94.989444,432.0,22.423358559286118
25638,26.639472,95.075083,910.0,33.64040940514667
25639,26.641111,94.990278,510.0,24.094842552110705
25640,26.641861,95.07475,886.0,35.45087793804301
25641,26.642694,95.075306,876.0,39.94582490429605
25642,26.6435,95.075444,886.0,23.97577371272972
25643,26.644083,95.075167,891.0,38.32262251890178
25644,26.646917,95.074944,873.0,36.15474073941196
25645,26.650333,95.125194,919.0,14.763132623631552
25646,26.651389,95.12525,897.0,13.421509132977462
25647,26.6575,95.012028,875.0,22.684823831912844
25648,26.66325,94.617083,427.0,21.611596098722195
25649,26.666778,95.200833,1056.0,21.135527342306382
25650,26.666917,95.203583,1080.0,21.938008256074177
25651,26.66725,94.614028,520.0,32.53469816945699
25652,26.673278,94.743833,885.0,19.451200005616776
25653,26.673639,94.744139,893.0,21.260377126997216
25654,26.674139,94.74625,907.0,19.310287408745566
25655,26.674306,94.746306,917.0,15.042369244334244
25656,26.678833,95.19475,908.0,21.80140948635181
25657,26.68,94.534661,501.0,24.242444512172103
25658,26.680722,94.639306,184.0,29.51750907883067
25659,26.684139,94.639083,162.0,27.17735741799749
25660,26.686961,94.544,455.0,22.636129876883253
25661,26.688831,94.546019,461.0,21.135527342306382
25662,26.693167,95.17475,700.0,16.723558006484023
25663,26.694917,95.07275,714.0,28.084099366691156
25664,26.695194,94.636194,160.0,17.387333467314576
25665,26.697111,95.077083,700.0,24.16881343581011
25666,26.697833,94.635056,155.0,24.475819581509896
25667,26.698583,94.635167,151.0,16.796238729882134
25668,26.699056,95.079417,754.0,41.65131033076985
25669,26.70069,94.64383,376.0,24.16881343581011
25670,26.701222,94.635083,140.0,14.273571375658685
25671,26.7015,95.079361,742.0,47.637639946274156
25672,26.703194,94.633917,135.0,17.224372940700082
25673,26.706028,95.078361,640.0,19.370844026969944
25674,26.706194,95.110333,1017.0,13.069151942759
25675,26.706389,94.631167,139.0,13.326469949385988
25676,26.70675,94.70475,756.0,25.79602649449995
25677,26.70744,94.70858,758.0,14.036243467926479
25678,26.710611,95.020278,689.0,19.370844026969944
25679,26.711222,95.074222,500.0,23.628423517864427
25680,26.71125,95.016722,727.0,18.64821573021375
25681,26.711639,95.014944,726.0,26.113233272206745
25682,26.712306,95.012583,757.0,30.205466819616653
25683,26.7175,95.03125,628.0,31.244175851188185
25684,26.718556,95.033222,591.0,15.99993592924168
25685,26.719056,94.657528,214.0,10.176527410054078
25686,26.719417,94.660667,211.0,15.845167180271268
25687,26.722722,95.043361,512.0,16.72355800648402
25688,26.723,95.029139,720.0,15.99993592924168
25689,26.724278,95.042833,521.0,15.922779458176539
25690,26.724278,95.042833,521.0,15.922779458176539
25691,26.724639,95.031528,675.0,13.515781057664528
25692,26.724833,95.025861,693.0,26.360054096082706
25693,26.725083,95.023861,674.0,31.7353754997287
25694,26.725444,95.022,644.0,26.56505117707799
25695,26.726667,95.027278,678.0,12.772578169490426
25696,26.727722,95.033056,687.0,22.636129876883253
25697,26.727889,95.040389,575.0,17.775317038209
25698,26.728167,95.029889,706.0,30.77741947322608
25699,26.728556,95.031944,685.0,24.38870074689113
25700,26.728556,95.032306,682.0,28.280269845499703
25701,26.72875,95.031194,678.0,24.242444512172106
25702,26.729972,95.018778,578.0,23.81059263950923
25703,26.730222,95.02025,654.0,33.05825736162379
25704,26.731944,95.018361,574.0,29.08619467351647
25705,26.732306,95.055722,949.0,28.553305000609424
25706,26.747806,95.062,821.0,30.68841605381868
25707,26.749444,94.999444,663.0,4.857533338413092
25708,26.749722,94.827222,621.0,9.73677691573277
25709,26.749972,95.064389,843.0,29.63417437185607
25710,26.750028,95.064417,843.0,29.63417437185607
25711,26.758056,95.11175,926.0,34.543363929709116
25712,26.758306,94.955806,1016.0,37.580432528063426
25713,26.758306,95.112889,944.0,17.775317038209
25714,26.759167,95.110972,918.0,21.31357434104547
25715,26.759389,95.108944,898.0,20.307500221928045
25716,26.760194,95.107778,899.0,16.527811501531776
25717,26.767972,95.087028,1013.0,16.91651608571675
25718,26.768667,95.086222,993.0,28.072486935852957
25719,26.768833,95.086194,992.0,26.43722935718126
25720,26.773583,95.077389,997.0,15.288517970232027
25721,26.773611,95.077611,997.0,15.288517970232027
25722,26.775667,95.072917,1023.0,19.370844026969944
25723,26.775889,95.072694,1020.0,22.684823831912844
25724,26.775944,95.072583,1008.0,17.456590925928477
25725,26.777056,95.069361,1005.0,28.360372759879684
25726,26.777056,95.020361,632.0,22.140679470491683
25727,26.778444,95.069083,981.0,32.35640884426763
25728,26.782472,95.009028,792.0,32.63194030642942
25729,26.784222,95.069944,931.0,18.87922133905067
25730,26.784694,95.072222,889.0,31.244175851188178
25731,26.784806,95.070833,907.0,14.506372352544124
25732,26.785222,95.070556,914.0,19.12710170142385
25733,26.7855,95.071861,865.0,21.611596098722195
25734,26.785722,95.071889,863.0,21.6115960987222
25735,26.786972,95.071222,876.0,38.04757894764742
25736,26.787,95.070083,885.0,37.53490600791177
25737,26.78725,95.068972,852.0,45.53495829376141
25738,26.787333,95.068917,852.0,45.53495829376141
25739,26.78825,95.068361,825.0,16.428860704621638
25740,26.788611,95.068194,819.0,16.723558006484023
25741,26.794056,95.072861,730.0,6.721369339369457
25742,26.794472,95.072722,725.0,11.648634944412734
25743,26.804028,95.003722,696.0,18.130932944052347
25744,26.812389,95.076444,580.0,15.042369244334244
25745,26.813917,95.075667,573.0,16.228736705934203
25746,26.816056,95.074639,554.0,11.348119585994185
25747,26.817417,95.072694,547.0,20.250651404968387
25748,26.81775,95.072917,553.0,17.775317038209
25749,26.818167,95.072417,538.0,20.250651404968387
25750,26.818889,95.072222,526.0,19.787913812706314
25751,26.820528,95.078722,455.0,13.421509132977462
25752,26.820806,95.077889,478.0,23.021526638116164
25753,26.821722,95.078389,443.0,20.80971857959822
25754,26.822139,95.078944,428.0,9.462322208025617
25755,26.824278,95.077,398.0,22.862089144234922
25756,26.824694,95.076889,386.0,27.791305644779218
25757,26.825,95.076778,395.0,21.33126583595921
25758,26.826194,95.075917,373.0,6.379370208442804
25759,26.831417,95.077917,279.0,6.091478002079769
25760,26.831778,95.078028,281.0,5.788832299437198
25761,26.831889,95.077944,280.0,8.582483688827132
25762,26.833889,95.080972,277.0,17.083143246452856
25763,26.834,95.079806,294.0,10.555380466061173
25764,26.834194,95.081639,280.0,4.262693045214654
25765,26.834556,95.081111,289.0,10.759583898850556
25766,26.834778,95.080639,294.0,17.224372940700082
25767,26.834972,95.080528,287.0,18.434948822922014
25768,26.835417,95.080444,279.0,11.795709540896548
25769,26.8365,95.081306,281.0,9.870926939134982
25770,26.840694,95.080333,290.0,24.461332518771652
25771,26.841139,95.079694,280.0,21.954998832237578
25772,26.841222,95.079556,271.0,18.64821573021375
25773,26.841667,95.079333,284.0,9.321835749415003
25774,26.84325,95.080306,273.0,14.24415761739711
25775,26.844028,95.080972,280.0,7.6530487205434135
25776,26.84425,95.080278,270.0,13.421509132977462
25777,26.844389,95.077667,260.0,20.250651404968387
25778,26.845278,95.077167,246.0,15.179705807856672
25779,26.845472,95.077639,254.0,25.267001648248186
25780,26.846139,95.077861,246.0,15.042369244334246
25781,25.7802266,93.936165,907.0,14.066164922222868
25782,25.7746019,93.9148756,669.0,25.88918455713453
25783,25.8817748,94.1887571,1411.0,28.485468456722128
25784,25.8816564,94.1902346,1399.0,28.176705590951745
25785,26.4231373,94.3822611,526.0,35.06054243271615
25786,25.623067,94.114196,1593.0,26.74234155739631
25787,26.4527822,94.375268,258.0,12.53638838286113
25788,26.4219453,94.3854377,798.0,45.48889556927054
25789,26.4242282,94.3924136,853.0,37.99705220207771
25790,26.42608,94.398916,865.0,48.75342639460345
25791,26.017317,94.531348,1815.0,23.021526638116164
25793,25.6125,94.1272,1424.0,15.36952380130432
25795,26.247414,94.819895,1311.0,35.59853666783391
25796,26.111335,94.257114,1413.0,27.5172599283964
25797,26.08945,94.264217,1473.0,14.506372352544124
25798,25.71711111,94.08561111,1361.0,17.5484006137923
25799,25.712031,94.089791,1446.0,22.489134862284537
25800,25.7491204,94.0804548,1262.0,24.591248866909307
25801,25.7179491,94.0917724,1349.0,26.56505117707799
25802,25.770055,93.937873,791.0,26.43722935718126
25803,25.771451,93.907041,631.0,14.302914425322811
25804,25.660913,94.053659,1346.0,36.0407347065913
25805,25.7491204,94.0804548,1262.0,24.591248866909307
25806,25.7179491,94.0917724,1349.0,26.56505117707799
25807,25.770064,93.937891,791.0,26.43722935718126
25808,25.771977,93.905846,614.0,8.049466975528398
25809,25.650352,94.026955,1497.0,29.686933196903503
25810,25.552707,94.161461,1408.0,35.50271196509591
25811,25.611096,94.216757,999.0,28.084099366691156
25812,25.617949,94.207166,907.0,35.121209164599065
25813,25.620164,94.207204,910.0,20.991582376941242
25814,25.627333,94.211735,939.0,27.990970091758022
25815,25.64501,94.032825,1592.0,30.020661922564646
25816,25.645074,94.032741,1592.0,30.020661922564646
25817,25.645633,94.008403,1859.0,14.24415761739711
25818,25.618175,93.919236,1667.0,9.321835749415003
25819,25.618222,93.918397,1665.0,18.64821573021375
25820,25.611284,93.912865,1661.0,33.56563872420532
25821,25.609085,93.90642,1620.0,21.242603631151898
25822,25.605559,93.898552,1577.0,29.51750907883067
25823,25.602682,93.896846,1564.0,31.215386668546028
25824,25.598454,93.897602,1552.0,17.01197993242201
25825,25.77457,94.075897,1348.0,24.634322367669885
25826,25.875167,94.042953,1063.0,35.264389682754654
25827,25.882916,94.036198,1108.0,23.765245108071557
25828,25.884392,94.040381,1094.0,27.238572082130066
25829,25.891043,94.041031,1087.0,36.211442333800804
25830,25.895838,94.044886,1045.0,24.74862531519583
25831,25.903907,94.041235,970.0,43.81463192771418
25832,25.455672,93.737492,1548.0,23.132182561931256
25833,25.459292,93.737054,1525.0,37.97806296315605
25834,25.469296,93.728636,1519.0,35.301859507438905
25835,25.471854,93.726986,1530.0,43.24667654838039
25836,25.472566,93.727307,1531.0,36.733505603395045
25837,25.56335,93.737232,1247.0,24.691575152551952
25838,25.569543,93.736,1209.0,42.552842640583854
25839,25.568534,93.726285,1116.0,35.71570019685384
25840,25.576594,93.78377,1476.0,27.897311656033175
25841,25.569569,93.788068,1528.0,16.228736705934203
25842,25.578244,93.804478,1566.0,30.508958866202807
25843,25.576992,93.809083,1574.0,32.63194030642942
25844,25.576671,93.815779,1612.0,34.218582707648956
25845,25.595898,93.829722,1595.0,18.174763056324142
25846,25.591228,93.851831,1738.0,22.862089144234922
25847,25.590458,93.851498,1733.0,33.83814426542724
25848,25.514327,93.666041,1116.0,23.021526638116164
25849,25.493958,93.657962,1228.0,11.904688112848122
25850,25.493218,93.657921,1237.0,13.069151942759
25855,25.646219,94.0334861,1596.0,34.21858270764895
25856,25.7439067,94.0824993,1262.0,28.91046765839842
25857,25.76305,94.078305,1243.0,15.896959679954522
25858,25.7641421,94.0777917,1255.0,19.310287408745566
25859,25.7641457,94.0781772,1244.0,21.818550314312215
25860,25.67776,94.1390317,1311.0,29.51750907883067
25861,25.6712978,94.1388109,1267.0,17.775317038209
25862,25.6625403,94.1437783,1204.0,15.42324502154344
25863,25.65575291,94.1505873,1152.0,12.04828213833979
25865,25.8549806,94.1569166,1460.0,18.541977963997237
25866,25.72508611,94.07130278,1009.0,6.0172848640320336
25867,25.71775556,94.07246667,1136.0,23.628423517864427
25868,25.66754722,94.08075278,1523.0,17.594079543115168
25869,25.60054167,93.92484444,1844.0,19.188418756936425
25870,25.60711616,93.92787222,1928.0,8.582483688827132
25871,25.60688056,93.92055833,1718.0,33.927980154144706
25872,25.61061111,93.92184722,1681.0,36.815480279408405
25873,25.61285278,93.92066111,1684.0,24.8479801794304
25874,25.77309444,93.91229167,661.0,18.96231828867539
25875,25.77308611,93.91128889,650.0,21.818550314312215
25876,25.77178333,93.90760556,627.0,24.16881343581011
25883,25.6721,94.231075,938.0,28.176705590951745
25884,25.67186944,94.23065278,928.0,23.97577371272972
25885,25.67291111,94.23135278,968.0,24.359555875506427
25886,25.66874167,94.22856389,890.0,15.42324502154344
25887,25.67009167,94.22525278,874.0,22.668609279892422
25888,25.66883889,94.21054444,784.0,27.990970091758022
25892,25.65852222,94.12213056,1269.0,21.18915910142139
25893,25.65253889,94.11867222,1364.0,21.31357434104547
25894,25.65137778,94.12166667,1234.0,31.12871688801731
25895,25.77368056,94.03548611,613.0,31.576393336997814
25896,25.77601111,94.03071389,581.0,25.016893478100023
25897,25.79148889,94.01525556,548.0,23.750100573474086
25898,25.79835556,94.00099444,501.0,18.174763056324142
25899,25.79595,93.99585278,506.0,31.7353754997287
25900,25.795875,93.99373611,502.0,22.684823831912844
25901,25.79464167,93.99172222,524.0,33.02386755579665
25902,25.80414722,93.98611389,502.0,23.97577371272972
25903,25.60902222,94.12846944,1559.0,23.765245108071557
25904,25.52246944,94.19153333,1197.0,12.604382648379184
25905,25.87653333,94.13359167,1227.0,22.373844274024943
25906,25.75056944,94.08058889,1263.0,19.689673297252913
25907,25.85442778,94.15844444,1532.0,32.490306531189724
25908,25.857991,94.159346,1489.0,41.46029301668304
25909,25.472137,94.151037,1550.0,17.083143246452856
25910,25.481594,94.141694,1699.0,18.130932944052347
25911,25.52036,94.1311201,1723.0,16.228736705934203
25912,25.52164,94.13426,1729.0,21.680889149080844
25913,25.52426,94.1365,1723.0,19.370844026969944
25914,25.525094,94.135798,1716.0,14.066164922222868
25915,25.538422,94.136039,1693.0,21.31357434104547
25916,25.5651,94.1390034,1669.0,19.74869565807571
25917,25.6032619,94.1122188,1620.0,30.133843411422752
25918,25.62154,94.1122,1728.0,25.486125594093767
25919,25.6291966,94.10177,1495.0,32.401162502089626
25920,25.6387,94.10979,1475.0,24.591248866909307
25921,25.648759,94.10616,1558.0,17.66231893216494
25922,25.6609,94.0536,1346.0,36.0407347065913
25923,26.45278,94.37526,258.0,12.53638838286113
25924,26.423137,94.382261,526.0,35.06054243271615
25925,26.42186,94.3852,767.0,42.97485685199571
25926,26.425346,94.387013,776.0,23.765245108071557
25927,26.383648,94.440751,994.0,12.638224684699054
25928,26.384347,94.443397,955.0,19.290046219188735
25929,26.387181,94.444132,936.0,23.674161365449706
25930,26.379798,94.450751,896.0,19.370844026969944
25941,25.72075,94.50163889,1152.0,28.037600489728426
25942,25.71711111,94.08561111,1361.0,17.5484006137923
25943,25.66772222,94.08908333,1338.0,17.456590925928477
25944,25.69172222,94.10319444,1355.0,14.931417178137552
25945,25.68077778,94.10619444,1409.0,18.87922133905067
25946,25.68616667,94.04130556,998.0,21.835672195716146
25947,25.69422222,94.04538889,998.0,17.29444852858009
25948,25.69422222,94.04538889,998.0,17.29444852858009
25949,25.70247222,94.04666667,1000.0,17.842681707487124
25950,25.70497778,94.044275,986.0,27.791305644779218
25951,25.70994444,94.04122222,995.0,3.016961309815993
25952,25.71316667,94.03863889,981.0,21.869859308909426
25953,25.72088889,94.04036111,965.0,22.862089144234922
25954,25.72516111,94.03246944,976.0,15.179705807856672
25955,25.73277778,94.02216667,1037.0,24.286461463040197
25956,25.73277778,94.02216667,1037.0,24.286461463040197
25957,25.73433333,94.01708333,983.0,10.21937711459359
25958,25.73683333,94.00586111,963.0,7.653048720543413
25959,25.68176111,94.06811944,1161.0,26.126317264569018
25960,26.27647222,94.13175,480.0,26.74234155739631
25961,26.07256,93.928,130.0,1.3502244696996157
25962,25.78180556,93.80180556,259.0,27.372447043216628
25963,26.10694722,94.25328889,1374.0,7.416536974278209
25964,26.09660278,94.368725,635.0,20.82800310374709
25965,26.09686389,94.36771667,636.0,21.260377126997213
25966,26.73052778,94.83911111,301.0,23.021526638116164
25968,25.68866667,94.09733333,1382.0,11.904688112848122
25969,26.00197222,94.18366667,1328.0,11.499465999742787
25970,26.22633333,94.81302778,1676.0,14.506372352544124
25971,26.22480556,94.81236111,1750.0,18.96231828867539
25972,26.26336111,94.81563889,1298.0,15.845167180271268
25973,26.18302778,94.81619444,1949.0,13.421509132977462
25974,26.28908333,94.61005556,983.0,18.96231828867539
25975,25.68002778,94.07266667,1265.0,19.471220634490695
25976,25.67005556,94.113,1350.0,13.03657849691309
25977,25.68436111,94.20497222,919.0,29.549408596501117
25978,25.68133333,94.20877778,818.0,12.04828213833979
25979,25.67275,94.21136111,792.0,12.225122675735754
25980,25.66666667,94.19602778,1079.0,17.224372940700082
25981,25.687815,94.0474583,1026.0,21.869859308909426
25982,26.36245,94.562862,1409.0,4.262693045214654
25983,26.015488,94.535665,1639.0,34.34609740006152
25984,26.074645,94.423373,933.0,36.733505603395045
25985,26.098268,94.392683,575.0,17.5484006137923
25986,26.109352,94.387308,352.0,11.648634944412734
25987,26.1085,94.386342,372.0,29.506862217331054
25988,26.084065,94.398745,765.0,7.825525624597575
25990,26.003224,94.611549,2066.0,34.999648077881965
25995,26.038755,94.63616,1999.0,27.226347381898258
26003,26.037575,94.589138,1234.0,33.46541063428238
26004,26.036262,94.591057,1301.0,32.98940559251087
26007,25.552544,93.732253,1262.0,20.991582376941242
26008,25.89751,94.463135,1887.0,30.051606490707
26009,25.916527,94.461248,1769.0,34.74601766541864
26010,25.924744,94.454833,1637.0,21.680889149080844
26011,25.85973,94.425459,1776.0,37.00513608621634
26012,25.840229,94.435067,1758.0,21.611596098722195
26013,25.924954,94.458712,1679.0,40.91962585655175
26014,25.914367,94.458981,1645.0,40.499818214844055
26015,25.856018,94.427396,1762.0,34.090063875331914
26016,25.84021,94.435083,1758.0,21.611596098722195
26017,25.871453,94.450788,1633.0,32.11261530059655
26018,25.860335,94.450277,1681.0,28.037600489728426
26019,25.822859,94.397974,1821.0,21.045720884075834
26020,25.824038,94.397945,1859.0,34.60598807399335
26021,25.80344,94.399158,1803.0,24.15404655313558
26022,25.926408,94.469758,1757.0,42.749108647694875
26023,25.809925,94.398172,1804.0,29.08619467351647
26024,25.811395,94.401171,1818.0,49.825027049188236
26025,25.814013,94.402921,1848.0,42.99770029709786
26026,25.824828,94.397388,1840.0,44.714681750739786
26027,25.840342,94.435119,1758.0,21.611596098722195
26032,25.60512,93.706701,544.0,12.604382648379184
26033,25.568372,93.733314,1186.0,26.269553396535294
26034,25.566242,93.716698,992.0,21.55942138371082
26036,25.675017,94.229397,957.0,21.045720884075834
26037,25.655776,94.233288,1186.0,33.02386755579665
26038,25.65119,94.234544,1207.0,35.74485877621931
26039,25.671439,94.225017,861.0,23.397741000263863
26040,26.114159,94.338471,990.0,31.311156133255537
26041,26.114227,94.338333,990.0,31.311156133255537
26042,25.840228,94.15148,1418.0,30.05160649070701
26043,25.875007,94.17886,1461.0,31.91126736185209
26044,26.507639,94.688222,422.0,12.604382648379184
26045,26.509718,94.68195,494.0,20.07880037349212
26046,26.526817,94.675462,698.0,26.767512858834905
26047,25.570159,94.253552,1854.0,27.55326483492445
26052,27.08275,88.434778,340.0,24.15404655313558
26053,27.084222,88.446083,274.0,41.50070806498084
26054,27.084722,88.443833,278.0,28.257311688503773
26055,27.087667,88.416528,276.0,36.699225200489884
26056,27.090083,88.413139,293.0,23.628423517864427
26057,27.090944,88.406833,290.0,25.5133092609215
26058,27.093278,88.457444,302.0,23.490416068641593
26059,27.096444,88.433375,887.0,30.856133351956277
26060,27.097833,88.3785,291.0,33.02386755579665
26061,27.098417,88.400167,684.0,23.428692808745406
26062,27.101083,88.3615,345.0,50.19714643182018
26063,27.101083,88.400417,788.0,21.47206914335925
26064,27.101111,88.403333,805.0,29.63417437185607
26065,27.101194,88.394611,629.0,31.119058788415003
26066,27.102,88.458667,433.0,25.34952033151192
26067,27.1025,88.400778,848.0,30.20546681961666
26068,27.102639,88.394639,643.0,29.85463927845754
26069,27.102944,88.404667,922.0,26.577778623734837
26070,27.103111,88.402722,913.0,25.197913740371355
26071,27.105972,88.444556,780.0,26.113233272206745
26072,27.106694,88.449389,777.0,27.755818170577996
26073,27.106944,88.43375,856.0,36.232654007001685
26074,27.107417,88.363139,488.0,25.8493248967401
26075,27.110583,88.340472,324.0,44.04599038315498
26076,27.1205,88.152722,1233.0,24.38870074689113
26077,27.121444,88.153417,1291.0,29.260073022738787
26078,27.1215,88.142222,1245.0,37.81892671564865
26079,27.121611,88.237,473.0,39.260731733474245
26080,27.121611,88.145528,1127.0,32.38327563166962
26081,27.121917,88.139472,1256.0,36.62354905164433
26082,27.122,88.139889,1291.0,31.215386668546028
26083,27.122472,88.227611,463.0,28.072486935852957
26084,27.122611,88.343389,897.0,30.103052462896233
26085,27.123833,88.225333,463.0,41.46029301668304
26086,27.123889,88.319778,408.0,29.205932247399417
26087,27.124556,88.139778,1376.0,32.9548711795407
26088,27.124778,88.445083,637.0,39.04326226960053
26089,27.125528,88.384556,1330.0,21.33126583595921
26090,27.125861,88.14275,1528.0,21.045720884075834
26091,27.126306,88.378667,1128.0,46.763601218656866
26092,27.126444,88.340444,1052.0,28.280269845499703
26093,27.126472,88.31675,354.0,39.10233716664201
26094,27.127194,88.308306,331.0,36.15474073941196
26095,27.12825,88.292194,373.0,38.954229164888794
26096,27.128333,88.148833,1542.0,41.13303653516923
26097,27.128694,88.442778,646.0,33.32236342654518
26098,27.128694,88.141639,1566.0,34.37782091784768
26099,27.128972,88.262111,408.0,33.46541063428238
26100,27.129,88.441361,643.0,18.64821573021375
26101,27.129861,88.266222,396.0,49.47072922002541
26102,27.130056,88.412944,1731.0,24.359555875506427
26103,27.130444,88.340222,1170.0,27.62503917921715
26104,27.131444,88.386,1547.0,33.296989754761654
26105,27.131528,88.384417,1610.0,25.8493248967401
26106,27.133556,88.39475,1665.0,27.62503917921715
26107,27.133583,88.404583,1820.0,37.76766348645775
26108,27.133722,88.390833,1644.0,39.04326226960053
26109,27.133806,88.342778,1199.0,25.14243049054343
26110,27.134306,88.370528,1116.0,28.084099366691156
26111,27.134389,88.40425,1809.0,23.021526638116164
26112,27.135833,88.391111,1807.0,32.667159071642764
26113,27.137667,88.342694,1215.0,41.02410199989886
26114,27.137694,88.401556,1849.0,47.42177953109313
26115,27.139944,88.368167,1187.0,32.10351627298505
26116,27.140889,88.368222,1244.0,37.07903201684691
26117,27.141,88.211194,676.0,27.944207405422542
26118,27.141944,88.180222,836.0,25.91570359318582
26119,27.142028,88.172139,781.0,34.49623729009093
26120,27.143556,88.373083,1272.0,20.532771786488425
26121,27.144056,88.127361,2315.0,22.636129876883253
26122,27.144167,88.311083,1160.0,37.08573289536603
26123,27.145056,88.370778,1265.0,34.21057985417024
26124,27.145444,88.305694,1135.0,21.18915910142139
26125,27.149722,88.348333,1408.0,43.47384935093249
26126,27.149889,88.096861,2297.0,25.14243049054343
26127,27.149972,88.184222,1082.0,28.280269845499703
26128,27.150778,88.4385,1197.0,33.993006686150665
26129,27.151028,88.309889,1211.0,22.8781056322946
26130,27.152722,88.190833,1053.0,15.179705807856672
26131,27.152861,88.390361,1229.0,33.46541063428238
26132,27.153083,88.412056,1581.0,37.79331583229016
26133,27.153306,88.3135,1225.0,28.405971880095237
26134,27.153444,88.095639,2280.0,29.260073022738787
26135,27.153528,88.494389,1099.0,32.772365143142935
26136,27.15425,88.500333,998.0,30.25643716352927
26137,27.1545,88.275667,755.0,30.856133351956277
26138,27.154722,88.443056,1375.0,33.862693945765855
26139,27.154889,88.493194,1104.0,36.657991622615484
26140,27.155028,88.319556,1397.0,31.244175851188178
26141,27.155306,88.390278,1198.0,41.49566207886726
26142,27.15625,88.430722,1453.0,37.14591448999934
26143,27.156806,88.5225,601.0,37.14591448999934
26144,27.156944,88.230778,1485.0,27.990970091758022
26145,27.157056,88.512778,738.0,22.61986494804043
26146,27.157361,88.171667,1463.0,24.242444512172103
26147,27.157694,88.306806,854.0,26.008181915695513
26148,27.157694,88.522194,598.0,31.244175851188178
26149,27.157694,88.092833,2250.0,18.130932944052347
26150,27.157806,88.230306,1494.0,21.31357434104547
26151,27.157861,88.090194,2181.0,23.021526638116164
26152,27.158,88.347972,1390.0,34.15444974731139
26153,27.158056,88.141528,2021.0,32.53469816945699
26154,27.158111,88.491722,1102.0,31.51991437453672
26155,27.158111,88.512472,805.0,27.017123217850244
26156,27.158139,88.344806,1361.0,32.10351627298505
26157,27.158222,88.34325,1335.0,44.29881487544896
26158,27.158222,88.100361,2426.0,26.880307851328986
26159,27.158361,88.521833,596.0,35.65722463378061
26160,27.158417,88.420139,1594.0,27.372447043216628
26161,27.158583,88.466306,1190.0,33.590600231227405
26162,27.158944,88.427111,1586.0,39.190532590075605
26163,27.158972,88.514611,817.0,28.485468456722128
26164,27.158972,88.090944,2192.0,33.69006752597979
26165,27.159194,88.444361,1312.0,36.69922520048988
26166,27.159361,88.09225,2228.0,26.20460176321736
26167,27.159472,88.300028,640.0,24.242444512172106
26168,27.159639,88.318889,1342.0,25.267001648248186
26169,27.159972,88.379083,1256.0,28.485468456722128
26170,27.160056,88.423028,1553.0,41.53094871022609
26171,27.160056,88.091806,2177.0,37.7869066377512
26172,27.160194,88.415056,1552.0,28.987578250072634
26173,27.160444,88.512472,908.0,22.090258704050036
26174,27.160722,88.505889,1051.0,27.372447043216628
26175,27.161,88.094306,2159.0,26.437229357181263
26176,27.161306,88.512944,895.0,26.91773442777563
26177,27.161444,88.410556,1569.0,33.296989754761654
26178,27.161917,88.509639,1023.0,23.750100573474086
26179,27.162111,88.491444,1129.0,22.684823831912844
26180,27.162194,88.510611,1001.0,27.897311656033175
26181,27.16275,88.383306,1539.0,31.51991437453672
26182,27.162778,88.413222,1549.0,28.118887671283172
26183,27.162781,88.484864,1160.0,26.217612768234883
26184,27.163472,88.143083,2073.0,16.051123667414398
26185,27.163556,88.458833,1478.0,31.698105479809307
26186,27.16375,88.406417,1563.0,18.520635899770767
26187,27.163861,88.462306,1512.0,18.370345512861498
26188,27.163861,88.52,561.0,30.588958163975438
26189,27.163861,88.141361,2149.0,19.630414815023528
26190,27.164472,88.213889,1415.0,41.18463738471523
26191,27.1645,88.228444,1421.0,28.987578250072634
26192,27.164528,88.348472,1099.0,26.113233272206745
26193,27.165,88.444444,1380.0,31.993934384330498
26194,27.165278,88.348528,1088.0,29.85463927845754
26195,27.165333,88.162028,1217.0,17.66231893216494
26196,27.165528,88.496556,1252.0,30.528995003825997
26197,27.165586,88.488511,1243.0,28.485468456722128
26198,27.165833,88.436667,1535.0,39.44639778779632
26199,27.166278,88.144333,2039.0,36.147638969088355
26200,27.166528,88.401333,1517.0,20.991582376941242
26201,27.166611,88.417528,1799.0,26.113233272206745
26202,27.167611,88.348889,1102.0,29.549408596501117
26203,27.167972,88.224778,1459.0,32.03054267172445
26204,27.168167,88.384556,1526.0,35.32429987761792
26205,27.169028,88.486333,1237.0,36.317221955587435
26206,27.169472,88.363778,1532.0,37.45655576127969
26207,27.169583,88.462361,1659.0,25.197913740371355
26208,27.170833,88.086361,2364.0,17.775317038209
26209,27.171083,88.245417,1132.0,30.498931686310716
26210,27.171139,88.354611,1235.0,19.370844026969944
26211,27.171639,88.159333,1401.0,18.305448954250746
26212,27.171833,88.160861,1356.0,27.238572082130066
26213,27.172083,88.090333,2327.0,16.91651608571675
26214,27.172228,88.372,1663.0,23.132182561931256
26215,27.172333,88.381444,1600.0,33.33081260166977
26216,27.172444,88.386972,1771.0,45.392449120640315
26217,27.172444,88.089528,2340.0,34.49623729009093
26218,27.173861,88.092111,2334.0,14.931417178137552
26219,27.173917,88.38525,1727.0,54.012102908863056
26220,27.174389,88.452028,1538.0,30.498931686310716
26221,27.175,88.385028,1755.0,17.594079543115168
26222,27.175778,88.402417,1942.0,29.118936488427924
26223,27.176,88.429556,1623.0,36.232654007001685
26224,27.176944,88.402056,1926.0,32.9548711795407
26225,27.177056,88.402611,1970.0,34.846405699136405
26226,27.177167,88.369611,1574.0,25.955401413885546
26227,27.178111,88.430556,1624.0,30.378128880975513
26228,27.178889,88.533097,370.0,42.09430109320842
26229,27.179278,88.190972,1969.0,18.87922133905067
26230,27.179639,88.519778,332.0,43.01138946691588
26231,27.180417,88.51025,394.0,38.32262251890178
26232,27.180528,88.518611,327.0,41.90884788180327
26233,27.181167,88.192028,1956.0,21.954998832237578
26234,27.181222,88.309528,452.0,42.2822816266301
26235,27.18175,88.395778,1881.0,43.917911186611704
26236,27.182111,88.508,415.0,50.46338608537458
26237,27.185944,88.197944,1744.0,28.888369805687372
26238,27.185972,88.205833,1694.0,27.32389130134654
26239,27.186361,88.320417,458.0,32.667159071642764
26240,27.186611,88.206278,1671.0,27.33604368814356
26241,27.18815,88.562083,443.0,32.11261530059655
26242,27.188528,88.501194,394.0,31.138369345567487
26243,27.189222,88.391056,1883.0,28.25731168850377
26244,27.189261,88.595686,443.0,29.421439641486938
26245,27.19,88.564472,573.0,36.59594159662962
26246,27.190067,88.596483,458.0,37.00513608621634
26247,27.190833,88.596889,467.0,44.91219635533748
26248,27.191639,88.325861,479.0,31.809663934881115
26249,27.191917,88.2885,1272.0,26.008181915695513
26250,27.192989,88.603083,484.0,29.88589573021274
26251,27.193794,88.650528,1131.0,33.22063240830351
26252,27.194333,88.388889,1761.0,27.565248984490395
26253,27.195083,88.631992,575.0,28.82189836411544
26254,27.195511,88.6342,563.0,29.260073022738787
26255,27.195703,88.625444,555.0,45.0039783210455
26256,27.195722,88.387472,1697.0,28.855167513744334
26257,27.197111,88.208722,1862.0,33.573963453775406
26258,27.197417,88.4905,388.0,45.0
26259,27.198856,88.638725,588.0,26.539566558618308
26260,27.198928,88.66095,1045.0,39.85620904397488
26261,27.199028,88.350417,1158.0,36.36634852599243
26262,27.199722,88.641633,625.0,45.99865416897659
26263,27.200389,88.3545,1112.0,38.882636036728115
26264,27.200861,88.340861,995.0,21.55942138371082
26265,27.201278,88.665381,1008.0,29.260073022738787
26266,27.20175,88.268194,1138.0,32.11261530059655
26267,27.201875,88.667278,988.0,36.055029684428945
26268,27.202417,88.391583,1655.0,25.5133092609215
26269,27.202433,88.656708,747.0,42.41580120815348
26270,27.203167,88.588667,1279.0,34.999648077881965
26271,27.203194,88.600278,980.0,31.809663934881115
26272,27.203869,88.658333,729.0,22.090258704050036
26273,27.204556,88.647222,662.0,48.41865463865596
26274,27.204694,88.32375,448.0,27.5172599283964
26275,27.205,88.591722,1217.0,43.460582897336074
26276,27.205,88.442122,1299.0,30.68841605381868
26277,27.205047,88.689053,745.0,5.788832299437198
26278,27.206611,88.442814,1315.0,35.88986674043215
26279,27.206653,88.679953,749.0,35.181649870682044
26280,27.206917,88.323278,455.0,25.14243049054343
26281,27.207039,88.446667,1321.0,40.89864449779443
26282,27.207264,88.672817,739.0,28.82189836411544
26283,27.207606,88.676047,725.0,31.576393336997814
26284,27.20825,88.387667,1604.0,24.15404655313558
26285,27.2115,88.58775,1416.0,41.24632815095766
26286,27.212222,88.587889,1399.0,36.87668681517018
26287,27.212583,88.399333,2019.0,37.990724989171014
26288,27.21275,88.391444,1555.0,41.02410199989886
26289,27.213556,88.321833,472.0,28.987578250072634
26290,27.214222,88.608361,807.0,16.72355800648402
26291,27.214639,88.392417,1548.0,31.012445448807313
26292,27.214806,88.588083,1446.0,25.253207609369632
26293,27.215056,88.393306,1562.0,35.795759914707084
26294,27.21525,88.402278,2026.0,21.6115960987222
26295,27.216361,88.199667,1946.0,37.61935164481234
26296,27.216639,88.392361,1566.0,33.927980154144706
26297,27.216722,88.274639,1265.0,30.25643716352927
26298,27.217278,88.236944,1170.0,19.451200005616776
26299,27.217667,88.233472,1203.0,29.917093225401345
26300,27.217667,88.234639,1196.0,30.103052462896233
26301,27.218278,88.232472,1241.0,41.50070806498084
26302,27.21875,88.233694,1284.0,32.31153323742385
26303,27.219444,88.391111,1577.0,26.113233272206745
26304,27.219444,88.234361,1286.0,23.021526638116164
26305,27.2195,88.210222,1797.0,28.462794189425193
26306,27.219917,88.276306,1540.0,36.491988188351336
26307,27.220306,88.261861,1608.0,35.88986674043215
26308,27.220472,88.281028,1432.0,30.528995003825997
26309,27.22075,88.699833,1137.0,46.42598860676971
26310,27.220778,88.279917,1517.0,42.59980784178263
26311,27.220806,88.237361,1297.0,22.61986494804043
26312,27.220861,88.657111,1166.0,43.3896255946841
26313,27.220889,88.652278,1004.0,21.47206914335925
26314,27.220917,88.385083,1582.0,35.88986674043215
26315,27.220972,88.397639,2033.0,31.80039615270397
26316,27.221444,88.376167,1632.0,41.46029301668304
26317,27.2215,88.370667,1791.0,30.010334187691758
26318,27.221778,88.390861,1589.0,18.520635899770767
26319,27.222917,88.281972,1506.0,23.628423517864423
26320,27.223833,88.491833,362.0,31.576393336997814
26321,27.224778,88.372083,2029.0,39.260731733474245
26322,27.225083,88.373333,2001.0,29.205932247399417
26323,27.225556,88.240333,1572.0,28.485468456722128
26324,27.22575,88.49325,379.0,43.77571318439088
26325,27.226556,88.308861,658.0,41.71610812239341
26326,27.2275,88.220278,1774.0,35.88986674043215
26327,27.227528,88.219639,1785.0,35.03012380867594
26328,27.228556,88.493889,357.0,25.8493248967401
26329,27.229417,88.378444,2042.0,37.35807189461179
26330,27.22975,88.619361,1196.0,33.69006752597979
26331,27.230583,88.306056,715.0,36.62354905164433
26332,27.232639,88.378417,2123.0,24.15404655313558
26333,27.233194,88.246361,1538.0,23.674161365449706
26334,27.233389,88.5015,390.0,22.07341542334565
26335,27.233417,88.634806,1493.0,33.44025753518539
26336,27.233667,88.348389,1908.0,32.06706985148497
26337,27.235694,88.6025,1217.0,33.490525189983416
26338,27.23575,88.602389,1233.0,31.966424730373205
26339,27.23575,88.506472,429.0,40.48903942786149
26340,27.23575,88.507972,390.0,23.88588673441924
26341,27.235778,88.506306,429.0,40.48903942786149
26342,27.235861,88.433167,1207.0,24.461332518771652
26343,27.235917,88.645167,1436.0,47.069172110165034
26344,27.236361,88.50875,420.0,27.5172599283964
26345,27.236583,88.509611,426.0,32.78110200943605
26346,27.236889,88.235917,1569.0,42.03111377419729
26347,27.237694,88.598806,1212.0,17.66231893216494
26348,27.23772,88.51384,434.0,36.62354905164433
26349,27.237889,88.346444,1582.0,23.56723462203258
26350,27.237917,88.30475,852.0,29.260073022738787
26351,27.238111,88.601528,1216.0,8.47871314708616
26352,27.23924,88.48416,378.0,32.754877470959904
26353,27.239972,88.332778,1298.0,18.64821573021375
26354,27.240028,88.486472,380.0,38.44607343064101
26355,27.240194,88.486278,399.0,35.71570019685384
26356,27.240389,88.234028,1623.0,26.628589703310887
26357,27.240556,88.48025,384.0,40.36997076821638
26358,27.240639,88.306056,963.0,41.4754613018093
26359,27.240861,88.486278,424.0,34.815583037866574
26360,27.241333,88.233972,1651.0,45.508106539373166
26361,27.24144,88.60681,1379.0,21.47206914335925
26362,27.242139,88.327389,1317.0,29.205932247399417
26363,27.242917,88.354417,1610.0,37.08573289536603
26364,27.243806,88.2725,1626.0,26.628589703310887
26365,27.244056,88.348056,1568.0,45.638055727390835
26366,27.244472,88.350472,1598.0,53.02652691285858
26367,27.245028,88.524389,467.0,37.88914385520827
26368,27.245028,88.226861,1745.0,21.045720884075834
26369,27.245139,88.524444,481.0,31.501045034844353
26370,27.245972,88.185278,1727.0,23.021526638116164
26371,27.246056,88.62575,1457.0,30.246255653454714
26372,27.246194,88.625694,1452.0,28.084099366691156
26373,27.246944,88.184833,1639.0,36.83590849508688
26374,27.247111,88.225222,1664.0,34.907876215342675
26375,27.248583,88.117444,2009.0,34.62941016850345
26376,27.248833,88.117194,2019.0,29.421439641486938
26377,27.25,88.301889,536.0,36.28203936315455
26378,27.250556,88.53325,500.0,31.434832006995155
26379,27.250889,88.715444,1225.0,35.63524161504921
26380,27.250972,88.659833,1423.0,23.750100573474086
26381,27.251417,88.3845,2054.0,16.527811501531776
26382,27.251639,88.531361,523.0,14.066164922222868
26383,27.251722,88.182972,1438.0,26.56505117707799
26384,27.252139,88.176944,1288.0,32.11261530059655
26385,27.252167,88.272778,1477.0,18.64821573021375
26386,27.252667,88.694194,1456.0,29.260073022738787
26387,27.253528,88.786111,3140.0,23.273326481355983
26388,27.253889,88.210028,1406.0,35.45087793804301
26389,27.254222,88.3005,566.0,24.38870074689113
26390,27.254389,88.145306,1478.0,22.684823831912844
26391,27.25475,88.711,1033.0,50.93630379203112
26392,27.254778,88.542444,635.0,40.51058943733277
26393,27.254917,88.390889,1800.0,30.856133351956277
26394,27.255167,88.396944,1591.0,25.156319133694215
26395,27.255278,88.543611,621.0,43.745371274016456
26396,27.255389,88.388944,1863.0,26.539566558618308
26397,27.255861,88.156139,1535.0,34.472622749576175
26398,27.256,88.706167,1161.0,28.30319610038818
26399,27.256556,88.148722,1569.0,33.89536963300801
26400,27.25675,88.148611,1569.0,33.89536963300801
26401,27.25677,88.55359,698.0,37.86364636173037
26402,27.257083,88.65975,1642.0,23.97577371272972
26403,27.257083,88.696583,1401.0,21.33126583595921
26404,27.257139,88.697556,1390.0,25.635076100950123
26405,27.257194,88.305444,661.0,31.434832006995155
26406,27.257361,88.165333,1502.0,28.30319610038818
26407,27.257417,88.418889,859.0,34.35403406736099
26408,27.257972,88.548861,641.0,40.07374412075692
26409,27.258222,88.704778,1216.0,10.999158271052183
26410,27.258306,88.245306,1142.0,32.38327563166962
26411,27.258389,88.246611,1141.0,31.244175851188185
26412,27.258556,88.147028,1548.0,25.79602649449995
26413,27.258778,88.202639,1256.0,29.08619467351647
26414,27.258889,88.145611,1531.0,29.85463927845754
26415,27.259306,88.423028,828.0,37.53490600791177
26416,27.259694,88.550417,643.0,31.670097621922785
26417,27.259722,88.248972,1125.0,22.489134862284537
26418,27.259833,88.711722,1109.0,43.60147763828204
26419,27.26,88.381361,1540.0,32.38327563166962
26420,27.260167,88.171889,1312.0,38.70825624807791
26421,27.260194,88.302417,582.0,34.49623729009093
26422,27.260861,88.233278,1170.0,27.432940772267944
26423,27.2615,88.788778,3366.0,46.061559688462445
26424,27.26175,88.2945,597.0,34.815583037866574
26425,27.261778,88.197194,1368.0,41.50070806498084
26426,27.262056,88.4305,637.0,30.17480904438851
26427,27.262583,88.562389,655.0,26.628589703310887
26428,27.263194,88.377139,1576.0,30.103052462896233
26429,27.263278,88.786667,3372.0,44.58421357738302
26430,27.264361,88.558389,636.0,33.797146076019644
26431,27.264694,88.792667,3589.0,42.73982112121029
26432,27.26525,88.789556,3567.0,30.41849461159642
26433,27.265389,88.788278,3521.0,31.576393336997814
26434,27.265944,88.534556,1166.0,36.42929126949838
26435,27.268944,88.2875,587.0,48.24335574069361
26436,27.269556,88.137861,1523.0,30.856133351956277
26437,27.269778,88.144278,1478.0,37.24571514151944
26438,27.269861,88.178139,1312.0,41.74095647676569
26439,27.269917,88.077111,2042.0,33.797146076019644
26440,27.27,88.179944,1328.0,35.810273662543636
26441,27.270056,88.430139,479.0,36.89703704231115
26442,27.270056,88.174444,1337.0,28.072486935852957
26443,27.270667,88.142056,1461.0,38.04757894764742
26444,27.27075,88.167417,1366.0,28.665750219765908
26445,27.271583,88.430389,505.0,33.32236342654518
26446,27.272056,88.394139,1021.0,31.993934384330498
26447,27.273083,88.389528,1224.0,40.58577698788522
26448,27.27325,88.303417,1307.0,40.19511744351121
26449,27.273861,88.398722,960.0,37.11250830386473
26450,27.2755,88.308056,1571.0,38.48905350894504
26451,27.27575,88.084972,2074.0,44.41945180067744
26452,27.275917,88.254278,1100.0,20.846265656650555
26453,27.276167,88.398722,894.0,30.61885839795703
26454,27.279889,88.436472,571.0,40.77214745945523
26455,27.279972,88.804278,3691.0,37.05891248302156
26456,27.279972,88.186917,1737.0,30.82665955230447
26457,27.280667,88.190861,1564.0,42.325328773309415
26458,27.280889,88.084333,2381.0,28.462794189425193
26459,27.281028,88.227667,1290.0,23.428692808745403
26460,27.281444,88.187833,1746.0,33.3982497427651
26461,27.281611,88.229556,1283.0,40.41337530810542
26462,27.282,88.415028,1380.0,46.12050877888997
26463,27.282444,88.598917,828.0,16.051123667414398
26464,27.282667,88.108278,1611.0,16.69924423399362
26465,27.282917,88.189556,1752.0,34.99964807788197
26466,27.283194,88.106667,1591.0,30.61885839795703
26467,27.283444,88.192639,1686.0,25.915703593185818
26468,27.283639,88.189944,1748.0,37.61287174736844
26469,27.28408,88.54611,1530.0,25.91570359318582
26470,27.284139,88.264889,1049.0,33.89536963300801
26471,27.28425,88.370056,1939.0,32.57012547147068
26472,27.284528,88.195583,1725.0,36.26089278326507
26473,27.28475,88.106194,1610.0,12.604382648379184
26474,27.285,88.197583,1770.0,26.67924362098057
26475,27.287194,88.369444,1949.0,30.568994594623476
26476,27.287361,88.102611,1710.0,41.53094871022609
26477,27.288167,88.102778,1751.0,40.70318870066343
26478,27.288444,88.102667,1771.0,41.49566207886726
26479,27.288667,88.816111,3768.0,18.434948822922014
26480,27.289861,88.084389,2079.0,30.498931686310716
26481,27.292583,88.820417,3786.0,6.853224835121291
26482,27.292944,88.589417,851.0,11.499465999742787
26483,27.293417,88.294917,744.0,48.652955246094514
26484,27.293556,88.642056,1454.0,33.821757317608586
26485,27.294889,88.079944,2067.0,27.565248984490395
26486,27.29525,88.102694,1952.0,14.763132623631552
26487,27.295444,88.094583,2097.0,41.169175500993006
26488,27.296028,88.10175,2001.0,17.083143246452856
26489,27.297139,88.388472,1511.0,23.765245108071557
26490,27.29975,88.419778,1330.0,26.360054096082706
26491,27.301972,88.218778,1798.0,36.43626970061044
26492,27.302861,88.373944,1777.0,34.46474362464782
26493,27.303083,88.433167,890.0,29.020515817031367
26494,27.304028,88.178806,1610.0,20.307500221928045
26495,27.30675,88.199083,1632.0,31.993934384330498
26496,27.306806,88.375194,1607.0,38.69010577379569
26497,27.306861,88.368444,1954.0,25.955401413885546
26498,27.311667,88.418611,1229.0,24.862123938667224
26499,27.313722,88.189917,1294.0,43.81463192771418
26500,27.313917,88.557583,1275.0,24.862123938667224
26501,27.3145,88.8365,4088.0,28.25731168850377
26502,27.314694,88.417917,1210.0,24.15404655313558
26503,27.315028,88.558139,1237.0,18.62703081108459
26504,27.315028,88.558611,1233.0,26.842795672040804
26505,27.315083,88.506056,1476.0,17.842681707487124
26506,27.315778,88.178944,1518.0,23.765245108071557
26507,27.316,88.559889,1255.0,21.971970836813973
26508,27.316583,88.178917,1559.0,30.82665955230447
26509,27.316944,88.560056,1271.0,21.135527342306382
26510,27.317083,88.178556,1587.0,37.16592466590954
26511,27.317417,88.182861,1390.0,25.363232718381973
26512,27.31892,88.16222,1427.0,15.179705807856672
26513,27.320111,88.177833,1696.0,23.3822424378352
26514,27.320611,88.219611,1199.0,34.017325088918376
26515,27.324944,88.213861,1597.0,43.64086172944834
26516,27.326444,88.219,1289.0,30.25643716352927
26517,27.329361,88.649278,1390.0,19.630414815023528
26518,27.329472,88.648917,1400.0,27.791305644779218
26519,27.3305,88.215639,1504.0,28.553305000609424
26520,27.33075,88.216333,1456.0,37.79331583229016
26521,27.330778,88.49225,873.0,25.88918455713453
26522,27.330917,88.450528,1119.0,23.56723462203258
26523,27.33325,88.213583,1394.0,27.360321545332805
26524,27.333333,88.212972,1405.0,41.952978200653284
26525,27.335,88.206722,1453.0,28.632096976803734
26526,27.337194,88.621833,1779.0,15.793169048263966
26527,27.339806,88.227361,1192.0,27.909048110686054
26528,27.340917,88.628389,1983.0,24.461332518771652
26529,27.341444,88.626194,1977.0,30.418494611596426
26530,27.342,88.223722,1229.0,32.754877470959904
26531,27.345028,88.246639,1675.0,34.46474362464782
26532,27.347278,88.196833,1827.0,27.32389130134654
26533,27.348722,88.600556,1259.0,29.927479327463576
26534,27.351194,88.272417,1520.0,32.53469816945699
26535,27.3515,88.273028,1529.0,28.084099366691156
26536,27.358583,88.840194,3835.0,42.753750235572355
26537,27.361583,88.839306,3836.0,28.360372759879684
26538,27.364583,88.787333,3863.0,24.748625315195834
26539,27.364722,88.834917,3862.0,33.66525729241905
26540,27.365056,88.655167,2337.0,35.59118566547325
26541,27.366944,88.449806,1694.0,26.880307851328993
26542,27.367111,88.776028,3909.0,21.6115960987222
26543,27.368194,88.711167,3167.0,18.305448954250746
26544,27.368278,88.711278,3182.0,15.845167180271268
26545,27.368917,88.794611,3894.0,33.26309702272514
26546,27.369306,88.691583,2802.0,31.138369345567487
26547,27.369333,88.714917,3201.0,17.035742128041974
26548,27.369778,88.456833,1507.0,27.62503917921715
26549,27.370083,88.67925,2569.0,42.200631091885704
26550,27.370472,88.686417,2752.0,39.70379580424368
26551,27.37075,88.679444,2632.0,30.508958866202807
26552,27.370861,88.683167,2720.0,32.91160083273797
26553,27.370972,88.710111,3154.0,40.40795643964196
26554,27.371472,88.709722,3133.0,36.505887632648864
26555,27.371806,88.677167,2572.0,26.20460176321736
26556,27.372278,88.688944,2990.0,28.987578250072634
26557,27.372333,88.617556,1894.0,31.051293565952417
26558,27.372806,88.739139,3487.0,30.508958866202807
26559,27.373083,88.720028,3269.0,25.955401413885546
26560,27.373472,88.721944,3264.0,37.08573289536603
26561,27.373472,88.731722,3393.0,23.069045509039658
26562,27.374583,88.542444,1809.0,39.260731733474245
26563,27.374583,88.542333,1836.0,38.882636036728115
26564,27.37475,88.782889,3896.0,30.856133351956277
26565,27.375028,88.728278,3380.0,31.060991342684076
26566,27.375139,88.542833,1818.0,46.043087261119275
26567,27.375139,88.708028,3159.0,35.889866740432154
26568,27.375194,88.54275,1818.0,46.043087261119275
26569,27.375806,88.625278,1850.0,30.297100641022165
26570,27.375833,88.726722,3335.0,28.632096976803734
26571,27.376222,88.799667,3938.0,35.65722463378061
26572,27.376306,88.629583,1818.0,36.491988188351336
26573,27.376861,88.766167,3786.0,26.56505117707799
26574,27.378306,88.770083,3824.0,20.001783914715944
26575,27.378417,88.697222,3062.0,42.99770029709786
26576,27.378444,88.541667,1767.0,31.205779114725832
26577,27.378611,88.631083,1816.0,47.640934368153054
26578,27.378667,88.699611,3088.0,50.43674179651427
26579,27.379639,88.315361,1516.0,35.339242872470656
26580,27.380806,88.726,3597.0,35.83201983789954
26581,27.380861,88.812361,3965.0,38.44607343064101
26582,27.381278,88.632611,1763.0,35.27938801183364
26583,27.381306,88.690444,3090.0,32.63194030642942
26584,27.381556,88.691806,3097.0,39.260731733474245
26585,27.381917,88.640333,1689.0,38.39064026848265
26586,27.383361,88.702611,3164.0,33.821757317608586
26587,27.383611,88.305806,1632.0,49.641990269586074
26588,27.38375,88.808694,3951.0,44.44842104525551
26589,27.383806,88.633083,1751.0,10.046788047511114
26590,27.384444,88.639611,1635.0,40.36453657309736
26591,27.389222,88.310972,1429.0,42.05058435733242
26592,27.393139,88.310139,1537.0,25.376933525152303
26593,27.394,88.62525,1577.0,41.455233544405125
26594,27.395028,88.307389,1620.0,40.19511744351121
26595,27.395444,88.623583,1618.0,26.880307851328993
26596,27.3955,88.623556,1618.0,26.880307851328993
26597,27.3955,88.306889,1646.0,38.54414157288248
26598,27.395556,88.517528,739.0,29.506862217331054
26599,27.395639,88.621667,1592.0,34.37782091784768
26600,27.397083,88.519167,765.0,34.090063875331914
26601,27.397389,88.356139,1602.0,34.25055493497398
26602,27.398083,88.614583,1628.0,43.81031273645806
26603,27.399806,88.329139,1941.0,27.372447043216635
26604,27.400278,88.356861,1566.0,15.042369244334244
26605,27.40825,88.571167,1662.0,29.686933196903503
26606,27.409667,88.543722,1517.0,39.37703221498191
26607,27.4097,88.54371,1517.0,39.37703221498191
26608,27.409861,88.543722,1517.0,39.37703221498191
26609,27.411306,88.516611,608.0,55.3527419111529
26610,27.412111,88.627083,1402.0,24.15404655313558
26611,27.412111,88.626944,1402.0,24.15404655313558
26612,27.417306,88.622361,1381.0,24.16881343581011
26613,27.417389,88.621222,1406.0,51.60324679491103
26614,27.417444,88.621083,1406.0,51.60324679491103
26615,27.417778,88.623389,1396.0,32.401162502089626
26616,27.417972,88.623361,1396.0,31.809663934881115
26617,27.418,88.623333,1396.0,31.809663934881115
26618,27.418472,88.616083,1385.0,22.61986494804043
26619,27.418667,88.616778,1403.0,26.61590170730996
26620,27.420028,88.515944,650.0,49.44484608854498
26621,27.426,88.514,669.0,30.856133351956277
26622,27.426361,88.583028,1658.0,27.909048110686054
26623,27.426361,88.583028,1658.0,27.909048110686054
26624,27.429556,88.611667,1525.0,25.8493248967401
26625,27.433083,88.514528,721.0,37.97806296315605
26626,27.435944,88.515167,775.0,45.47735649954213
26627,27.436556,88.526639,1284.0,22.684823831912844
26628,27.437444,88.613972,1574.0,27.17735741799749
26629,27.437889,88.601694,1788.0,20.80971857959822
26630,27.437889,88.601694,1788.0,20.80971857959822
26631,27.438139,88.527028,1280.0,26.74234155739631
26632,27.438389,88.514389,776.0,26.91773442777563
26633,27.438778,88.527444,1291.0,28.485468456722128
26634,27.441056,88.513694,802.0,39.24321155180508
26635,27.448306,88.519667,875.0,40.14558013326291
26636,27.461694,88.523472,930.0,33.33081260166977
26637,27.4795,88.528472,884.0,29.24925904290538
26638,27.480472,88.531194,1010.0,42.52930443177325
26639,27.481083,88.530667,1031.0,27.505240762859906
26640,27.482583,88.52875,940.0,38.72034490930262
26641,27.482583,88.529528,967.0,17.224372940700082
26642,27.48603,88.53269,1059.0,22.423358559286118
26643,27.502,88.5375,1231.0,20.307500221928045
26644,27.5091,88.53848,1233.0,21.971970836813973
26645,27.514972,88.565472,1395.0,24.634322367669885
26646,27.5152,88.56456,1393.0,28.30319610038818
26647,27.516444,88.587361,1460.0,18.64821573021375
26648,27.517278,88.539667,1317.0,35.59118566547325
26649,27.517306,88.542889,1321.0,33.89536963300801
26650,27.527194,88.603222,1490.0,38.659808254090095
26651,27.527333,88.590778,1510.0,41.90884788180327
26652,27.527722,88.607972,1529.0,49.038498861928375
26653,27.527917,88.60225,1473.0,42.52459232805973
26654,27.528722,88.600833,1491.0,43.82326648237429
26655,27.529639,88.598139,1464.0,26.126317264569018
26656,27.531667,88.606333,1458.0,30.297100641022165
26657,27.533722,88.609278,1429.0,58.73354826471108
26658,27.535056,88.610194,1417.0,29.63417437185607
26659,27.535333,88.497972,911.0,44.14764869887604
26660,27.5435,88.628306,1289.0,39.6583469636901
26661,27.54375,88.58475,1599.0,38.3782952345034
26662,27.545694,88.636,1376.0,32.401162502089626
26663,27.545861,88.585194,1690.0,44.28627766987951
26664,27.546333,88.586472,1770.0,33.05825736162379
26665,27.547111,88.602667,1718.0,36.65110902894253
26666,27.548417,88.641944,1345.0,42.03111377419729
26667,27.549194,88.583556,1811.0,42.749108647694875
26668,27.549306,88.644889,1308.0,24.22774531795417
26669,27.550917,88.646056,1363.0,41.394387744693525
26670,27.552528,88.653528,1406.0,47.31424584210774
26671,27.552861,88.622306,1739.0,30.80698111710518
26672,27.553556,88.581222,1837.0,26.113233272206745
26673,27.553583,88.577194,1873.0,47.515183861494116
26674,27.554889,88.654444,1459.0,43.06601987632945
26675,27.55525,88.647556,1730.0,34.75376186272035
26676,27.575444,88.651417,1619.0,36.16893488396254
26677,27.609056,88.652028,1663.0,29.51750907883067
26678,27.611333,88.655222,1673.0,42.2822816266301
26679,27.613444,88.656528,1759.0,29.260073022738787
26680,27.61775,88.623639,1738.0,15.179705807856672
26681,27.619722,88.618861,1779.0,34.99964807788197
26682,27.621806,88.618694,1798.0,36.26089278326507
26683,27.628083,88.685306,2036.0,42.627916061902404
26684,27.629361,88.695194,2095.0,38.229395338185824
26685,27.6295,88.692778,2073.0,47.069172110165034
26686,27.629944,88.619833,1882.0,42.05058435733242
26687,27.637167,88.712028,2255.0,25.239401820678914
26688,27.638694,88.711694,2280.0,15.179705807856672
26689,27.641139,88.612,1881.0,15.609525869125669
26690,27.652861,88.607,1953.0,41.02410199989886
26691,27.662444,88.602556,2072.0,25.07280797783953
26692,27.675778,88.733417,2603.0,28.899422426198566
26693,27.676722,88.597194,2197.0,32.47251629973426
26694,27.686389,88.73875,2658.0,32.34744349944203
26695,27.697139,88.57025,2337.0,41.09162949850341
26696,27.700444,88.566083,2392.0,24.74862531519583
26697,27.701333,88.565083,2390.0,38.37211908620569
26698,27.703917,88.562306,2420.0,28.084099366691156
26699,27.704028,88.56175,2450.0,28.25731168850377
26700,27.704306,88.560694,2529.0,31.670097621922785
26701,27.713944,88.557361,2610.0,37.16592466590954
26702,27.723611,88.550472,2714.0,26.880307851328986
26703,27.724222,88.552861,2684.0,33.89536963300801
26704,27.726083,88.54975,2702.0,35.63524161504921
26705,27.728472,88.551667,2665.0,33.10114358966526
26706,27.735278,88.54925,2733.0,40.12351235567568
26707,27.74075,88.54525,2762.0,22.765646640754472
26708,27.740944,88.545361,2762.0,22.765646640754472
26709,27.745194,88.544278,2806.0,27.791305644779218
26710,27.749111,88.542972,2813.0,35.86819845525075
26711,27.18822222,88.56238889,468.0,24.748625315195834
26712,27.179,88.53313889,370.0,42.09430109320842
26713,27.46166,88.52341,930.0,33.33081260166977
26714,27.33208,88.50902,1534.0,22.8781056322946
26715,27.53533333,88.49797222,911.0,44.14764869887604
26716,27.31583333,88.60666667,1453.0,28.553305000609424
26717,27.37027778,88.67361111,2508.0,14.24415761739711
26718,27.39305556,88.63527778,1570.0,39.260731733474245
26719,27.28081944,88.57090278,1250.0,34.846405699136405
26720,27.25941667,88.55038889,641.0,37.48271544856494
26721,27.36473056,88.23727778,2017.0,34.218582707648956
26722,27.33825,88.60911111,1579.0,22.81394173961772
26723,27.27352778,88.57783333,937.0,33.05825736162379
26724,27.38107778,88.64063333,1706.0,27.791305644779218
26725,27.39866667,88.62358333,1742.0,27.360321545332805
26726,27.39838889,88.62566667,1758.0,22.423358559286118
26727,27.39305556,88.63527778,1570.0,39.260731733474245
26728,27.25352778,88.60377778,1062.0,20.307500221928045
26729,27.5401,88.56929167,1966.0,52.869481963296
26730,27.55314167,88.62179722,1734.0,36.317221955587435
26731,27.54975833,88.57530833,1888.0,27.613098503754813
26732,27.54810833,88.60807778,1762.0,44.2360201883268
26733,27.55236944,88.58208333,1842.0,27.226347381898258
26734,27.36388889,88.62083333,1702.0,27.238572082130066
26735,27.23166667,88.5025,390.0,26.008181915695513
26736,27.27458333,88.55002778,1171.0,31.966424730373205
26738,27.25858333,88.46166667,581.0,32.427956428323874
26739,27.33941667,88.60990556,1646.0,22.373844274024943
26740,27.3699335,88.4859279,807.0,31.698105479809307
26741,27.28955556,88.37748333,1496.0,19.12710170142385
26742,27.25333333,88.53194444,539.0,27.432940772267944
26744,27.35861111,88.62027778,1685.0,37.56093713903626
26745,27.2533846,88.5489504,665.0,34.85410224097107
26746,27.28666667,88.55347222,1695.0,51.05628837978884
26747,27.24722222,88.60666667,1281.0,22.765646640754472
26748,27.17054167,88.38358056,1528.0,33.764273391292186
26749,27.26066667,88.53383333,955.0,27.990970091758022
26750,27.31663889,88.45861111,524.0,11.648634944412734
26751,27.23444444,88.49083333,361.0,31.892840502095876
26754,27.33972222,88.62055556,1861.0,27.432940772267944
26755,27.37055556,88.61611111,1894.0,9.870926939134982
26756,27.39472222,88.62361111,1585.0,17.224372940700082
26757,27.3250091,88.4704442,493.0,25.79602649449995
26758,27.25252778,88.52777778,682.0,33.83814426542724
26759,27.35805556,88.62111111,1734.0,21.47206914335925
26760,27.61936111,88.66131389,1848.0,46.512056219175385
26761,27.25061389,88.46280278,528.0,46.753064203465925
26762,27.69920278,88.56659722,2449.0,38.519681814973914
26763,27.32888889,88.60777778,1445.0,28.30319610038818
26764,27.68445278,88.7379,2674.0,52.358372215443104
26765,27.22122778,88.735475,1263.0,28.405971880095237
26766,27.38155556,88.63883333,1696.0,27.62503917921715
26768,27.12344167,88.24483889,460.0,41.62130964323344
26770,27.19558889,88.62802778,584.0,44.03323301127651
26771,27.236,88.75722222,1649.0,11.499465999742787
26772,27.20258333,88.65547222,721.0,43.745371274016456
26773,27.28577778,88.5535,1571.0,64.57997127754341
26774,27.51473889,88.57758889,1415.0,12.260147486012336
26777,27.16993889,88.51481944,473.0,28.553305000609424
26778,27.25225,88.60811111,1136.0,37.61935164481234
26779,27.24777778,88.5975,1253.0,17.083143246452856
26780,27.47888889,88.52861111,877.0,31.138369345567487
26781,27.28847,88.30139,1135.0,35.59853666783391
26782,27.2535,88.54141667,601.0,26.360054096082706
26783,27.30140833,88.3916,1803.0,47.00376600875936
26784,27.14871944,88.28128889,382.0,34.49623729009093
26785,27.11955556,88.32275,357.0,27.505240762859906
26786,27.190191,88.325507,522.0,50.49794124616321
26787,27.32633333,88.59544444,1014.0,23.273326481355983
26788,27.11236111,88.32455556,370.0,41.4754613018093
26789,27.37211111,88.61671944,1872.0,25.197913740371355
26790,27.28119444,88.58952778,985.0,28.280269845499703
26791,27.24883333,88.60191667,1145.0,15.609525869125669
26792,27.21391667,88.60833333,813.0,23.930893411419156
26793,27.2536,88.6043,1067.0,13.915808695897175
26794,27.39336667,88.52236944,1043.0,31.012445448807313
26795,27.25066667,88.53144444,494.0,15.845167180271268
26796,27.26352778,88.19047222,1048.0,30.77741947322608
26797,27.24297222,88.47055556,494.0,32.74612665551688
26798,27.19950556,88.32696111,509.0,39.42908536453976
26799,27.238515,88.48812389,398.0,30.82665955230447
26800,27.13689,88.276598,337.0,52.312503474018904
26801,27.09725,88.3825,282.0,43.89215978617888
26802,27.17748333,88.52165833,320.0,29.506862217331054
26803,27.10570556,88.35308056,489.0,24.242444512172103
26804,27.36552778,88.61596667,1672.0,38.17319333803386
26805,27.54308333,88.62675,1364.0,26.767512858834905
26806,27.40251944,88.51868056,574.0,36.38035713820488
26807,27.27872778,88.12502778,1840.0,25.14243049054343
26808,27.2525,88.4606,550.0,34.21858270764895
26809,27.248882,88.476747,461.0,26.577778623734844
26810,27.4432,88.6087,1570.0,29.63417437185607
26811,27.327977,88.152281,1578.0,13.640311227766057
26812,27.372611,88.541022,1848.0,33.44025753518539
26813,27.33787,88.609377,1578.0,24.862123938667224
26814,27.29166667,88.22,1666.0,45.747960358909204
26815,27.28777778,88.23277778,1409.0,19.689673297252913
26816,27.26063889,88.71438889,1294.0,37.50230700018765
26817,27.26616667,88.72697222,1914.0,29.538782259558097
26818,27.26544444,88.72252778,1677.0,7.2338446967252255
26819,27.37441667,88.54505556,1631.0,32.754877470959904
26820,27.36977778,88.54466667,1735.0,32.754877470959904
26821,27.59027778,88.65394444,1677.0,23.021526638116164
26822,27.57502778,88.65402778,1483.0,39.10233716664201
26823,27.56111111,88.65452778,1412.0,25.5133092609215
26824,27.52838889,88.59972222,1557.0,38.66587243862988
26825,27.56941667,88.65272222,1482.0,17.083143246452856
26826,27.51491667,88.56313889,1416.0,28.485468456722128
26827,27.51444444,88.56777778,1463.0,17.775317038209
26828,27.25102,88.460004,422.0,55.4694557555737
26829,23.653556,92.035139,282.0,3.931095784160226
26830,23.663361,92.015111,313.0,20.307500221928045
26831,23.678056,92.038028,195.0,26.437229357181263
26832,23.679,92.039278,179.0,25.239401820678914
26833,23.687417,92.054528,182.0,24.932657538079724
26834,23.691167,92.055444,244.0,23.428692808745406
26835,23.692222,92.015833,244.0,19.82702865340817
26836,23.693,92.054472,253.0,22.61986494804043
26837,23.693,92.014361,246.0,17.594079543115168
26838,23.694139,92.013278,213.0,27.613098503754813
26839,23.697694,92.071194,230.0,15.42324502154344
26840,23.69925,92.044694,108.0,17.083143246452856
26841,23.727194,92.242722,196.0,25.197913740371355
26842,23.793444,92.125833,189.0,21.135527342306382
26843,23.793444,91.552056,144.0,15.179705807856672
26844,23.794253,91.553533,145.0,8.935631425418535
26845,23.797306,92.120417,174.0,2.698950908923438
26846,23.805528,92.120417,146.0,20.80971857959822
26847,23.821,92.094417,118.0,15.845167180271268
26848,23.824722,92.260722,847.0,28.987578250072634
26849,23.828278,92.023389,114.0,9.73677691573277
26850,23.85417,91.34361,16.0,3.016961309815993
26851,23.882833,92.241583,196.0,12.260147486012336
26852,23.890278,92.272528,759.0,17.93200256558677
26853,23.891083,92.288361,288.0,26.008181915695513
26854,23.89125,92.288056,304.0,25.5133092609215
26855,23.892694,92.272667,753.0,23.397741000263863
26856,23.894667,92.287972,323.0,17.66231893216494
26857,23.896194,92.296667,156.0,11.386165083355712
26858,23.896806,92.283361,382.0,23.628423517864427
26859,23.896806,92.283361,382.0,23.628423517864427
26860,23.897556,92.282889,405.0,31.670097621922785
26861,23.899944,92.279222,501.0,21.260377126997213
26862,23.906917,92.271944,732.0,24.634322367669885
26863,23.914472,92.27125,733.0,29.58124669955053
26864,23.927194,92.275389,687.0,29.686933196903503
26865,23.953333,92.233139,127.0,6.853224835121291
26866,23.980333,91.475278,82.0,11.648634944412734
26867,24.003417,91.45425,66.0,17.01197993242201
26868,24.012306,91.451778,67.0,8.984876931685683
26869,24.028194,92.091861,152.0,17.66231893216494
26870,24.031139,92.2535,132.0,3.931095784160226
26871,24.0335,92.100694,107.0,18.19662752273151
26872,24.039139,92.106944,136.0,7.416536974278209
26873,24.048556,92.314306,92.0,14.959246786437891
26874,24.063194,92.28225,432.0,27.565248984490395
26875,24.066639,92.277417,561.0,35.02251023762291
26876,24.068472,92.290833,269.0,28.462794189425193
26877,24.069444,92.287167,299.0,30.77741947322608
26878,24.069556,92.291361,271.0,32.57012547147069
26879,24.070611,92.290944,276.0,19.370844026969944
26880,24.071167,92.291694,247.0,27.078936947526696
26881,24.106444,92.276389,559.0,14.15548761586253
26882,24.107028,92.276667,564.0,21.680889149080844
26883,24.129083,92.277667,443.0,8.984876931685683
26884,24.133306,92.27775,401.0,29.802413569555988
26885,24.134722,92.277639,376.0,28.987578250072634
26886,24.139861,92.319167,109.0,12.772578169490426
26887,24.141694,92.322306,100.0,8.582483688827132
26888,24.142722,92.273583,315.0,18.64821573021375
26889,24.165583,92.268389,190.0,11.461836902818336
26890,24.212361,92.258111,80.0,9.870926939134982
26891,24.228111,92.287417,64.0,6.091478002079769
26892,24.240194,92.247861,144.0,30.266612409654883
26893,24.325444,94.232583,413.0,35.65722463378061
26894,24.781694,93.776056,991.0,18.87922133905067
26895,24.791306,93.735667,1119.0,23.88588673441924
26896,23.993632,91.858355,80.0,20.80971857959822
26897,23.9,91.75622222,201.0,28.485468456722128
26898,23.89569444,91.76525,247.0,20.097992628721148
26899,23.88888889,91.78888889,146.0,19.74869565807571
26900,23.912,91.83852778,82.0,2.1342998941463125
26901,24.17072222,91.76697222,79.0,8.935631425418535
26902,24.16966667,91.76686111,78.0,13.326469949385988
26903,23.22966667,91.49532222,51.0,12.53638838286113
26904,23.25229444,91.48825,30.0,9.462322208025617
26905,24.384311,92.126028,49.0,11.461836902818336
26906,24.477126,92.205369,32.0,6.853224835121291
26907,24.48556,92.212277,35.0,11.348119585994183
26908,24.489749,92.170312,60.0,7.653048720543413
26909,24.320111,92.216955,70.0,8.582483688827132
26910,24.314206,92.225824,87.0,8.735690934280582
26911,24.309993,92.22714,86.0,3.4389123953782974
26912,24.352076,92.225188,64.0,17.035742128041974
26921,24.033017,92.26034,199.0,22.668609279892422
26922,24.24263,92.212137,75.0,17.387333467314576
26923,24.209473,92.27134,135.0,8.582483688827132
26924,23.91951111,91.87873333,106.0,4.857533338413092
26925,23.802772,91.272189,19.0,5.788832299437198
30291,27.15925,88.639556,742.0,25.07280797783953
30529,27.15925,88.63955556,742.0,25.07280797783953
