latitude,longitude,event_date,rainfall_mm_day,elevation_m,slope_degrees,historical_landslide
25.21273889,90.63216111,2022-06-17,129.6599884033203,44.0,24.46133251877165,1
25.308231,93.281501,2024-05-28,114.24002075195312,638.0,12.814236200163856,0
26.242687,94.583396,2024-06-18,7.064999580383301,785.0,14.724246751696764,0
25.694168,90.776643,2022-05-14,58.1050033569336,352.0,6.423150913734816,0
26.23569,92.889465,2024-05-28,48.7449951171875,315.0,10.309790918800935,0
23.76111111,92.84777778,2024-07-02,18.155000686645508,790.0,32.54356214739029,1
24.526075,93.05379167,2024-05-28,102.14500427246094,107.0,25.5133092609215,1
23.298137,92.857412,2025-05-29,47.72000503540039,929.0,22.98976777360885,1
26.775941,93.763472,2024-05-28,59.76000213623047,82.0,5.808222980428714,0
29.08798,96.066471,2024-08-08,0.3399999737739563,2378.0,60.101844183728296,0
23.469247,92.744068,2025-06-01,114.67499542236328,1365.0,13.640311227766055,1
26.534195,92.073023,2024-05-28,15.429998397827148,70.0,2.263636058426967,0
27.996196,93.085517,2025-06-01,12.459999084472656,2744.0,8.111279210562941,0
25.654682,93.693154,2024-05-28,88.02001190185547,322.0,2.433138796850444,0
28.500297,95.80211,2024-06-17,3.825000286102295,648.0,19.52115352837376,0
25.015275,93.667713,2024-08-13,0.0,1443.0,14.481123401789077,0
25.42687,91.49031,2025-06-01,64.21500396728516,1599.0,23.088802938308035,0
23.684301,92.715511,2024-05-28,66.74999237060547,1036.0,18.87922133905067,1
23.21068583,93.1212325,2024-07-02,21.99499893188477,1126.0,18.434948822922014,1
24.608969,92.46047,2024-05-28,90.32501220703124,19.0,2.7818863802117484,0
26.19622,91.76336,2011-03-23,0.0,90.0,4.857533338413092,1
26.23785,94.015693,2024-07-01,66.1500015258789,115.0,0.7548944975654582,0
26.020049,94.625391,2007-08-18,5.559999942779541,1717.0,21.14000384355273,0
25.518337,93.983373,2025-06-02,18.34000015258789,1490.0,28.735641668064066,0
26.571313,91.623557,2025-05-31,22.24499893188477,61.0,1.4320961841646465,0
27.613016,93.084579,2024-07-02,15.034997940063477,1197.0,20.387669768422825,0
27.063714,94.557172,2019-06-27,7.575000286102295,88.0,0.9548412538721888,0
26.525261,91.769873,2025-06-01,70.91500091552734,62.0,2.9018215173024653,0
27.919041,95.478985,2025-06-01,16.41499900817871,137.0,0.7548944975654582,0
26.601448,93.601148,2024-07-02,6.9800004959106445,97.0,1.6876048941769748,0
23.54294167,93.23821667,2024-09-24,1.690000057220459,1546.0,24.16881343581011,1
25.770189,94.155492,2019-06-27,4.860000133514404,966.0,18.56861104463105,0
25.722044,93.471407,2024-05-28,66.92499542236328,246.0,5.720433130975309,0
24.797217,92.555395,2016-08-31,19.965002059936523,28.0,8.049466975528398,0
23.68143611,92.72144167,2024-05-28,66.74999237060547,1036.0,30.17480904438851,1
27.507864,95.08516,2024-05-28,39.11499786376953,115.0,1.5095270002735288,0
26.735359,94.81519,2024-07-09,2.7249999046325684,452.0,22.41511705373408,0
23.62361111,92.78888889,2024-08-28,4.40500020980835,235.0,27.33604368814356,1
23.230945,93.09381,2024-05-28,72.32998657226562,1023.0,35.088060152136464,0
25.50667,91.28318,2007-07-19,20.5,1396.0,20.532771786488425,1
28.147521,94.716673,2024-06-28,112.30999755859376,518.0,18.09247027171656,0
28.470872,94.820906,2024-06-30,58.50000762939453,680.0,19.496208222897444,0
24.39255556,93.65468611,2024-08-13,0.0,1561.0,42.24391328764961,1
23.67388889,92.71472222,2024-05-28,66.74999237060547,997.0,17.775317038209,1
27.725473,94.389751,2025-06-01,4.385000228881836,202.0,38.4045168714115,0
24.56925833,93.177275,2024-05-28,104.47999572753906,184.0,13.326469949385988,1
24.086218,93.444897,2024-11-28,1.8949999809265137,1649.0,14.24415761739711,0
25.70087778,91.642902,2024-10-08,0.4100000262260437,1247.0,18.43494882292201,1
27.06713,93.593239,2025-06-01,10.744998931884766,282.0,7.832625705078162,0
23.33529167,93.11214167,2024-07-02,33.54999923706055,1144.0,31.46324153737256,1
23.918167,91.965551,2023-08-06,30.34000396728516,90.0,20.8576686220632,0
24.30768611,93.58120556,2024-08-13,0.0,735.0,9.870926939134982,1
24.775269,93.645945,2022-05-14,9.4350004196167,1090.0,34.29441470522327,0
23.72222222,92.80138889,2024-05-28,71.01001739501953,203.0,27.33604368814356,1
26.17672222,91.78672222,2014-06-27,9.095000267028809,85.0,27.372447043216628,1
23.319156,92.857722,2025-05-31,45.29999542236328,1038.0,19.787913812706314,1
23.152289,92.746243,2025-05-30,176.64999389648438,891.0,9.462322208025618,1
25.28247222,91.36413333,2025-05-30,57.005001068115234,973.0,36.16893488396254,1
24.388137,93.082367,2024-07-02,34.30000305175781,841.0,21.108640778693708,0
28.538464,94.756165,2020-05-26,40.67500686645508,2631.0,28.994445658830443,0
24.58605,93.21056389,2024-09-24,8.424999237060547,72.0,25.15631913369421,1
23.581766,92.713413,2024-05-28,65.04499053955078,853.0,34.162480159648744,1
27.21391667,88.60833333,2022-08-25,1.8399999141693115,813.0,23.93089341141916,1
24.49112222,93.62215556,2024-08-13,0.1199999973177909,1216.0,30.25643716352927,1
26.19530556,91.76563889,2018-08-31,0.1800000071525573,85.0,6.853224835121291,1
23.53694444,92.6975,2024-05-28,60.93499374389648,841.0,33.05825736162379,1
23.73361111,92.84833333,2024-06-07,17.060001373291016,727.0,23.4904160686416,1
23.67805556,92.72,2024-05-28,66.74999237060547,1020.0,52.39494438329273,1
27.416401,92.236234,2025-05-31,11.80500030517578,2387.0,22.47682283321852,0
27.42763,96.759371,2025-05-29,99.11000061035156,833.0,14.233109137789889,0
25.15561111,93.02222222,2016-05-17,116.25999450683594,617.0,17.752790161946685,1
25.29967,91.46108,2024-06-15,128.6649932861328,1047.0,18.45641864524321,1
23.84777778,92.83694444,2024-05-28,81.73500061035156,376.0,21.31357434104547,1
27.39866667,88.62358333,2020-05-24,17.950000762939453,1742.0,27.360321545332805,1
23.73666667,92.79722222,2024-05-28,71.20498657226562,335.0,4.857533338413092,1
23.62611111,92.72638889,2024-05-28,66.74999237060547,785.0,22.140679470491683,1
23.7775,92.84833333,2024-05-28,71.01001739501953,686.0,37.00513608621634,1
23.66055556,92.67277778,2024-05-28,65.56501007080078,1017.0,15.42324502154344,1
25.31458,91.45242,2013-08-06,38.84000015258789,1308.0,43.097794687172446,1
25.542814,92.798038,2018-04-28,14.80999755859375,395.0,6.804089732608741,0
26.595255,93.009993,2007-07-19,13.495000839233398,72.0,2.4563945664087456,0
24.090025,93.54191667,2024-10-07,25.329998016357425,705.0,19.370844026969944,1
23.73794444,92.78613889,2024-07-02,33.945003509521484,546.0,44.09690834843296,1
23.50527778,92.6975,2024-05-28,60.93499374389648,848.0,31.89284050209588,1
23.7104,92.72237778,2024-05-28,71.20498657226562,963.0,35.03012380867594,1
23.64605,91.197694,2024-07-02,59.07999801635742,18.0,5.150652185902698,0
27.24144,88.60681,2017-07-09,51.63999176025391,1379.0,21.47206914335925,1
24.288014,92.946017,2025-06-14,28.11000061035156,923.0,27.360321545332805,1
25.762051,91.658959,2024-05-29,15.93499755859375,796.0,6.0172848640320336,1
25.501512,89.984306,2022-06-15,29.099998474121094,47.0,7.363740476577823,0
23.672069,92.7099293,2024-05-28,66.74999237060547,1000.0,17.5484006137923,1
28.11538,97.170783,2024-05-28,23.069997787475582,4379.0,36.724085806570734,0
27.254756,93.801303,2016-07-17,4.779999256134033,288.0,39.260731733474245,1
26.365695,91.333676,2022-06-15,120.84001159667967,44.0,1.817522018719848,0
27.411579,94.282346,2025-06-01,22.59499931335449,96.0,0.7548944975654582,0
26.238074,91.162072,2025-05-31,23.759998321533203,40.0,3.3214321859461395,0
23.54166667,92.70194444,2024-05-28,65.04499053955078,872.0,21.04572088407584,1
25.466183,90.594218,2008-08-12,79.73503112792969,363.0,6.721369339369457,0
23.199924,92.73481,2025-06-02,2.125,752.0,20.001783914715944,1
26.387181,94.444132,2025-08-01,9.184999465942385,936.0,23.674161365449702,1
25.735481,91.311577,2025-05-31,18.069997787475582,685.0,26.27279420923925,0
26.19113889,91.82961111,2025-05-31,15.72500228881836,116.0,15.845167180271268,1
26.173414,91.759264,2024-05-28,27.38500213623047,56.0,1.3502244696996155,0
26.070991,92.732858,2025-06-01,12.370000839233398,62.0,1.012750369636371,0
28.290145,96.530311,2024-05-28,24.949996948242188,2612.0,42.68921840705873,0
23.186133,92.735682,2025-09-13,17.579999923706055,850.0,35.795759914707084,1
23.310846,92.858915,2025-05-31,45.29999542236328,1053.0,30.61885839795703,1
27.5091,88.53848,2014-07-01,7.6449995040893555,1233.0,21.971970836813973,1
23.73361111,92.84305556,2024-05-28,71.01001739501953,676.0,36.76087717499856,1
26.371462,90.8185,2024-07-01,32.78999710083008,41.0,6.201053782439264,0
24.05808333,93.49808333,2024-10-07,9.59000015258789,1244.0,9.462322208025618,1
25.4013,91.45855,2007-08-18,5.840000152587891,1563.0,24.862123938667224,1
23.201843,92.579666,2025-06-01,135.75999450683594,728.0,17.752790161946685,1
25.915488,94.818488,2024-09-12,0.0,1043.0,22.25977894945414,0
26.17852,92.264382,2014-09-23,4.610000133514404,58.0,2.3859440303888126,0
24.33300556,93.65357222,2024-09-28,1.6600000858306885,1160.0,4.262693045214654,1
25.767615,94.258195,2024-05-28,68.69000244140625,709.0,13.362200604250484,0
26.654207,91.473987,2024-05-28,20.944997787475582,75.0,3.471741285563965,0
26.794392,95.414747,2025-06-05,0.0,1379.0,41.64194151302286,0
25.228664,92.463029,2023-08-12,17.66499900817871,666.0,3.3384705437643523,0
25.16804,93.02503,2022-05-14,66.88500213623047,485.0,21.04572088407584,1
28.444548,94.217648,2024-05-28,13.329996109008787,3621.0,24.007487888376225,0
23.77833333,92.84666667,2024-05-28,71.01001739501953,665.0,33.490525189983416,1
24.18291667,93.53441944,2024-07-02,26.11999893188477,785.0,27.078936947526696,1
25.259175,90.434229,2024-05-28,5.494999408721924,31.0,0.4774537773095774,0
26.628485,89.873186,2024-05-28,53.42499542236328,79.0,4.114075330927888,0
24.168507,92.452307,2024-05-28,50.06500244140625,152.0,8.697657668757381,0
26.40908,94.96308,2013-08-17,18.56499671936035,695.0,26.61590170730996,1
27.899187,93.223219,2024-05-28,20.285001754760746,2582.0,26.95818375771802,0
25.52901389,91.26188611,2023-06-17,65.53998565673828,1361.0,20.607120971804857,1
28.29714,94.305301,2024-07-09,13.985000610351562,2038.0,37.47781378511902,0
22.909111,93.072425,2018-06-14,9.059999465942385,888.0,35.18353501801075,0
25.18844444,93.01966667,2016-05-22,0.7149999737739563,522.0,27.17735741799749,1
25.857991,94.159346,2018-08-23,26.724994659423828,1489.0,41.46029301668304,1
27.938091,96.701944,2025-05-30,100.58499145507812,1134.0,21.568129435647887,0
23.307089,92.854209,2025-05-31,45.29999542236328,1006.0,19.82702865340817,1
24.301313,92.952114,2025-09-13,41.21500015258789,947.0,15.874325631883014,0
28.931972,96.268231,2024-05-28,18.45000267028809,3640.0,23.784155578580865,0
27.523131,94.528696,2024-05-28,32.22999954223633,114.0,3.1996013002506887,0
25.707687,94.077931,2024-05-28,80.8800048828125,1187.0,13.934706376086588,0
28.345324,95.013815,2016-07-17,15.459999084472656,255.0,10.024987862075742,0
27.387423,92.956545,2019-07-07,20.8799991607666,1107.0,20.99158237694124,0
24.093985,94.238749,2025-05-31,25.475000381469727,233.0,7.125016348901798,0
27.596747,95.056582,2024-05-28,39.11499786376953,111.0,0.7548944975654582,0
23.74083333,92.74111111,2024-05-28,71.20498657226562,953.0,29.63417437185607,1
26.260404,94.871508,2016-05-22,3.2800002098083496,1431.0,53.00049375889279,0
27.193402,92.487861,2016-04-23,0.1050000041723251,1415.0,36.26089278326507,0
25.712031,94.089791,2022-09-12,29.93000030517578,1446.0,22.489134862284537,1
23.52777778,92.69861111,2024-05-28,60.93499374389648,809.0,27.90904811068605,1
25.16427,92.99788,2022-05-15,64.22000885009766,497.0,21.33126583595921,1
24.54159,93.706335,2022-05-14,8.440000534057617,1205.0,20.685718648031223,0
25.049192,92.479475,2025-05-31,122.5500030517578,499.0,25.45378578114081,0
26.184535,93.989692,2025-05-30,60.589988708496094,118.0,4.380487094158032,0
22.949253,92.473643,2025-05-31,58.15499877929688,121.0,6.25509971741467,0
27.063939,95.794194,2024-09-24,29.19499969482422,1686.0,24.42142566327801,0
23.77361111,92.84944444,2024-05-28,71.01001739501953,737.0,25.79602649449995,1
24.301081,93.918672,2025-06-01,44.394996643066406,1021.0,17.089056882966332,0
23.59027778,92.71583333,2024-05-28,65.04499053955078,788.0,34.75376186272035,1
28.230479,95.548263,2024-05-28,37.60499572753906,443.0,5.258953144814,0
27.358462,94.780194,2019-06-27,10.355000495910645,100.0,0.3376147110174216,0
25.464627,94.581812,2024-05-28,83.06999206542969,1380.0,6.137379659610732,0
23.306012,92.704212,2025-05-31,49.80999755859375,433.0,27.90904811068605,1
25.44716111,91.59067778,2022-06-15,127.18499755859376,1635.0,24.16881343581011,1
23.193237,92.734819,2025-06-02,2.125,793.0,26.00818191569552,1
27.989199,95.357333,2025-05-31,6.914999485015869,146.0,1.5095270002735288,0
24.028671,93.756315,2014-07-01,6.329999923706055,1031.0,22.42541825764544,0
26.872223,93.244922,2025-06-01,8.539999961853027,97.0,2.5695028228896355,0
27.593212,92.77059,2025-07-29,1.679999828338623,1135.0,41.64194151302286,0
27.537457,92.173828,2025-06-02,16.009998321533203,4151.0,28.724478891475947,0
27.959768,93.235945,2014-09-23,6.284999847412109,1118.0,23.21858658494179,0
28.10207,93.473747,2011-06-26,9.869999885559082,1807.0,44.22027895831317,0
23.4855,92.7033,2024-07-02,39.55999755859375,978.0,13.326469949385988,1
23.60555556,92.725,2024-05-28,66.74999237060547,906.0,21.971970836813973,1
25.19669444,93.01858333,2016-05-22,0.7149999737739563,453.0,23.021526638116164,1
29.067624,95.471582,2024-07-02,1.3850001096725464,2987.0,19.78056829771728,0
25.383522,91.67626,2025-06-11,5.159999847412109,1653.0,6.91817481667161,0
23.685581,93.066112,2024-05-30,0.3649999797344208,600.0,33.61137246719596,0
23.73583333,92.79888889,2024-05-28,71.20498657226562,355.0,30.508958866202807,1
23.32201,92.85822,2025-05-31,45.29999542236328,1038.0,17.66231893216494,1
23.393984,92.451108,2025-05-30,109.52497863769533,282.0,13.378045743109908,0
23.235716,92.744499,2025-05-31,56.775001525878906,764.0,6.654425046006596,1
25.69688611,91.64176667,2025-06-25,21.9900016784668,1285.0,11.348119585994183,1
27.996637,93.073631,2024-05-29,1.1649998426437378,2787.0,63.71010996281813,0
23.164812,92.743396,2025-06-02,2.125,800.0,25.80936745770508,1
23.126631,93.064946,2024-05-28,64.13999938964844,1382.0,24.74862531519583,1
25.700668,91.596815,2025-05-31,32.724998474121094,1345.0,15.503408837548552,1
25.45903056,90.70813333,2022-06-17,102.18999481201172,185.0,18.305448954250743,1
23.62527778,92.78638889,2024-05-28,66.74999237060547,204.0,6.853224835121291,1
23.545,92.70333333,2024-05-28,65.04499053955078,858.0,33.764273391292186,1
26.18841667,91.85125,2017-06-16,78.80998992919922,96.0,30.10305246289624,1
27.583542,95.300091,2024-07-02,7.289999961853027,113.0,1.012750369636371,0
23.05222222,92.67027778,2023-09-12,37.27999496459961,430.0,15.179705807856672,1
23.76055556,92.73194444,2024-07-02,33.945003509521484,1133.0,43.77571318439088,1
22.188247,93.128977,2024-05-28,19.665000915527344,1174.0,44.8127706454555,0
25.17188889,93.02061111,2016-05-22,0.7149999737739563,575.0,44.36965489983547,1
24.70619444,92.28997222,2014-05-10,1.454999923706055,44.0,10.046788047511114,1
23.73111111,92.84638889,2024-05-28,71.01001739501953,698.0,25.34952033151192,1
23.61138889,92.80333333,2024-05-28,55.18499755859375,451.0,31.670097621922785,1
27.39838889,88.62566667,2020-05-24,17.950000762939453,1758.0,22.42335855928612,1
23.300291,92.69577,2025-06-01,129.9099884033203,358.0,27.17735741799749,1
25.486131,90.993157,2024-10-08,0.5349999666213989,690.0,11.395654497719995,0
26.19552778,91.78055556,2016-06-22,8.734999656677246,165.0,18.94158858012096,1
23.60861111,92.85055556,2024-05-28,55.18499755859375,1123.0,25.23940182067892,1
26.804087,92.84772,2024-05-28,40.41500473022461,78.0,2.385944030388813,0
23.51055556,92.69972222,2024-05-28,60.93499374389648,824.0,33.46541063428238,1
23.58138889,92.71416667,2024-05-28,65.04499053955078,911.0,27.238572082130062,1
23.204706,92.533825,2025-06-01,135.75999450683594,775.0,11.386165083355712,1
26.00294,91.86692,2014-09-23,8.179999351501465,405.0,7.653048720543413,1
25.598828,90.268319,2024-05-28,7.375,430.0,0.7548944975654582,0
23.193401,92.900218,2025-05-29,45.05999755859375,830.0,20.607120971804857,1
25.722888,91.148096,2025-05-31,15.889999389648438,985.0,30.205466819616653,0
25.729303,90.12352,2025-09-13,5.780000686645508,246.0,12.485117908823954,0
23.758901,92.730863,2025-05-30,110.38497924804688,1068.0,22.668609279892426,1
27.351122,94.102577,2016-05-18,8.800000190734863,113.0,2.052775101535614,0
27.455148,92.369316,2023-06-02,0.0,3039.0,23.029456383543423,0
26.088517,91.909109,2025-05-30,120.2149887084961,134.0,16.18139460308577,0
28.205583,96.046401,2017-04-05,0.0,2691.0,32.80837483092349,0
25.525622,92.027235,2024-05-28,41.93998718261719,1434.0,8.056359672969409,0
27.219002,92.262175,2024-05-28,12.774999618530272,1825.0,33.608258310846004,0
27.506193,94.184622,2024-09-28,0.6499999761581421,312.0,25.9239819496776,0
25.118946,92.875799,2024-09-03,2.200000047683716,209.0,15.179705807856672,0
29.191139,96.068685,2024-05-28,21.26499938964844,4513.0,6.0172848640320336,0
27.52838889,88.59972222,2012-06-22,29.44500160217285,1557.0,38.66587243862988,1
23.71577,92.713172,2025-05-31,101.49000549316406,956.0,46.10947465489339,1
25.229556,93.1556,2010-04-02,18.2549991607666,466.0,18.305448954250743,1
26.022596,91.323316,2025-06-01,31.48500061035156,58.0,2.052775101535614,0
25.757751,92.024695,2024-07-02,8.550000190734863,873.0,18.434948822922014,0
27.424324,92.865851,2025-06-01,26.48499870300293,1269.0,31.88016008342817,0
26.089996,92.352445,2016-05-18,0.5049999952316284,164.0,9.970261598239336,0
23.217324,92.99812,2025-06-01,118.3699951171875,1082.0,18.130932944052347,1
25.15736111,93.01608333,2016-05-22,0.7149999737739563,641.0,27.79130564477921,1
27.285819,96.335769,2024-05-28,74.01500701904297,1322.0,8.697657668757381,0
23.31259,92.856415,2024-05-28,109.8749771118164,1000.0,37.07903201684691,1
23.70972222,92.72222222,2024-05-28,71.20498657226562,918.0,33.16099672886019,1
25.44177778,92.19558333,2020-05-26,198.02999877929688,1340.0,4.262693045214654,1
26.123043,91.908998,2025-05-31,16.71500015258789,76.0,3.7692440164074177,0
25.837478,93.644924,2024-05-28,79.3449935913086,193.0,4.168739961832943,0
26.70675,94.70475,2013-08-11,67.625,756.0,25.79602649449995,1
25.47217,94.15433,2007-09-09,5.614999294281006,1489.0,16.91651608571675,1
23.73222222,92.75,2024-05-28,71.20498657226562,944.0,44.84799987175487,1
26.656335,91.108782,2025-06-01,70.09500885009766,55.0,3.4389123953782974,0
24.080276,93.187617,2024-10-21,0.0,1192.0,19.632888661818416,0
23.197283,92.632661,2025-06-01,120.69500732421876,591.0,22.684823831912844,1
26.922652,94.719341,2024-05-24,12.834999084472656,94.0,0.6752059787394532,0
23.7175,92.70666667,2024-05-28,71.20498657226562,900.0,23.628423517864427,1
26.4231373,94.3822611,2025-07-07,11.449999809265137,526.0,35.06054243271615,1
23.92703,94.152119,2024-08-25,37.81499481201172,340.0,0.7548944975654582,0
28.692697,94.655535,2025-06-01,13.745002746582031,1208.0,60.307726270829846,0
29.191064,96.315595,2025-05-31,24.68499755859375,4230.0,17.562691357484656,0
25.636532,91.978014,2025-05-31,52.91999053955078,975.0,18.74316463666049,0
26.383648,94.440751,2025-07-29,5.389999866485596,994.0,12.638224684699054,1
22.669703,92.736961,2012-06-22,7.97499942779541,283.0,25.22039963647754,0
25.584453,92.536047,2024-05-28,43.035003662109375,837.0,21.119849260205303,0
28.032557,93.679898,2019-07-09,33.80999755859375,731.0,30.749039875040545,0
25.771451,93.907041,2022-09-30,0.5099999904632568,631.0,14.302914425322813,1
26.047447,90.302822,2018-06-14,82.76998901367188,32.0,2.698950908923438,0
23.80750556,92.83417222,2024-05-28,81.73500061035156,558.0,34.35403406736099,1
25.68798889,91.65838889,2024-05-28,66.5149917602539,1032.0,29.58124669955053,1
23.983639,91.873351,2024-05-28,28.619997024536133,91.0,10.698770358091483,0
25.340415,91.774142,2025-05-31,92.13501739501952,1441.0,31.77256152831432,1
27.294886,93.803328,2016-07-17,4.779999256134033,646.0,47.53179628541781,1
26.17756,91.76589,2017-06-13,83.35499572753906,96.0,17.29444852858009,1
23.47,92.7215,2024-05-25,16.789995193481445,1096.0,22.373844274024943,1
23.0983,93.17597222,2024-07-02,22.53999900817871,979.0,18.87922133905067,1
28.130256,97.031184,2016-05-22,44.40499496459961,1387.0,42.79372386341867,0
27.349094,94.831364,2016-09-17,14.554999351501465,101.0,1.2171181316034885,0
25.43561,91.862056,2009-07-17,15.725000381469728,1635.0,20.607120971804857,1
24.596626,92.573348,2024-09-13,2.8399999141693115,24.0,1.0675202709770988,0
25.640692,92.153984,2009-07-10,0.0,976.0,9.136946117762886,0
24.144548,92.058667,2023-08-02,12.170000076293944,99.0,15.543304781484048,0
22.870401,92.794377,2024-07-02,15.98000144958496,1098.0,36.60371100091371,0
23.73305556,92.69944444,2024-05-28,70.93499755859375,894.0,32.754877470959904,1
25.740148,91.224044,2014-07-18,2.609999895095825,903.0,8.159014354942736,1
23.382175,92.843876,2024-05-28,109.8749771118164,936.0,23.19506859014077,1
25.563,91.885,2019-07-09,145.4149932861328,1572.0,24.16881343581011,1
27.647748,95.581231,2024-07-05,31.70500564575196,132.0,0.7548944975654582,0
26.4527822,94.375268,2025-07-08,7.909999847412109,258.0,12.53638838286113,1
23.53986111,92.70063889,2023-08-06,133.08499145507812,843.0,21.31357434104547,1
27.468853,94.491258,2023-09-23,23.694997787475582,104.0,4.0586642321882005,0
28.000724,95.48685,2024-05-28,32.48500061035156,146.0,2.263636058426967,0
28.808734,94.217624,2024-09-28,2.365000009536743,2769.0,43.91040505479502,0
25.320833,91.9275,2007-07-19,73.09998321533203,1099.0,20.99158237694124,1
23.2388,92.636923,2025-06-01,136.86500549316406,793.0,23.397741000263863,1
23.163367,92.890406,2024-06-01,4.125,665.0,32.17843344762769,0
26.42186,94.3852,2025-07-07,11.449999809265137,767.0,42.97485685199571,1
23.414603,91.573296,2022-06-17,66.20001220703125,82.0,7.660316591254672,0
27.614105,95.612781,2024-07-02,5.814999103546143,135.0,0.3376147110174216,0
25.314153,93.968979,2007-09-09,9.739999771118164,1941.0,32.259774690144994,0
23.09758333,93.21623333,2024-07-02,12.529998779296877,878.0,31.74467986659196,1
26.953303,94.521658,2024-05-28,55.40999603271485,92.0,1.5095270002735288,0
25.8816564,94.1902346,2025-01-19,0.0,1399.0,28.176705590951745,1
25.300389,91.726722,2009-06-29,88.81999969482422,1519.0,22.98976777360885,1
23.6375,92.72277778,2024-05-28,66.74999237060547,843.0,39.28988834691393,1
27.238042,88.05178,2024-07-02,9.06999969482422,2842.0,16.360405825306987,0
23.316491,92.788798,2025-05-31,49.80999755859375,641.0,30.25643716352927,1
23.358116,91.389493,2025-07-07,24.21500396728516,73.0,2.1342998941463125,0
24.11104722,93.10374167,2024-09-24,17.26500129699707,584.0,24.16881343581011,1
28.211697,95.570037,2021-06-05,9.6850004196167,323.0,0.7548944975654582,0
23.62333333,92.78888889,2024-05-28,66.74999237060547,229.0,23.021526638116164,1
23.238785,92.744224,2025-05-31,56.775001525878906,771.0,17.29444852858009,1
24.29982222,93.59040833,2024-08-13,0.0,786.0,26.360054096082703,1
23.140846,92.751229,2025-05-31,50.269996643066406,861.0,34.56687621562631,1
22.519716,92.891037,2025-05-31,14.544998168945312,888.0,15.845167180271268,1
23.305323,92.852358,2025-05-31,45.29999542236328,1070.0,28.176705590951745,1
26.867207,95.537392,2024-05-28,77.24000549316406,1510.0,40.80122898599703,0
26.642976,90.96196,2024-05-28,31.470001220703125,73.0,3.016961309815993,0
25.504925,93.972212,2024-05-28,84.37499237060547,1195.0,34.66156061782989,0
27.37211111,88.61671944,2022-05-29,4.564999580383301,1872.0,25.197913740371355,1
23.099615,92.752199,2025-06-06,0.0,780.0,9.368915578454835,1
25.693737,91.452225,2024-07-17,29.99999618530273,1084.0,23.41709294979364,0
22.009792,92.935514,2024-09-12,14.78499984741211,64.0,5.601182019805608,0
25.770055,93.937873,2022-10-15,0.0,791.0,26.43722935718126,1
23.52972222,92.69611111,2023-08-03,9.720000267028809,803.0,30.266612409654883,1
25.201,91.234,2008-08-12,25.269996643066406,18.0,1.3502244696996155,1
24.791306,93.735667,2018-05-18,3.739999771118164,1119.0,23.88588673441924,1
26.238016,91.945953,2025-11-02,0.0,85.0,2.1342998941463125,1
23.621995,92.403957,2024-09-28,0.0,619.0,7.187414250982758,0
23.60111111,92.75888889,2024-05-26,68.76000213623047,569.0,35.86819845525075,1
25.6032619,94.1122188,2024-06-01,10.949999809265137,1620.0,30.133843411422752,1
27.721844,88.734628,2025-05-31,11.460000038146973,3529.0,29.44550937696498,0
27.452466,92.633654,2025-05-31,22.529998779296875,2058.0,14.938380345292416,0
23.53333333,92.69722222,2023-08-02,34.97999572753906,821.0,36.62354905164433,1
25.65308889,91.89803889,2024-07-01,185.364974975586,1044.0,17.456590925928477,1
26.449929,91.94346,2024-09-13,10.40999984741211,62.0,1.2171181316034885,0
23.53611111,92.65527778,2024-05-28,60.93499374389648,494.0,24.242444512172103,1
26.4219453,94.3854377,2025-07-07,11.449999809265137,798.0,45.48889556927054,1
24.740859,92.43471,2025-06-01,57.18500518798828,21.0,4.380487094158032,0
26.339688,93.895296,2022-05-14,11.304999351501465,117.0,5.961015914468944,0
25.087668,92.814374,2024-05-28,98.85000610351562,120.0,1.6876048941769748,0
24.596645,94.331823,2024-05-28,89.39997100830078,910.0,26.419575500613536,0
26.663766,94.005375,2020-06-02,14.604998588562012,88.0,2.3619913818349927,0
26.153231,92.375695,2023-08-08,11.629999160766602,60.0,1.0675202709770988,0
23.468649,93.245377,2024-05-28,55.524993896484375,1014.0,39.30881093458307,0
28.488966,95.454173,2024-06-28,150.47003173828125,2213.0,29.60508511636777,0
23.465558,92.855991,2024-05-28,96.51499938964844,1072.0,15.92277945817654,1
24.99306,93.4975,2007-08-28,10.985000610351562,1196.0,12.604382648379184,1
25.694809,91.208657,2025-07-31,0.0,1289.0,16.18139460308577,0
23.299312,92.692614,2025-06-01,136.86500549316406,418.0,17.083143246452856,1
28.618287,94.375654,2025-05-31,1.8199999332427976,1453.0,34.8319648531769,0
28.046748,96.946296,2024-05-28,23.53999710083008,2842.0,39.31462864873003,0
28.292398,93.463044,2024-09-28,1.8449997901916504,4457.0,29.26142427299514,0
25.66083,94.10278,2008-08-02,16.969999313354492,1483.0,3.8140748342903534,1
26.073833,94.64407,2025-06-02,7.744998931884766,1585.0,22.228525063117385,0
26.379686,90.460511,2013-08-28,10.054999351501465,48.0,2.5695028228896355,0
24.10687222,93.08849722,2024-09-24,16.580001831054688,216.0,30.58895816397544,1
23.45083333,92.6825,2024-05-28,74.39498901367188,903.0,19.31028740874557,1
25.355042,91.767525,2025-05-31,92.13501739501952,1621.0,38.97802093380687,1
23.36966389,93.04609444,2024-07-09,6.840000152587891,568.0,38.51968181497392,1
25.389431,90.728862,2022-08-25,0.0,450.0,10.905017436104703,0
23.25986389,93.16155278,2024-10-28,0.0,1215.0,26.360054096082703,1
23.58591667,92.71777778,2023-07-25,12.329999923706056,960.0,20.001783914715944,1
25.963948,93.760434,2014-06-27,0.1400000005960464,139.0,1.012750369636371,0
23.73111111,92.70388889,2024-05-28,71.20498657226562,873.0,20.99158237694124,1
23.058439,92.502148,2025-06-06,0.0,141.0,27.90904811068605,0
25.108235,92.651802,2016-05-22,1.2699999809265137,1041.0,37.04296651263543,0
27.903802,94.117542,2024-07-02,1.579999923706055,1004.0,20.95991260433892,0
25.800568,91.380813,2016-04-22,0.0,123.0,9.920728647509224,0
25.688833,91.653639,2025-06-25,21.9900016784668,1046.0,27.017123217850244,1
27.509497,96.555298,2024-06-01,12.81999969482422,707.0,20.347638404920296,0
25.44233333,92.19447222,2020-05-26,198.02999877929688,1331.0,7.825525624597575,1
26.11266667,91.85388889,2018-08-24,17.975000381469727,188.0,25.8493248967401,1
26.593225,93.016301,2025-07-05,44.80999374389648,75.0,1.6876048941769748,0
25.49551944,91.49585278,2025-07-02,35.45000076293945,1584.0,17.387333467314576,1
23.63111111,92.72388889,2024-05-28,66.74999237060547,867.0,22.373844274024943,1
26.07256,93.928,2019-05-09,0.0,130.0,1.3502244696996155,1
23.729422,92.716596,2024-05-28,71.20498657226562,1052.0,37.16592466590954,1
23.469892,92.670428,2017-06-04,21.27499771118164,591.0,19.85142324911409,0
27.4097,88.54371,2014-06-24,24.134998321533203,1517.0,39.37703221498191,1
28.128826,95.998822,2025-11-02,1.555000066757202,1023.0,20.425249359005747,0
23.655,92.71444444,2024-05-28,66.74999237060547,859.0,26.217612768234883,1
23.304746,92.862109,2025-06-08,25.849998474121094,1005.0,33.423467333412106,1
26.24698,91.964383,2025-07-05,14.540000915527344,62.0,15.845167180271268,1
27.332412,94.246435,2022-04-05,18.624998092651367,93.0,1.2171181316034885,0
25.37539167,92.431275,2024-05-28,41.74999237060547,1112.0,10.43076019506472,1
28.864527,95.64722,2025-05-29,31.83999824523925,2912.0,3.1818128120974354,0
23.65388889,92.72444444,2024-05-28,66.74999237060547,742.0,23.069045509039658,1
23.5356,93.10656944,2024-09-13,11.940000534057615,687.0,29.08619467351647,1
23.0475,92.67166667,2023-09-12,37.27999496459961,392.0,25.80936745770508,1
24.454597,92.974489,2024-07-02,29.239994049072266,207.0,31.657244784569063,0
26.19052,91.77499,2024-05-24,0.0,109.0,10.555380466061171,1
23.531309,92.858399,2024-05-28,81.0149917602539,715.0,26.509251945803687,0
23.64638889,92.72527778,2024-05-28,66.74999237060547,836.0,20.99158237694124,1
24.279476,93.522149,2024-05-28,93.94499206542967,974.0,24.750404884789177,0
27.710461,96.279821,2024-05-28,32.400001525878906,342.0,3.1996013002506887,0
22.696244,92.681322,2024-05-28,101.90499877929688,238.0,23.104591120404265,0
25.85442778,94.15844444,2018-08-23,26.724994659423828,1532.0,32.490306531189724,1
27.4432,88.6087,2024-07-21,3.989999771118164,1570.0,29.63417437185607,1
25.17483,93.019861,2022-05-15,73.8550033569336,650.0,31.06099134268408,1
27.172405,95.357904,2024-05-28,40.96500396728516,130.0,1.2171181316034885,0
24.12428889,93.318525,2024-07-02,25.380001068115234,606.0,11.309932474020217,1
25.573142,90.42462,2013-08-11,19.119997024536133,685.0,4.0586642321882005,0
25.66754722,94.08075278,2023-10-02,6.654999732971191,1523.0,17.594079543115168,1
25.29667,91.45986,2024-06-17,186.62001037597656,1005.0,24.634322367669885,1
23.174341,92.740855,2025-09-13,17.579999923706055,786.0,23.19506859014077,1
27.38811,92.91926,2025-06-01,30.63999557495117,1785.0,12.659323964606124,0
26.15428,91.79264,2017-06-13,83.35499572753906,78.0,7.653048720543413,1
27.737955,94.13475,2025-05-30,192.91500854492188,845.0,43.24667654838039,0
26.02547,91.87158,2014-09-20,20.779998779296875,179.0,11.038532615965034,1
28.576133,95.198055,2024-07-02,6.144999504089356,1415.0,28.31750884970987,0
23.73305556,92.75,2024-07-22,9.440000534057615,951.0,39.35384148704364,1
23.195661,92.73562,2025-06-01,124.0999755859375,750.0,22.07341542334565,1
26.741152,93.004422,2024-08-28,0.0,70.0,1.012750369636371,0
26.114717,90.327842,2022-05-16,87.93499755859375,27.0,0.0,0
28.86559,94.86398,2025-05-31,1.4800000190734863,1824.0,31.86169841848211,0
26.640866,91.583809,2024-09-24,1.4700000286102295,72.0,0.7548944975654582,0
25.420931,90.917728,2024-07-02,6.255000114440918,410.0,18.77467605427877,0
23.471041,92.85503,2024-05-28,96.51499938964844,1076.0,31.244175851188185,1
23.64083333,92.72472222,2024-05-28,66.74999237060547,827.0,23.76524510807156,1
22.866131,92.772713,2025-06-01,100.33499145507812,1098.0,21.611596098722195,1
25.80429,91.356515,2025-06-01,24.329998016357425,296.0,27.097435772987733,0
23.61972222,92.72527778,2024-05-28,66.74999237060547,818.0,25.03089023333195,1
23.212919,92.558022,2025-06-01,135.75999450683594,863.0,13.824682316158707,1
23.64333333,92.73444444,2024-05-28,66.74999237060547,724.0,12.04828213833979,1
25.576321,94.229868,2024-07-17,11.235000610351562,1597.0,23.691279259823578,0
25.569762,93.33179,2025-05-30,71.69499206542969,435.0,8.917089630363527,0
25.95847,91.85406,2014-09-23,6.864999771118164,339.0,12.260147486012336,1
23.170678,92.899334,2025-06-01,123.77499389648438,869.0,4.262693045214654,1
26.217541,93.061465,2024-05-28,49.869998931884766,84.0,1.7210061534334908,0
25.68805,91.66653,2024-05-28,66.5149917602539,957.0,31.051293565952417,1
25.803984,91.659801,2024-08-28,2.129999876022339,686.0,23.132182561931256,1
25.721127,93.376934,2024-05-28,75.42499542236328,246.0,2.8821812090202448,0
23.301587,92.868485,2025-05-31,45.29999542236328,864.0,24.46133251877165,1
23.853922,92.143649,2022-04-04,0.4399999976158142,301.0,22.8781056322946,0
25.366255,92.823037,2022-05-14,59.73999786376953,959.0,17.01197993242201,1
25.2975,91.46167,2024-06-17,186.62001037597656,1075.0,21.869859308909422,1
23.317543,92.858683,2025-05-31,45.29999542236328,1030.0,24.862123938667224,1
27.453158,92.768046,2007-07-25,60.75,1304.0,17.097922562599933,0
25.096099,93.046007,2022-11-12,0.0,1621.0,15.46672895722096,0
25.18766667,91.39816667,2019-06-27,121.07498931884766,94.0,20.43931757325825,1
23.208921,92.541174,2025-06-01,135.75999450683594,669.0,21.680889149080844,1
24.540522,93.645142,2025-05-31,46.130001068115234,654.0,16.481519112248904,0
23.76388889,92.73388889,2024-09-26,4.600000381469727,1203.0,33.89536963300801,1
24.904522,94.276317,2023-06-04,1.274999976158142,818.0,24.98360255030264,0
27.121865,94.655002,2025-06-01,4.710000038146973,90.0,0.6752059787394532,0
26.819266,94.118632,2024-08-08,10.485000610351562,83.0,1.0675202709770988,0
23.387518,93.159902,2025-06-01,110.30001068115234,1039.0,27.26604445073282,0
23.379441,92.844081,2024-05-28,109.8749771118164,930.0,17.01197993242201,1
25.648759,94.10616,2024-06-01,10.949999809265137,1558.0,17.66231893216494,1
23.4688,92.7208,2025-01-02,0.0,1136.0,25.23940182067892,1
25.121,92.915028,2010-06-20,2.4099996089935303,306.0,18.370345512861498,1
23.62027778,92.72555556,2024-05-28,66.74999237060547,790.0,21.95499883223757,1
24.285871,92.94599,2025-06-14,28.11000061035156,904.0,23.75010057347409,1
25.68690556,91.64915278,2025-05-28,21.645000457763672,1124.0,21.81855031431221,1
27.489583,92.713873,2018-06-06,6.67500114440918,2388.0,22.656437373598656,0
24.79299,93.940258,2018-05-18,5.119999885559082,781.0,2.8821812090202448,0
26.927862,94.653268,2018-05-03,3.065000057220459,93.0,3.109633021988153,0
23.65416667,92.69,2024-05-28,65.56501007080078,867.0,32.96351159099253,1
27.491315,88.186811,2025-06-02,4.809999465942383,3775.0,31.55053112892585,0
24.834215,92.692175,2025-05-31,115.0250015258789,20.0,2.1342998941463125,0
25.492632,90.506124,2016-05-22,0.0,491.0,26.6047916406615,0
23.53111111,92.73361111,2024-05-28,65.04499053955078,1043.0,37.23908117204727,1
23.50694444,92.69638889,2024-05-28,60.93499374389648,822.0,38.75655509292031,1
26.708592,92.5347,2025-05-28,25.56999969482422,81.0,1.7210061534334908,0
23.110975,93.21260278,2024-05-28,58.459999084472656,1020.0,29.195082782485805,1
23.53666667,92.6975,2024-05-28,60.93499374389648,857.0,39.10233716664201,1
25.540839,92.911584,2024-05-28,57.83500671386719,245.0,10.779771619960355,0
27.449016,94.109742,2024-09-12,0.9549999833106996,348.0,21.42820647145751,0
26.611126,92.54615,2025-05-31,10.925000190734863,62.0,2.052775101535614,0
26.574001,91.689929,2016-04-23,17.419998168945312,67.0,3.016961309815993,0
26.305898,92.79322,2024-06-12,9.225000381469728,65.0,4.289153328819018,0
25.880601,90.032445,2024-07-02,12.829999923706056,83.0,8.767251443500896,0
25.296,91.932,2022-04-04,64.0899887084961,1090.0,25.79602649449995,1
28.730945,94.075397,2023-09-27,1.9449996948242188,3836.0,27.440486866129568,0
25.981654,91.936586,2025-06-02,7.529999256134033,535.0,6.317550481225067,0
25.54328,92.10478,2009-07-01,106.74501037597656,1272.0,28.665750219765908,1
25.628396,94.306306,2024-05-28,88.49498748779297,2204.0,20.064389997069007,0
24.623944,94.015801,2025-06-04,14.739999771118164,782.0,1.012750369636371,0
24.5606,93.13071389,2024-07-07,14.59000015258789,464.0,30.747804873668915,1
26.604114,93.925524,2025-06-02,14.309999465942385,94.0,2.6350263783644494,0
26.40653,94.95814,2013-08-17,18.56499671936035,661.0,23.397741000263863,1
24.154808,92.333056,2025-05-29,71.71499633789062,68.0,4.679912393493258,0
23.184091,92.738895,2025-06-01,124.0999755859375,781.0,27.078936947526696,1
24.73117,92.64739,2020-06-02,47.53998565673828,39.0,11.499465999742789,1
27.272007,94.507399,2012-06-07,1.475000023841858,92.0,1.2171181316034885,0
27.491363,95.484331,2025-06-01,5.294999599456787,130.0,2.263636058426967,0
23.59944444,92.72019444,2023-06-09,119.34500885009766,762.0,22.42335855928612,1
23.74472222,92.69277778,2024-05-28,70.93499755859375,974.0,24.904481044556743,1
27.38818,92.095955,2024-05-28,5.474999904632568,2637.0,26.21110856138564,0
27.835833,92.171957,2018-06-04,5.089999675750732,5234.0,13.089463376910484,0
26.46774,92.807891,2024-05-28,37.17499542236328,68.0,3.035723707408927,0
23.73305556,92.84777778,2024-05-28,71.01001739501953,765.0,46.42958537828381,1
23.66666667,92.72388889,2024-05-28,66.74999237060547,829.0,32.57012547147069,1
26.18789,91.79493,2022-06-17,59.09498977661133,96.0,17.01197993242201,1
27.27458333,88.55002778,2021-10-19,168.08999633789062,1171.0,31.966424730373205,1
28.083943,95.558176,2024-05-28,27.40999984741211,199.0,4.393377408433921,0
25.872268,91.213965,2014-09-23,0.0700000002980232,253.0,32.47251629973426,1
25.07849444,94.23608333,2017-04-05,0.1749999821186065,1591.0,22.61986494804043,1
28.627326,94.016347,2024-07-02,0.5499999523162842,2166.0,28.41308537579142,0
27.209196,88.230893,2012-06-22,17.464998245239258,1488.0,26.72343767680287,0
27.26544444,88.72252778,2012-06-07,8.255000114440918,1677.0,7.2338446967252255,1
23.335337,92.649156,2025-05-31,56.719993591308594,756.0,23.11839285872288,0
26.473974,91.395609,2013-08-11,8.324999809265137,47.0,1.3502244696996155,0
23.195616,92.546251,2025-06-01,114.5899887084961,579.0,15.609525869125669,1
26.120862,92.582527,2025-05-31,25.294998168945312,57.0,2.862405226111748,0
26.16297,91.7059,2025-06-05,4.380000114440918,203.0,4.857533338413092,1
25.15069444,93.02583333,2016-05-22,0.7149999737739563,672.0,15.81919394750014,1
23.72694444,92.79527778,2024-05-28,71.20498657226562,256.0,21.18915910142139,1
23.87777778,92.84083333,2024-09-25,46.09000015258789,374.0,44.55551561210556,1
24.654027,94.084045,2024-05-28,86.69000244140625,801.0,7.179645410861981,0
23.85194444,92.83305556,2024-09-25,46.09000015258789,165.0,14.302914425322813,1
29.001386,95.02908,2025-07-07,0.675000011920929,1107.0,19.694600815138024,0
25.116007,92.978733,2024-05-28,82.36998748779297,322.0,6.629140282386492,0
23.823023,93.013204,2022-07-23,19.53999710083008,514.0,5.885129333686067,0
25.127244,93.592476,2025-06-01,40.269996643066406,1618.0,13.012087348940218,0
28.281316,94.472832,2024-05-28,28.279998779296875,1563.0,16.054316318325498,0
25.828336,92.690867,2013-08-17,1.334999918937683,306.0,23.82756479623918,0
23.73638889,92.8,2024-05-28,71.01001739501953,375.0,24.2864614630402,1
24.781694,93.776056,2018-05-18,3.739999771118164,991.0,18.87922133905067,1
28.321009,94.442709,2007-07-19,25.854999542236328,2071.0,25.589520372366223,0
24.401684,94.262224,2024-05-25,2.3299999237060547,617.0,35.842881944700835,0
23.301381,92.853078,2025-05-31,45.29999542236328,980.0,25.15631913369421,1
23.10112,92.852784,2025-05-31,54.70500183105469,772.0,18.305448954250743,1
27.532057,91.807331,2024-09-12,0.0,1858.0,37.02532346762258,0
23.56785,93.10472222,2024-09-12,6.159999847412109,659.0,20.439317573258247,1
26.769692,92.778534,2024-10-21,0.0,78.0,0.0,0
29.286876,96.140114,2020-06-26,5.909999370574951,4119.0,12.814236200163856,0
26.15805556,91.71258333,2019-07-16,1.934999942779541,85.0,19.188418756936425,1
27.014054,95.842341,2025-05-31,22.694997787475582,1950.0,13.655785447175504,0
26.158673,93.823282,2024-07-09,1.8849997520446773,127.0,2.4563945664087456,0
29.105042,95.954264,2013-08-17,31.720001220703125,4168.0,20.107579528626577,0
23.307135,92.707624,2025-05-31,49.80999755859375,458.0,34.35403406736099,1
23.199961,92.488796,2025-06-01,121.27499389648438,725.0,13.421509132977462,1
24.797066,93.730856,2024-05-28,117.70498657226562,914.0,20.51645901955324,0
27.145446,88.165349,2025-05-30,25.65999984741211,1047.0,6.063765138410265,0
23.69972222,92.7175,2024-06-20,0.6999999284744263,998.0,32.35640884426763,1
27.103396,92.46402,2025-05-31,13.079998016357422,2536.0,34.97102503575276,0
26.914148,94.892454,2020-05-26,64.36000061035156,173.0,12.338544811627347,0
26.49368,93.51559,2024-06-02,12.48499870300293,608.0,4.393377408433921,0
28.220707,94.798291,2023-08-13,0.1799999922513961,701.0,11.471257006629076,0
25.17597222,93.02016667,2016-05-22,0.7149999737739563,590.0,27.078936947526696,1
25.20552778,93.02013889,2016-05-22,0.199999988079071,346.0,17.387333467314576,1
24.04014167,93.2915,2024-07-02,20.454998016357425,666.0,20.99158237694124,1
24.32836667,93.00923056,2024-09-28,0.0,430.0,42.97485685199572,1
26.920351,92.771366,2016-07-20,4.914999485015869,176.0,15.128378509366811,0
28.860821,95.776095,2022-09-12,3.910000324249268,2006.0,23.02549200852804,0
23.173258,92.611929,2025-06-01,120.69500732421876,793.0,16.796238729882134,1
23.56413333,93.11378889,2024-09-12,6.159999847412109,740.0,17.29444852858009,1
26.286315,91.534725,2024-05-28,18.829998016357425,47.0,2.0248682972773406,0
26.29802,90.232276,2024-05-28,34.994998931884766,38.0,0.4774537773095774,0
23.87694444,92.84,2024-07-02,15.684999465942385,362.0,33.490525189983416,1
25.57822,91.86545,2014-09-23,25.894996643066406,1459.0,8.735690934280582,1
23.49216111,93.23695,2024-07-17,22.764997482299805,1309.0,25.03089023333195,1
26.463729,93.446851,2025-09-13,29.75499725341797,455.0,8.56312820868944,0
23.239287,92.74818,2025-06-02,2.419999837875366,748.0,11.038532615965034,1
23.55444444,92.70527778,2024-05-28,65.04499053955078,826.0,6.91817481667161,1
23.101925,93.20426111,2024-07-02,9.979998588562012,1121.0,27.432940772267944,1
26.524976,94.676583,2022-05-15,19.29999732971192,628.0,32.40339699534798,0
25.5208,91.25985,2007-07-25,176.3099822998047,1358.0,19.74869565807571,1
24.686894,94.257312,2024-05-28,80.05500793457031,1444.0,31.187749878253733,0
23.60972222,92.80916667,2024-05-28,55.18499755859375,536.0,23.273326481355983,1
25.739454,91.572107,2025-05-31,32.724998474121094,903.0,22.373844274024943,1
23.19796,92.543304,2025-06-01,114.5899887084961,580.0,33.02386755579665,1
25.164,93.04019444,2016-05-22,0.7149999737739563,450.0,17.93200256558677,1
24.378765,92.743349,2023-06-09,35.58000183105469,240.0,13.904455774158937,0
25.68625,91.118358,2007-09-15,6.835000038146973,1057.0,21.18915910142139,1
28.529312,94.356911,2025-06-01,13.729999542236328,1198.0,25.8493248967401,0
24.952698,93.439322,2025-06-01,42.04500198364258,260.0,40.86317294097783,0
28.913347,96.289189,2024-06-01,0.1749999970197677,3322.0,37.63634880026285,0
24.99083,93.50583,2007-08-28,5.759999752044678,1206.0,15.288517970232029,1
28.628646,95.443174,2008-06-19,12.144999504089355,2376.0,32.71217319384876,0
27.791563,92.942553,2025-06-01,22.84499931335449,1357.0,20.63028032583684,0
25.35908333,91.97433333,2022-04-04,68.62498474121094,1189.0,34.41738871044157,1
26.235868,94.204378,2024-05-28,61.86000061035156,428.0,10.825043206197622,0
26.176938,90.76229,2024-05-28,19.71999931335449,34.0,0.4774537773095774,0
27.10073,93.93044,2020-06-02,17.450000762939453,94.0,2.7199233149201807,0
26.654875,90.68374,2024-07-17,17.64499855041504,108.0,2.160788974078258,0
25.311161,91.667702,2024-11-12,0.0049999998882412,1355.0,36.8376096693336,0
26.11,94.76,2018-06-14,5.744999408721924,1005.0,23.428692808745403,1
28.789788,95.692506,2022-05-14,22.3700008392334,2608.0,22.61986494804043,0
23.51361111,92.69833333,2024-05-28,60.93499374389648,780.0,32.10351627298505,1
23.55,92.70444444,2024-05-28,65.04499053955078,847.0,29.83376877992044,1
24.17180556,93.54406667,2024-07-02,26.11999893188477,659.0,27.432940772267944,1
23.73583333,92.85194444,2024-05-28,71.01001739501953,711.0,23.88588673441924,1
25.13447222,93.01897222,2016-05-22,0.7149999737739563,757.0,11.795709540896548,1
23.241722,93.098254,2025-05-30,152.11500549316406,1162.0,27.90904811068605,1
26.103633,91.73724,2024-05-28,27.38500213623047,113.0,6.201053782439264,0
28.561728,94.199785,2025-05-29,22.89499855041504,2121.0,24.55166335676786,0
25.641242,91.894137,2024-07-02,4.535000324249268,1210.0,9.462322208025618,1
23.239797,92.744214,2025-05-31,56.775001525878906,779.0,12.772578169490426,1
24.523659,93.747643,2024-09-28,3.890000343322754,782.0,1.9091524329963765,0
23.015005,92.765065,2025-05-30,191.42501831054688,959.0,25.253207609369632,1
25.368924,90.772338,2024-05-28,5.239999771118164,200.0,19.711834233588025,0
22.973735,92.725975,2025-05-30,237.385009765625,545.0,7.2338446967252255,1
23.71166667,92.87833333,2024-07-02,18.155000686645508,612.0,27.565248984490395,1
23.86972222,92.87611111,2024-05-28,81.73500061035156,971.0,26.360054096082703,1
26.815267,95.217941,2022-05-29,0.7649998664855957,1229.0,27.951522826640524,0
25.66917,94.10722,2008-08-16,1.68999981880188,1452.0,16.2287367059342,1
27.659723,92.065052,2025-05-30,102.9499969482422,3936.0,17.66231893216494,0
23.55944444,92.70833333,2023-07-06,0.0599999986588954,763.0,16.428860704621638,1
25.14041667,93.02038889,2016-05-22,0.7149999737739563,732.0,28.002640063185417,1
26.88969,92.12266,2021-04-28,0.7800000905990601,261.0,47.2228541808757,1
23.239137,92.744468,2025-06-01,130.1000213623047,764.0,12.04828213833979,1
24.32773611,93.57937222,2024-07-02,26.400001525878903,781.0,23.81059263950923,1
26.477244,93.097418,2024-09-25,27.37499618530273,169.0,19.451200005616776,0
23.49722222,92.70333333,2024-05-28,84.40999603271484,905.0,25.197913740371355,1
23.20549,92.543278,2025-06-01,135.75999450683594,651.0,23.021526638116164,1
27.46166,88.52341,2015-06-01,16.424999237060547,930.0,33.33081260166977,1
24.525227,92.99646,2016-07-16,18.375,496.0,27.264519412325694,0
25.791616,91.658242,2024-05-29,15.93499755859375,743.0,8.582483688827132,1
25.69483,91.11836,2007-09-15,6.835000038146973,1095.0,14.621143938770764,1
28.789695,95.320095,2023-10-25,0.0,3335.0,35.13728570708208,0
24.516722,94.292028,2025-06-02,12.695001602172852,861.0,25.352949515010675,0
27.981736,93.74129,2022-11-14,0.0,498.0,3.7692440164074177,0
26.506242,90.156698,2013-08-15,10.369999885559082,60.0,1.391763426244203,0
25.386766,91.422419,2008-08-02,10.425000190734863,1527.0,4.289153328819018,0
23.318568,92.852294,2025-05-31,45.29999542236328,810.0,12.260147486012336,1
27.574486,92.588382,2025-05-31,11.889999389648438,2587.0,23.691279259823578,0
22.525086,92.906837,2024-05-28,57.13999557495117,646.0,22.361441170119782,0
26.38018,92.515972,2025-06-25,2.9800000190734863,62.0,2.263636058426967,0
23.74916667,92.7375,2024-06-30,84.88999938964844,1017.0,35.86819845525075,1
26.938325,92.322014,2024-05-28,16.94000244140625,368.0,17.562691357484656,0
26.777234,91.908352,2014-09-23,0.0799999982118606,145.0,3.5204050825976285,0
23.25828611,93.15288333,2024-11-28,0.559999942779541,1207.0,32.35640884426763,1
25.29739,91.46201,2024-06-17,186.62001037597656,1082.0,14.535165207979569,1
23.323423,92.860926,2025-05-31,45.29999542236328,989.0,11.348119585994183,1
23.48555556,92.70305556,2024-05-28,84.40999603271484,979.0,9.73677691573277,1
23.66083333,92.67277778,2024-05-28,65.56501007080078,1025.0,11.499465999742789,1
27.217694,93.566993,2025-01-19,0.0,879.0,37.358895117583934,0
24.03503889,93.54139444,2024-09-28,0.2649999856948852,1012.0,25.486125594093767,1
23.73472222,92.81333333,2024-05-28,71.01001739501953,428.0,31.06099134268408,1
23.807952,92.834037,2025-06-01,83.02499389648438,534.0,39.8055710922652,1
26.135349,90.140051,2014-07-08,18.569997787475582,32.0,3.1818128120974354,0
27.498601,96.59387,2022-04-04,19.494997024536133,822.0,15.291903460514275,0
28.248015,95.271603,2018-05-18,3.2200002670288086,1388.0,46.48790334192925,0
26.699924,92.198449,2025-05-31,4.809999942779541,92.0,0.7548944975654582,0
23.65530556,92.7025,2022-04-05,0.0,912.0,22.373844274024943,1
23.187383,92.89826,2025-06-01,123.77499389648438,885.0,27.33604368814356,1
23.502472,92.455396,2024-09-26,0.994999885559082,230.0,21.18915910142139,0
23.284565,92.857096,2025-05-31,50.07499694824219,830.0,30.58895816397544,1
24.229196,93.953557,2024-07-02,22.96999740600586,1331.0,21.0727182954802,0
23.980333,91.475278,2018-05-18,23.01499938964844,82.0,11.648634944412734,1
25.168083,93.024922,2022-05-14,66.88500213623047,485.0,21.04572088407584,1
26.943419,94.072164,2016-07-17,3.1999998092651367,82.0,0.9548412538721888,0
23.09759444,93.21089444,2024-07-02,12.529998779296877,924.0,33.64040940514667,1
25.69463611,91.64577778,2025-05-30,87.50001525878906,1204.0,23.75010057347409,1
27.626744,88.196702,2016-05-18,2.424999713897705,4556.0,4.763641690726178,0
23.73027778,92.76861111,2024-08-28,1.069999933242798,728.0,33.690067525979785,1
24.056604,93.572616,2024-08-25,14.05999755859375,821.0,13.121887013841768,0
29.106735,95.993175,2016-05-22,35.67999649047852,3962.0,30.09406096139528,0
26.415196,92.545044,2016-04-18,7.929999351501465,64.0,1.7210061534334908,0
25.732987,91.743047,2025-05-30,105.66500854492188,716.0,9.566235322594842,0
23.288812,92.864763,2024-05-28,100.96501159667967,898.0,32.401162502089626,1
28.481438,94.165234,2024-07-29,1.1449999809265137,2430.0,31.34573589697333,0
23.77305556,92.74361111,2024-05-28,71.20498657226562,1002.0,20.07880037349212,1
25.399668,92.20616,2022-04-04,37.95000457763672,1344.0,6.054498479394494,0
23.55388889,92.70472222,2024-05-28,65.04499053955078,834.0,1.9091524329963765,1
26.20536,91.86497,2017-07-03,8.079999923706055,69.0,15.042369244334246,1
24.991582,93.091056,2025-06-05,0.1499999910593032,456.0,15.042369244334246,0
25.985229,94.883738,2024-09-12,0.0,980.0,28.732851681077435,0
28.81999,94.379231,2024-05-28,10.069998741149902,3143.0,41.466614981585565,0
26.336449,90.885854,2024-08-18,4.039999961853027,38.0,0.0,0
25.650341,93.328113,2024-05-28,65.95999908447266,364.0,5.062306669977521,0
23.201335,92.734857,2025-06-02,2.419999837875366,774.0,24.38870074689113,1
23.56233889,93.11890833,2024-09-12,6.159999847412109,816.0,34.21858270764895,1
23.70666667,92.71444444,2024-05-28,71.20498657226562,1029.0,50.59314961259867,1
23.55027778,92.70444444,2024-05-28,65.04499053955078,834.0,31.57639333699781,1
24.028236,93.803522,2024-05-28,66.56500244140625,1389.0,28.960080041115702,0
26.775395,94.744501,2024-07-02,6.099999904632568,112.0,3.016961309815993,0
23.743382,92.09306,2024-08-19,115.90998840332033,165.0,6.423150913734816,0
23.64638889,92.72638889,2023-10-02,11.699999809265137,797.0,26.628589703310887,1
26.19622222,91.76336111,2014-06-27,9.095000267028809,90.0,4.857533338413092,1
27.483403,93.426235,2025-01-02,0.375,2553.0,40.61320907975954,0
25.673995,90.91739,2024-09-28,1.8550002574920648,552.0,3.3384705437643523,0
27.48603,88.53269,2014-07-08,3.775000095367432,1059.0,22.42335855928612,1
26.36083,94.84,2009-06-04,4.169999599456787,2004.0,21.6115960987222,1
25.55256111,91.61870278,2024-06-28,8.164999008178711,1657.0,15.042369244334246,1
23.657941,91.874567,2022-09-25,22.76000022888184,167.0,2.433138796850444,0
24.60719444,93.46784722,2024-08-19,15.185002326965332,1112.0,22.61986494804043,1
27.300646,94.378307,2007-09-10,24.81999969482422,92.0,3.389067065438376,0
23.41694444,92.71805556,2024-05-28,84.40999603271484,1095.0,23.397741000263863,1
27.104937,95.520611,2024-05-28,69.62998962402344,496.0,14.621143938770764,0
24.198913,91.92819,2017-10-29,6.4850006103515625,115.0,4.289153328819018,0
23.022804,92.755698,2025-05-31,48.28499603271485,852.0,20.846265656650555,1
27.279205,88.764532,2024-05-28,1.1449999809265137,2265.0,16.228736705934203,0
27.342352,96.979134,2009-07-27,16.375001907348633,3569.0,27.55925800065557,0
25.68822222,91.66746111,2025-06-11,18.154998779296875,936.0,25.5133092609215,1
25.610245,93.795997,2025-05-31,34.03499984741211,844.0,18.053902977226738,0
28.300422,95.56018,2024-07-07,1.5,787.0,24.75752120048139,0
26.374799,90.084598,2019-06-27,7.710000038146973,43.0,1.6876048941769748,0
23.7385748,92.6941941,2024-05-28,70.93499755859375,986.0,32.98940559251086,1
28.472765,93.301603,2024-06-01,0.0,4194.0,27.14359186707415,0
24.18561111,92.94536111,2013-08-15,43.005001068115234,452.0,14.592550602033429,1
23.73666667,92.85611111,2024-07-02,18.155000686645508,766.0,28.49679392207442,1
25.20283,91.20908,2008-08-10,22.625,50.0,14.24415761739711,1
28.252241,94.929266,2024-05-28,57.399993896484375,777.0,32.863871480635545,0
25.525094,94.135798,2024-06-01,15.714998245239258,1716.0,14.066164922222868,1
25.366164,94.461493,2024-07-02,1.579999923706055,1362.0,18.58988204700748,0
26.184324,91.855395,2025-05-31,15.72500228881836,70.0,17.224372940700082,1
24.08927222,93.12408611,2024-09-28,1.9749999046325684,983.0,19.68967329725292,1
23.77472222,92.76194444,2024-05-28,71.20498657226562,1126.0,11.038532615965034,1
27.422599,94.311078,2024-05-28,50.62000274658203,104.0,3.1818128120974354,0
25.745227,93.314899,2024-10-07,13.280000686645508,217.0,5.150652185902698,0
25.15859,93.01292,2022-05-14,66.88500213623047,586.0,13.915808695897177,1
23.535,92.69694444,2023-07-28,1.5399999618530271,819.0,35.80301842021218,1
27.204204,94.851851,2025-05-31,4.739999771118164,105.0,3.471741285563965,0
28.233953,93.380169,2025-06-06,6.324999809265137,2772.0,33.169529390014134,0
23.71581111,92.70935,2024-05-28,71.20498657226562,902.0,24.22774531795417,1
25.50335,91.28335,2007-07-25,176.3099822998047,1414.0,21.18915910142139,1
26.356718,94.058905,2025-06-15,1.215000033378601,106.0,2.052775101535614,0
25.170488,91.480817,2024-07-02,5.755000114440918,61.0,17.0000833481045,0
24.12682222,93.54013889,2024-09-28,1.0099999904632568,765.0,23.11642191920837,1
23.74972222,92.69833333,2024-05-28,70.93499755859375,630.0,22.22435314380804,1
25.707282,93.693676,2025-06-01,19.174999237060547,307.0,1.96786377642228,0
25.540056,91.314142,2024-07-02,3.619999885559082,1513.0,13.824682316158707,1
27.30140833,88.3916,2022-11-18,0.0,1803.0,47.00376600875936,1
24.692212,94.268684,2024-08-18,46.07999801635742,1207.0,37.53490600791177,0
23.72722222,92.85472222,2024-05-28,71.01001739501953,805.0,34.60598807399335,1
28.671226,94.531555,2024-06-07,1.840000033378601,1863.0,28.577263761514807,0
26.165689,91.319403,2024-05-28,16.760000228881836,50.0,1.817522018719848,0
23.408606,92.86766,2024-05-28,96.51499938964844,785.0,4.5823147648922165,0
28.070681,93.310053,2024-05-28,19.35000228881836,1782.0,27.390618540180743,0
27.793321,96.685985,2024-09-24,15.31999969482422,2755.0,28.46421224394294,0
24.302405,93.629463,2024-05-28,117.15998840332033,1127.0,37.6727100898003,0
23.496783,92.790994,2024-08-13,1.7349998950958252,534.0,27.22787596691276,0
24.15817222,93.02488611,2024-09-28,0.0399999991059303,570.0,22.22435314380804,1
26.788709,92.220857,2024-05-28,18.60999870300293,111.0,0.7548944975654582,0
27.760465,94.180167,2024-06-15,7.399999618530273,565.0,40.60786033035867,0
28.820021,94.256122,2024-05-28,5.304999828338623,2206.0,25.54891893118176,0
23.66194444,92.85416667,2024-11-12,0.0,834.0,14.959246786437893,1
28.260649,96.042602,2024-05-28,30.26000213623047,1386.0,52.661904767675296,0
23.19849,92.882414,2024-08-13,0.0,546.0,14.310239191234691,0
23.108018,92.746279,2025-05-30,176.64999389648438,763.0,15.042369244334246,1
27.89953,88.423202,2024-05-28,0.6599999666213989,4719.0,4.972358392400693,0
27.14032,94.04931,2025-06-03,6.944999694824219,86.0,0.3376147110174216,0
25.16553,93.02172,2022-05-15,73.8550033569336,630.0,28.98757825007264,1
26.742926,93.059551,2025-05-30,140.38499450683594,80.0,0.4774537773095774,0
28.524425,95.346083,2024-05-28,33.65999984741211,2426.0,47.09361965530517,0
23.64555556,92.72444444,2024-05-28,66.74999237060547,805.0,31.119058788415003,1
28.264937,95.974532,2024-05-28,31.154998779296875,2389.0,27.590686362179103,0
24.568936,93.360513,2021-09-18,20.685001373291016,482.0,27.16662136086488,0
24.920225,94.04579,2025-06-01,51.28499603271485,794.0,3.109633021988153,0
25.53996,91.670479,2025-05-31,70.70499420166016,1757.0,7.2338446967252255,0
23.67444444,92.71472222,2024-05-28,66.74999237060547,1000.0,20.99158237694124,1
25.618932,93.205041,2025-09-13,49.93000030517578,295.0,26.762796183610217,0
28.502184,94.515497,2025-07-02,13.619999885559082,1865.0,19.61060912917093,0
23.206239,92.491221,2025-06-01,128.25,645.0,20.07880037349212,1
25.538395,92.383335,2013-08-06,7.805000305175781,1199.0,11.471257006629076,0
27.705526,94.660517,2016-07-14,28.48500061035156,315.0,20.91228418611125,0
23.73833333,92.81333333,2024-05-28,71.01001739501953,391.0,32.06706985148497,1
23.300787,92.853572,2025-05-31,45.29999542236328,997.0,32.754877470959904,1
27.673675,95.58938,2025-06-01,8.0,134.0,1.6876048941769748,0
23.200105,92.584517,2025-06-01,135.75999450683594,705.0,15.81919394750014,1
23.237356,92.744978,2025-06-05,0.0,774.0,7.2338446967252255,1
28.219859,93.817879,2021-06-08,36.11000061035156,2047.0,10.046788047511114,0
26.935371,92.96149,2024-09-24,12.304999351501465,138.0,1.391763426244203,0
25.269592,91.024835,2023-09-27,0.8550000190734863,366.0,2.7199233149201807,0
24.5716,93.17273056,2024-06-12,9.56999969482422,208.0,30.17480904438851,1
28.473221,95.065427,2024-09-28,3.639999866485596,1315.0,38.80545680273016,0
23.7375,92.69444444,2024-05-28,70.93499755859375,979.0,29.51750907883067,1
23.182466,92.487731,2025-06-01,121.27499389648438,785.0,8.47871314708616,1
23.3057,92.852802,2025-05-31,45.29999542236328,1023.0,31.205779114725832,1
26.026054,92.797741,2023-08-17,4.619999885559082,66.0,1.2171181316034885,0
25.006525,92.981545,2022-05-14,121.1999969482422,473.0,24.65581600575764,0
23.22966667,91.49532222,2021-08-25,40.02999877929688,51.0,12.53638838286113,1
24.906525,94.410727,2025-05-30,54.23500061035156,1315.0,16.444369946673778,0
23.71,92.71611111,2024-05-28,71.20498657226562,949.0,16.428860704621638,1
23.5925,92.71666667,2024-05-28,65.04499053955078,763.0,20.07880037349212,1
23.73694444,92.81361111,2024-07-02,18.155000686645508,407.0,36.83590849508688,1
23.19917,93.000199,2025-06-01,117.60499572753906,768.0,37.4041069193059,1
25.725335,91.476498,2016-05-22,1.0499999523162842,1121.0,17.062425420209564,0
25.292023,91.960822,2024-07-02,7.6449995040893555,1059.0,5.322852793549541,0
25.69683611,91.64485556,2024-08-06,8.954999923706055,1257.0,20.699546585586496,1
27.2533846,88.5489504,2021-08-22,26.549999237060547,665.0,34.85410224097107,1
25.967546,93.409509,2007-07-19,2.830000162124634,169.0,4.072588647671146,0
26.255378,90.714745,2024-07-02,7.854999542236328,38.0,2.052775101535614,0
25.680825,91.902939,2024-06-01,38.5,1020.0,10.176527410054078,0
27.593361,91.879444,2016-04-23,1.0299999713897705,2812.0,16.453666886955713,1
27.849792,94.410539,2024-05-28,40.34499740600586,413.0,31.179329496657864,0
24.515944,92.540889,2016-05-18,50.285003662109375,57.0,14.592550602033429,1
27.87111,88.576309,2021-08-01,3.974999904632568,4039.0,24.62356478616361,0
23.68638889,92.85833333,2024-05-28,55.18499755859375,927.0,23.069045509039658,1
27.289121,94.133275,2012-06-26,16.760000228881836,93.0,1.9091524329963765,0
23.71638889,92.72111111,2024-05-28,71.20498657226562,983.0,30.205466819616653,1
26.588402,93.726796,2024-07-09,12.764999389648438,93.0,5.128711509483252,0
25.531739,91.296177,2024-07-02,4.8899993896484375,1460.0,25.8493248967401,1
23.43277778,92.76111111,2024-05-28,84.40999603271484,1503.0,15.99993592924168,1
27.563947,93.372599,2024-05-28,61.49500274658203,2639.0,30.461275517775352,0
23.134345,91.740022,2024-09-24,22.435001373291016,95.0,8.280429976643653,0
23.38151,92.844938,2024-05-28,109.8749771118164,928.0,16.72355800648402,1
25.65057222,91.89351389,2024-07-02,4.535000324249268,1135.0,21.55942138371082,1
27.629279,96.733922,2024-07-02,9.129999160766602,3030.0,23.84263602379236,0
28.005468,97.369308,2024-07-02,1.6049998998641968,4516.0,28.61664962451376,0
25.45075,92.19452778,2020-05-26,198.02999877929688,1354.0,22.29097037475897,1
26.835219,94.958753,2025-06-01,6.2900004386901855,263.0,10.48288165556538,0
27.644657,93.666315,2025-06-05,3.2950000762939453,1814.0,22.47682283321852,0
25.6125,94.1272,2024-07-06,4.689999580383301,1424.0,15.36952380130432,1
22.903454,92.760096,2025-06-01,127.95999145507812,1160.0,28.4627941894252,1
23.173606,92.739793,2025-05-31,50.269996643066406,787.0,17.93200256558677,1
23.76861111,92.85138889,2024-07-02,18.155000686645508,772.0,31.39687644298045,1
23.73555556,92.78833333,2024-05-28,71.20498657226562,529.0,30.337664384844903,1
25.41384722,91.67856111,2024-05-28,63.21001052856445,1655.0,7.416536974278209,1
28.442627,96.278495,2024-05-28,20.63999938964844,2660.0,13.964880910609391,0
23.313871,92.792739,2025-06-01,124.72500610351562,596.0,18.520635899770767,1
27.317111,93.784277,2025-07-07,0.6649999618530273,1047.0,37.37946186375299,0
25.45939722,90.70860278,2022-06-17,102.18999481201172,190.0,21.6115960987222,1
23.65861111,92.70583333,2024-05-28,66.74999237060547,872.0,9.870926939134982,1
23.635943,91.412728,2024-05-28,15.114999771118164,48.0,11.777437041002203,0
28.373903,96.07675,2020-06-02,67.90499877929688,3415.0,35.63890752897078,0
23.202247,92.57903,2025-06-01,135.75999450683594,736.0,24.15404655313558,1
23.751528,91.604533,2018-06-04,4.284999847412109,88.0,6.721369339369457,1
23.17252,92.611434,2025-06-01,120.69500732421876,806.0,19.61060912917093,1
28.632844,93.376661,2024-07-02,0.9900000095367432,3191.0,31.572869057177765,0
23.71972222,92.79777778,2024-05-28,71.20498657226562,215.0,18.45641864524321,1
26.777419,91.909388,2025-06-06,0.0,148.0,2.8821812090202448,0
23.31637,92.854172,2025-05-31,45.29999542236328,895.0,21.04572088407584,1
23.879321,92.73891,2024-05-28,82.35499572753906,1090.0,41.10199182161108,0
24.35137778,93.34095556,2024-09-24,8.005000114440918,315.0,11.386165083355712,1
26.624546,93.634966,2024-05-28,49.1050033569336,83.0,0.0,0
23.69972222,92.71694444,2024-05-28,66.74999237060547,1002.0,38.17319333803387,1
25.958958,90.361444,2024-05-28,28.88999938964844,177.0,6.990494340294632,0
27.26616667,88.72697222,2012-06-07,8.255000114440918,1914.0,29.538782259558097,1
23.61861111,92.79,2024-05-28,66.74999237060547,314.0,11.904688112848122,1
27.835009,92.944419,2017-06-16,17.774999618530273,3345.0,53.92497969151712,0
23.62111111,92.72444444,2024-05-28,66.74999237060547,795.0,17.66231893216494,1
25.315176,91.923021,2007-07-19,73.09998321533203,1031.0,35.27189058250504,1
24.517056,93.817056,2024-08-02,6.370000839233398,784.0,13.824682316158707,1
26.335254,91.36319,2024-06-01,24.30999755859375,45.0,3.471741285563965,0
23.30374,92.672816,2025-06-01,129.9099884033203,553.0,10.759583898850556,1
23.208823,92.53749,2025-06-01,135.75999450683594,726.0,11.386165083355712,1
22.491822,92.970252,2025-05-31,12.329999923706056,967.0,21.419418908984124,1
25.40023,91.5159,2007-06-16,104.06999206542967,1592.0,19.12710170142385,1
23.86222222,92.83666667,2024-07-02,15.684999465942385,239.0,20.43931757325825,1
24.813306,93.243417,2018-08-02,0.2449999898672104,122.0,22.42335855928612,1
24.983528,94.158333,2018-06-12,125.11001586914062,1118.0,17.456590925928477,1
25.56278,93.61817,2025-06-01,26.51000213623047,502.0,19.078375781087,0
25.64887222,91.89692778,2024-07-02,4.535000324249268,1083.0,19.188418756936425,1
23.82638889,92.8325,2024-05-28,81.73500061035156,395.0,39.60705736237804,1
25.292083,90.793465,2024-05-28,5.190000057220459,464.0,15.1694569017345,0
26.378013,94.913067,2024-05-28,57.7349967956543,606.0,10.647801946937111,0
27.920247,93.660555,2024-05-28,25.2400016784668,1309.0,41.00847613866502,0
23.69,92.72361111,2024-05-28,66.74999237060547,871.0,29.346331162468683,1
25.29778,91.45972,2024-06-15,128.6649932861328,1067.0,13.640311227766055,1
23.72138889,92.79944444,2024-07-02,33.945003509521484,209.0,15.845167180271268,1
23.410085,91.314252,2017-06-03,0.0,33.0,8.159014354942736,0
25.638804,90.116149,2024-07-02,13.835000038146973,271.0,0.7548944975654582,0
27.169327,94.619202,2025-06-01,4.710000038146973,96.0,1.817522018719848,0
23.297521,92.689449,2025-06-01,136.86500549316406,311.0,28.037600489728423,1
23.41421944,93.10569167,2024-08-13,9.614999771118164,1023.0,26.767512858834905,1
27.307072,93.806008,2016-07-17,4.369999408721924,718.0,11.309932474020217,1
23.60861111,92.80972222,2024-05-28,55.18499755859375,498.0,27.55326483492445,1
28.857383,96.378442,2025-05-30,118.28001403808594,3884.0,35.35790224961882,0
23.71721667,92.70777778,2024-05-28,71.20498657226562,906.0,25.486125594093767,1
23.315355,92.790619,2025-05-31,49.80999755859375,617.0,32.53469816945699,1
27.686591,92.614633,2025-05-31,3.880000114440918,2817.0,52.69535580023869,0
27.720959,88.569169,2024-09-24,9.329999923706056,2871.0,27.03723822261716,0
24.572073,93.658112,2025-06-01,64.99999237060547,529.0,26.87562351871521,0
23.234898,92.911307,2025-06-01,118.3699951171875,670.0,9.73677691573277,1
28.827286,94.476174,2024-05-28,8.704998970031738,3417.0,30.16073854963253,0
24.60921944,93.30050278,2024-09-24,7.454999923706055,720.0,39.09643971967424,1
25.124583,92.989111,2010-06-16,17.60000228881836,526.0,20.21263223645209,1
25.629587,91.050251,2024-05-28,12.095001220703123,898.0,16.931476365156406,0
25.69150833,91.64160833,2025-05-29,81.84500122070312,1338.0,1.3502244696996155,1
23.39112,92.411991,2023-08-03,8.530000686645508,330.0,23.021526638116164,0
28.105862,95.716989,2024-05-28,24.709999084472656,190.0,5.601182019805608,0
23.885128,92.0701,2017-07-03,2.609999656677246,106.0,2.9018215173024653,0
23.43194444,92.76083333,2024-05-28,84.40999603271484,1460.0,24.38870074689113,1
24.51785556,93.55086944,2024-08-13,0.0,1019.0,13.915808695897177,1
24.354658,92.925511,2025-05-29,31.029998779296875,689.0,13.915808695897177,1
27.056494,94.362537,2024-07-18,2.259999990463257,87.0,2.052775101535614,0
23.49991667,92.70136111,2023-06-02,0.1500000059604644,901.0,24.359555875506427,1
23.793444,91.552056,2018-05-20,21.589996337890625,144.0,15.179705807856672,1
25.54231,92.1,2009-07-01,109.7149887084961,1336.0,17.083143246452856,1
27.327977,88.152281,2025-09-11,19.71499252319336,1578.0,13.640311227766055,1
28.794697,95.27175,2025-06-01,30.57000160217285,2152.0,19.37587916013665,0
26.528916,92.498109,2022-05-15,113.59001159667967,63.0,0.7548944975654582,0
23.188245,92.734327,2025-06-02,2.125,812.0,26.32132942828673,1
28.152825,95.157224,2024-07-07,0.7799999713897705,372.0,31.89744914744901,0
24.16966667,91.76686111,2017-06-03,120.00999450683594,78.0,13.326469949385988,1
25.922898,92.895056,2024-05-28,57.345001220703125,74.0,2.385944030388813,0
27.971594,88.729488,2024-06-28,5.809999465942383,5287.0,25.76429782575938,0
27.513283,88.469917,2025-05-31,7.624999523162842,2335.0,22.441886093428515,0
23.7375,92.78805556,2024-07-02,33.945003509521484,569.0,25.80936745770508,1
28.027715,97.32232,2009-06-29,3.9600000381469727,4686.0,35.009177890477666,0
25.56775,91.393772,2025-06-01,73.57500457763672,1634.0,20.802856206079007,0
26.70744,94.70858,2013-08-11,67.625,758.0,14.03624346792648,1
27.518598,94.133724,2024-07-02,11.079999923706056,852.0,33.51768926123237,0
28.266034,95.519185,2025-05-30,137.79498291015625,1092.0,19.68967329725292,0
25.382152,90.155519,2022-05-14,38.42499923706055,120.0,14.222050628593289,0
25.546447,94.353017,2007-07-25,22.714996337890625,1998.0,36.14941470551866,0
25.368217,94.24699,2014-07-18,0.2699999809265136,1905.0,27.92370693399913,0
22.54735,92.882032,2025-05-31,14.544998168945312,822.0,35.62790729142092,1
25.24194444,93.14319444,2016-05-22,0.4599999785423279,624.0,22.61986494804043,1
27.766409,96.385226,2025-06-01,3.375,1436.0,53.75388443926397,0
25.34508889,91.60050278,2024-05-28,69.87999725341797,1679.0,37.24571514151944,1
28.059464,97.098106,2022-05-14,12.845000267028809,4000.0,24.50836784352711,0
23.305939,92.857538,2025-06-01,127.99000549316406,922.0,26.880307851328983,1
26.19330556,91.77725,2020-06-28,13.029999732971191,172.0,19.370844026969944,1
25.63992,90.647749,2025-05-29,53.405006408691406,325.0,7.371307019051221,0
25.630644,92.048241,2023-09-12,12.869999885559082,1030.0,5.570959980093077,0
26.861234,95.508942,2009-06-04,23.25,1442.0,20.411167997672813,0
25.177416,93.00975,2022-05-16,71.42000579833984,691.0,23.674161365449702,1
28.223555,95.773169,2025-06-01,17.869998931884766,740.0,10.606834346352132,0
23.70277778,92.72083333,2024-07-02,33.945003509521484,899.0,38.32262251890178,1
25.325903,90.251092,2010-04-02,0.0,159.0,12.814236200163856,0
23.134009,92.746247,2025-05-31,50.269996643066406,795.0,17.775317038209,1
25.370838,93.194564,2024-09-28,1.204999923706055,697.0,6.25509971741467,0
27.372611,88.541022,2025-07-19,55.150001525878906,1848.0,33.44025753518539,1
23.201614,92.734453,2025-06-02,2.419999837875366,763.0,27.029504599267472,1
27.559692,96.215738,2017-06-13,17.125,531.0,15.81919394750014,0
25.481597,93.976119,2025-05-31,38.95000076293945,1603.0,30.73297765675388,0
24.13068,91.724546,2024-05-28,29.74499893188477,115.0,3.646970455272818,0
24.223323,93.86331,2025-06-01,44.68000030517578,808.0,16.48461023921887,0
23.229731,92.73968,2025-05-24,0.5449999570846558,786.0,16.2287367059342,1
23.180354,92.486971,2025-06-01,121.27499389648438,744.0,8.735690934280582,1
24.02205833,93.29369167,2024-09-24,10.529999732971191,1201.0,27.432940772267944,1
25.17505556,93.02041667,2016-05-22,0.7149999737739563,574.0,24.22774531795417,1
23.69361111,92.7225,2024-06-28,1.4849998950958252,869.0,36.89703704231115,1
28.358939,94.229254,2024-09-12,0.0,1774.0,24.104107613054275,0
27.379163,95.783479,2016-05-22,14.954998970031738,143.0,5.885129333686067,0
23.141474,92.750577,2025-05-29,50.25999450683594,838.0,31.002719133873985,1
23.73194444,92.75,2024-05-28,71.20498657226562,923.0,47.93421354598134,1
23.167747,92.435357,2024-09-28,0.0,127.0,2.433138796850444,0
23.64166667,92.72416667,2024-05-28,66.74999237060547,829.0,21.611596098722195,1
27.28847,88.30139,2022-07-10,0.125,1135.0,35.59853666783391,1
25.770064,93.937891,2022-11-12,0.0,791.0,26.43722935718126,1
25.02119,93.102779,2025-06-01,30.809993743896484,554.0,44.67912405049935,0
24.94593,93.15524,2024-08-13,0.0,95.0,7.187414250982758,0
27.751825,92.978102,2024-05-28,18.150001525878903,1768.0,34.8358170000044,0
27.236,88.75722222,2021-08-01,5.53000020980835,1649.0,11.499465999742789,1
27.955653,93.310498,2018-05-18,1.045000076293945,2204.0,34.06686306057424,0
28.056343,97.056519,2024-05-28,24.76499938964844,3528.0,25.90410682486108,0
25.877894,91.776157,2025-05-30,103.37001037597656,360.0,11.91371945044716,0
27.351685,88.23069,2025-06-01,4.739999771118164,1319.0,46.41024182626523,0
23.751694,92.731528,2007-09-08,119.98500061035156,946.0,23.628423517864427,1
23.443688,91.920458,2024-05-28,24.86499786376953,104.0,3.5204050825976285,0
23.58638889,92.71583333,2024-05-28,65.04499053955078,919.0,22.22435314380804,1
27.336656,96.221641,2025-06-01,21.92500114440918,322.0,14.549536520794929,0
27.33787,88.609377,2025-07-31,5.849999904632568,1578.0,24.862123938667224,1
26.424686,92.328392,2025-05-31,5.295000076293945,58.0,0.9548412538721888,0
25.6387,94.10979,2024-06-01,10.949999809265137,1475.0,24.591248866909307,1
26.521845,94.614608,2024-10-07,1.1150000095367432,380.0,27.41481600801581,0
23.744167,92.730472,2007-09-08,119.98500061035156,801.0,25.79602649449995,1
25.422278,91.867694,2025-05-30,80.9749984741211,1713.0,31.434832006995155,1
24.15364444,93.02183611,2024-06-07,6.0500006675720215,306.0,29.538782259558097,1
23.111824,92.745097,2025-05-31,50.269996643066406,835.0,15.896959679954522,1
27.675247,92.322468,2025-06-01,7.824999809265137,4833.0,41.72356692573681,0
26.678047,92.668641,2024-08-13,0.0,70.0,0.7548944975654582,0
25.217171,92.670754,2009-07-01,24.56999588012696,1199.0,9.697272655464085,0
25.057635,94.714382,2025-06-01,34.28499984741211,931.0,11.56032367563233,0
27.688755,94.851318,2024-05-28,27.39999771118164,118.0,1.9091524329963765,0
27.360617,95.637813,2024-07-02,20.564998626708984,148.0,1.4320961841646465,0
25.820957,94.119182,2025-06-01,13.754999160766602,1174.0,16.416440373585463,0
22.873558,92.755953,2018-06-14,19.10500144958496,1075.0,21.869859308909422,1
23.919154,91.499889,2010-06-20,10.19999885559082,122.0,8.842508257902008,0
27.621838,96.838979,2024-05-28,46.29999923706055,3719.0,12.776750912510217,0
23.802772,91.272189,2026-05-30,0.0,19.0,5.788832299437198,1
25.69866667,91.64517222,2024-08-06,8.954999923706055,1228.0,24.242444512172103,1
23.56332778,93.10553333,2024-10-22,2.444999933242798,724.0,25.267001648248183,1
22.903567,92.758702,2025-06-01,127.95999145507812,1199.0,36.699225200489884,1
23.36556111,93.05125278,2024-07-09,6.840000152587891,696.0,22.07341542334565,1
24.23566,92.380367,2024-05-28,46.16999816894531,85.0,16.506228230622458,0
22.922528,92.752404,2025-06-01,127.95999145507812,1126.0,15.36952380130432,1
27.995504,96.986194,2024-07-02,0.4399999976158142,2058.0,30.258981562005783,0
23.71388889,92.85722222,2024-07-02,18.155000686645508,840.0,35.03012380867594,1
23.54277778,92.67638889,2024-05-28,60.93499374389648,665.0,16.527811501531776,1
26.453341,91.213901,2024-10-07,0.0,44.0,1.3502244696996155,0
23.34297778,93.057775,2024-09-13,9.460000038146973,875.0,26.437229357181263,1
27.651035,88.350857,2024-05-28,4.334999561309815,4853.0,49.44844401958281,0
23.205193,92.574684,2025-06-01,135.75999450683594,774.0,37.00513608621634,1
27.019652,94.141823,2016-05-22,9.01999855041504,82.0,1.2171181316034885,0
23.634547,93.116162,2024-05-28,74.84501647949219,735.0,10.779771619960355,0
23.1739,92.611378,2025-06-01,120.69500732421876,785.0,12.53638838286113,1
27.462709,92.421925,2022-09-30,0.3649999797344208,2488.0,23.27722924683804,0
25.395395,90.524832,2018-08-24,9.18000030517578,320.0,25.020393802691324,0
24.4259,93.13580556,2024-05-28,127.02999877929688,524.0,9.870926939134982,1
28.42937,93.659441,2025-06-01,7.77500057220459,2945.0,36.934278635907546,0
23.18675,92.735178,2025-06-02,2.125,850.0,26.577778623734844,1
25.146528,93.941722,2017-06-04,12.854997634887695,1287.0,16.796238729882134,1
24.10641389,93.12339944,2024-09-28,0.1149999946355819,973.0,26.32132942828673,1
26.452392,90.203716,2025-05-31,53.720001220703125,47.0,2.3859440303888126,0
25.66156667,91.13485278,2024-07-02,6.794999599456787,1145.0,10.759583898850556,1
23.51677,91.492242,2013-09-01,0.3400000035762787,21.0,1.7210061534334908,0
28.021178,96.770578,2018-06-14,28.575000762939453,1832.0,37.339950208121046,0
27.683641,88.61981,2014-06-27,7.645000457763672,3644.0,34.41145966051805,0
23.3466,92.854847,2025-06-01,127.99000549316406,897.0,16.453666886955713,1
23.76972222,92.76,2024-07-02,33.945003509521484,1166.0,42.59980784178263,1
23.70333333,92.87638889,2024-07-18,1.0399999618530271,566.0,1.3502244696996155,1
24.450454,92.989135,2025-05-31,91.47000122070312,323.0,31.33501199170921,0
23.46777778,92.74111111,2024-05-28,84.40999603271484,1328.0,56.309932474020215,1
24.81778,93.51583,2007-09-10,9.44999885559082,460.0,28.665750219765908,1
27.952295,95.215214,2023-06-09,27.949996948242188,212.0,2.160788974078258,0
26.57812,91.968664,2024-09-24,1.869999885559082,74.0,1.817522018719848,0
25.356967,90.943667,2025-05-31,57.82499694824219,429.0,11.08264483156831,0
23.559231,93.313549,2025-06-01,55.4849967956543,1123.0,27.46310439725756,0
25.346183,92.740806,2024-08-13,0.0,963.0,4.168739961832943,0
25.751346,91.453181,2025-05-31,22.63999557495117,938.0,16.850495113189584,0
25.15556,93.021583,2022-05-14,66.88500213623047,610.0,10.21937711459359,1
28.957414,95.661302,2024-05-24,3.6999998092651367,2733.0,35.39236551897403,0
23.074255,92.76222,2025-06-01,160.22500610351562,771.0,23.132182561931256,1
27.280942,95.004183,2025-08-01,5.805000305175781,108.0,1.0675202709770988,0
28.741995,94.544263,2016-05-22,10.835000038146973,3024.0,29.207287929987988,0
27.51444444,88.56777778,2009-05-09,8.369999885559082,1463.0,17.775317038209,1
26.38778,94.82583,2009-07-27,4.179999828338623,1648.0,21.04572088407583,1
23.069585,92.765797,2025-05-31,48.28499603271485,800.0,12.638224684699054,1
23.774,92.848,2024-06-28,1.3650000095367432,670.0,32.63194030642942,1
25.398316,90.525954,2018-06-22,0.1550000011920929,360.0,13.085403969626222,0
27.444556,92.306572,2016-05-22,19.849998474121094,1908.0,28.82883496386852,0
23.502642,93.292712,2020-05-26,25.86000061035156,1206.0,23.55956944141389,0
27.24883333,88.60191667,2022-10-10,4.190000057220459,1145.0,15.609525869125669,1
23.769983,92.192051,2025-05-31,73.57499694824219,185.0,15.81919394750014,0
23.69777778,92.71944444,2024-09-20,1.1449999809265137,984.0,37.35807189461179,1
27.899078,95.894281,2026-03-16,37.96000289916992,154.0,0.4774537773095774,0
25.66315,91.90180278,2025-05-30,112.52497863769533,1017.0,7.653048720543413,1
24.57296389,93.17700556,2024-07-07,14.59000015258789,301.0,27.505240762859906,1
27.286547,93.06638,2024-07-02,14.539999008178713,878.0,27.122068499384515,0
23.62083333,92.7225,2024-05-28,66.74999237060547,822.0,17.66231893216494,1
25.41485,91.672354,2024-05-28,63.21001052856445,1652.0,4.100293712915969,0
25.22194444,91.38422222,2019-06-27,157.5699920654297,240.0,21.04572088407584,1
28.638706,95.157057,2022-05-15,6.474999904632568,1866.0,36.24060117677678,0
23.51444444,92.69805556,2024-05-28,60.93499374389648,821.0,37.038767555809535,1
23.61361111,92.80777778,2024-05-28,55.18499755859375,549.0,26.91773442777563,1
28.376088,95.670715,2024-05-28,38.20999526977539,1733.0,53.37074054577121,0
25.687056,91.6485,2007-09-15,8.505000114440918,1139.0,25.526884054256257,1
28.391682,95.593468,2024-05-28,42.65000534057617,1553.0,20.99158237694124,0
23.280947,92.8367,2025-06-01,124.50001525878906,621.0,38.37211908620569,1
24.297775,93.34159722,2024-09-24,8.749999046325684,562.0,24.74862531519583,1
24.347418,93.31643,2024-05-28,115.70999145507812,310.0,7.660316591254672,0
27.439583,94.008614,2024-05-28,55.720001220703125,1404.0,21.086199125980364,0
24.341859,92.714738,2024-08-21,15.679999351501465,301.0,13.934706376086588,0
23.139887,92.751646,2025-05-30,176.64999389648438,860.0,13.421509132977462,1
25.15713889,93.01719444,2016-05-27,3.6050000190734863,651.0,34.730518200788445,1
24.04531667,93.49220278,2024-10-07,9.59000015258789,1340.0,14.302914425322813,1
26.578905,94.067402,2024-05-28,88.70500946044922,94.0,2.7199233149201807,0
26.365882,92.794091,2024-08-13,0.1099999994039535,75.0,3.389067065438376,0
23.73388889,92.79388889,2024-07-02,33.945003509521484,320.0,18.434948822922014,1
25.015351,94.551277,2025-05-31,34.380001068115234,1612.0,36.29348215572224,0
23.180969,92.488193,2025-06-01,121.27499389648438,773.0,14.959246786437893,1
23.174558,92.612556,2025-06-01,120.69500732421876,771.0,3.931095784160226,1
28.246373,94.322854,2023-10-04,5.294999599456787,1765.0,29.788022541457384,0
28.331528,94.815007,2023-09-12,0.8400000333786011,822.0,22.66252450573944,0
27.864055,95.977751,2025-06-05,0.5249999761581421,160.0,0.3376147110174216,0
27.655228,94.768681,2024-09-24,6.350001335144043,120.0,1.012750369636371,0
28.327295,94.319193,2014-09-22,23.374998092651367,3091.0,48.94315600528589,0
23.03821667,93.12529444,2024-09-17,0.0,435.0,31.119058788415003,1
25.63861,94.115,2007-08-11,1.7249999046325684,1320.0,16.723558006484023,1
24.23419444,93.02469167,2024-09-28,0.0,80.0,25.363232718381973,1
26.70173,90.224029,2008-08-16,17.604997634887695,136.0,2.263636058426967,0
28.062432,93.145169,2023-08-06,14.389999389648438,3203.0,16.067079210634994,0
23.61861111,92.72611111,2024-05-28,66.74999237060547,793.0,28.280269845499703,1
25.17691667,93.02655556,2016-05-22,0.7149999737739563,452.0,25.197913740371355,1
26.487858,91.455015,2017-06-13,61.410003662109375,58.0,0.3376147110174216,0
23.200655,92.5813,2025-06-01,135.75999450683594,737.0,23.75010057347409,1
26.784905,92.349214,2025-06-25,0.0,106.0,1.0675202709770988,0
24.792333,93.658222,2010-06-10,8.929999351501465,447.0,34.017325088918376,1
23.367366,92.767304,2025-06-01,124.72500610351562,1144.0,50.56149197967409,1
23.72276944,92.70665,2024-05-28,71.20498657226562,961.0,39.81120571743024,1
24.710833,92.481167,2010-06-03,36.915000915527344,48.0,17.29444852858009,1
23.251004,92.63667,2025-06-01,136.86500549316406,749.0,8.935631425418535,1
26.51178,93.19714,2024-08-15,10.369999885559082,160.0,12.822549366490056,0
28.736895,94.948115,2025-05-31,3.169999837875366,547.0,38.92518394304661,0
23.198272,92.589291,2025-06-01,114.5899887084961,704.0,4.857533338413092,1
23.93194444,92.65222222,2023-09-17,24.3650016784668,214.0,31.002719133873992,1
25.31488,91.33367,2007-07-19,40.255001068115234,1141.0,43.45615808370977,1
24.994278,94.205917,2007-08-28,36.82499694824219,1579.0,32.57012547147068,1
23.51980556,92.70066667,2023-08-13,0.8250000476837158,773.0,33.26309702272514,1
23.74388889,92.71222222,2024-07-20,38.239990234375,824.0,29.118936488427924,1
26.912195,94.401847,2024-05-28,50.28999710083008,92.0,0.7548944975654582,0
25.797314,93.287111,2024-07-02,21.76499938964844,375.0,21.743418679701104,0
26.777833,93.30629,2025-06-01,0.9000000357627869,73.0,1.9091524329963765,0
28.658629,94.000792,2024-05-28,7.554999351501465,2471.0,27.435959625295588,0
28.885165,95.777255,2024-05-28,36.82999801635742,2185.0,28.738431183880497,0
23.73132778,92.70821944,2024-05-28,71.20498657226562,885.0,13.421509132977462,1
23.381533,92.854115,2024-05-28,109.8749771118164,863.0,23.11642191920837,1
27.454083,88.675617,2017-06-17,1.630000114440918,2348.0,23.22837545005452,0
26.784301,94.537906,2025-07-07,17.469999313354492,105.0,3.109633021988153,0
23.187762,92.898034,2025-06-01,123.77499389648438,866.0,31.809663934881115,1
28.361263,96.300812,2024-05-28,26.759998321533203,3918.0,49.73664504238683,0
27.14871944,88.28128889,2022-11-20,0.0,382.0,34.49623729009093,1
26.19236111,91.78080556,2019-07-10,55.1099967956543,91.0,12.364552990274646,1
25.756429,90.648957,2024-07-02,12.104999542236328,233.0,17.687823087123586,0
23.341022,92.776761,2025-05-30,172.31500244140625,744.0,29.58124669955053,1
23.921119,93.075645,2024-05-28,86.41000366210938,606.0,40.32099374186543,0
25.17986111,93.07077778,2016-05-17,116.25999450683594,512.0,4.763641690726178,1
28.096184,96.253795,2024-08-06,0.0,1586.0,61.90681276560448,0
27.677593,94.138068,2025-09-11,7.559999942779541,981.0,42.59277249123389,0
25.58387,91.83908,2024-08-28,29.724998474121094,1159.0,34.39563830979855,0
26.166185,91.7147,2025-06-04,38.584999084472656,113.0,18.96231828867539,1
23.201759,92.734328,2025-06-02,2.419999837875366,763.0,27.029504599267472,1
24.159438,92.71875,2011-03-23,0.0,161.0,20.3853179274,0
26.742603,94.816288,2024-05-28,43.14500045776367,140.0,13.771202292081655,0
23.113126,92.74564,2025-06-02,2.125,833.0,22.61986494804043,1
23.73222222,92.76555556,2024-07-02,33.945003509521484,892.0,37.86364636173037,1
27.958062,93.303973,2024-08-13,5.584999561309815,2109.0,34.06282477031529,0
28.71238,94.164135,2020-06-02,17.145000457763672,3009.0,27.41028169409525,0
26.344713,91.962719,2024-05-28,24.884998321533203,54.0,2.4563945664087456,0
25.61276111,91.17375278,2024-07-02,6.794999599456787,1166.0,14.763132623631552,1
23.76083333,92.8475,2024-05-28,71.01001739501953,789.0,28.98757825007264,1
27.2525,88.4606,2024-08-21,0.2150000035762787,550.0,34.21858270764895,1
24.60853333,93.41668333,2024-08-18,46.760009765625,944.0,25.675463214971884,1
26.37456,91.84561,2017-07-04,16.039997100830078,61.0,4.262693045214654,1
23.631219,93.118033,2024-08-15,35.13999938964844,670.0,8.104435709194412,1
23.183361,93.066742,2025-05-31,37.77999877929688,1033.0,30.85613335195628,1
28.043075,95.577657,2024-08-13,0.0,166.0,2.433138796850444,0
25.46307925,92.25426106,2020-05-26,220.6400146484375,1376.0,3.4389123953782974,1
28.785426,95.955957,2024-09-28,1.9599997997283936,2397.0,27.72322067406976,0
23.73583333,92.69777778,2024-05-28,70.93499755859375,993.0,16.253917058152773,1
23.53944444,92.65888889,2024-05-28,60.93499374389648,552.0,14.763132623631552,1
27.179,88.53313889,2015-07-08,2.2100000381469727,370.0,42.09430109320842,1
25.675447,89.949889,2025-07-06,0.559999942779541,103.0,16.665741309979975,0
23.71571389,92.72659722,2024-05-28,71.20498657226562,865.0,25.14243049054343,1
27.715081,94.692035,2026-06-28,46.22499847412109,268.0,23.021526638116164,1
27.010518,93.154722,2007-08-12,9.19499969482422,444.0,8.327142652905913,0
23.367151,92.987295,2024-07-02,39.73499298095703,1294.0,34.29242363523321,0
24.365715,92.930137,2025-06-01,38.60500717163086,610.0,34.41738871044157,1
27.242974,88.518896,2024-05-28,1.3049999475479126,580.0,30.58895816397544,0
24.84833,93.45917,2008-06-19,1.7749998569488523,988.0,33.698329255184774,1
24.460136,93.973828,2024-05-28,99.96499633789062,866.0,18.180232325920816,0
25.114774,93.473721,2023-10-02,0.0,220.0,0.7548944975654582,0
24.411818,92.446134,2025-06-02,19.349998474121094,38.0,2.862405226111748,0
28.87585,95.151809,2021-10-19,22.83500289916992,2212.0,52.44874710656887,0
26.347339,92.420407,2021-06-18,10.15999984741211,58.0,0.9548412538721888,0
25.56092,89.87447,2025-05-31,17.214998245239258,26.0,0.4774537773095774,0
25.827162,94.504695,2025-05-31,27.940000534057617,1152.0,29.54940859650111,0
27.184337,95.947162,2024-09-17,6.92500114440918,846.0,25.13026814739183,0
27.758677,95.910432,2019-05-09,16.654996871948242,143.0,2.160788974078258,0
26.164049,91.968699,2025-06-01,21.76499938964844,57.0,0.7548944975654582,0
28.382722,94.988968,2023-07-25,3.670000076293945,1800.0,32.11829964314315,0
26.426151,94.705846,2019-07-10,35.66999435424805,367.0,3.389067065438376,0
23.17824,92.491031,2025-06-01,121.27499389648438,762.0,17.775317038209,1
23.615216,93.215066,2025-06-01,98.15499114990234,1273.0,20.70185001577313,0
23.70416667,92.71222222,2024-05-28,71.20498657226562,1040.0,35.98342760298727,1
26.160091,91.035148,2024-06-12,1.334999918937683,39.0,3.4389123953782974,0
25.645723,94.707945,2020-06-02,6.854999542236328,1054.0,32.58449605532039,0
23.52944444,92.72944444,2024-05-28,65.04499053955078,989.0,17.5484006137923,1
28.402553,95.863448,2024-05-28,26.259998321533203,1739.0,26.56505117707799,0
27.63905,93.567677,2025-07-07,3.8449997901916495,1744.0,24.5137861573744,0
25.44741667,92.20138889,2020-05-26,220.6400146484375,1371.0,18.96231828867539,1
29.323957,95.755468,2025-09-13,1.8199999332427976,4756.0,47.09147686780061,0
23.209857,92.500587,2025-06-01,135.75999450683594,611.0,22.22435314380804,1
25.345325,91.418912,2009-07-01,154.85501098632812,1490.0,10.663120448541864,0
23.73888889,92.69638889,2024-05-28,70.93499755859375,1044.0,26.74234155739631,1
25.838926,94.555641,2025-06-01,12.28499984741211,1797.0,14.741937164918705,0
24.80375556,92.733375,2018-04-28,2.6549999713897705,18.0,0.9548412538721888,1
24.60067222,93.37223056,2024-10-21,0.0199999995529651,854.0,21.971970836813973,1
27.535831,93.812493,2021-04-28,10.425000190734863,1607.0,12.416385315606288,0
23.70416667,92.72,2024-05-28,71.20498657226562,880.0,37.23908117204727,1
23.44333333,92.68527778,2024-05-28,74.39498901367188,837.0,25.363232718381973,1
27.579879,95.766143,2024-05-28,52.68499755859375,147.0,0.4774537773095774,0
22.971217,92.925544,2025-05-31,33.26499938964844,728.0,31.215386668546028,1
23.226843,92.740266,2025-06-02,2.419999837875366,757.0,16.2287367059342,1
28.143727,94.378358,2024-05-28,27.68000030517578,1955.0,33.239755086314034,0
22.491,92.97076,2025-05-31,12.329999923706056,984.0,35.02251023762291,1
23.339144,92.786128,2025-05-30,172.31500244140625,682.0,23.397741000263863,1
25.7179491,94.0917724,2022-09-28,24.564998626708984,1349.0,26.56505117707799,1
27.696096,92.479288,2024-07-09,8.88499927520752,3924.0,37.114180275811215,0
23.100785,92.751508,2025-05-30,176.64999389648438,780.0,13.262676008304846,1
25.869216,91.228276,2024-05-29,45.90999603271485,225.0,13.342363797088236,0
25.909065,94.280363,2024-07-02,10.119998931884766,829.0,12.81007731882675,0
25.896498,90.60611,2016-05-22,0.0,68.0,8.280429976643655,0
25.69814,93.129423,2025-06-05,0.0,306.0,14.763132623631552,1
23.306409,92.706083,2025-05-31,49.80999755859375,415.0,25.363232718381973,1
23.131999,92.744413,2025-09-13,17.579999923706055,807.0,28.280269845499703,1
23.62833333,92.72333333,2024-05-28,66.74999237060547,797.0,19.787913812706314,1
27.592414,93.848399,2021-08-23,7.199999809265137,1631.0,10.224719622276762,0
23.27598056,93.14351667,2024-07-02,21.99499893188477,663.0,6.91817481667161,1
26.42718,94.584889,2016-05-22,1.2249999046325684,586.0,17.721756522654722,0
22.422946,92.97885,2025-05-31,12.329999923706056,751.0,29.13119796737811,0
23.204595,92.73861,2025-06-03,57.28499221801758,795.0,33.56563872420532,1
28.863375,94.530637,2024-05-28,10.0,2204.0,29.260073022738787,0
27.591389,91.9025,2016-04-23,1.4399999380111694,2527.0,21.55942138371082,1
27.62026,93.489957,2025-06-08,4.514999866485596,2218.0,29.24384939923428,0
25.21742,91.911292,2024-05-28,78.86000061035156,653.0,3.372286683433898,0
23.85726,91.803282,2024-05-28,24.55500030517578,104.0,2.0248682972773406,0
22.40462,92.975828,2025-05-31,12.329999923706056,624.0,36.37422987373354,0
26.302969,91.395394,2024-05-28,24.49499893188477,44.0,1.2171181316034885,0
26.173549,91.903509,2024-05-28,36.35499954223633,241.0,7.917305155246911,0
26.51005,90.711523,2024-05-28,36.719993591308594,50.0,1.96786377642228,0
24.64528611,93.28593611,2024-09-24,6.319998741149902,570.0,26.880307851328983,1
26.528066,93.850339,2024-09-28,1.8600000143051147,98.0,1.817522018719848,0
26.177945,93.310551,2025-05-31,32.5,639.0,15.99993592924168,0
23.298166,92.858694,2025-05-31,50.07499694824219,907.0,21.95499883223757,1
24.78380556,92.45563889,2020-06-02,32.44499969482422,33.0,14.763132623631552,1
26.505104,93.222219,2016-07-16,7.199999809265137,190.0,13.6170618313427,0
22.67763,93.079399,2024-09-28,0.5550000071525574,635.0,35.891671117465485,0
24.56062778,93.18938889,2024-07-07,14.59000015258789,110.0,14.03624346792648,1
23.88361111,92.85305556,2024-08-17,30.4699935913086,658.0,30.25643716352927,1
29.114401,96.067061,2024-05-28,21.26499938964844,2913.0,35.573713626392,0
26.156633,91.938576,2024-08-08,43.650001525878906,109.0,9.321835749415005,1
23.319184,92.856725,2025-05-31,45.29999542236328,1024.0,27.432940772267944,1
23.73111111,92.70222222,2024-05-28,71.20498657226562,862.0,20.307500221928045,1
28.389729,93.306842,2024-07-02,1.0549999475479126,3391.0,19.10916896914493,0
28.785082,94.67582,2024-05-28,12.434998512268066,2558.0,34.369895822693806,0
27.149139,95.550149,2013-08-18,0.0,599.0,15.70167123678081,0
25.124306,92.904278,2010-04-02,38.2599983215332,283.0,21.33126583595921,1
25.21527,94.548022,2024-05-28,55.04499816894531,1757.0,21.880527338520384,0
25.5667327,91.9146185,2024-10-04,20.10499763488769,1537.0,6.853224835121291,1
25.528079,94.597157,2016-05-22,0.7199999690055847,1475.0,18.009697068630487,0
26.124846,93.00418,2008-06-19,2.549999952316284,79.0,0.7548944975654582,0
26.25014,92.764196,2025-05-30,89.92498779296875,71.0,3.109633021988153,0
24.736906,93.794624,2024-05-28,117.70498657226562,792.0,1.7210061534334908,0
28.793599,94.585048,2024-05-28,11.585000991821287,1827.0,35.71296387875258,0
23.307524,92.857678,2025-06-01,127.99000549316406,960.0,29.118936488427924,1
23.59194444,92.75055556,2024-05-28,65.04499053955078,701.0,26.113233272206745,1
23.71111111,92.87861111,2024-06-28,1.3650000095367432,592.0,35.59118566547325,1
25.50368056,91.72342222,2007-07-19,64.16499328613281,1748.0,5.550718212127324,1
25.69517778,91.64123611,2025-05-30,87.50001525878906,1302.0,15.06995574963759,1
23.1915,93.011024,2025-05-31,37.77999877929688,875.0,40.41337530810542,1
28.740203,95.348473,2024-05-28,32.125,2665.0,40.91962585655176,0
28.656388,94.166237,2024-07-02,1.5249998569488523,2829.0,23.015576714911568,0
27.56111111,88.65452778,2012-06-22,24.96000289916992,1412.0,25.5133092609215,1
23.52277778,92.70277778,2024-05-28,65.04499053955078,787.0,17.66231893216494,1
24.90139,93.45389,2008-06-19,4.014999866485596,971.0,25.486125594093767,1
23.74555556,92.79444444,2024-05-28,71.20498657226562,360.0,26.00818191569552,1
23.214589,92.572672,2025-06-01,135.75999450683594,818.0,18.370345512861498,1
23.89638889,92.73638889,2023-09-27,2.9599997997283936,1081.0,54.08967008896894,1
24.362162,94.141581,2024-05-28,94.2649917602539,1254.0,26.54275430663689,0
23.50861111,92.69805556,2024-05-28,60.93499374389648,834.0,31.002719133873985,1
26.914966,92.610118,2024-05-28,33.46500015258789,117.0,0.3376147110174216,0
23.56416667,92.70805556,2024-05-28,65.04499053955078,847.0,27.613098503754813,1
23.71416667,92.85805556,2024-05-28,71.01001739501953,879.0,28.587119037972805,1
25.150182,93.855415,2007-09-08,32.82499694824219,2152.0,40.752287388844906,0
26.340854,91.844166,2024-09-12,0.0,55.0,3.945476393479333,0
24.866953,94.048867,2025-06-01,56.28999328613281,790.0,1.7210061534334908,0
22.904615,92.75705,2025-06-01,127.95999145507812,1159.0,24.805474401698422,1
26.714971,91.422735,2022-05-15,94.69500732421876,100.0,1.012750369636371,0
23.134961,92.747843,2025-05-30,176.64999389648438,851.0,32.667159071642764,1
27.133137,88.127064,2025-05-30,25.65999984741211,1727.0,27.24009953036473,0
24.73838889,93.30909722,2024-08-18,63.660003662109375,264.0,27.79130564477921,1
27.645255,91.923106,2024-05-28,0.3000000119209289,3465.0,18.35954987108923,0
27.594833,91.866417,2016-04-22,26.47499656677246,2975.0,6.091478002079769,1
22.462831,92.640154,2025-05-31,16.994998931884766,80.0,6.281942803729766,0
27.555949,96.695558,2018-08-24,0.6449999809265137,1673.0,32.24850128082579,0
23.73638889,92.79805556,2024-05-28,71.20498657226562,346.0,20.99158237694124,1
23.150939,92.748258,2025-05-31,50.269996643066406,881.0,24.74862531519583,1
23.83277778,92.8325,2024-07-02,15.684999465942385,350.0,35.71570019685384,1
25.68698889,91.64812222,2025-05-28,21.645000457763672,1171.0,38.29781579971788,1
23.58027778,92.715,2024-05-28,65.04499053955078,918.0,11.348119585994183,1
26.1755,91.76175,2016-07-14,10.789999961853027,62.0,6.654425046006596,1
26.490174,91.746359,2025-06-02,11.669999122619627,64.0,3.471741285563965,0
24.826581,92.529792,2025-06-01,50.67499542236328,18.0,1.012750369636371,0
27.193425,93.780983,2016-07-16,69.68998718261719,213.0,52.80344175658018,1
28.457126,94.084312,2024-06-01,4.064999580383301,1989.0,48.20430784743667,0
27.538881,92.185736,2024-07-02,3.494999885559082,3379.0,20.11955452093631,0
27.126705,93.126159,2021-08-22,2.640000104904175,1600.0,29.349019491371177,0
25.908406,93.295566,2023-08-09,19.76999855041504,165.0,2.8821812090202448,0
26.811443,91.660389,2024-05-28,14.100000381469728,211.0,10.160408198552636,0
23.56672222,93.13764444,2024-07-09,12.264999389648438,1140.0,26.360054096082703,1
26.057934,92.744386,2009-08-20,20.17500114440918,75.0,2.7199233149201807,0
25.630858,91.887601,2024-05-28,69.2249984741211,1232.0,14.273571375658683,1
26.426497,90.346675,2025-05-30,36.894996643066406,54.0,1.2171181316034885,0
23.203107,92.577972,2025-06-01,135.75999450683594,749.0,19.82702865340817,1
27.706697,92.564018,2007-07-19,27.520000457763672,3035.0,33.83507296292275,0
24.299878,92.323438,2022-07-10,1.3650000095367432,85.0,8.16580964839238,0
25.098561,93.699153,2025-06-01,46.380001068115234,1128.0,12.646669179823956,0
23.635,92.72361111,2024-05-28,66.74999237060547,837.0,35.113638216485604,1
23.71740833,92.70644167,2024-05-28,71.20498657226562,896.0,26.269553396535294,1
25.390312,93.090364,2025-05-30,58.274993896484375,285.0,21.611596098722195,0
28.642926,94.484727,2024-05-28,13.74499797821045,3895.0,17.390226107566324,0
27.59027778,88.65394444,2012-06-26,0.8550000190734863,1677.0,23.021526638116164,1
23.198961,92.590043,2025-06-01,114.5899887084961,687.0,21.18915910142139,1
23.350187,92.778852,2025-05-30,172.31500244140625,837.0,29.54940859650111,1
24.907849,94.004507,2012-06-07,0.2349999845027923,900.0,27.68758601868061,0
23.72428333,92.70737778,2024-05-28,71.20498657226562,978.0,27.226347381898258,1
26.268132,94.168649,2024-05-28,63.3550033569336,416.0,9.920728647509224,0
26.451423,91.772611,2025-05-31,17.90999984741211,59.0,3.631393549323058,0
24.92097,93.07306,2020-06-02,83.93000030517578,61.0,14.763132623631552,1
23.32044,92.643229,2025-06-01,129.9099884033203,718.0,12.04828213833979,1
24.985,93.52113889,2011-05-31,25.78999900817871,1043.0,21.18915910142139,1
25.41955556,92.16194444,2023-08-10,0.4100000262260437,1393.0,3.931095784160226,1
28.65297,95.31841,2007-08-28,6.484999656677246,1886.0,59.95755470599998,0
26.237848,92.953216,2025-06-14,7.539999961853027,233.0,17.69065401563772,0
23.234538,92.637234,2025-06-01,136.86500549316406,817.0,21.242603631151898,1
25.365263,91.878497,2023-04-13,0.0,1545.0,19.47122063449069,1
23.309286,92.850807,2025-05-31,45.29999542236328,972.0,22.40687120493745,1
27.58741667,91.88694444,2016-04-22,26.47499656677246,2589.0,6.721369339369457,1
23.73361111,92.69388889,2024-05-28,70.93499755859375,900.0,23.11642191920837,1
26.660705,92.771489,2025-05-31,16.160001754760742,76.0,1.6876048941769748,0
27.350908,93.572684,2025-06-01,21.68000030517578,1791.0,19.370844026969944,0
26.596589,92.128583,2024-05-28,18.40499496459961,71.0,1.0675202709770988,0
23.53944444,92.66527778,2024-05-28,60.93499374389648,599.0,21.31357434104547,1
27.587417,91.886944,2016-04-22,26.47499656677246,2589.0,6.721369339369457,1
26.158193,91.755807,2025-06-06,3.954999923706055,59.0,11.309932474020217,1
23.59055556,92.71611111,2024-05-28,65.04499053955078,774.0,33.64040940514667,1
25.781246,91.874475,2024-07-06,0.4950000047683716,698.0,10.43076019506472,1
23.62418333,93.14208611,2024-08-15,35.13999938964844,1381.0,26.113233272206745,1
26.287722,92.978228,2012-06-22,38.70999526977539,173.0,35.440676714133225,0
24.15858,92.018557,2024-09-24,53.63500213623047,41.0,2.385944030388813,0
23.73333333,92.70527778,2024-05-28,71.20498657226562,949.0,11.461836902818336,1
26.824168,94.856504,2024-09-24,9.259998321533203,292.0,9.73677691573277,0
25.222539,93.174638,2025-05-31,98.28500366210938,499.0,13.278657435202684,0
24.02782222,93.28944444,2024-07-02,20.454998016357425,816.0,28.280269845499703,1
23.309914,92.853522,2025-05-31,45.29999542236328,969.0,29.421439641486938,1
25.44465,91.34622,2007-07-17,134.90000915527344,1471.0,15.179705807856672,1
23.68277778,92.8575,2024-05-28,55.18499755859375,946.0,34.369895822693806,1
23.223807,92.944448,2025-06-01,118.3699951171875,485.0,8.47871314708616,1
23.65527778,92.72694444,2024-05-28,66.74999237060547,811.0,22.668609279892426,1
27.866807,88.79395,2025-05-31,14.795000076293944,4964.0,17.274046531083112,0
26.136157,90.360342,2010-06-03,81.010009765625,34.0,0.6752059787394532,0
24.33915833,93.66233611,2024-08-13,0.0,1042.0,17.03574212804197,1
24.645417,93.005361,2016-08-31,36.660003662109375,359.0,30.82665955230447,1
28.125972,96.850242,2025-05-30,176.2250213623047,4021.0,53.76866143484262,0
23.78138889,92.67638889,2023-10-25,0.1649999916553497,441.0,39.00770983983683,1
24.70656,92.65008,2020-06-02,47.53998565673828,49.0,3.016961309815993,1
28.695073,95.907312,2024-08-17,8.08499813079834,1922.0,31.83859224240431,0
26.712676,92.738909,2025-05-31,14.844998359680176,75.0,2.3859440303888126,0
23.52861111,92.6975,2024-05-28,60.93499374389648,825.0,39.60705736237804,1
25.48716667,91.81936111,2025-05-30,80.9749984741211,1724.0,6.91817481667161,1
25.5651,94.1390034,2024-06-01,15.714998245239258,1669.0,19.74869565807571,1
23.54833333,92.71083333,2024-05-28,65.04499053955078,959.0,23.11642191920837,1
25.43505556,92.19836111,2020-05-26,198.02999877929688,1350.0,13.03657849691309,1
23.301901,92.649401,2025-06-01,129.9099884033203,725.0,22.40687120493745,1
23.770747,91.832555,2025-06-01,30.654998779296875,124.0,5.237476066812513,0
26.029844,93.200667,2025-06-02,8.09999942779541,110.0,1.96786377642228,0
26.493536,94.756862,2018-05-20,3.6049997806549072,503.0,23.061135616050905,0
24.370533,92.718103,2022-10-02,27.19499969482422,168.0,21.04572088407583,0
23.319412,92.855415,2025-05-31,45.29999542236328,950.0,23.75010057347409,1
26.867215,94.783565,2025-06-01,3.430000305175781,108.0,0.7548944975654582,0
25.581621,92.623774,2007-07-25,135.9449920654297,720.0,12.946519289312022,0
25.65341111,91.89819444,2024-07-01,185.364974975586,1038.0,17.035742128041974,1
24.60372222,93.37223056,2024-07-02,28.529998779296875,815.0,30.01033418769176,1
26.809623,92.262533,2025-05-31,9.524999618530272,118.0,4.168739961832943,0
23.74066667,92.69336111,2024-05-28,70.93499755859375,927.0,12.225122675735753,1
23.900852,91.790121,2025-06-01,33.21999740600586,155.0,10.555380466061171,0
23.54286944,93.08539722,2024-09-12,3.670000076293945,916.0,23.3822424378352,1
27.643161,92.843221,2024-08-13,1.8949999809265137,1658.0,40.63992485769936,0
23.73555556,92.80027778,2024-05-28,71.01001739501953,362.0,7.825525624597575,1
23.72138889,92.85777778,2024-07-02,18.155000686645508,792.0,34.46474362464782,1
25.757585,92.779348,2025-05-31,54.44000244140625,130.0,3.843668167321381,0
23.88583333,92.85055556,2024-09-28,0.0,514.0,30.82665955230447,1
25.65794,93.407053,2025-05-31,40.21500015258789,270.0,15.23762774435772,0
24.523491,92.901356,2025-05-30,33.37000274658203,78.0,6.795864695099743,0
25.43480556,91.85952778,2025-05-30,80.9749984741211,1805.0,32.53469816945699,1
23.587243,91.582944,2024-05-28,12.664997100830078,66.0,7.249252620737,0
27.297049,96.015616,2016-05-22,16.9950008392334,341.0,16.931476365156406,0
26.082372,94.460148,2014-05-10,0.0049999998882412,933.0,17.062425420209564,0
26.691345,93.60093,2025-05-30,89.98499298095703,79.0,7.2338446967252255,0
25.15933333,93.017,2016-05-22,0.7149999737739563,685.0,7.2338446967252255,1
26.17672,91.76525,2017-06-13,83.35499572753906,87.0,17.5484006137923,1
25.88414,91.654964,2016-05-17,44.40500259399414,376.0,7.917305155246911,0
27.105253,93.825399,2024-06-18,48.20499420166016,172.0,30.17480904438851,1
23.5625,92.70777778,2024-08-25,9.260000228881836,806.0,19.370844026969944,1
22.404215,92.951647,2025-05-31,12.329999923706056,198.0,31.01244544880732,1
28.512848,95.419564,2007-08-24,6.80000114440918,2296.0,40.021036288278026,0
26.19244444,91.76422222,2016-07-20,14.64499855041504,101.0,14.066164922222868,1
26.599581,91.449092,2025-05-31,27.834999084472656,66.0,1.817522018719848,0
28.299176,93.846093,2025-05-31,1.3849999904632568,1462.0,40.54352934976556,0
27.04547,95.443638,2024-08-15,6.789999961853027,541.0,8.917089630363527,0
28.852166,94.069207,2024-08-18,17.240001678466797,4065.0,31.274111327369862,0
27.322233,92.850823,2010-04-02,0.0,1050.0,28.458539294810752,0
23.76972222,92.74472222,2024-05-28,71.20498657226562,1153.0,36.733505603395045,1
25.642473,92.518204,2024-08-28,25.419998168945312,911.0,12.979350497927722,0
27.518076,91.786095,2024-07-02,3.6550002098083496,1728.0,47.00764738441772,0
24.974719,93.262834,2016-04-22,22.80999755859375,159.0,10.939804462619982,0
23.859928,91.579686,2023-08-06,37.0050048828125,95.0,16.316660416077156,0
28.163883,94.701066,2024-09-24,10.76500129699707,675.0,19.868475685293085,0
23.62027778,92.72611111,2024-05-28,66.74999237060547,771.0,33.927980154144706,1
24.92371,92.897921,2020-02-02,0.0,61.0,4.222687118252763,0
27.615179,95.447833,2025-05-31,14.80500030517578,129.0,3.109633021988153,0
26.10694722,94.25328889,2021-09-18,4.564999580383301,1374.0,7.416536974278209,1
26.38778,94.82583,2009-08-20,27.19999122619629,1648.0,21.04572088407583,1
28.754721,96.41914,2024-05-28,15.319997787475586,4342.0,27.63100627025136,0
25.370508,91.415007,2024-09-03,0.6449999809265137,1483.0,4.380487094158032,0
25.808904,92.517166,2025-06-15,15.919999122619627,666.0,20.250651404968387,0
25.681866,90.953997,2024-07-02,12.829998016357422,782.0,6.457954637909866,0
24.72074444,93.30899167,2024-07-02,22.71000099182129,372.0,8.582483688827132,1
23.67583333,92.715,2024-05-28,66.74999237060547,997.0,23.428692808745403,1
28.138701,94.672009,2016-05-22,26.21999931335449,386.0,27.644424321631288,0
25.14586111,93.02419444,2016-05-22,0.7149999737739563,704.0,17.571258778322424,1
26.19081,91.84528,2017-07-04,24.37999725341797,67.0,22.42335855928612,1
27.303666,96.023249,2024-05-28,66.86997985839844,276.0,4.431819877885358,0
23.61583333,92.79111111,2023-09-23,1.694999933242798,329.0,34.162480159648744,1
24.57467222,93.14389722,2024-07-09,26.185001373291016,584.0,25.915703593185818,1
25.14677778,93.03097222,2016-05-17,116.25999450683594,483.0,22.22435314380804,1
24.18566111,93.53935278,2024-07-02,26.11999893188477,673.0,24.74862531519583,1
25.733262,91.675754,2025-06-11,59.99999237060547,742.0,16.453666886955713,1
24.09210556,93.29866667,2024-09-24,10.529999732971191,923.0,16.527811501531776,1
23.807949,91.842547,2025-06-01,33.71999740600586,136.0,9.8764738609297,0
23.89138889,92.84888889,2024-07-02,15.684999465942385,568.0,24.16881343581011,1
24.72192,92.90381,2020-06-05,5.550000190734863,39.0,10.555380466061171,1
25.50247,90.011292,2025-06-01,15.939998626708984,120.0,3.843668167321381,0
23.132082,92.746268,2025-05-31,50.269996643066406,858.0,18.43494882292201,1
25.71711111,94.08561111,2017-10-29,54.34999847412109,1361.0,17.5484006137923,1
23.71523056,92.71529167,2024-05-28,71.20498657226562,1012.0,16.72355800648402,1
25.18955556,93.09641667,2016-05-22,0.7149999737739563,535.0,24.591248866909307,1
25.883901,90.001936,2025-06-01,22.90999794006348,30.0,3.723867216394672,0
25.17136,93.01102,2022-05-14,66.88500213623047,700.0,3.931095784160226,1
23.68027778,92.72472222,2024-05-28,66.74999237060547,905.0,32.53469816945699,1
27.23772,88.51384,2014-08-26,9.329998970031738,434.0,36.62354905164433,1
25.18688889,91.39855556,2019-06-27,121.07498931884766,77.0,17.083143246452856,1
25.47704743,92.16831285,2020-05-25,52.56500244140625,1405.0,8.984876931685683,1
26.332703,91.953283,2024-06-18,96.12998962402344,55.0,1.2171181316034885,0
25.125625,94.19226,2024-05-28,80.93498992919922,1390.0,24.591248866909307,0
25.883033,90.049783,2024-07-07,5.009999752044678,26.0,2.263636058426967,0
23.194007,92.734654,2025-05-30,176.64999389648438,778.0,30.01033418769176,1
27.33972222,88.62055556,2021-06-08,15.875000953674316,1861.0,27.432940772267944,1
26.01048,94.280227,2025-05-30,70.30999755859375,808.0,13.206566483906398,0
27.776517,92.815345,2025-05-30,212.26998901367188,1931.0,56.695898362864575,0
26.527488,91.336905,2024-05-28,23.30500030517578,51.0,1.012750369636371,0
23.70527778,92.71138889,2024-05-28,71.20498657226562,1070.0,36.491988188351336,1
23.60972222,92.79972222,2024-07-02,24.599998474121094,397.0,38.97802093380687,1
25.67469444,91.88652778,2011-06-26,8.669999122619629,1062.0,4.763641690726177,1
24.30711944,93.59375833,2024-08-13,0.0,905.0,24.634322367669885,1
23.75973,93.033552,2014-09-20,0.4399999976158142,631.0,28.61243420119806,0
23.57138889,92.70972222,2024-05-28,65.04499053955078,855.0,34.74601766541864,1
23.876389,93.346398,2016-05-17,51.56500244140625,1063.0,27.17735741799749,0
23.74416667,92.85555556,2024-09-25,49.26499557495117,833.0,28.176705590951745,1
24.457617,92.872642,2024-05-28,111.69499206542967,107.0,2.8821812090202448,0
26.384347,94.443397,2024-07-01,94.62001037597656,955.0,19.29004621918873,1
25.816651,91.574376,2024-05-28,50.25999450683594,331.0,14.549536520794929,0
25.14872222,93.03191667,2016-05-17,116.25999450683594,451.0,29.83376877992044,1
27.346167,88.613248,2024-07-02,12.559999465942385,1609.0,18.658796522106226,0
26.17755556,91.76588889,2017-06-13,83.35499572753906,96.0,17.29444852858009,1
24.716225,93.32551389,2024-08-18,63.660003662109375,116.0,16.527811501531776,1
26.125124,91.475235,2024-05-28,17.76500129699707,44.0,0.0,0
25.780125,92.800716,2024-05-28,38.90999603271485,107.0,1.817522018719848,0
25.42315556,91.86329167,2025-05-31,74.5550308227539,1740.0,40.41337530810542,1
23.904088,91.906123,2016-05-17,17.064998626708984,147.0,3.584252301697434,0
23.61916667,92.7225,2024-05-28,66.74999237060547,830.0,35.889866740432154,1
27.34997,88.590641,2024-05-28,1.5799996852874756,1462.0,28.41308537579142,0
27.916416,93.287839,2024-07-02,4.244999885559082,1193.0,32.81818198165607,0
27.77968,92.907967,2021-05-18,1.404999852180481,1768.0,39.202986732656605,0
23.315273,92.856524,2025-05-31,45.29999542236328,971.0,33.16099672886019,1
24.5723,93.529338,2025-06-15,30.34499740600586,1178.0,31.792282570357223,0
27.161881,97.004835,2022-05-15,18.755001068115234,1537.0,43.83243510941507,0
25.17623,93.01326,2022-05-14,66.88500213623047,696.0,33.698329255184774,1
25.158138,93.024778,2022-05-15,73.8550033569336,543.0,6.91817481667161,1
26.11956,92.052125,2025-06-05,1.2599999904632568,72.0,2.1342998941463125,1
25.56667,91.90194,2007-09-08,130.6699981689453,1545.0,3.016961309815993,1
25.162667,93.009806,2022-05-14,66.88500213623047,570.0,18.96231828867539,1
23.53555556,92.69694444,2024-05-28,60.93499374389648,853.0,45.20934119259024,1
25.23880556,93.03219444,2016-05-22,0.199999988079071,569.0,16.601549599020238,1
25.157346,90.472015,2016-05-22,0.0,21.0,3.7692440164074177,0
27.425933,93.75367,2016-05-17,18.98999786376953,859.0,23.2752779842308,0
24.213393,92.713664,2025-05-24,4.309999942779541,173.0,26.233861962637395,0
28.702367,94.855546,2024-05-28,15.52500057220459,1669.0,32.42460957107069,0
25.31848,91.45262,2007-07-19,48.49500274658203,1393.0,22.61986494804043,1
27.339267,93.802581,2016-07-16,84.25,789.0,26.628589703310887,1
23.246611,92.655112,2025-06-01,136.86500549316406,405.0,20.846265656650555,1
23.181806,92.736868,2025-05-30,176.64999389648438,812.0,26.269553396535294,1
27.23995,93.806589,2016-07-17,4.779999256134033,267.0,26.61590170730996,1
25.17638889,93.11613889,2016-05-22,0.755000114440918,564.0,15.36952380130432,1
26.774669,91.953549,2025-06-01,69.71499633789062,142.0,3.389067065438376,0
28.267105,96.363589,2024-05-28,25.714996337890625,4024.0,53.57925307559389,0
23.53805556,92.71861111,2024-05-29,2.8350000381469727,888.0,15.81919394750014,1
26.925483,94.47454,2024-05-28,50.28999710083008,95.0,1.391763426244203,0
26.496271,91.354061,2024-05-28,19.584999084472656,49.0,1.4320961841646465,0
23.225357,92.74039,2025-06-06,0.4300000071525574,756.0,10.21937711459359,1
24.997972,94.020444,2007-08-28,16.895000457763672,803.0,14.931417178137552,1
25.21022222,90.63220278,2022-06-17,129.6599884033203,36.0,15.92277945817654,1
26.217036,93.395119,2024-07-23,0.0,877.0,15.61282805727163,0
22.91452778,92.89333333,2022-11-14,0.0,583.0,21.242603631151898,1
28.027873,95.676015,2024-05-28,23.715002059936523,164.0,0.7548944975654582,0
23.298928,92.857435,2025-05-31,50.07499694824219,941.0,20.307500221928045,1
26.646084,90.889514,2026-05-30,0.0,69.0,2.5695028228896355,0
27.295705,94.757779,2025-05-31,5.534999847412109,100.0,1.6876048941769748,0
26.1895,91.78716667,2016-04-18,14.69999885559082,70.0,12.225122675735753,1
23.944949,94.16208,2021-08-27,8.945000648498535,384.0,14.581811078563677,0
23.114225,92.746024,2025-05-31,50.269996643066406,802.0,31.244175851188185,1
23.24231111,93.17726667,2024-07-17,12.869998931884766,647.0,15.042369244334246,1
25.591749,94.341617,2017-05-20,2.825000047683716,1444.0,46.33305128663952,0
27.382464,88.046422,2024-05-28,0.1050000041723251,3975.0,28.845470930234946,0
26.09150556,91.87898611,2020-07-12,12.26999855041504,77.0,3.931095784160226,1
23.463164,92.854672,2024-05-28,96.51499938964844,1060.0,21.135527342306386,1
25.16563889,93.02544444,2016-05-22,0.7149999737739563,516.0,13.03657849691309,1
23.69472222,92.85972222,2024-05-28,55.18499755859375,937.0,22.22435314380804,1
24.831526,92.964362,2025-06-01,37.79500579833984,40.0,5.150652185902698,0
25.42577,91.24428,2024-07-02,5.269999504089356,1301.0,47.727129330800295,0
24.458634,92.241221,2024-06-01,0.6949999928474426,25.0,1.817522018719848,0
23.203903,92.576807,2025-06-01,135.75999450683594,756.0,21.938008256074177,1
28.025154,97.237373,2024-05-28,43.09001159667969,4506.0,15.288517970232029,0
25.348772,94.413658,2025-05-29,57.78999328613281,956.0,15.503408837548552,0
27.21114,95.940218,2024-08-02,36.415000915527344,512.0,22.35109772807088,0
27.519744,92.68558,2024-08-21,0.9199999570846558,2806.0,31.051293565952417,0
23.7002691,92.7181685,2025-05-13,0.0,1038.0,36.815480279408405,1
23.197825,92.73502,2025-06-15,30.549999237060547,741.0,12.260147486012336,1
23.53083333,92.73333333,2024-05-28,65.04499053955078,1065.0,34.846405699136405,1
25.23211111,91.37252778,2019-06-27,157.5699920654297,418.0,16.051123667414398,1
24.851677,94.358569,2024-09-12,1.5299999713897705,1398.0,22.64628690782382,0
25.62790278,91.88801944,2024-05-28,69.2249984741211,1257.0,9.870926939134982,1
25.668054,93.744305,2025-06-11,3.669999599456787,444.0,4.972358392400693,0
28.63684,95.757318,2024-05-28,40.40999984741211,1896.0,37.038767555809535,0
25.117665,92.847709,2022-05-14,88.53997802734375,161.0,16.723558006484023,1
28.793879,95.940911,2025-05-31,24.089996337890625,1827.0,28.661547312801563,0
23.10184722,93.20138889,2024-09-28,0.0,1202.0,19.12710170142385,1
25.38163333,90.06033889,2022-06-09,37.15499496459961,82.0,8.47871314708616,1
25.162048,94.321211,2024-05-28,37.2449951171875,1320.0,23.88588673441924,0
29.098874,94.34082,2024-05-28,3.5899996757507324,4002.0,38.77161802681372,0
26.15427778,91.79263889,2017-06-13,83.35499572753906,78.0,7.653048720543413,1
25.357867,91.120802,2023-07-23,10.90000057220459,397.0,22.466555410680765,0
26.89074,92.12068,2021-04-28,0.7800000905990601,228.0,42.850890051218336,1
25.799322,94.965681,2024-05-28,70.01000213623047,1762.0,15.02163983584544,0
27.916786,94.972366,2013-08-16,8.569999694824219,382.0,21.000618813993764,0
23.70827778,92.71711111,2022-07-23,40.34999847412109,1024.0,41.09162949850341,1
25.756677,90.406867,2025-05-31,69.68000030517578,318.0,4.822542232360713,0
24.03980278,93.29373889,2024-07-02,20.454998016357425,749.0,25.526884054256257,1
28.583527,94.290406,2025-06-02,4.699999809265137,3298.0,35.64440484098135,0
24.355201,92.795859,2025-06-01,45.06000900268555,164.0,10.683507759366371,0
24.478972,92.682861,2016-05-17,129.30499267578125,65.0,15.92277945817654,1
25.609706,93.963904,2024-05-28,69.36998748779297,2002.0,31.20217484109817,0
27.28577778,88.5535,2021-08-27,34.19999694824219,1571.0,64.57997127754341,1
27.24297222,88.47055556,2022-06-15,29.51499557495117,494.0,32.74612665551688,1
25.774034,90.824559,2024-05-28,9.550000190734863,574.0,3.372286683433898,0
25.17702778,93.02088889,2016-05-22,0.7149999737739563,571.0,8.735690934280582,1
23.805201,92.288421,2009-06-20,8.180001258850098,167.0,15.19676900939817,0
27.800086,95.227295,2007-06-16,52.6300048828125,122.0,1.391763426244203,0
23.10100556,93.19393611,2024-07-02,22.61999893188477,1048.0,22.61986494804043,1
25.826312,94.555343,2025-06-01,12.28499984741211,1715.0,10.176527410054078,0
26.42608,94.398916,2025-07-07,11.449999809265137,865.0,48.75342639460345,1
25.877744,93.336762,2024-05-28,72.91999053955078,256.0,1.817522018719848,0
23.605091,92.72184,2024-05-28,66.74999237060547,799.0,37.99705220207771,1
26.00513,93.572171,2024-05-28,71.00499725341797,275.0,7.085726953533678,0
27.825099,94.131145,2025-06-01,4.235000133514404,1270.0,22.40687120493745,0
25.621685,92.809256,2024-07-19,15.899999618530272,256.0,1.96786377642228,0
27.604614,92.033643,2024-06-28,18.8799991607666,3874.0,47.09361965530516,0
23.58583333,92.71638889,2024-05-28,65.04499053955078,952.0,19.61060912917093,1
23.54277778,92.70333333,2024-05-28,65.04499053955078,908.0,35.63524161504921,1
26.863531,92.554523,2025-06-01,11.47499942779541,104.0,1.5095270002735288,0
26.064097,95.034453,2025-06-01,18.584999084472656,1561.0,33.02601902962673,0
26.19322,91.77033,2022-06-16,146.0349884033203,164.0,23.021526638116164,1
28.961608,96.503874,2024-07-02,0.1349999904632568,4679.0,30.297100641022165,0
23.50882222,93.09170278,2024-07-02,29.24999618530273,685.0,25.376933525152303,1
26.083514,93.522465,2024-10-04,13.220001220703123,885.0,2.0248682972773406,0
23.077813,92.89844,2025-05-31,41.09000015258789,712.0,20.001783914715944,1
26.41895,92.201376,2024-05-28,21.780000686645508,51.0,2.4563945664087456,0
25.15572222,93.02277778,2016-05-22,0.7149999737739563,613.0,27.32389130134654,1
26.78577,92.805338,2022-11-20,0.0,77.0,1.817522018719848,0
23.308629,92.860039,2025-05-31,45.29999542236328,993.0,16.723558006484023,1
26.791299,91.433343,2024-05-28,20.43000030517578,152.0,1.391763426244203,0
29.189862,94.430459,2020-06-05,5.28000020980835,4273.0,12.888835435012426,0
25.809088,91.875238,2025-07-06,9.614999771118164,594.0,18.520635899770767,1
27.121136,93.762164,2024-06-18,39.94499969482422,166.0,7.594643368591445,1
27.33208,88.50902,2015-07-11,1.315000057220459,1534.0,22.8781056322946,1
23.67138889,92.72361111,2024-05-28,66.74999237060547,927.0,36.2114423338008,1
27.507503,95.038851,2014-09-23,20.34999656677246,111.0,3.372286683433898,0
27.569235,93.109273,2025-05-31,21.46500015258789,926.0,28.35466400077033,0
27.772098,91.800252,2025-06-01,3.974999904632568,4817.0,16.444369946673778,0
25.988461,91.262828,2025-06-01,28.02499771118164,100.0,19.603175151704185,0
23.686826,91.244691,2024-07-02,71.08499145507812,36.0,3.4389123953782974,0
26.471509,91.31998,2024-05-28,19.584999084472656,48.0,2.7199233149201807,0
26.043355,90.963826,2025-06-02,45.76000213623047,48.0,2.1342998941463125,0
25.64667,92.079661,2018-05-18,0.0,906.0,6.423150913734816,0
24.78002778,92.45372222,2020-06-02,32.44499969482422,44.0,15.06995574963759,1
23.73053889,92.716019,2018-06-22,2.2049999237060547,1040.0,28.82189836411544,1
24.55205833,93.25569167,2024-07-09,5.764999866485596,235.0,5.128711509483252,1
25.35861111,91.97208333,2022-04-04,68.62498474121094,1166.0,22.86208914423492,1
23.288276,92.830821,2025-05-31,50.07499694824219,550.0,25.526884054256257,1
23.56388889,92.70805556,2024-05-28,65.04499053955078,836.0,32.47251629973426,1
25.628295,93.605387,2024-05-28,88.02001190185547,275.0,0.9548412538721888,0
23.172659,92.611828,2025-06-01,120.69500732421876,800.0,17.66231893216494,1
23.207082,92.509726,2025-06-01,135.75999450683594,735.0,9.64622531297678,1
24.6273,93.20404444,2024-07-17,4.509999752044678,184.0,13.326469949385988,1
24.852314,92.928778,2024-07-02,27.08500099182129,42.0,16.46605279144296,0
23.54027778,92.70138889,2023-08-06,133.08499145507812,883.0,31.57639333699781,1
27.723237,95.935407,2025-05-31,22.2549991607666,174.0,1.96786377642228,0
25.781353,92.380785,2025-06-01,20.13499641418457,798.0,26.47888107199723,0
26.167137,91.650232,2007-08-18,3.364999771118164,46.0,2.160788974078258,0
23.148209,93.321183,2025-05-31,16.264999389648438,1606.0,30.297100641022165,1
23.66055556,92.72527778,2024-05-28,66.74999237060547,888.0,24.8479801794304,1
23.24454722,93.17027222,2024-07-19,0.4200000166893005,861.0,31.311156133255537,1
26.13441667,91.74875,2014-09-22,170.47999572753906,107.0,7.2338446967252255,1
23.299628,92.855609,2025-05-31,50.07499694824219,950.0,24.748625315195834,1
24.10710778,93.11535444,2024-07-07,27.029998779296875,1001.0,36.51283284150458,1
23.53222222,92.735,2024-05-28,65.04499053955078,1001.0,23.4904160686416,1
23.936004,92.210905,2025-06-01,66.17499542236328,67.0,4.393377408433921,0
24.369403,92.023454,2024-09-28,0.6150000095367432,35.0,3.931095784160226,0
23.56404167,93.10752222,2024-09-12,6.159999847412109,758.0,1.9091524329963765,1
27.837614,93.053006,2014-06-27,7.704999446868896,2793.0,22.872101356921007,0
26.284343,91.742207,2024-07-02,4.434999942779541,108.0,6.804089732608741,0
27.801794,95.546481,2025-05-13,11.020000457763672,128.0,2.698950908923438,0
29.00634,94.24856,2024-05-28,2.669999837875366,3448.0,23.88025197506953,0
26.39094,94.94406,2013-08-16,46.869998931884766,547.0,22.61986494804043,1
23.68361111,92.72277778,2024-05-28,66.74999237060547,924.0,31.670097621922785,1
24.70553333,93.33064167,2024-09-28,0.3149999976158142,371.0,24.242444512172103,1
25.137906,93.424709,2024-07-02,20.280000686645508,557.0,38.54414157288248,0
27.60878,94.772236,2017-07-04,7.619999885559082,108.0,0.6752059787394532,0
23.62194444,92.72305556,2024-05-28,66.74999237060547,814.0,33.03247176064103,1
23.747519,92.853155,2025-06-15,72.48999786376953,808.0,30.37812888097552,1
23.239637,92.748175,2025-05-30,148.8149871826172,756.0,11.499465999742789,1
24.10743611,93.09532222,2024-09-24,16.580001831054688,421.0,40.12351235567568,1
25.948833,90.723528,2024-05-28,12.48499870300293,67.0,3.3384705437643523,0
26.41931,94.97369,2013-08-18,0.3700000047683716,686.0,15.36952380130432,1
24.73197222,92.75988889,2020-02-02,0.0,19.0,0.9548412538721888,1
26.545485,93.608048,2022-05-13,26.56999969482422,382.0,17.183330483447964,0
26.132873,92.41922,2025-09-13,55.40999603271485,77.0,1.2171181316034885,0
25.855776,91.773015,2024-05-28,64.90999603271484,735.0,26.96750407359889,0
24.781976,92.415929,2007-09-12,35.43499755859375,17.0,1.012750369636371,0
23.080604,93.093195,2025-06-01,123.78499603271484,1234.0,47.83918443961687,0
28.037417,97.220095,2022-06-09,2.684999942779541,3935.0,9.136946117762886,0
28.531626,94.791018,2024-05-28,20.614999771118164,1638.0,24.89919247685793,0
28.035421,93.203222,2024-05-28,16.024999618530273,2305.0,63.8104599969853,0
26.594654,91.322327,2014-07-17,6.680000305175781,61.0,1.3502244696996155,0
26.060534,90.593825,2011-05-31,10.084999084472656,43.0,4.5823147648922165,0
25.747227,91.140569,2025-06-01,45.73999786376953,704.0,35.49716625587208,0
25.404552,94.596506,2017-06-13,4.874999523162842,1469.0,29.20050840501194,0
24.186802,92.098048,2024-05-28,33.39999771118164,45.0,4.679912393493258,0
27.938918,93.493594,2023-07-23,48.72499465942383,1772.0,42.6524673060968,0
25.958423,90.905176,2024-08-24,2.429999828338623,57.0,2.8821812090202448,0
26.542344,94.009885,2020-05-24,1.0249998569488523,104.0,1.6876048941769748,0
26.073,91.911757,2025-05-31,22.67999839782715,67.0,1.6876048941769748,0
26.643328,90.911848,2016-07-17,13.50999927520752,60.0,2.862405226111748,0
24.367898,93.775247,2024-05-28,115.51998901367188,1048.0,18.00416160591338,0
23.30265,92.742945,2025-06-01,124.72500610351562,698.0,25.15631913369421,1
25.13961111,93.01955556,2016-05-22,0.7149999737739563,741.0,18.96231828867539,1
23.404997,93.373301,2025-05-31,22.64000129699707,1007.0,15.359426015518492,0
22.469737,93.100868,2025-06-01,69.16999816894531,1116.0,10.43076019506472,1
24.220985,93.783445,2025-05-31,13.899999618530272,1127.0,20.37590688735051,0
23.10851389,93.20975,2024-06-28,3.929999828338623,1106.0,21.419418908984124,1
27.430867,93.328598,2025-06-01,53.24999237060547,3216.0,28.4201958069496,0
28.336579,96.839566,2024-05-28,22.035001754760746,3614.0,45.548365140763664,0
25.15658333,93.01961111,2016-05-22,0.7149999737739563,624.0,23.428692808745403,1
27.246131,93.804711,2016-07-17,4.779999256134033,270.0,22.684823831912844,1
22.320763,93.1857,2025-05-31,15.094999313354492,509.0,26.808333957253367,0
23.219631,92.563324,2025-06-01,135.75999450683594,922.0,25.8493248967401,1
23.21035,92.539589,2025-06-01,135.75999450683594,689.0,28.08409936669116,1
22.967715,92.925677,2025-05-31,33.26499938964844,773.0,20.80971857959822,1
26.126655,90.404893,2018-05-18,0.0,33.0,7.085726953533679,0
26.529789,91.622357,2025-06-01,71.18999481201172,59.0,0.7548944975654582,0
25.712267,92.006766,2024-09-25,35.8849983215332,933.0,15.06995574963759,0
28.551365,93.857669,2024-05-28,4.274999618530273,3247.0,5.051152528017926,0
23.65138889,92.72694444,2024-05-28,66.74999237060547,789.0,10.046788047511114,1
29.357231,95.942206,2022-06-15,6.304999351501465,4714.0,40.53479707962874,0
23.70027778,92.71611111,2024-05-28,71.20498657226562,1031.0,21.55942138371082,1
23.53083333,92.73055556,2024-05-28,65.04499053955078,986.0,26.113233272206745,1
25.66667,94.10972,2007-08-12,7.585000038146973,1425.0,14.15548761586253,1
27.161605,92.949275,2024-05-28,96.3350067138672,1085.0,16.419546536130245,0
23.304123,92.671521,2025-06-01,129.9099884033203,574.0,31.39687644298045,1
23.084343,92.898597,2025-05-31,41.09000015258789,767.0,28.553305000609424,1
27.967232,94.533001,2022-06-16,61.72499084472656,470.0,23.021526638116164,0
23.00638889,92.67691667,2023-07-23,9.840001106262209,402.0,30.508958866202807,1
25.314088,89.992042,2024-07-02,29.09000015258789,42.0,4.5823147648922165,0
24.865074,93.972289,2016-05-22,2.390000104904175,782.0,2.385944030388813,0
26.575967,92.36669,2025-05-31,8.930000305175781,66.0,3.372286683433898,0
24.48458889,93.58781944,2024-08-13,0.0,817.0,16.723558006484023,1
24.79083333,93.72333333,2011-07-06,5.090000152587891,1053.0,42.97485685199572,1
27.21669,95.132797,2025-07-07,5.929999351501465,109.0,1.0675202709770988,0
29.115468,96.035224,2024-07-02,0.2899999916553497,3063.0,18.926021867372565,0
25.16579,93.00948,2022-05-14,66.88500213623047,581.0,17.752790161946685,1
23.514735,92.798167,2024-11-28,3.0799999237060547,335.0,11.499465999742789,0
23.01689167,93.283175,2024-09-24,6.079998970031738,885.0,29.927479327463576,1
26.18866667,91.76694444,2014-06-27,9.095000267028809,111.0,9.73677691573277,1
25.047833,92.789306,2018-07-11,16.854999542236328,95.0,29.85463927845754,1
26.410757,91.51373,2022-10-15,0.0,54.0,1.9091524329963765,0
23.313996,92.863984,2025-05-31,45.29999542236328,916.0,18.64821573021375,1
25.944543,91.53376,2024-07-09,14.594999313354492,311.0,26.337475856826448,0
27.062931,92.388211,2024-09-28,5.049999713897705,1531.0,41.445742477211766,0
27.509529,93.954254,2016-05-22,3.950000286102295,2565.0,20.462735458857964,0
27.3699335,88.4859279,2021-08-23,14.854999542236328,807.0,31.698105479809307,1
24.226678,93.303342,2024-05-28,96.56499481201172,1098.0,29.661893739510848,0
24.147713,93.329052,2025-05-31,45.40999603271485,504.0,12.017034920835403,0
26.357941,94.362581,2025-06-01,5.644999504089356,406.0,11.727024027980926,0
26.770362,91.291805,2019-10-26,1.7949998378753662,176.0,3.584252301697434,0
23.6325,92.72388889,2024-05-28,66.74999237060547,807.0,32.91160083273797,1
23.69805556,92.72277778,2024-07-02,24.599998474121094,858.0,31.01244544880732,1
27.612121,96.881264,2018-06-14,18.75000190734864,3427.0,35.7321083760404,0
25.873591,94.275743,2024-09-28,0.1349999904632568,1181.0,30.551506678153704,0
28.967929,95.493437,2007-06-16,9.469999313354492,3196.0,26.593674030621376,0
23.71138889,92.72444444,2024-05-28,71.20498657226562,924.0,26.539566558618308,1
22.226135,92.591858,2020-05-26,0.2299999892711639,182.0,14.073633716023297,0
27.692383,94.293935,2025-07-19,44.8499870300293,449.0,29.076632747398463,0
26.195306,91.765639,2018-08-24,24.400001525878903,85.0,6.853224835121291,1
26.267093,95.040132,2024-05-28,76.77000427246094,1867.0,32.44133705799606,0
25.360263,90.107888,2024-05-28,7.550000190734863,97.0,5.788832299437198,0
28.148268,93.991358,2016-04-22,13.514999389648438,1192.0,33.27263643325093,0
23.193468,92.734849,2025-05-30,176.64999389648438,793.0,26.00818191569552,1
23.225619,92.924909,2025-06-01,118.3699951171875,451.0,33.16099672886019,1
25.1966,92.075458,2025-06-01,56.54499816894531,358.0,51.76309285548541,0
24.979,93.496,2024-07-29,93.97000122070312,1154.0,8.530765609948133,1
23.825305,92.680402,2007-07-19,75.19998931884766,492.0,12.351556609584488,0
25.213681,93.350167,2017-07-04,15.605003356933594,1062.0,26.297079837592264,0
25.034785,92.83195,2024-07-21,23.08999824523925,563.0,27.9105145799446,0
28.651814,93.459649,2024-10-28,0.0,4085.0,21.271475106637943,0
26.633966,92.316919,2015-07-08,3.749999523162842,77.0,0.0,0
23.199415,92.585883,2025-06-01,114.5899887084961,709.0,16.91651608571675,1
23.74722222,92.71805556,2024-07-02,33.945003509521484,966.0,37.11250830386473,1
23.229765,93.127521,2025-05-31,35.17499923706055,1009.0,28.257311688503773,1
27.37055556,88.61611111,2021-06-05,30.44999885559082,1894.0,9.870926939134982,1
26.39936,94.94553,2023-08-17,1.5149999856948853,645.0,27.432940772267944,1
23.72916667,92.76583333,2024-07-02,33.945003509521484,754.0,31.50104503484435,1
24.65018056,93.20256667,2024-07-17,4.509999752044678,230.0,20.155422119735228,1
24.48857222,93.36792222,2024-09-28,0.0399999991059303,268.0,11.976725812374069,1
25.281,91.57330556,2019-07-07,3.289999723434448,1325.0,14.03624346792648,1
24.10015917,93.10461389,2024-09-24,17.26500129699707,464.0,29.927479327463576,1
27.787506,93.857877,2024-09-20,3.309999942779541,546.0,26.47888107199723,0
28.800489,96.282139,2024-05-28,17.854999542236328,2484.0,48.31092848812786,0
25.33057,92.924809,2024-07-02,9.229999542236328,535.0,20.99158237694124,0
24.36059,93.005262,2020-06-02,2.8450002670288086,502.0,11.54163616146147,0
23.954213,91.636002,2024-07-02,20.41499710083008,58.0,7.33339277230879,0
27.691842,93.143429,2018-06-22,31.045000076293945,1423.0,26.808333957253367,0
23.204981,92.534603,2025-06-01,135.75999450683594,776.0,6.379370208442804,1
24.975942,93.967472,2024-09-28,0.2649999856948852,1135.0,38.232511808357785,0
25.62154,94.1122,2024-06-01,10.949999809265137,1728.0,25.486125594093767,1
25.18919,93.02118,2022-05-15,73.8550033569336,481.0,6.91817481667161,1
28.09181,95.520778,2024-09-28,0.089999996125698,192.0,1.0675202709770988,0
23.41,92.74944444,2024-05-28,84.40999603271484,1224.0,30.205466819616653,1
29.080798,94.395899,2024-09-24,1.5099999904632568,2817.0,55.599339840138896,0
22.280988,92.713346,2017-06-13,106.10499572753906,427.0,24.23693389272071,0
26.780161,91.78666,2024-07-02,4.189999580383301,149.0,2.1342998941463125,0
24.039511,94.183911,2017-07-09,11.6850004196167,340.0,14.833525810160392,0
25.615169,91.146198,2024-08-21,55.125,1142.0,12.925951545439489,0
23.299806,92.694901,2025-06-01,136.86500549316406,347.0,24.2864614630402,1
23.21795,92.998007,2025-06-01,118.3699951171875,1110.0,31.12871688801731,1
26.08945,94.264217,2024-07-23,0.8949999809265137,1473.0,14.506372352544124,1
27.257273,95.63429,2025-06-06,0.0,186.0,0.0,0
24.746027,93.060877,2025-06-01,43.89500045776367,143.0,3.1818128120974354,0
22.713013,92.899881,2020-05-25,2.629999876022339,795.0,31.86169841848211,0
23.295774,92.740012,2025-06-01,130.1000213623047,745.0,24.691575152551952,1
27.596639,91.878972,2016-04-23,1.0299999713897705,2895.0,12.260147486012336,1
27.468729,94.776644,2007-08-28,8.1899995803833,99.0,0.0,0
25.578117,91.688707,2024-06-20,0.8849999904632568,1649.0,19.82702865340817,0
23.310074,92.858498,2025-05-31,45.29999542236328,999.0,31.39687644298045,1
27.141419,92.851021,2016-05-22,3.554999351501465,1016.0,22.140679470491683,0
26.439406,91.799397,2025-06-01,57.4800033569336,56.0,0.3376147110174216,0
24.10506389,93.09593611,2024-09-24,16.580001831054688,319.0,20.439317573258247,1
24.05823611,93.28901944,2024-07-02,20.454998016357425,585.0,28.632096976803734,1
23.86638889,92.88138889,2022-10-02,35.90500259399414,939.0,30.528995003826,1
25.40288611,91.43424167,2024-05-28,63.43999481201172,1527.0,16.051123667414398,1
25.16344444,93.02316667,2016-05-22,0.7149999737739563,557.0,18.96231828867539,1
27.686744,93.630566,2016-05-27,5.2049994468688965,1066.0,19.59573743353876,0
23.237077,92.910043,2024-05-28,87.16499328613281,670.0,10.555380466061171,1
23.77361111,92.76111111,2024-05-28,71.20498657226562,1118.0,3.931095784160226,1
28.500396,94.737815,2025-06-01,10.914999008178713,2369.0,31.399251223220567,0
25.28236861,91.73874417,2024-05-30,46.15500259399414,759.0,34.090063875331914,1
25.623067,94.114196,2025-07-07,28.810001373291016,1593.0,26.74234155739631,1
22.085975,92.618173,2022-06-17,43.57499694824219,211.0,27.422370420775675,0
27.232816,92.774769,2020-05-26,20.194997787475582,1228.0,44.39301853065599,0
29.331086,95.789933,2024-07-19,0.4199999570846557,4898.0,22.067094489482304,0
27.240908,92.755563,2016-05-17,10.935001373291016,1469.0,44.24702889927062,0
23.72083333,92.86472222,2024-07-02,18.155000686645508,826.0,34.21858270764896,1
25.14525,93.02916667,2016-05-17,116.25999450683594,542.0,27.5172599283964,1
27.785345,93.992785,2025-06-04,11.789999961853027,515.0,42.58221323247762,0
23.346456,92.851511,2025-06-01,127.99000549316406,906.0,28.30319610038818,1
27.024881,92.800263,2024-05-28,85.90502166748047,144.0,6.926249082072704,0
25.28422636,92.11294194,2020-06-26,154.2849884033203,1036.0,8.735690934280582,1
25.67032222,91.90487222,2025-05-30,112.52497863769533,1008.0,13.915808695897177,1
25.722462,92.2455,2024-05-28,32.41500473022461,828.0,8.327142652905913,0
26.268848,92.837661,2024-05-28,48.7449951171875,241.0,18.779921287170044,0
24.150047,92.796052,2009-07-01,9.46500015258789,767.0,20.425249359005747,0
25.16736,93.00953,2022-05-15,73.8550033569336,630.0,19.370844026969944,1
23.345869,91.528557,2024-08-13,0.3349999785423279,35.0,11.653262308925733,0
24.66895556,93.33700556,2024-07-02,28.529998779296875,832.0,32.490306531189724,1
23.473816,92.598468,2017-06-13,28.534996032714844,703.0,16.26020470831196,0
27.547693,93.427885,2024-07-02,9.965001106262209,1421.0,31.430092329641088,0
26.917221,93.766913,2025-06-01,5.449999809265137,80.0,2.052775101535614,0
23.4946,92.7044,2024-08-25,10.745000839233398,929.0,43.53560155636589,1
27.06243,92.268753,2024-08-06,21.42999839782715,2541.0,30.68841605381868,0
24.122934,94.092704,2024-08-18,44.55499649047852,1026.0,19.887940280112208,0
26.797918,93.06835,2015-07-11,5.519999504089356,75.0,2.3619913818349927,0
23.24500833,93.17587222,2024-09-24,3.414999961853028,559.0,6.721369339369457,1
25.425,91.405,2007-08-18,5.840000152587891,1563.0,18.520635899770767,1
23.204282,92.576174,2025-06-01,135.75999450683594,770.0,26.113233272206745,1
23.58388889,92.71722222,2023-08-08,39.1050033569336,976.0,6.0172848640320336,1
26.92455,94.87133,2023-06-17,9.679998397827148,112.0,2.4563945664087456,0
23.09561111,93.20786389,2024-05-28,52.535003662109375,1000.0,22.765646640754472,1
24.458325,93.09439167,2024-09-24,9.825000762939451,443.0,16.228736705934203,1
27.012906,92.563507,2024-05-28,46.26999282836914,481.0,22.59136070457113,0
23.092824,91.764197,2024-05-28,26.049999237060547,86.0,5.72043313097531,0
24.55987778,93.12541667,2024-07-07,14.59000015258789,334.0,22.684823831912844,1
23.323625,92.584675,2012-06-22,3.1599998474121094,433.0,5.72043313097531,0
26.795908,95.354246,2019-07-16,0.0,594.0,18.946773780002005,0
23.65777778,92.67444444,2024-05-28,65.56501007080078,954.0,11.461836902818336,1
27.61936111,88.66131389,2021-06-18,17.614999771118164,1848.0,46.512056219175385,1
25.675998,90.294101,2007-09-15,14.399999618530272,573.0,17.038709505535593,0
26.241682,91.09815,2025-07-07,2.3350000381469727,41.0,0.7548944975654582,0
25.834917,91.516552,2016-07-14,5.90500020980835,493.0,17.136274503575986,0
22.969582,92.925917,2025-05-31,33.26499938964844,758.0,26.437229357181263,1
26.822632,94.409418,2010-06-16,18.03499794006348,92.0,2.698950908923438,0
23.83888889,92.83194444,2024-07-02,15.684999465942385,262.0,24.634322367669885,1
26.16616,91.713803,2025-06-04,38.584999084472656,143.0,20.155422119735228,1
23.73277778,92.79722222,2024-05-28,71.20498657226562,256.0,15.042369244334246,1
28.114753,94.404352,2024-05-28,32.349998474121094,1548.0,10.388857815469612,0
24.810861,93.356372,2016-04-23,43.06499862670898,259.0,18.77467605427877,0
22.87355833,92.75595278,2019-07-02,0.0499999970197677,1075.0,21.869859308909422,1
23.74361111,92.85416667,2024-09-25,49.26499557495117,823.0,29.85463927845754,1
27.702312,88.291584,2020-05-26,0.6299999356269836,4319.0,38.23017451346176,0
26.19038889,91.80994444,2016-07-14,5.364999771118164,94.0,21.86985930890943,1
23.311529,92.85443,2025-05-31,45.29999542236328,958.0,33.16099672886019,1
25.626514,92.171535,2025-06-01,30.009998321533203,1092.0,9.520202144985053,0
25.835534,92.19757,2021-04-28,5.570000171661377,932.0,12.334204111082284,0
24.577475,93.19105,2024-10-22,3.839999675750733,129.0,12.04828213833979,1
23.7025,92.72138889,2024-07-02,33.945003509521484,875.0,33.590600231227405,1
27.256378,94.305877,2016-06-22,11.879999160766602,91.0,1.0675202709770988,0
24.879842,94.651242,2024-07-07,15.605000495910645,544.0,22.64628690782382,0
25.23201,93.794189,2025-05-31,102.61000061035156,1650.0,8.716696336468738,0
24.79489,92.55506,2020-06-02,44.86499786376953,45.0,8.735690934280582,1
23.74861111,92.73861111,2024-05-28,71.20498657226562,948.0,34.97675368176345,1
25.62269444,91.16914444,2024-07-02,6.794999599456787,1222.0,6.379370208442804,1
26.763305,90.183091,2024-05-28,38.82000350952149,210.0,2.052775101535614,0
25.6291966,94.10177,2024-06-01,10.949999809265137,1495.0,32.401162502089626,1
26.643985,90.330418,2016-04-22,4.489999771118164,88.0,3.5204050825976285,0
27.538323,96.285881,2025-06-14,4.220000267028809,467.0,29.54409628156036,0
25.204038,92.306059,2023-07-06,0.6349999904632568,646.0,9.64622531297678,0
28.35222,96.238599,2024-05-28,27.709999084472656,2735.0,37.02868555116056,0
25.635778,94.46797,2024-09-20,0.2750000059604645,911.0,27.68609956643004,0
25.480567,94.501235,2022-05-14,3.0749998092651367,1193.0,20.09079841920037,0
23.54600556,93.09247222,2024-09-12,3.670000076293945,791.0,23.81059263950923,1
27.574938,88.45319,2024-09-12,1.3350000381469729,2377.0,32.29917098048793,0
26.486618,91.830091,2024-05-28,16.674999237060547,62.0,5.150652185902698,0
27.191194,88.219109,2017-06-13,2.3350000381469727,1798.0,23.96456544257744,0
27.232159,95.837728,2024-09-25,3.6649999618530273,904.0,24.941452625436263,0
23.54130278,93.10256944,2024-09-12,6.159999847412109,635.0,6.91817481667161,1
29.165919,96.146684,2022-06-16,17.625,2671.0,14.920965202252992,0
23.309295,92.860017,2025-05-31,45.29999542236328,997.0,18.64821573021375,1
25.236691,93.491347,2024-05-28,123.56499481201172,1394.0,22.902099885228424,0
24.983806,93.497528,2018-06-22,13.98499870300293,1156.0,13.640311227766055,1
23.306105,92.671296,2025-06-01,129.9099884033203,517.0,26.767512858834905,1
26.799564,92.546564,2007-08-28,7.529999732971191,89.0,1.391763426244203,0
25.39611111,91.99194444,2022-04-04,68.62498474121094,1436.0,24.16881343581011,1
26.382869,94.934732,2024-07-07,32.93000030517578,872.0,16.665741309979975,0
23.71305556,92.70895833,2024-05-28,71.20498657226562,981.0,21.18915910142139,1
26.726835,91.09518,2025-05-28,19.19499969482422,63.0,1.96786377642228,0
25.7746019,93.9148756,2024-09-03,54.15999984741211,669.0,25.88918455713453,1
23.58694444,92.8175,2024-08-25,13.48000144958496,633.0,4.262693045214654,1
25.21692,93.256955,2025-06-06,1.7450001239776611,1267.0,31.52580662322919,0
23.09459,92.753733,2025-09-13,19.785001754760746,756.0,9.870926939134982,1
23.755925,92.726753,2025-05-24,6.819999694824219,1006.0,41.95297820065328,1
25.349104,92.760262,2018-08-02,0.975000023841858,994.0,1.2171181316034885,0
23.382772,92.845187,2024-05-28,109.8749771118164,928.0,26.00818191569552,1
26.751581,90.389053,2018-08-31,0.1149999946355819,148.0,4.0586642321882005,0
23.6868033,92.7251987,2025-05-29,40.16999435424805,856.0,42.05058435733241,1
25.226868,92.587599,2024-07-02,10.07499885559082,809.0,14.073633716023297,0
28.870159,95.022801,2024-06-30,32.53499984741211,1600.0,20.95991260433892,0
23.251725,93.31403,2020-06-28,5.949999809265137,1706.0,31.315930062176403,0
27.51491667,88.56313889,2012-07-17,7.054999351501465,1416.0,28.485468456722128,1
27.70331,92.980611,2024-07-05,4.900000095367432,1938.0,40.05850508824328,0
23.61222222,92.80527778,2024-05-28,55.18499755859375,450.0,23.069045509039658,1
26.399713,92.317463,2007-09-07,52.32000732421875,56.0,0.9548412538721888,0
26.1505375,91.72798139,2023-06-17,49.63999938964844,76.0,17.387333467314576,1
23.62277778,92.72444444,2024-05-28,66.74999237060547,816.0,6.853224835121291,1
26.220111,92.062146,2023-10-02,13.614999771118164,55.0,2.1342998941463125,0
27.826475,93.752058,2016-04-23,2.56499981880188,1520.0,22.66252450573944,0
28.01703,96.326211,2021-08-25,27.59999656677246,622.0,30.37812888097552,0
26.244149,94.720992,2007-07-19,8.085000038146973,1194.0,26.158981435332173,0
23.51944444,92.70055556,2024-09-25,74.08500671386719,789.0,26.91773442777563,1
23.71444444,92.72861111,2024-05-28,71.20498657226562,855.0,15.042369244334246,1
23.47694444,92.857846,2024-05-28,96.51499938964844,1053.0,17.224372940700082,1
23.03016667,92.67336111,2023-09-12,37.27999496459961,307.0,36.43626970061044,1
25.2842285,92.11314877,2020-05-26,120.45999145507812,1036.0,8.735690934280582,1
23.199095,92.586671,2025-06-01,114.5899887084961,719.0,7.825525624597575,1
28.374683,94.929102,2007-08-28,0.0,491.0,42.0578793241077,0
28.202527,94.899033,2025-05-31,5.019999504089356,645.0,26.7706565550758,0
23.10565,92.745979,2025-05-30,176.64999389648438,711.0,18.87922133905067,1
23.177311,93.198157,2025-06-01,103.0850067138672,1149.0,14.506372352544124,1
29.132767,94.549456,2007-07-19,52.655006408691406,4112.0,39.52836959663145,0
26.17672222,91.76525,2017-06-13,83.35499572753906,87.0,17.5484006137923,1
23.11239,92.745417,2025-06-01,124.0999755859375,838.0,15.609525869125669,1
26.423137,94.382261,2025-07-07,11.449999809265137,526.0,35.06054243271615,1
27.33941667,88.60990556,2021-06-06,26.27499961853028,1646.0,22.373844274024943,1
25.787048,94.312207,2025-05-31,27.34000015258789,907.0,24.260799584868057,0
28.487773,94.158653,2023-08-10,4.460000038146973,2472.0,28.08409936669116,0
23.56238611,93.12376667,2024-09-12,6.159999847412109,762.0,21.31357434104547,1
27.40251944,88.51868056,2023-10-04,44.13500595092773,574.0,36.38035713820488,1
23.186296,92.7356,2025-09-13,17.579999923706055,838.0,31.215386668546028,1
27.264254,92.09915,2024-05-29,1.309999942779541,3093.0,21.86985930890943,0
27.17636,94.701067,2025-06-01,3.664999723434448,93.0,1.0675202709770988,0
24.83278,93.46333,2008-07-01,2.109999895095825,773.0,28.665750219765908,1
27.32888889,88.60777778,2021-05-18,1.3399999141693115,1445.0,28.30319610038818,1
25.36103333,91.64700833,2022-06-17,119.20999145507812,1449.0,26.577778623734844,1
28.956854,94.33376,2024-05-28,7.119999885559082,3465.0,33.928998185593265,0
23.214239,92.740856,2025-05-31,56.775001525878906,842.0,16.72355800648402,1
23.72972222,92.85305556,2024-05-28,71.01001739501953,767.0,33.02386755579665,1
28.016024,93.208954,2024-07-17,16.369998931884766,1855.0,30.25643716352927,0
23.35958611,93.04477222,2024-09-28,0.0,595.0,30.25643716352927,1
22.3057,93.039128,2022-06-17,7.6449995040893555,1115.0,39.07651938101343,0
25.617362,92.802938,2024-05-28,55.45500183105469,273.0,11.004088539379032,0
23.306338,92.666573,2025-06-01,129.9099884033203,686.0,28.222814437179903,1
28.717683,96.164236,2016-05-22,37.755001068115234,2515.0,33.490525189983416,0
23.73888889,92.71472222,2024-08-21,38.8599967956543,1107.0,24.16881343581011,1
25.901951,94.614537,2012-07-17,2.4900002479553223,1568.0,23.934638252629068,0
23.53888889,92.6625,2024-05-28,60.93499374389648,626.0,19.12710170142385,1
25.123555,92.289667,2025-06-01,46.90500259399414,536.0,29.93915590185868,0
28.138771,96.509266,2024-05-28,28.270002365112305,1551.0,13.492284115412623,0
27.57502778,88.65402778,2012-06-22,24.96000289916992,1483.0,39.10233716664201,1
23.1351,92.748694,2025-05-31,50.269996643066406,921.0,35.63524161504921,1
27.613908,96.374076,2022-11-18,0.0,1318.0,32.19088659927004,0
23.61611111,92.71722222,2024-05-28,66.74999237060547,887.0,22.373844274024943,1
24.10864167,93.54198333,2024-09-28,1.0099999904632568,741.0,4.857533338413092,1
26.483485,92.034087,2025-05-30,81.83000946044922,60.0,2.5695028228896355,0
26.452456,92.194806,2024-05-28,19.46500015258789,63.0,3.054369995163865,0
23.104623,92.747711,2025-06-01,124.0999755859375,739.0,21.260377126997213,1
27.800466,94.878394,2010-06-10,7.329999923706055,369.0,26.21110856138564,0
27.711644,94.587697,2025-05-31,8.274999618530273,582.0,26.682404295840968,0
23.203253,92.735838,2025-05-31,56.775001525878906,708.0,16.453666886955713,1
26.628634,91.757556,2025-05-31,24.75499725341797,73.0,1.96786377642228,0
26.17027,91.698,2025-05-31,14.60500144958496,138.0,31.205779114725832,1
23.163641,91.574205,2025-09-13,27.19999313354492,84.0,8.867442917822803,0
23.20960722,93.13104722,2024-07-02,21.99499893188477,911.0,16.453666886955713,1
26.527976,89.916234,2020-05-24,12.565000534057615,61.0,1.3502244696996155,0
27.28408,88.54611,2013-08-28,0.7250000238418579,1530.0,25.91570359318582,1
28.928181,96.353665,2022-06-17,11.129999160766602,4456.0,25.65191625517833,0
28.56031,95.877619,2014-06-24,6.864999771118164,1633.0,50.83134977788657,0
23.180345,92.900082,2025-06-01,127.09001159667967,791.0,32.34744349944203,1
25.757752,91.252285,2014-07-17,0.7299999594688416,769.0,18.54197796399724,1
24.450125,93.35963889,2024-08-08,15.189998626708984,328.0,6.853224835121291,1
26.53003,93.012103,2024-07-02,2.9599997997283936,89.0,1.391763426244203,0
25.390069,93.865796,2025-05-30,53.26499176025391,1964.0,30.76385269991587,0
28.783147,96.507509,2025-05-31,30.9950008392334,4558.0,28.20265767471569,0
24.12715278,93.53351389,2024-10-07,23.810001373291016,633.0,16.2287367059342,1
23.70638889,92.72055556,2024-05-28,71.20498657226562,875.0,33.10114358966526,1
25.630403,91.8899195,2024-05-28,69.2249984741211,1250.0,9.73677691573277,1
24.52308611,93.57206944,2024-09-28,0.9949999451637268,758.0,15.179705807856672,1
25.456659,90.851103,2024-05-28,5.25499963760376,396.0,10.865111054657977,0
23.206253,92.533605,2025-06-01,135.75999450683594,791.0,14.506372352544124,1
22.895235,92.747812,2025-06-02,3.510000228881836,1010.0,22.8781056322946,1
23.303906,92.853173,2025-06-01,127.99000549316406,1037.0,37.410672491183874,1
25.27480556,93.14555556,2016-05-22,0.4599999785423279,497.0,15.06995574963759,1
27.895152,95.320643,2025-07-07,0.0,138.0,0.9548412538721888,0
23.293863,92.741368,2025-06-01,130.1000213623047,771.0,26.334247846853145,1
23.191775,92.734778,2025-06-06,0.0,785.0,17.752790161946685,1
23.3228,92.862406,2025-05-31,45.29999542236328,946.0,19.451200005616776,1
23.410771,92.753123,2024-05-28,84.40999603271484,1132.0,30.85613335195628,1
22.632013,93.060773,2025-06-01,104.97000122070312,1228.0,31.671265565493904,0
23.794253,91.553533,2018-05-20,21.589996337890625,145.0,8.935631425418535,1
24.659389,92.497361,2016-05-18,57.20500183105469,33.0,4.763641690726178,1
27.722034,91.772799,2020-05-26,12.795001029968262,4038.0,37.21667111223289,0
23.144687,92.750609,2025-06-06,0.0,861.0,9.462322208025618,1
26.503588,92.398243,2025-06-01,24.935001373291016,61.0,1.3502244696996155,0
25.693512,92.304079,2021-06-06,43.53499984741211,907.0,2.263636058426967,0
25.37129167,91.48003056,2024-06-15,133.239990234375,1567.0,9.368915578454835,1
23.635676,91.630396,2025-06-01,26.88500213623047,58.0,4.822542232360713,0
23.77166667,92.84805556,2023-07-23,66.93499755859375,735.0,27.432940772267944,1
23.387941,92.842291,2024-05-28,109.8749771118164,964.0,25.80936745770508,1
23.147798,92.749742,2025-09-13,17.579999923706055,905.0,18.64821573021375,1
25.68176111,94.06811944,2019-10-26,91.70500946044922,1161.0,26.126317264569018,1
25.336563,92.172162,2024-06-01,50.994998931884766,919.0,30.00258415231565,0
23.322039,92.859147,2025-05-31,45.29999542236328,1006.0,24.634322367669885,1
23.26126111,93.15070556,2024-11-28,0.559999942779541,1098.0,16.601549599020238,1
23.587798,91.594863,2024-05-28,12.664997100830078,128.0,20.07159692178412,0
25.770935,91.656497,2024-05-29,15.93499755859375,776.0,10.555380466061171,1
28.515464,95.771504,2025-05-30,241.25997924804688,829.0,18.174763056324142,0
25.212007,92.984218,2018-08-24,15.404998779296877,646.0,7.431549720212324,0
23.74027778,92.69722222,2024-05-28,70.93499755859375,1039.0,18.305448954250743,1
24.40639,94.06583,2007-09-07,18.84499740600586,1196.0,18.370345512861498,1
26.023681,91.843996,2007-09-08,100.67001342773438,112.0,18.009697068630487,0
25.234239,91.373291,2007-09-08,184.28501892089844,405.0,9.462322208025618,0
23.68305556,92.8575,2024-05-28,55.18499755859375,960.0,26.360054096082703,1
26.122069,91.439186,2007-09-15,36.0150032043457,49.0,1.3502244696996155,0
23.855975,91.785049,2025-05-31,100.21998596191406,97.0,3.843668167321381,0
25.1568056,93.019722,2022-05-13,74.77999114990234,638.0,28.280269845499703,1
25.700368,92.081734,2024-05-28,54.05499267578125,972.0,21.76062380611809,0
24.56917222,93.14073611,2024-07-02,62.405006408691406,355.0,25.635076100950123,1
26.138059,92.414382,2024-08-25,7.199999809265137,74.0,1.2171181316034885,0
23.188273,92.898879,2025-05-31,54.70500183105469,827.0,22.29097037475897,1
26.984377,95.118812,2024-05-28,37.89500427246094,122.0,2.052775101535614,0
27.26063889,88.71438889,2012-06-07,8.255000114440918,1294.0,37.50230700018765,1
27.534105,96.374007,2024-05-28,56.21499252319336,532.0,7.917305155246911,0
23.05805556,92.67583333,2023-08-12,10.035000801086426,706.0,3.931095784160226,1
26.957209,94.637742,2017-06-16,36.67499923706055,94.0,1.0675202709770988,0
23.74150833,92.70785833,2023-06-04,0.0,888.0,37.14591448999934,1
24.492825,93.58643611,2024-09-28,1.1299999952316284,632.0,13.03657849691309,1
23.58722222,92.71361111,2024-05-28,65.04499053955078,813.0,34.60598807399335,1
23.62972222,92.72555556,2024-05-28,66.74999237060547,771.0,28.222814437179903,1
28.769193,94.738712,2024-05-28,14.369998931884766,1441.0,39.2410201441145,0
23.73472222,92.695,2024-05-28,70.93499755859375,917.0,22.07341542334565,1
26.098167,91.881278,2018-06-14,56.26499938964844,83.0,4.857533338413092,1
23.281075,93.144075,2024-07-02,21.99499893188477,653.0,22.373844274024943,1
26.19044,91.77502,2024-05-24,0.0,109.0,10.555380466061171,1
25.704689,94.425276,2024-05-28,82.40999603271484,1646.0,14.084828259712214,0
23.206413,92.632701,2025-06-01,136.86500549316406,549.0,18.94158858012096,1
24.541466,92.231465,2024-05-28,77.06999969482422,39.0,6.762860735059933,0
23.081023,92.897247,2025-05-31,41.09000015258789,749.0,37.410672491183874,1
23.615,92.79222222,2024-05-28,66.74999237060547,331.0,31.12871688801731,1
23.65416667,92.71777778,2024-05-28,66.74999237060547,872.0,29.83376877992044,1
23.204481,92.575792,2025-06-01,135.75999450683594,768.0,28.485468456722128,1
25.231456,90.336707,2025-07-05,4.224999904632568,159.0,3.4389123953782974,0
27.658158,92.58408,2025-05-31,6.524999618530273,2828.0,39.24978392744962,0
23.56555556,92.7075,2024-07-19,5.914999485015869,834.0,38.54414157288248,1
24.5768,93.106075,2024-06-12,9.56999969482422,119.0,17.456590925928477,1
25.342432,90.185427,2024-09-24,9.079999923706056,104.0,19.333025419312577,0
22.484598,92.959877,2024-05-28,54.32499694824219,617.0,31.20217484109817,0
25.538422,94.136039,2024-06-01,15.714998245239258,1693.0,21.31357434104547,1
28.84325,95.685873,2025-05-30,226.87001037597656,3100.0,34.21858270764895,0
25.45351667,92.18784722,2020-05-26,198.02999877929688,1272.0,8.984876931685683,1
23.117927,93.257612,2022-06-17,13.025001525878906,1074.0,21.85491172445446,0
25.700422,94.977365,2025-06-01,15.004999160766602,2297.0,10.759583898850556,0
25.239071,92.826271,2024-06-15,96.08999633789062,1022.0,21.83994971124597,0
23.85417,91.34361,2009-07-10,1.1749999523162842,16.0,3.016961309815993,1
23.239077,92.745631,2025-05-31,56.775001525878906,756.0,18.96231828867539,1
28.188667,94.186352,2009-07-01,3.0850000381469727,1287.0,27.31781173736662,0
23.74194444,92.71305556,2024-08-21,38.8599967956543,902.0,23.75010057347409,1
24.84833,93.45917,2007-09-12,0.7000000476837158,988.0,33.698329255184774,1
28.54143,94.431064,2007-09-15,25.104999542236328,1635.0,36.258247503868105,0
23.760466,92.848969,2025-05-31,84.12999725341797,829.0,15.179705807856672,1
27.833999,93.464267,2022-05-14,1.8949999809265137,1399.0,21.64844674283294,0
23.308778,92.858357,2025-05-31,45.29999542236328,960.0,21.04572088407583,1
27.817237,94.199431,2024-07-02,1.7349998950958252,1239.0,18.122699715761893,0
28.352317,93.52443,2024-07-02,1.4700000286102295,1406.0,43.12327861897382,0
23.89305556,92.84722222,2024-09-28,0.0,573.0,21.6115960987222,1
25.605764,93.925988,2025-05-31,21.30000114440918,1884.0,14.043730788347142,0
23.32829167,93.12184167,2024-09-28,0.0,869.0,28.632096976803734,1
25.640203,91.50822,2024-05-28,51.584991455078125,1131.0,27.56824365871051,0
27.33091,94.205508,2024-05-28,46.00000762939453,90.0,0.7548944975654582,0
23.37972222,92.75166667,2024-05-28,99.14498901367188,1273.0,30.347789794448904,1
23.44805556,92.68333333,2024-05-28,74.39498901367188,874.0,17.66231893216494,1
24.674793,92.552594,2025-05-30,26.404993057250977,33.0,3.1818128120974354,0
27.230276,94.687007,2020-05-26,61.79000854492188,96.0,4.262693045214654,0
25.224278,93.222861,2018-06-14,75.31999969482422,619.0,10.43076019506472,1
25.648512,93.121528,2025-06-05,0.0,351.0,18.96231828867539,1
23.20514,92.462623,2025-05-30,94.17000579833984,276.0,14.222050628593289,0
27.316179,94.333589,2026-06-28,8.86500072479248,94.0,1.2171181316034885,0
22.494521,92.672392,2009-05-09,0.0,609.0,30.025823372710825,0
23.190022,92.554302,2025-06-01,114.5899887084961,631.0,17.5484006137923,1
23.230114,92.740067,2025-06-02,2.419999837875366,781.0,15.36952380130432,1
25.44835,91.59150278,2022-06-15,127.18499755859376,1649.0,12.260147486012336,1
25.407917,91.998889,2007-08-18,1.4500000476837158,1522.0,8.530765609948133,1
23.590627,91.766922,2021-09-18,11.60500144958496,117.0,6.721369339369457,0
23.191747,92.73459,2025-06-02,2.125,785.0,17.752790161946685,1
23.55881111,93.10900556,2024-09-12,6.159999847412109,756.0,7.416536974278209,1
27.56941667,88.65272222,2012-06-22,24.96000289916992,1482.0,17.083143246452856,1
23.76527778,92.85,2024-07-02,18.155000686645508,774.0,34.49623729009093,1
25.31488,91.44913,2007-07-19,48.49500274658203,1378.0,24.805474401698422,1
25.69007,91.67085,2025-06-11,18.154998779296875,888.0,6.091478002079769,1
23.68916667,92.72055556,2024-05-28,66.74999237060547,1063.0,20.155422119735228,1
26.397696,93.984482,2024-09-28,3.8350000381469727,110.0,3.843668167321381,0
25.67517222,91.8983,2024-06-30,190.3950042724609,1015.0,18.262020066776483,1
25.52164,94.13426,2024-06-01,15.714998245239258,1729.0,21.680889149080844,1
25.043595,93.495135,2025-06-01,51.46499633789063,597.0,12.455100051295563,0
24.472392,93.306221,2024-08-13,0.0,754.0,25.915703593185818,0
24.976539,94.560183,2025-05-31,34.195003509521484,910.0,28.7829994896477,0
23.595,92.81611111,2024-05-28,81.0149917602539,622.0,24.74862531519583,1
25.471369,92.496186,2018-08-23,0.2649999856948852,1039.0,18.682574951711565,0
26.45278,94.37526,2025-07-08,7.909999847412109,258.0,12.53638838286113,1
23.91777778,92.73805556,2023-09-27,6.804999351501465,908.0,57.379184413595866,1
24.9252,94.3371,2018-06-06,0.1499999910593032,1490.0,35.69379666026943,1
23.507404,93.049958,2025-06-01,132.32000732421875,738.0,33.89536963300801,0
26.455643,93.214573,2025-06-01,0.8700000047683716,766.0,17.109734569428905,0
25.146306,93.942167,2018-06-14,20.190000534057617,1287.0,14.763132623631552,1
24.552382,93.071837,2024-05-28,102.14500427246094,43.0,2.6350263783644494,0
26.425346,94.387013,2025-07-07,11.449999809265137,776.0,23.76524510807156,1
26.49148,93.730894,2024-06-28,17.125001907348633,154.0,4.5823147648922165,0
23.53027778,92.69666667,2024-05-28,60.93499374389648,832.0,28.002640063185417,1
25.206078,91.733167,2024-09-25,28.45499610900879,529.0,14.948817884559377,0
24.54263333,93.39741944,2024-08-18,56.30499267578125,560.0,43.22871003564824,1
25.28964,91.667764,2020-07-12,36.92499542236328,1087.0,46.27817245983603,0
26.096936,90.028037,2025-06-01,23.80500030517578,30.0,3.646970455272818,0
23.067473,92.767201,2025-05-30,191.42501831054688,843.0,24.16881343581011,1
25.205455,94.082469,2019-07-02,0.2249999940395355,961.0,34.92799566298539,0
25.415694,91.359868,2016-05-22,0.3050000071525574,1505.0,9.191033686643834,0
23.14788,93.323791,2025-06-01,80.59500122070312,1548.0,21.33126583595921,1
27.510278,96.025177,2025-06-01,5.134998798370361,181.0,2.9018215173024653,0
25.28090556,91.36584722,2025-05-30,57.005001068115234,993.0,28.485468456722128,1
27.271115,94.109934,2024-05-28,47.27999496459961,90.0,3.1818128120974354,0
23.18077,92.735789,2025-05-31,50.269996643066406,817.0,29.83376877992044,1
27.065834,94.741785,2007-08-18,8.499999046325684,96.0,2.7199233149201807,0
25.465167,91.824944,2025-05-30,80.9749984741211,1690.0,14.506372352544124,1
26.18842,91.85125,2017-06-16,78.80998992919922,96.0,30.10305246289624,1
25.627193,94.896923,2024-05-28,83.21998596191406,2317.0,30.999070289500416,0
26.288686,95.043852,2007-08-11,6.744999885559082,2061.0,31.58578773967389,0
23.281264,92.869279,2024-05-28,100.96501159667967,982.0,38.39064026848265,1
26.375732,92.137523,2023-09-17,0.0,55.0,2.1342998941463125,0
25.96859,90.865374,2024-06-17,154.04998779296875,57.0,5.641219812715514,0
25.456896,91.826145,2025-05-30,80.9749984741211,1760.0,17.775317038209,1
25.16023,93.01084,2022-05-14,66.88500213623047,591.0,20.43931757325825,1
27.506916,94.328035,2024-09-25,11.899999618530272,107.0,1.3502244696996155,0
24.65409167,93.204625,2024-07-17,4.509999752044678,134.0,21.80140948635181,1
26.4242282,94.3924136,2025-07-05,17.404998779296875,853.0,37.99705220207771,1
26.222396,94.108464,2018-08-23,3.764999866485596,479.0,12.334204111082284,0
23.93027778,92.6525,2023-09-17,24.3650016784668,194.0,15.92277945817654,1
24.977981,92.911003,2025-06-01,37.25499725341797,210.0,5.322852793549541,0
23.2066,93.148665,2025-06-01,101.42498779296876,830.0,31.311156133255537,1
28.195025,93.994255,2023-07-24,15.714996337890623,1760.0,48.82489240195081,0
24.24449722,93.55275833,2024-07-02,26.98999786376953,1018.0,21.419418908984124,1
24.928346,93.574312,2025-06-01,39.93500518798828,1072.0,21.702479637244338,0
26.249954,92.623788,2022-05-15,72.29999542236328,66.0,1.3502244696996155,0
27.631649,88.390532,2024-05-28,4.334999561309815,2866.0,34.34312015369677,0
26.399554,90.899229,2016-05-22,0.2800000011920929,39.0,2.4563945664087456,0
26.644704,92.39525,2025-05-31,11.670000076293944,75.0,0.9548412538721888,0
27.64937,96.131576,2025-05-31,34.67999649047852,471.0,14.938380345292416,0
28.158378,94.204525,2024-09-28,0.089999996125698,1329.0,12.888835435012426,0
27.707424,96.77159,2024-05-28,33.185001373291016,2470.0,46.5375055922922,0
27.079513,92.578938,2024-10-07,4.244999885559082,433.0,29.93915590185868,0
25.353186,93.653045,2008-12-26,0.0,607.0,30.68841605381868,0
24.985167,93.508306,2018-05-03,1.6049998998641968,1238.0,18.434948822922014,1
23.683138,91.324287,2024-05-28,14.969999313354492,29.0,1.4320961841646465,0
23.198136,93.166988,2025-06-01,103.0850067138672,663.0,28.222814437179903,1
29.017961,95.11037,2008-07-01,4.669999599456787,1863.0,19.30270023544207,0
23.243855,92.905242,2025-05-31,52.55500030517578,745.0,35.27189058250504,1
26.921229,93.810808,2008-08-10,64.95499420166016,83.0,5.808222980428714,0
26.182798,91.431576,2020-05-26,132.5749969482422,46.0,2.263636058426967,0
25.40586111,93.11097222,2017-05-20,8.725000381469727,252.0,20.07880037349212,1
25.484827,92.222842,2024-05-28,43.06999206542969,1340.0,14.86507416766643,0
25.44743611,91.59103889,2022-06-15,127.18499755859376,1628.0,20.846265656650555,1
26.1916,91.80361,2022-06-16,140.1999969482422,84.0,14.535165207979569,1
29.214675,96.270801,2025-05-31,15.134998321533203,4487.0,33.239755086314034,0
25.88375,92.128373,2025-05-30,88.54501342773438,918.0,5.427642598914455,0
25.40424,93.849714,2024-05-28,89.58499145507812,1637.0,7.572619707513907,0
23.73055556,92.75861111,2024-05-28,71.20498657226562,893.0,33.490525189983416,1
23.88527778,92.8575,2024-09-25,46.09000015258789,702.0,27.990970091758022,1
27.648854,88.809522,2024-05-28,0.0,4944.0,17.687823087123586,0
23.58694444,92.7175,2024-05-28,65.04499053955078,957.0,14.763132623631552,1
27.393199,92.564072,2011-07-06,0.5099999904632568,1665.0,22.5096334326684,0
26.024056,92.03921,2025-06-02,6.50999927520752,257.0,10.373096895258447,0
26.9176,94.182155,2016-07-17,3.5199999809265137,84.0,2.1342998941463125,0
25.890612,92.0457,2024-06-07,8.22499942779541,726.0,10.030442717931756,0
24.27138889,92.96,2023-07-24,36.595001220703125,776.0,21.04572088407583,1
28.662865,95.626872,2024-05-28,42.124996185302734,2285.0,41.00065719710698,0
29.083635,94.769225,2024-07-06,23.05000114440918,2561.0,22.033339392240457,0
23.281443,92.840145,2025-06-01,124.50001525878906,662.0,42.03111377419729,1
28.164993,94.222641,2024-09-24,27.95000267028809,1516.0,37.2804982310016,0
23.89277778,92.85083333,2024-09-28,0.0,582.0,28.88836980568737,1
26.480799,90.833967,2025-05-31,52.22499084472656,52.0,0.3376147110174216,0
25.39295833,91.55163333,2024-05-28,51.25499725341797,1415.0,20.699546585586496,1
26.124226,90.74645,2025-06-01,14.30000114440918,38.0,2.862405226111748,0
26.519943,90.6476,2025-06-11,1.6099998950958252,54.0,3.3214321859461395,0
27.921343,95.536378,2024-06-01,15.770000457763672,128.0,2.3859440303888126,0
26.237056,92.708945,2025-05-31,10.389999389648438,62.0,1.391763426244203,0
24.24755556,93.54809722,2024-07-02,26.98999786376953,1166.0,29.195082782485805,1
26.292051,93.317643,2024-10-22,0.959999978542328,617.0,19.51118046928032,0
23.415342,92.652455,2025-06-01,115.6899871826172,592.0,27.548768527766555,0
23.74916667,92.69416667,2024-05-28,70.93499755859375,802.0,38.04757894764742,1
26.737876,90.62532,2023-09-12,1.2549998760223389,155.0,3.109633021988153,0
29.052951,94.279385,2016-05-22,0.2549999952316284,4201.0,20.634907946565825,0
27.099285,93.614766,2026-03-16,5.054998874664307,375.0,14.535165207979569,1
25.281027,92.066343,2024-05-28,82.30499267578125,1030.0,5.989218403964244,0
28.11599,94.181783,2024-07-06,3.014999866485596,766.0,23.738732727210387,0
28.095869,94.481062,2025-09-13,15.674999237060549,531.0,22.99175457546541,0
27.276736,93.489799,2025-05-31,20.30500221252441,1357.0,25.789351911538603,0
24.60002222,93.37166389,2024-10-21,0.0199999995529651,863.0,15.179705807856672,1
26.168839,93.302247,2024-08-13,0.0,532.0,9.421579043017086,0
25.38803,91.46977,2007-06-16,86.75999450683594,1529.0,6.379370208442804,1
24.462635,93.962333,2022-04-04,0.6799999475479126,806.0,12.334204111082284,0
23.77777778,92.8479,2024-05-28,71.01001739501953,678.0,39.260731733474245,1
23.603758,92.85794,2024-07-02,22.28499412536621,864.0,40.671922413159095,0
25.51973,91.28443,2007-07-25,176.3099822998047,1449.0,1.3502244696996155,1
25.69523333,91.64426944,2025-05-30,87.50001525878906,1225.0,25.5133092609215,1
23.75024,92.736662,2025-06-01,88.864990234375,1095.0,20.82800310374709,1
23.57694444,92.71305556,2024-05-28,65.04499053955078,906.0,13.824682316158707,1
26.2272613,91.6922458,2008-12-26,1.4849998950958252,67.0,12.225122675735753,1
25.54264,92.10214,2009-07-01,106.74501037597656,1332.0,6.853224835121291,1
23.198119,92.899566,2025-05-31,54.70500183105469,904.0,14.15548761586253,1
28.087405,96.898872,2025-05-31,31.525001525878903,3631.0,33.821757317608586,0
28.779287,94.92409,2025-07-08,6.434999465942383,896.0,14.350447206010989,0
24.002779,91.819074,2024-05-28,27.4800033569336,76.0,1.817522018719848,0
25.627751,89.899632,2024-09-24,9.905000686645508,25.0,0.9548412538721888,0
26.001638,94.704077,2024-05-28,93.36497497558594,1807.0,28.176705590951745,0
25.142342,93.003298,2024-09-28,2.31499981880188,694.0,13.824682316158707,0
27.164915,94.216009,2023-07-28,34.66499710083008,86.0,0.7548944975654582,0
25.327598,94.285911,2024-05-29,9.799999237060549,1977.0,12.088324264908154,0
23.300837,92.855693,2025-05-31,45.29999542236328,937.0,37.61935164481234,1
25.168349,93.154747,2016-05-22,0.755000114440918,992.0,26.10832406962671,0
24.28840278,93.58591389,2024-08-13,0.0,798.0,23.56723462203258,1
24.511306,92.693028,2016-05-18,53.01000213623047,45.0,5.128711509483252,1
23.56145278,93.10908889,2024-09-12,6.159999847412109,730.0,19.451200005616776,1
24.30179,92.98525,2020-06-02,4.639999866485596,889.0,14.491950708622538,0
27.168902,94.290594,2007-08-18,12.100000381469728,85.0,1.5095270002735288,0
25.788967,90.232556,2025-05-30,35.95499801635742,146.0,8.543726239832896,0
27.636647,91.82647,2021-08-27,16.89000129699707,3888.0,15.23762774435772,0
29.009012,96.376559,2024-10-22,1.8949999809265137,4810.0,15.951766186006653,0
27.032817,94.935577,2025-05-24,3.0199995040893555,101.0,1.3502244696996155,0
25.82514,90.931868,2025-06-01,57.525001525878906,426.0,21.97409103386415,0
27.117807,93.394969,2016-07-17,12.389999389648438,931.0,25.07455219584297,0
24.728548,93.334487,2015-06-01,6.194999694824219,202.0,20.40412237789089,0
24.76606111,93.30076667,2024-08-13,0.0,451.0,23.19506859014077,1
23.27663889,93.14375,2024-07-02,21.99499893188477,655.0,9.321835749415005,1
27.42307,92.718578,2024-05-28,32.48999786376953,2094.0,33.66732624853926,0
23.74116667,92.69455556,2024-05-28,70.93499755859375,948.0,25.8493248967401,1
24.3309,93.66054444,2024-08-13,0.0,1049.0,7.653048720543413,1
27.511516,95.418466,2025-06-01,6.579999923706055,128.0,3.109633021988153,0
27.561771,91.843147,2025-05-30,102.24501037597656,2432.0,24.863891037796268,0
24.599425,93.30004722,2024-08-24,15.639999389648438,520.0,24.38870074689113,1
26.498555,94.781053,2024-05-28,45.48999786376953,926.0,26.38099172022729,0
24.719212,93.721817,2022-09-28,9.1899995803833,1766.0,25.54891893118176,0
23.60830556,92.85058333,2016-09-17,5.925000190734863,1111.0,32.167104228386144,1
24.736609,92.983934,2024-09-24,4.315000057220459,31.0,3.5204050825976285,0
26.770833,93.199061,2025-05-31,11.244999885559082,81.0,2.0248682972773406,0
26.639848,91.967506,2018-07-11,7.315000534057617,77.0,1.6876048941769748,0
24.141649,92.509244,2014-06-27,0.5499999523162842,193.0,26.24522678855696,0
25.513501,92.776121,2024-05-28,44.345001220703125,391.0,12.106073141102073,0
25.835309,93.083196,2023-09-17,19.249998092651367,152.0,8.588925239163549,0
25.940242,92.19692,2024-07-02,9.90999984741211,853.0,13.582101615290334,0
25.980953,92.376744,2007-08-28,9.514999389648438,579.0,4.380487094158032,0
25.710503,94.777701,2012-06-07,0.0,1429.0,25.30315525395983,0
26.139538,90.397429,2024-07-02,12.974998474121094,27.0,1.5095270002735288,0
25.953827,90.653008,2024-05-28,14.514999389648438,67.0,3.3214321859461395,0
25.7491204,94.0804548,2022-09-25,12.82500171661377,1262.0,24.591248866909307,1
23.183856,92.735346,2025-05-30,176.64999389648438,835.0,17.93200256558677,1
23.660372,92.744761,2025-05-30,122.24998474121094,435.0,39.47664823524418,0
24.459158,94.105375,2018-06-14,7.609999179840088,1027.0,21.393026047204746,0
26.361025,90.29661,2024-05-28,62.09999847412109,53.0,2.433138796850444,0
25.377863,92.837151,2025-06-01,25.354999542236328,673.0,2.8821812090202448,0
25.52036,94.1311201,2024-06-01,15.714998245239258,1723.0,16.228736705934203,1
23.53555556,92.72333333,2024-05-28,65.04499053955078,910.0,22.61986494804043,1
28.722224,95.746559,2023-06-17,2.065000057220459,3090.0,24.922097110464204,0
29.075167,94.765459,2024-05-28,9.155000686645508,2538.0,39.80134377749163,0
27.165872,88.286742,2025-05-31,12.535001754760742,716.0,40.47960177649056,0
26.15477778,91.77411111,2014-06-27,9.095000267028809,105.0,12.364552990274646,1
23.063838,92.769004,2025-06-15,28.380001068115234,897.0,25.88918455713453,1
23.52583333,92.63861111,2024-06-02,0.0,229.0,24.591248866909307,1
23.307093,92.856289,2025-06-01,127.99000549316406,981.0,19.31028740874557,1
25.286018,92.403231,2018-06-12,112.13500213623048,820.0,8.077000600578957,0
26.658006,92.53438,2024-07-02,6.6399993896484375,71.0,1.0675202709770988,0
25.7802266,93.936165,2024-09-03,54.15999984741211,907.0,14.066164922222868,1
25.663444,91.915944,2017-06-17,45.59999847412109,948.0,16.453666886955713,1
23.56666667,92.70888889,2024-05-28,65.04499053955078,852.0,12.260147486012336,1
23.293453,92.858089,2025-05-30,209.030029296875,892.0,23.397741000263863,1
23.61,92.72083333,2024-05-28,66.74999237060547,912.0,30.10305246289624,1
27.820091,97.115108,2016-05-22,57.77001190185547,2362.0,51.22852294606111,0
26.37639,94.84056,2009-06-20,48.76000213623047,1881.0,36.00494166156304,1
28.646445,93.588527,2022-05-14,0.8400000333786011,3373.0,23.251844073281543,0
23.527592,92.984969,2025-05-31,38.2300033569336,1342.0,27.017123217850244,1
26.230745,91.892269,2024-05-26,28.645000457763672,53.0,1.0675202709770988,0
26.54396,94.206968,2025-06-01,3.3499999046325684,109.0,1.6876048941769748,0
27.384275,93.898932,2025-06-01,14.03499984741211,323.0,6.620689796446781,0
23.114694,92.743931,2025-06-01,124.0999755859375,835.0,33.02386755579665,1
25.563908,91.960559,2024-09-25,47.03000259399414,1275.0,5.759620519825523,0
23.66,92.72638889,2024-05-28,66.74999237060547,891.0,21.938008256074177,1
23.336229,92.787113,2025-05-30,172.31500244140625,676.0,41.93828247167183,1
28.033983,97.109912,2014-08-26,5.119999408721924,4143.0,31.74467986659196,0
25.54261,92.10867,2009-07-01,106.74501037597656,1138.0,14.763132623631552,1
26.271564,93.437972,2025-05-31,38.6050033569336,906.0,26.25982709963758,0
27.471051,93.877703,2024-07-02,14.709999084472656,1932.0,18.71421868208481,0
27.634254,95.126611,2024-05-28,34.635005950927734,108.0,0.6752059787394532,0
23.46805556,92.71638889,2024-05-28,84.40999603271484,1135.0,28.85516751374433,1
23.73416667,92.79861111,2024-05-28,71.20498657226562,296.0,14.03624346792648,1
27.351107,88.836353,2024-09-12,1.225000023841858,3914.0,12.351556609584488,0
23.565,92.70777778,2024-05-28,65.04499053955078,851.0,34.75376186272035,1
27.870914,93.596471,2025-06-02,5.50499963760376,1698.0,31.323088369431147,0
25.2769,91.495523,2009-07-17,5.59999942779541,517.0,22.556678646299897,0
25.572275,94.864766,2025-07-08,21.85999870300293,1699.0,33.608258310846004,0
25.56215,92.734374,2024-06-17,54.94000244140625,396.0,10.539890808166064,0
26.53334,92.380854,2025-05-31,8.930000305175781,58.0,1.5095270002735288,0
26.174956,91.595953,2024-06-15,63.65999221801758,44.0,0.0,0
25.24597222,93.02827778,2016-05-22,0.199999988079071,604.0,19.451200005616776,1
24.985715,93.006581,2024-05-28,142.5900115966797,88.0,12.755871704044356,0
25.668253,91.744305,2024-07-02,1.7650001049041748,999.0,5.258953144814,0
23.69277778,92.72055556,2024-05-28,66.74999237060547,978.0,40.35910045666124,1
23.4725,92.71444444,2024-05-28,84.40999603271484,1075.0,14.763132623631552,1
23.74247,92.705587,2025-05-31,101.49000549316406,938.0,34.846405699136405,1
23.200475,92.735007,2025-06-01,130.1000213623047,749.0,15.42324502154344,1
26.379798,94.450751,2025-07-07,15.694997787475586,896.0,19.370844026969944,1
23.286735,92.85703,2025-05-31,50.07499694824219,882.0,34.35403406736099,1
23.73944444,92.71472222,2024-05-28,71.20498657226562,1073.0,52.710378879195765,1
23.092076,92.752286,2025-09-13,19.785001754760746,754.0,20.43931757325825,1
29.163431,94.699754,2025-09-13,4.845000267028809,2733.0,22.848061348463908,0
23.57166667,92.71083333,2023-06-09,119.34500885009766,871.0,32.24850128082579,1
22.437107,92.946912,2025-05-31,12.329999923706056,344.0,24.475819581509896,1
23.186501,92.735632,2025-09-13,17.579999923706055,838.0,31.215386668546028,1
27.908654,95.910183,2024-07-02,4.34499979019165,162.0,2.4563945664087456,0
25.54261,92.09842,2009-07-01,109.7149887084961,1318.0,10.759583898850556,1
24.98611,93.50583,2007-08-24,1.7949998378753662,1235.0,20.846265656650555,1
27.640096,92.427317,2016-05-17,3.50499963760376,4595.0,7.125016348901798,0
23.35406111,93.04156111,2024-09-28,0.0,516.0,11.348119585994183,1
27.442442,93.500447,2024-07-22,19.299999237060547,1938.0,15.951766186006653,0
24.003417,91.45425,2018-05-18,15.914999008178713,66.0,17.01197993242201,1
23.061745,92.770105,2025-05-30,191.42501831054688,941.0,21.18915910142139,1
25.596289,91.8246,2025-06-01,55.24500274658203,1440.0,10.43076019506472,0
24.417833,93.842325,2024-07-02,55.90499877929688,771.0,2.3619913818349927,0
26.11464,91.83886,2024-07-05,20.88999938964844,175.0,17.775317038209,1
23.353485,92.780193,2025-05-31,49.80999755859375,884.0,45.0159066580947,1
28.58364,94.340556,2024-06-18,51.3550033569336,2850.0,34.078971944854835,0
24.363984,92.93762,2024-05-28,98.36500549316406,649.0,12.05273862304095,0
27.509414,95.905712,2009-07-01,25.509998321533203,164.0,4.972358392400693,0
29.035075,94.632377,2024-07-01,8.59000015258789,3885.0,38.379067082746815,0
27.670706,95.474557,2025-05-31,14.80500030517578,116.0,2.8821812090202448,0
25.43630556,92.19525,2020-05-26,198.02999877929688,1359.0,13.16632060042364,1
26.166236,94.118349,2016-07-01,22.17000198364257,294.0,14.203597427432593,0
23.735,92.85666667,2024-07-02,18.155000686645508,770.0,22.09025870405004,1
25.890855,94.558102,2023-04-13,0.0,1405.0,27.86940402714471,0
26.609935,92.088514,2007-07-17,2.049999952316284,78.0,3.5204050825976285,0
24.73352,92.97885,2023-09-17,3.375,23.0,2.1342998941463125,0
24.33331944,93.65702778,2024-08-13,0.0,1097.0,14.24415761739711,1
25.802166,89.926165,2025-06-05,7.299999237060547,29.0,2.160788974078258,0
25.650226,92.573481,2025-05-30,80.31998443603516,845.0,16.23188685787168,0
24.191555,93.427035,2022-06-15,9.21500015258789,579.0,9.566235322594842,0
23.52694444,92.65444444,2024-09-20,1.4249999523162842,397.0,24.8479801794304,1
25.40547,91.53712,2007-08-18,6.564999580383301,1461.0,17.66231893216494,1
24.025025,92.75139,2024-05-28,73.76499938964844,472.0,26.39225472997553,0
23.4807,92.7025,2025-09-13,18.625,997.0,25.34952033151192,1
26.855514,94.047786,2022-06-17,32.93000030517578,83.0,0.3376147110174216,0
27.31892,88.16222,2013-09-01,18.99500274658203,1427.0,15.179705807856672,1
23.02280556,92.67255556,2023-09-17,50.709999084472656,350.0,18.54197796399724,1
24.40520278,93.06672222,2024-07-09,13.085000038146973,349.0,30.61885839795703,1
26.112667,91.853889,2018-08-24,17.975000381469727,188.0,25.8493248967401,1
23.54380556,92.70136111,2023-08-06,133.08499145507812,777.0,25.23940182067892,1
26.292357,95.023315,2024-05-28,76.77000427246094,2036.0,31.558764409033664,0
23.197704,93.163019,2025-05-31,30.39499855041504,546.0,31.39687644298045,1
24.486059,94.309247,2025-05-31,24.945003509521484,682.0,14.481123401789077,0
26.112282,92.752977,2016-05-22,3.12000036239624,68.0,4.262693045214654,0
23.745802,92.717053,2025-06-01,88.864990234375,919.0,20.43931757325825,1
25.752342,90.332378,2024-07-17,17.68999671936035,333.0,5.520212884789397,0
27.018342,92.6356,2016-07-01,46.51499938964844,221.0,13.915808695897177,1
25.960432,94.576446,2025-06-01,9.044999122619627,2040.0,27.56824365871051,0
27.421331,94.942175,2022-10-10,25.364999771118164,104.0,0.7548944975654582,0
23.71446389,92.71146389,2024-05-28,71.20498657226562,988.0,28.08409936669116,1
25.638312,89.974588,2024-05-28,4.119999885559082,37.0,7.746973739247727,0
23.5,92.70111111,2023-08-09,5.559999942779541,885.0,25.14243049054343,1
22.480555,92.9915,2018-05-20,12.470000267028809,893.0,29.07799907556935,0
25.67782,90.639398,2024-05-28,3.514999866485596,306.0,1.817522018719848,0
27.28666667,88.55347222,2021-08-27,34.19999694824219,1695.0,51.05628837978884,1
24.325444,94.232583,2018-05-18,0.0,413.0,35.65722463378061,1
28.690853,94.746994,2024-07-20,9.43000030517578,1717.0,31.63853186250763,0
23.311335,92.858026,2025-05-31,45.29999542236328,1056.0,23.93089341141916,1
