latitude,longitude,elevation_m,slope_degrees,historical_landslide
24.27,92.5,41.0,10.555380466061171,1
24.31,92.56,46.0,2.698950908923438,1
24.32,92.51,81.0,8.47871314708616,1
24.43,92.55,38.0,4.044691235386269,1
24.44,92.5,201.0,25.8493248967401,1
24.44,92.56,36.0,0.9548412538721888,1
24.46,92.52,104.0,3.931095784160226,1
24.478972,92.682861,65.0,15.92277945817654,1
24.48,92.49,56.0,15.06995574963759,1
24.51,92.64,60.0,8.049466975528398,1
24.51,92.75,144.0,2.1342998941463125,1
24.51,92.9,81.0,14.506372352544124,1
24.51,92.71,34.0,4.857533338413092,1
24.511306,92.693028,45.0,5.128711509483252,1
24.515944,92.540889,57.0,14.592550602033429,1
24.52,92.53,68.0,5.385977098599754,1
24.53,92.63,33.0,4.763641690726178,1
24.53,92.84,31.0,1.3502244696996155,1
24.54,92.63,49.0,2.1342998941463125,1
24.55,92.74,56.0,6.091478002079769,1
24.55,92.75,49.0,2.698950908923438,1
24.56,92.94,43.0,7.653048720543413,1
24.62,92.83,35.0,4.857533338413092,1
24.62,92.84,39.0,7.2338446967252255,1
24.63,92.74,71.0,9.321835749415005,1
24.64,92.98,34.0,2.1342998941463125,1
24.645417,93.005361,359.0,30.82665955230447,1
24.659389,92.497361,33.0,4.763641690726178,1
24.70364,92.64681,48.0,12.225122675735754,1
24.70656,92.65008,49.0,3.016961309815993,1
24.710833,92.481167,48.0,17.29444852858009,1
24.72192,92.90381,39.0,10.555380466061171,1
24.73117,92.64739,39.0,11.499465999742789,1
24.78002778,92.45372222,44.0,15.06995574963759,1
24.78380556,92.45563889,33.0,14.763132623631552,1
24.79489,92.55506,45.0,8.735690934280582,1
24.92097,93.07306,61.0,14.763132623631552,1
24.93,92.84,51.0,5.128711509483252,1
24.95,92.73,63.0,1.9091524329963765,1
24.95,92.8,37.0,6.91817481667161,1
24.96,92.92,40.0,4.763641690726177,1
24.96,92.7,42.0,4.857533338413092,1
24.96,92.95,140.0,13.421509132977462,1
24.96,92.66,39.0,10.999158271052185,1
24.96,92.98,60.0,29.927479327463576,1
24.97,92.76,24.0,3.931095784160226,1
24.97,92.72,57.0,4.763641690726178,1
24.97228,93.03289,157.0,2.1342998941463125,1
24.97692,93.033,184.0,18.370345512861498,1
24.98,92.75,32.0,5.710593137499643,1
24.98,92.96,166.0,27.226347381898258,1
24.98,92.72,37.0,1.3502244696996155,1
24.99,92.6,84.0,0.0,1
24.99,92.45,18.0,0.9548412538721888,1
24.99,92.75,152.0,21.95499883223757,1
24.993,93.161583,189.0,20.155422119735228,1
24.99561,93.16261,203.0,29.195082782485805,1
25.0,92.43,22.0,7.594643368591445,1
25.003,93.164,211.0,19.47122063449069,1
25.01,92.75,40.0,1.9091524329963765,1
25.01,92.73,100.0,27.017123217850244,1
25.02,92.52,83.0,2.1342998941463125,1
25.037203,92.450339,211.0,42.850890051218336,1
25.04783,92.78931,95.0,29.85463927845754,1
25.061375,92.795906,271.0,24.862123938667224,1
25.061847,92.79345,354.0,52.75699924416708,1
25.063378,92.795536,283.0,15.503408837548552,1
25.07,93.29,335.0,9.462322208025618,1
25.072636,92.794514,469.0,37.53490600791178,1
25.078935,92.95379,1081.0,23.397741000263863,1
25.088389,92.958944,965.0,22.140679470491683,1
25.1,93.28,909.0,11.904688112848122,1
25.10275,92.986944,612.0,29.020515817031367,1
25.10292,92.986883,603.0,22.29097037475897,1
25.106,93.001,677.0,36.59594159662962,1
25.106956,92.991363,576.0,20.80971857959822,1
25.107,93.002,604.0,24.634322367669885,1
25.108,93.003,538.0,13.134022306396323,1
25.108806,92.975139,367.0,18.174763056324142,1
25.11286,92.87756,230.0,22.07341542334565,1
25.118,93.014,621.0,15.042369244334246,1
25.119,93.017,724.0,20.07880037349212,1
25.119,93.018,750.0,21.95499883223757,1
25.12,93.02,750.0,24.38870074689113,1
25.121,92.915028,306.0,18.370345512861498,1
25.123,93.033,665.0,46.22672695924065,1
25.124306,92.904278,283.0,21.33126583595921,1
25.124583,92.989111,526.0,20.21263223645209,1
25.12906,92.97418,720.0,29.50686221733105,1
25.13,93.27,547.0,28.037600489728423,1
25.13,93.29,989.0,33.723089453168576,1
25.134472,93.018972,757.0,11.795709540896548,1
25.135,93.04,622.0,13.640311227766055,1
25.139,93.025,610.0,12.772578169490426,1
25.139611,93.019556,741.0,18.96231828867539,1
25.14,93.31,1060.0,24.475819581509896,1
25.14,93.3,1188.0,25.03089023333195,1
25.140417,93.020389,732.0,28.002640063185417,1
25.145,93.158,1294.0,17.752790161946685,1
25.14525,93.029167,542.0,27.5172599283964,1
25.145861,93.024194,704.0,17.571258778322424,1
25.146306,93.942167,1287.0,14.763132623631552,1
25.146778,93.030972,483.0,22.22435314380804,1
25.148722,93.031917,451.0,29.83376877992044,1
25.15,93.37,975.0,34.54336392970912,1
25.150694,93.025833,672.0,15.81919394750014,1
25.155,93.067,515.0,21.31357434104547,1
25.155,93.073,600.0,7.653048720543413,1
25.155611,93.022222,617.0,17.752790161946685,1
25.155722,93.022778,613.0,27.32389130134654,1
25.156,93.018,599.0,16.527811501531776,1
25.156389,93.018389,614.0,17.775317038209,1
25.156583,93.019611,624.0,23.428692808745403,1
25.156694,93.017667,616.0,31.051293565952417,1
25.157139,93.017194,651.0,34.730518200788445,1
25.157361,93.016083,641.0,27.79130564477921,1
25.159333,93.017,685.0,7.2338446967252255,1
25.163444,93.023167,557.0,18.96231828867539,1
25.164,93.040194,450.0,17.93200256558677,1
25.165639,93.025444,516.0,13.03657849691309,1
25.169,93.155,960.0,12.53638838286113,1
25.169,93.156,956.0,7.416536974278209,1
25.17,93.36,1165.0,52.732601307509306,1
25.17,93.29,705.0,34.730518200788445,1
25.171889,93.003944,741.0,11.976725812374069,1
25.175056,93.020417,574.0,24.22774531795417,1
25.175972,93.020167,590.0,27.078936947526696,1
25.176389,93.116139,564.0,15.36952380130432,1
25.176917,93.026556,452.0,25.197913740371355,1
25.177028,93.020889,571.0,8.735690934280582,1
25.1775,93.026222,484.0,15.92277945817654,1
25.179861,93.070778,512.0,4.763641690726178,1
25.18,93.33,868.0,23.93089341141916,1
25.18,93.3,880.0,28.485468456722128,1
25.184528,93.125639,630.0,15.36952380130432,1
25.18725,93.120556,650.0,11.348119585994183,1
25.188444,93.019667,522.0,27.17735741799749,1
25.189,93.192,802.0,12.04828213833979,1
25.189,93.226,1462.0,21.31357434104547,1
25.189556,93.096417,535.0,24.591248866909307,1
25.19,93.191,800.0,10.759583898850556,1
25.19,93.3,731.0,30.297100641022165,1
25.193083,93.120417,657.0,11.795709540896548,1
25.196694,93.018583,453.0,23.021526638116164,1
25.199722,93.016722,418.0,28.08409936669116,1
25.2,93.25,1193.0,20.155422119735228,1
25.204,93.059,574.0,12.638224684699054,1
25.204556,93.138889,602.0,17.03574212804197,1
25.205,93.059,575.0,11.499465999742789,1
25.205,93.008,386.0,14.621143938770764,1
25.205528,93.020139,346.0,17.387333467314576,1
25.207389,93.122778,683.0,15.288517970232029,1
25.21,93.25,1210.0,20.097992628721148,1
25.21,93.31,870.0,22.40687120493745,1
25.214944,93.021611,618.0,20.699546585586496,1
25.216881,92.982245,666.0,6.853224835121291,1
25.216944,93.011361,484.0,36.16893488396254,1
25.2185,93.013111,494.0,32.10351627298505,1
25.22,93.29,884.0,1.9091524329963765,1
25.22,93.34,1295.0,19.47122063449069,1
25.22,93.35,1173.0,28.85516751374433,1
25.22,93.32,974.0,12.638224684699054,1
25.224278,93.222861,619.0,10.43076019506472,1
25.229556,93.1556,466.0,18.305448954250743,1
25.23,93.34,1303.0,25.80936745770508,1
25.23,93.29,949.0,21.135527342306386,1
25.238045,92.801279,1272.0,5.710593137499643,1
25.24,93.28,959.0,15.845167180271268,1
25.24,93.27,1086.0,20.99158237694124,1
25.257696,92.809603,1174.0,13.421509132977462,1
25.263528,93.390611,837.0,27.613098503754813,1
25.264056,93.409528,861.0,28.25731168850377,1
25.278472,93.252972,860.0,23.021526638116164,1
25.278917,93.253194,880.0,28.002640063185417,1
25.282861,93.296111,754.0,31.809663934881115,1
25.290089,92.799175,1084.0,10.759583898850556,1
25.308028,93.471028,1594.0,25.34952033151192,1
25.309111,93.470694,1597.0,16.723558006484023,1
25.320232,92.818091,1019.0,7.825525624597575,1
25.323731,92.80751,1061.0,4.044691235386269,1
25.328139,93.334056,553.0,13.326469949385988,1
25.332083,93.334639,549.0,24.904481044556743,1
25.336054,92.82053,1018.0,7.2338446967252255,1
25.362583,93.257722,389.0,15.042369244334244,1
25.369972,93.260306,371.0,21.260377126997213,1
25.387,93.12,319.0,18.96231828867539,1
25.394111,93.410417,509.0,21.95499883223757,1
25.395431,92.990267,399.0,20.699546585586496,1
25.398083,93.297528,354.0,13.16632060042364,1
25.402333,93.407583,497.0,18.434948822922014,1
25.402472,93.390444,462.0,30.297100641022165,1
25.4025,93.392194,454.0,21.80140948635181,1
25.405,93.372194,434.0,9.321835749415005,1
25.40837,92.82826,895.0,21.869859308909422,1
25.408497,93.283436,288.0,11.038532615965034,1
25.410611,93.284,283.0,15.042369244334244,1
25.416056,93.284222,276.0,18.174763056324142,1
25.41616,92.778653,962.0,7.2338446967252255,1
25.417333,93.129083,387.0,3.016961309815993,1
25.417528,93.372528,406.0,12.225122675735754,1
25.42,93.002,277.0,2.862405226111748,1
25.420278,93.371306,406.0,8.735690934280582,1
25.420806,93.371056,393.0,12.260147486012336,1
25.421333,93.370361,391.0,4.857533338413092,1
25.422535,92.989119,210.0,7.825525624597575,1
25.423438,92.985022,256.0,20.846265656650555,1
25.423806,93.369722,396.0,10.176527410054078,1
25.423861,93.369417,399.0,14.959246786437893,1
25.424,93.0,243.0,22.373844274024943,1
25.4255,93.363944,384.0,12.260147486012336,1
25.425611,93.364444,391.0,12.772578169490426,1
25.428597,93.312597,370.0,7.2338446967252255,1
25.433903,93.328944,423.0,17.66231893216494,1
25.434031,92.885056,632.0,10.759583898850556,1
25.435639,93.405944,409.0,13.262676008304846,1
25.435917,93.455944,468.0,13.262676008304846,1
25.4365,93.402333,376.0,13.069151942759,1
25.436528,93.4065,390.0,17.5484006137923,1
25.436639,93.405917,388.0,17.775317038209,1
25.436694,93.402944,372.0,7.416536974278209,1
25.436861,93.404583,385.0,18.64821573021375,1
25.436972,93.454111,472.0,15.845167180271268,1
25.437111,93.403639,374.0,5.788832299437198,1
25.4375,93.404444,376.0,2.862405226111748,1
25.437722,93.349889,393.0,7.825525624597575,1
25.438694,93.362583,373.0,14.959246786437893,1
25.438723,92.912025,561.0,21.419418908984124,1
25.439372,93.354197,397.0,12.772578169490426,1
25.441734,92.892033,618.0,9.462322208025618,1
25.441757,92.907383,574.0,15.288517970232029,1
25.443082,92.989873,300.0,13.069151942759,1
25.443417,93.421444,416.0,15.99993592924168,1
25.443639,93.431444,451.0,4.262693045214654,1
25.443861,93.426222,429.0,24.22774531795417,1
25.443972,93.422778,410.0,27.238572082130062,1
25.444028,93.4265,418.0,19.68967329725292,1
25.444167,93.425528,416.0,26.126317264569018,1
25.444194,93.424694,414.0,27.33604368814356,1
25.444306,93.423944,400.0,13.262676008304846,1
25.446056,93.408583,401.0,19.787913812706314,1
25.447528,93.364417,387.0,33.66525729241905,1
25.449056,93.370861,427.0,18.96231828867539,1
25.452278,93.394333,420.0,5.788832299437198,1
25.453167,93.394667,414.0,12.260147486012336,1
25.453528,93.371194,440.0,19.370844026969944,1
25.453611,93.371389,440.0,22.636129876883253,1
25.454083,93.375972,415.0,15.503408837548552,1
25.455333,93.374472,424.0,17.03574212804197,1
25.462361,93.384306,425.0,21.31357434104547,1
25.50669,93.10536,210.0,0.9548412538721888,1
25.513567,92.784825,323.0,11.348119585994183,1
25.51402,92.765435,486.0,11.038532615965034,1
25.569,92.71653,595.0,25.915703593185818,1
25.57994,92.72822,446.0,16.723558006484023,1
25.61092,93.09178,238.0,0.9548412538721888,1
25.64897,93.12083,346.0,23.628423517864427,1
25.65167,93.12083,357.0,14.592550602033429,1
25.65792,93.11811,357.0,8.735690934280582,1
25.65839,93.11808,353.0,11.499465999742789,1
25.67153,93.11522,332.0,13.421509132977462,1
25.72486,93.131083,160.0,19.787913812706314,1
25.72561,93.13075,160.0,18.370345512861498,1
25.75933,92.52258,713.0,13.326469949385988,1
25.79,91.24,781.0,3.4389123953782974,1
25.79939,92.52653,622.0,15.99993592924168,1
25.809417,92.474833,724.0,37.038767555809535,1
25.81044,93.58616,200.0,3.4389123953782974,1
25.81175,92.55003,510.0,24.74862531519583,1
25.812,92.55069,505.0,28.222814437179903,1
25.81236,92.55156,493.0,16.69924423399362,1
25.81428,92.55422,484.0,18.87922133905067,1
25.81542,92.5535,470.0,12.260147486012336,1
25.81678,92.71878,205.0,10.046788047511114,1
25.81689,92.71744,214.0,16.796238729882134,1
25.81756,93.10886,223.0,9.462322208025618,1
25.81806,92.74872,245.0,21.971970836813973,1
25.82108,92.544,457.0,7.653048720543413,1
25.822458,92.546381,481.0,12.04828213833979,1
25.82522,93.4243,190.0,7.653048720543413,1
25.82528,92.54775,465.0,11.499465999742789,1
25.82769,92.55658,466.0,15.06995574963759,1
25.83128,93.45257,196.0,30.58895816397544,1
25.84,91.35,79.0,17.594079543115168,1
25.84152,93.45138,196.0,17.5484006137923,1
25.84267,93.45244,190.0,15.288517970232029,1
25.84444,93.45331,200.0,15.179705807856672,1
25.84494,92.61514,322.0,8.984876931685683,1
25.84512,93.56682,260.0,8.530765609948133,1
25.84516,93.68408,185.0,7.416536974278209,1
25.84541,93.68312,177.0,11.038532615965034,1
25.8465,93.687,172.0,15.36952380130432,1
25.84782,93.70174,158.0,9.870926939134982,1
25.84875,92.68328,477.0,27.5172599283964,1
25.84967,92.69042,461.0,20.07880037349212,1
25.84992,92.69072,459.0,21.835672195716143,1
25.85072,93.56682,250.0,9.508656426564368,1
25.8515,92.69203,464.0,20.80971857959822,1
25.85167,92.58089,465.0,23.76524510807156,1
25.85189,93.56633,249.0,4.262693045214654,1
25.85487,93.56583,246.0,18.520635899770767,1
25.85498,93.56638,249.0,24.359555875506427,1
25.85544,92.57369,443.0,8.935631425418535,1
25.85992,92.72558,147.0,21.83567219571615,1
25.864186,92.571047,508.0,23.567234622032583,1
25.86958,92.59411,445.0,18.96231828867539,1
25.88494,93.45792,194.0,1.9091524329963765,1
25.88692,92.61347,440.0,17.842681707487124,1
25.90653,92.65819,273.0,18.77467605427877,1
25.90692,92.64714,321.0,17.083143246452856,1
25.91,91.4,60.0,1.3502244696996155,1
25.946611,92.305361,572.0,15.793169048263966,1
25.95,91.28,68.0,4.763641690726178,1
25.95381,92.60444,309.0,21.971970836813973,1
25.95386,92.60367,308.0,21.971970836813973,1
25.95931,92.51753,102.0,28.08409936669116,1
25.96094,92.60122,138.0,17.775317038209,1
25.961444,92.341333,555.0,6.091478002079769,1
25.965731,92.59267,115.0,18.305448954250743,1
25.96667,92.356917,670.0,12.364552990274646,1
25.968083,92.3575,646.0,28.257311688503773,1
25.977194,92.354778,572.0,15.179705807856672,1
25.98219,92.51892,100.0,16.72355800648402,1
26.006,90.595,53.0,1.9091524329963765,1
26.012,92.264167,384.0,30.37812888097552,1
26.013528,92.266083,358.0,23.069045509039658,1
26.016389,92.48225,240.0,26.577778623734844,1
26.022833,92.274028,283.0,20.097992628721148,1
26.024167,92.475,222.0,20.07880037349212,1
26.030972,92.474139,231.0,11.038532615965034,1
26.031528,92.472778,259.0,23.4904160686416,1
26.031583,92.47375,264.0,23.628423517864427,1
26.03275,92.271861,168.0,27.360321545332805,1
26.033556,92.468056,280.0,23.19506859014077,1
26.035278,92.470861,271.0,20.973493421320807,1
26.036583,92.273056,201.0,14.763132623631552,1
26.039194,92.4595,314.0,25.14243049054343,1
26.039361,92.273806,155.0,16.253917058152773,1
26.0405,92.0355,235.0,5.550718212127324,1
26.042139,92.27525,145.0,24.242444512172103,1
26.043267,92.055531,247.0,14.15548761586253,1
26.043583,92.440528,444.0,34.417388710441564,1
26.043583,92.452222,343.0,17.29444852858009,1
26.043611,92.440944,445.0,30.347789794448904,1
26.043722,92.441472,443.0,26.360054096082703,1
26.045472,92.457417,364.0,12.364552990274646,1
26.045806,92.450778,419.0,28.553305000609424,1
26.048611,92.432194,438.0,15.36952380130432,1
26.050286,91.880072,73.0,11.461836902818336,1
26.056083,93.406528,220.0,25.197913740371355,1
26.058972,93.406972,335.0,10.43076019506472,1
26.061,90.605,64.0,14.931417178137552,1
26.061861,92.147889,110.0,22.373844274024943,1
26.0641,91.889136,79.0,20.097992628721148,1
26.065167,92.150639,102.0,22.61986494804043,1
26.071556,91.734028,304.0,16.72355800648402,1
26.077653,91.982292,190.0,18.262020066776483,1
26.077806,92.170389,79.0,8.049466975528398,1
26.077844,92.035022,217.0,8.735690934280582,1
26.080139,92.032667,199.0,3.016961309815993,1
26.083972,92.14525,76.0,13.915808695897177,1
26.094578,92.135144,85.0,15.042369244334246,1
26.096722,92.43875,346.0,26.20460176321736,1
26.097986,91.980589,92.0,23.3822424378352,1
26.098167,91.881278,83.0,4.857533338413092,1
26.098222,92.439389,344.0,24.359555875506427,1
26.101333,92.440556,331.0,10.046788047511114,1
26.10175,92.040222,82.0,16.051123667414398,1
26.102167,92.440472,314.0,14.03624346792648,1
26.102333,92.4415,313.0,16.69924423399362,1
26.102667,92.441639,302.0,21.260377126997216,1
26.102944,91.862111,151.0,25.88918455713453,1
26.103028,92.440889,310.0,14.273571375658683,1
26.105667,92.441,275.0,24.634322367669885,1
26.105806,91.62275,64.0,18.87922133905067,1
26.10725,92.44,256.0,22.09025870405004,1
26.107667,92.44003,243.0,13.824682316158707,1
26.108417,92.440222,247.0,15.06995574963759,1
26.109222,91.939,75.0,21.47206914335925,1
26.11,94.76,1005.0,23.428692808745403,1
26.110056,91.908944,101.0,11.904688112848122,1
26.110139,92.439333,228.0,24.094842552110705,1
26.112083,92.091028,71.0,11.461836902818336,1
26.112667,91.853889,188.0,25.8493248967401,1
26.113639,92.441222,203.0,15.609525869125669,1
26.115139,91.837833,144.0,7.653048720543413,1
26.116972,92.440083,173.0,16.428860704621638,1
26.117111,92.441028,184.0,21.938008256074177,1
26.117417,92.438667,162.0,3.4389123953782974,1
26.118167,92.440944,180.0,20.097992628721148,1
26.119417,92.439972,162.0,21.260377126997213,1
26.121056,91.716389,65.0,7.653048720543413,1
26.129583,91.938306,98.0,13.824682316158707,1
26.13222,91.83972,78.0,4.857533338413092,1
26.13442,91.7501,92.0,10.555380466061171,1
26.13611,91.74056,86.0,26.360054096082703,1
26.149444,91.748,136.0,24.46133251877165,1
26.1505375,91.72798139,76.0,17.387333467314576,1
26.153556,92.038694,87.0,14.03624346792648,1
26.15428,91.79264,78.0,7.653048720543413,1
26.15461,91.80086,79.0,7.2338446967252255,1
26.15478,91.77411,105.0,12.364552990274646,1
26.155,91.798167,86.0,14.03624346792648,1
26.158639,91.921889,119.0,3.016961309815993,1
26.159139,91.915583,101.0,16.796238729882134,1
26.159333,91.917611,106.0,10.759583898850556,1
26.1625,91.71444,71.0,13.262676008304846,1
26.166583,91.714806,128.0,24.932657538079724,1
26.171972,92.002611,80.0,6.0172848640320336,1
26.172917,92.762778,105.0,18.64821573021375,1
26.1755,91.76175,62.0,6.654425046006596,1
26.17672,91.78672,85.0,27.372447043216628,1
26.17672,91.76525,87.0,17.5484006137923,1
26.17756,91.76589,96.0,17.29444852858009,1
26.17806,91.76083,61.0,13.16632060042364,1
26.18842,91.85125,96.0,30.10305246289624,1
26.18867,91.76694,111.0,9.73677691573277,1
26.18917,91.80111,80.0,14.302914425322813,1
26.189306,91.787944,70.0,9.508656426564368,1
26.1895,91.787167,70.0,12.225122675735753,1
26.19025,91.806472,84.0,17.571258778322424,1
26.190389,91.809944,94.0,21.86985930890943,1
26.19081,91.84528,67.0,22.42335855928612,1
26.191667,91.803611,84.0,14.535165207979569,1
26.19167,91.79028,91.0,14.763132623631552,1
26.192444,91.764222,101.0,14.066164922222868,1
26.195306,91.765639,85.0,6.853224835121291,1
26.195528,91.780556,165.0,18.94158858012096,1
26.19622,91.76336,90.0,4.857533338413092,1
26.198,90.298,45.0,14.931417178137552,1
26.20261,91.14528,39.0,6.379370208442804,1
26.20536,91.86497,69.0,15.042369244334246,1
26.205583,91.963222,70.0,14.15548761586253,1
26.211111,91.684167,65.0,15.42324502154344,1
26.250333,91.976694,70.0,19.188418756936425,1
26.256139,91.711583,82.0,18.64821573021375,1
26.297306,93.211833,151.0,20.07880037349212,1
26.297778,93.211111,142.0,25.675463214971884,1
26.298389,93.21625,188.0,17.03574212804197,1
26.302944,93.225389,255.0,15.042369244334244,1
26.303333,93.225694,262.0,5.788832299437198,1
26.307972,93.275722,435.0,3.931095784160226,1
26.314847,93.256125,386.0,10.046788047511114,1
26.314964,93.256408,384.0,14.506372352544124,1
26.323083,93.093167,99.0,23.444146119861458,1
26.32685,93.267639,319.0,10.555380466061171,1
26.3287,93.269194,328.0,20.80971857959822,1
26.339833,93.099972,360.0,20.99158237694124,1
26.34075,93.78861,253.0,15.896959679954522,1
26.3466,93.7356,190.0,17.456590925928477,1
26.347417,93.2982,309.0,2.1342998941463125,1
26.3477,93.7399,202.0,30.77741947322608,1
26.3478,93.7417,209.0,37.19921925289739,1
26.34838,93.78208,235.0,8.582483688827132,1
26.34938,93.78091,235.0,11.038532615965034,1
26.35622,93.77941,193.0,17.224372940700082,1
26.3733,90.5499,59.0,14.273571375658683,1
26.37456,91.84561,61.0,4.262693045214654,1
26.3848,90.5943,121.0,47.03134321771491,1
26.394,90.48,56.0,10.555380466061171,1
26.483278,93.181306,169.0,11.499465999742789,1
26.51925,93.47147,158.0,14.273571375658683,1
26.5235,93.28166,108.0,27.432940772267944,1
26.54,94.37,187.0,7.594643368591445,1
26.55,94.36,171.0,4.857533338413092,1
26.56,94.36,196.0,8.530765609948133,1
26.56111,93.04925,114.0,26.126317264569018,1
26.56252,93.05658,92.0,0.9548412538721888,1
26.57,94.35,183.0,11.461836902818336,1
26.57411,93.09811,89.0,15.06995574963759,1
26.57447,93.66297,197.0,7.2338446967252255,1
26.57455,93.11244,117.0,33.05825736162379,1
26.57708,93.65836,202.0,17.01197993242201,1
26.57719,93.10008,75.0,1.3502244696996155,1
26.58,94.35,217.0,17.083143246452856,1
26.59011,93.57466,129.0,7.416536974278209,1
26.59041,93.47616,124.0,9.870926939134982,1
26.59416,93.547361,162.0,12.364552990274646,1
26.6,94.34,139.0,2.862405226111748,1
26.6,94.35,185.0,9.73677691573277,1
26.60275,93.48408,114.0,3.016961309815993,1
26.60358,93.481,106.0,15.609525869125669,1
26.88969,92.12266,261.0,47.2228541808757,1
26.89074,92.12068,228.0,42.850890051218336,1
26.9174,92.77163,110.0,5.128711509483252,1
26.92013,92.75994,128.0,3.8140748342903534,1
26.92088,92.75933,140.0,11.348119585994183,1
26.92216,92.7678,139.0,11.386165083355712,1
26.9231,92.76755,154.0,13.515781057664528,1
26.92666,92.73966,156.0,23.3822424378352,1
26.93362,92.70757,137.0,9.508656426564368,1
26.93438,92.729,154.0,8.935631425418535,1
26.9358,92.70369,125.0,3.931095784160226,1
26.93586,92.70441,143.0,17.93200256558677,1
26.93597,92.70455,143.0,17.93200256558677,1
26.93641,92.70308,130.0,5.550718212127324,1
26.93819,92.70402,133.0,9.73677691573277,1
26.93855,92.70336,136.0,8.735690934280582,1
26.94755,93.257521,125.0,14.959246786437893,1
26.9498,93.45291,182.0,31.6607510966366,1
26.95052,93.45136,177.0,10.046788047511114,1
26.95266,93.44166,154.0,15.042369244334246,1
26.9693,92.634,140.0,10.21937711459359,1
26.97013,92.63363,140.0,14.302914425322813,1
26.97041,92.63436,130.0,3.016961309815993,1
26.972889,92.632833,134.0,6.379370208442804,1
25.15398187,93.02361022,611.0,19.68967329725292,1
26.11464,91.83886,175.0,17.775317038209,1
26.19044,91.77502,109.0,10.555380466061171,1
24.57257,92.70357,65.0,9.73677691573277,1
24.57235,92.70536,66.0,10.046788047511114,1
24.58585,92.70274,53.0,10.43076019506472,1
24.96756,92.74392,34.0,14.273571375658683,1
24.95794,92.73201,43.0,8.47871314708616,1
24.95054,92.731458,46.0,16.601549599020238,1
24.94756,92.73097,61.0,20.80971857959822,1
25.16736,93.00953,630.0,19.370844026969944,1
25.16023,93.01084,591.0,20.43931757325825,1
25.162389,93.010222,591.0,17.03574212804197,1
25.1625278,93.0103333,591.0,17.03574212804197,1
25.162472,93.01044,599.0,12.604382648379184,1
25.17175,93.00726,728.0,17.752790161946685,1
25.16649,93.01092,648.0,32.401162502089626,1
25.170194,93.007389,700.0,13.915808695897177,1
25.17144,93.005694,698.0,9.64622531297678,1
25.16579,93.00948,581.0,17.752790161946685,1
25.15859,93.01292,586.0,13.915808695897177,1
26.13441667,91.74875,107.0,7.2338446967252255,1
26.15461111,91.80086111,79.0,7.2338446967252255,1
26.09961111,91.87811111,86.0,9.508656426564368,1
26.14944444,91.748,136.0,24.46133251877165,1
26.16658333,91.71480556,128.0,24.932657538079724,1
25.15556,93.021583,610.0,10.21937711459359,1
25.156483,93.018367,614.0,17.775317038209,1
25.158138,93.024778,543.0,6.91817481667161,1
25.24194444,93.14319444,624.0,22.61986494804043,1
25.41733333,93.12908333,387.0,3.016961309815993,1
25.17044,93.025325,469.0,21.18915910142139,1
25.171264,93.020014,643.0,24.242444512172103,1
25.16804,93.02503,485.0,21.04572088407584,1
25.178006,93.022825,527.0,14.15548761586253,1
25.168083,93.024922,485.0,21.04572088407584,1
25.27480556,93.14555556,497.0,15.06995574963759,1
25.18955556,93.09641667,535.0,24.591248866909307,1
25.1638056,93.010861,596.0,24.38870074689113,1
25.175,93.01967,646.0,23.3822424378352,1
26.19552778,91.78055556,165.0,18.94158858012096,1
25.17483,93.019861,650.0,31.06099134268408,1
25.1568056,93.019722,638.0,28.280269845499703,1
25.156833,93.017694,637.0,38.5746628389258,1
25.1565,93.0151,589.0,15.06995574963759,1
25.15667,93.01275,564.0,12.260147486012336,1
25.16367,93.02478,520.0,9.508656426564368,1
25.16649,93.02289,558.0,18.96231828867539,1
25.16497,93.02275,590.0,34.34609740006152,1
25.1655,93.02556,516.0,13.03657849691309,1
25.16427,92.99788,497.0,21.33126583595921,1
25.17425,93.00244,768.0,9.64622531297678,1
25.162667,93.009806,570.0,18.96231828867539,1
25.16553,93.02172,630.0,28.98757825007264,1
25.17986111,93.07077778,512.0,4.763641690726178,1
25.14677778,93.03097222,483.0,22.22435314380804,1
25.15561111,93.02222222,617.0,17.752790161946685,1
25.15658333,93.01961111,624.0,23.428692808745403,1
25.15713889,93.01719444,651.0,34.730518200788445,1
25.164,93.04019444,450.0,17.93200256558677,1
25.10638889,92.86480556,221.0,22.140679470491683,1
25.10941667,92.88075,282.0,14.506372352544124,1
25.10988889,92.89316667,282.0,11.348119585994183,1
25.10877778,92.92033333,269.0,12.260147486012336,1
25.10897222,92.92886111,257.0,11.386165083355712,1
26.146,91.756,92.0,7.653048720543413,1
25.11011111,92.99877778,572.0,28.98757825007264,1
25.11077778,93.00458333,537.0,23.4904160686416,1
25.11238889,93.00575,567.0,34.25055493497398,1
25.14872222,93.03191667,451.0,29.83376877992044,1
25.14525,93.02916667,542.0,27.5172599283964,1
25.15572222,93.02277778,613.0,27.32389130134654,1
25.23230556,93.03333333,554.0,18.96231828867539,1
25.14264,93.03182,498.0,19.630414815023528,1
25.14722,93.03128,461.0,28.176705590951745,1
25.143408,93.02995,460.0,18.87922133905067,1
25.14879,93.031636,470.0,22.140679470491683,1
25.15144,93.0331,454.0,33.66525729241905,1
25.15669444,93.01766667,616.0,31.051293565952417,1
25.20552778,93.02013889,346.0,17.387333467314576,1
25.24597222,93.02827778,604.0,19.451200005616776,1
25.21494444,93.02161111,618.0,20.699546585586496,1
25.2185,93.01311111,494.0,32.10351627298505,1
25.21694444,93.01136111,484.0,36.16893488396254,1
25.19972222,93.01672222,418.0,28.08409936669116,1
26.19052,91.77499,109.0,10.555380466061171,1
25.15933333,93.017,685.0,7.2338446967252255,1
25.23925,93.03152778,556.0,20.001783914715944,1
25.23297222,93.03325,559.0,18.520635899770767,1
25.15638889,93.01838889,614.0,17.775317038209,1
25.15736111,93.01608333,641.0,27.79130564477921,1
25.23880556,93.03219444,569.0,16.601549599020238,1
25.19669444,93.01858333,453.0,23.021526638116164,1
25.18844444,93.01966667,522.0,27.17735741799749,1
25.20738889,93.12277778,683.0,15.288517970232029,1
25.17597222,93.02016667,590.0,27.078936947526696,1
25.17505556,93.02041667,574.0,24.22774531795417,1
25.17188889,93.02061111,575.0,44.36965489983547,1
25.16563889,93.02544444,516.0,13.03657849691309,1
25.16344444,93.02316667,557.0,18.96231828867539,1
25.15069444,93.02583333,672.0,15.81919394750014,1
25.14586111,93.02419444,704.0,17.571258778322424,1
25.14041667,93.02038889,732.0,28.002640063185417,1
25.13961111,93.01955556,741.0,18.96231828867539,1
26.150124,91.727915,80.0,23.11642191920837,1
25.18452778,93.12563889,630.0,15.36952380130432,1
25.18725,93.12055556,650.0,11.348119585994183,1
25.17638889,93.11613889,564.0,15.36952380130432,1
25.1775,93.02622222,484.0,15.92277945817654,1
25.17691667,93.02655556,452.0,25.197913740371355,1
25.17702778,93.02088889,571.0,8.735690934280582,1
25.19308333,93.12041667,657.0,11.795709540896548,1
25.13447222,93.01897222,757.0,11.795709540896548,1
26.18841667,91.85125,96.0,30.10305246289624,1
26.19244444,91.76422222,101.0,14.066164922222868,1
26.19236111,91.78080556,91.0,12.364552990274646,1
26.15805556,91.71258333,85.0,19.188418756936425,1
26.19038889,91.80994444,94.0,21.86985930890943,1
26.18866667,91.76694444,111.0,9.73677691573277,1
25.91286,92.49797,325.0,28.222814437179903,1
26.19622222,91.76336111,90.0,4.857533338413092,1
25.96664,92.51636,221.0,22.61986494804043,1
25.967,92.51617,221.0,23.56723462203258,1
25.96458,92.52081,90.0,33.573963453775406,1
25.96886,92.51572,213.0,28.30319610038818,1
25.97461,92.51375,155.0,29.346331162468683,1
25.97664,92.51283,167.0,31.051293565952417,1
25.98214,92.51139,106.0,22.684823831912844,1
25.91608,92.50203,348.0,34.9155437050667,1
25.92153,92.50753,367.0,30.17480904438851,1
25.92525,92.51031,362.0,21.55942138371082,1
25.91936,92.50556,357.0,34.49623729009093,1
25.92103,92.50708,372.0,30.528995003826,1
25.92233,92.50819,360.0,24.74862531519583,1
25.924,92.50939,348.0,27.40876997825205,1
25.95825,92.51414,288.0,29.08619467351647,1
25.96403,92.51631,267.0,30.747804873668915,1
25.91406,92.49897,361.0,35.27189058250504,1
25.91422,92.49972,317.0,29.686933196903503,1
25.95478,92.51386,269.0,31.58578773967389,1
25.95317,92.51353,267.0,33.44025753518539,1
26.10591667,91.62283333,64.0,18.87922133905067,1
26.11816667,91.71330556,72.0,18.19662752273151,1
26.17755556,91.76588889,96.0,17.29444852858009,1
26.17672222,91.76525,87.0,17.5484006137923,1
26.15427778,91.79263889,78.0,7.653048720543413,1
26.15477778,91.77411111,105.0,12.364552990274646,1
26.17672222,91.78672222,85.0,27.372447043216628,1
26.1895,91.78716667,70.0,12.225122675735753,1
25.40586111,93.11097222,252.0,20.07880037349212,1
26.11266667,91.85388889,188.0,25.8493248967401,1
26.19530556,91.76563889,85.0,6.853224835121291,1
26.21111111,91.68416667,65.0,15.42324502154344,1
26.19330556,91.77725,172.0,19.370844026969944,1
26.09150556,91.87898611,77.0,3.931095784160226,1
26.1916,91.80361,84.0,14.535165207979569,1
26.19322,91.77033,164.0,23.021526638116164,1
26.18789,91.79493,96.0,17.01197993242201,1
25.17136,93.01102,700.0,3.931095784160226,1
25.169861,93.002528,704.0,27.372447043216628,1
25.18972,93.02011,500.0,5.385977098599754,1
25.18625,93.01629,568.0,30.337664384844903,1
25.177416,93.00975,691.0,23.674161365449702,1
25.2316944,93.1614167,436.0,24.38870074689113,1
25.18919,93.02118,481.0,6.91817481667161,1
24.70619444,92.28997222,44.0,10.046788047511114,1
25.17623,93.01326,696.0,33.698329255184774,1
26.15958333,91.72388889,184.0,15.609525869125669,1
26.15166667,91.73138889,51.0,0.9548412538721888,1
26.15544444,91.679,53.0,3.4389123953782974,1
26.14988889,91.77394444,116.0,14.15548761586253,1
26.10891667,91.74175,87.0,30.266612409654883,1
26.12911111,91.74911111,71.0,8.104435709194412,1
26.15333333,91.77711111,73.0,12.53638838286113,1
26.15052778,91.72766667,86.0,17.29444852858009,1
26.16405556,91.72827778,92.0,19.787913812706314,1
26.19113889,91.82961111,116.0,15.845167180271268,1
26.158193,91.755807,59.0,11.309932474020217,1
26.166185,91.7147,113.0,18.96231828867539,1
26.16616,91.713803,143.0,20.155422119735228,1
26.16297,91.7059,203.0,4.857533338413092,1
26.17027,91.698,138.0,31.205779114725832,1
25.117665,92.847709,161.0,16.723558006484023,1
25.27898,93.241092,784.0,22.07341542334565,1
25.283672,93.301012,660.0,25.14243049054343,1
25.366255,92.823037,959.0,17.01197993242201,1
25.1644,92.994643,492.0,16.91651608571675,1
25.170425,92.989085,637.0,18.54197796399724,1
25.412958,93.242826,600.0,13.824682316158707,1
25.362612,93.216888,496.0,22.684823831912844,1
25.316197,93.006158,666.0,10.43076019506472,1
25.172918,92.995982,429.0,6.91817481667161,1
25.319717,93.123028,314.0,10.046788047511114,1
25.318433,93.115767,433.0,21.86985930890943,1
25.313791,93.10552,438.0,23.397741000263863,1
25.313929,93.10485,434.0,17.775317038209,1
25.314558,93.094195,445.0,23.628423517864427,1
25.22548,93.023783,606.0,19.74869565807571,1
25.24612,93.028292,609.0,17.456590925928477,1
25.23575,93.033317,601.0,36.83590849508688,1
25.18846,93.003768,742.0,19.47122063449069,1
25.20006,92.9972,465.0,16.228736705934203,1
25.19509,92.9995,469.0,30.418494611596422,1
25.199617,92.997478,465.0,19.630414815023528,1
25.325408,93.037147,460.0,15.845167180271268,1
23.333165,93.057945,1193.0,27.613098503754813,1
25.197888,93.02683,449.0,5.128711509483252,1
25.18833,93.104922,576.0,13.03657849691309,1
25.147883,93.085354,804.0,25.915703593185818,1
25.425403,92.982053,281.0,23.567234622032583,1
25.241135,93.007627,349.0,35.80301842021218,1
25.245448,93.003937,311.0,18.87922133905067,1
25.211625,93.00113,321.0,24.475819581509896,1
25.21112,92.999782,310.0,14.302914425322813,1
25.267553,93.191317,503.0,13.915808695897177,1
25.266788,93.190998,493.0,17.224372940700082,1
25.26676,93.1964,546.0,17.5484006137923,1
25.266142,93.197997,552.0,29.54940859650111,1
25.265743,93.21778,619.0,21.04572088407583,1
25.757752,91.252285,769.0,18.54197796399724,1
26.238016,91.945953,85.0,2.1342998941463125,1
25.872268,91.213965,253.0,32.47251629973426,1
26.2272613,91.6922458,67.0,12.225122675735753,1
26.184324,91.855395,70.0,17.224372940700082,1
26.24698,91.964383,62.0,15.845167180271268,1
26.11956,92.052125,72.0,2.1342998941463125,1
25.69814,93.129423,306.0,14.763132623631552,1
25.648512,93.121528,351.0,18.96231828867539,1
25.388977,93.121008,295.0,17.29444852858009,1
25.740148,91.224044,903.0,8.159014354942736,1
25.341478,93.133718,292.0,17.93200256558677,1
25.888959,92.61669,458.0,20.07880037349212,1
25.890032,92.621245,468.0,19.51118046928032,1
26.156633,91.938576,109.0,9.321835749415005,1
26.1445,91.7362,50.0,2.1342998941463125,1
26.736494,95.261822,1314.0,31.670097621922785,1
26.799929,95.309533,1125.0,19.31028740874557,1
26.849624,95.320878,1075.0,40.34278056721629,1
26.87859,95.35234,667.0,26.842795672040804,1
26.881881,95.333027,786.0,30.82665955230447,1
26.885896,95.562013,1409.0,22.86208914423492,1
26.897502,95.542612,1425.0,18.64821573021375,1
26.904294,95.549313,1526.0,37.58043252806343,1
26.904445,95.360399,428.0,21.135527342306386,1
26.919823,95.545421,1689.0,59.5151830749998,1
26.925697,95.371448,385.0,27.32389130134654,1
26.93529,95.37696,428.0,22.61986494804043,1
26.936043,95.370996,408.0,20.155422119735228,1
26.939232,95.520994,1619.0,33.573963453775406,1
26.943433,95.385986,511.0,19.370844026969944,1
26.952173,95.519402,1346.0,24.74862531519583,1
26.976731,95.423103,763.0,31.051293565952417,1
26.984318,95.510469,753.0,17.775317038209,1
26.994618,95.486818,720.0,26.20460176321736,1
26.994942,95.474591,662.0,20.307500221928045,1
27.018342,92.6356,221.0,13.915808695897177,1
27.018583,92.635667,221.0,5.550718212127324,1
27.019379,95.555899,716.0,26.126317264569018,1
27.03106,93.62292,312.0,8.935631425418535,1
27.032124,95.562208,673.0,11.904688112848122,1
27.035069,95.56864,695.0,24.15404655313558,1
27.035278,92.610556,155.0,13.421509132977462,1
27.036111,92.603333,232.0,11.648634944412734,1
27.036339,95.564677,686.0,19.787913812706314,1
27.039914,95.73282,1020.0,21.04572088407583,1
27.043883,95.72822,1091.0,44.436012758731536,1
27.046252,95.592084,787.0,20.82800310374709,1
27.047848,95.729657,1082.0,41.02410199989886,1
27.057191,95.716883,1018.0,34.37782091784768,1
27.0611,95.721024,1014.0,49.136107905835296,1
27.061845,95.614212,743.0,33.10114358966526,1
27.068358,95.725306,963.0,41.25658564257651,1
27.072206,95.634021,933.0,28.98757825007264,1
27.074431,95.638118,967.0,23.93089341141916,1
27.078472,93.605639,234.0,14.959246786437893,1
27.079176,95.638023,1018.0,23.97577371272972,1
27.08130556,93.61283333,273.0,12.772578169490426,1
27.08155,93.61438,286.0,24.932657538079724,1
27.083054,95.639328,1025.0,26.91773442777563,1
27.083117,93.601735,240.0,13.262676008304846,1
27.086139,92.584361,271.0,34.54336392970912,1
27.086667,92.585278,299.0,38.47064785262626,1
27.088278,93.66925,182.0,10.43076019506472,1
27.089394,95.729849,779.0,21.55942138371082,1
27.091139,93.615667,343.0,17.775317038209,1
27.092028,92.597028,210.0,36.97817981978636,1
27.093755,95.731806,757.0,22.765646640754472,1
27.093889,92.591389,265.0,29.118936488427924,1
27.095278,93.615694,336.0,18.520635899770767,1
27.09589,93.62284,365.0,15.609525869125669,1
27.095969,95.634872,1083.0,31.311156133255537,1
27.099083,92.626306,605.0,24.38870074689113,1
27.099707,95.641075,1075.0,33.573963453775406,1
27.101111,93.619222,350.0,11.499465999742789,1
27.10215,93.61371,357.0,24.094842552110705,1
27.102163,95.644694,1091.0,37.56093713903626,1
27.102625,95.645631,1069.0,35.32429987761792,1
27.102944,93.640417,373.0,20.43931757325825,1
27.103069,93.641778,384.0,16.253917058152773,1
27.103111,93.634019,415.0,19.370844026969944,1
27.103444,93.638722,402.0,34.54336392970912,1
27.103639,92.76025,380.0,38.8167201785787,1
27.10375,93.61529,411.0,20.307500221928045,1
27.103944,93.637611,421.0,30.61885839795703,1
27.105083,92.555222,863.0,34.730518200788445,1
27.1055,92.556278,838.0,25.79602649449995,1
27.105556,93.699722,202.0,9.368915578454835,1
27.105748,95.654176,1033.0,41.90884788180327,1
27.106472,93.663889,208.0,9.870926939134982,1
27.106722,93.660111,238.0,23.132182561931256,1
27.106939,92.573544,502.0,59.08164213944333,1
27.10736,93.64975,298.0,11.499465999742789,1
27.1105,92.537444,1203.0,22.86208914423492,1
27.112222,93.694444,137.0,4.763641690726178,1
27.112268,95.736125,525.0,27.62503917921715,1
27.112694,92.543472,1359.0,42.75375023557236,1
27.115246,95.670965,835.0,28.08409936669116,1
27.115545,95.733337,550.0,28.98757825007264,1
27.115694,92.763028,407.0,19.31028740874557,1
27.11587,95.733019,548.0,31.50104503484436,1
27.116194,92.543111,1331.0,38.72034490930262,1
27.116625,95.669825,808.0,20.001783914715944,1
27.122408,95.678718,731.0,19.31028740874557,1
27.122872,95.672546,757.0,16.91651608571675,1
27.123139,93.702139,153.0,15.793169048263966,1
27.124444,93.742222,153.0,18.87922133905067,1
27.125767,95.745585,387.0,20.001783914715944,1
27.1275,93.73164,140.0,3.4389123953782974,1
27.128972,93.705333,157.0,14.15548761586253,1
27.12922,95.684101,662.0,24.38870074689113,1
27.131129,95.689613,659.0,21.611596098722195,1
27.132794,95.687302,646.0,21.260377126997213,1
27.132933,95.709803,579.0,31.06099134268408,1
27.134444,92.599611,343.0,21.419418908984124,1
27.13469444,93.74347222,131.0,2.698950908923438,1
27.143343,95.743034,562.0,32.772365143142935,1
27.1448,95.742566,576.0,26.67924362098057,1
27.148056,92.613889,362.0,41.00847613866502,1
27.150127,95.780208,581.0,28.88836980568737,1
27.153826,95.77545,400.0,6.853224835121291,1
27.15844,95.755292,552.0,21.869859308909422,1
27.158837,95.750303,603.0,12.604382648379184,1
27.16,93.739167,216.0,16.253917058152773,1
27.160065,95.754919,558.0,33.690067525979785,1
27.161858,95.757717,528.0,17.93200256558677,1
27.163084,95.754775,560.0,28.98757825007264,1
27.163388,95.746685,724.0,18.94158858012096,1
27.163556,93.752306,148.0,9.64622531297678,1
27.165806,93.751167,179.0,30.528995003826,1
27.166306,92.587139,1730.0,29.205932247399417,1
27.167139,92.587917,1735.0,32.47251629973426,1
27.172066,95.754546,817.0,15.042369244334246,1
27.175606,95.749935,882.0,27.33604368814356,1
27.178695,95.735218,880.0,42.2006310918857,1
27.182278,92.599889,1667.0,30.747804873668915,1
27.183833,92.599333,1654.0,26.20460176321736,1
27.187767,95.732008,758.0,19.12710170142385,1
27.188551,95.703582,488.0,18.77467605427877,1
27.190295,95.716317,577.0,21.260377126997216,1
27.190861,92.607806,1567.0,26.61590170730996,1
27.191667,92.610111,1549.0,23.273326481355983,1
27.193425,93.780983,213.0,52.80344175658018,1
27.194111,93.780944,208.0,25.80936745770508,1
27.207583,93.615667,566.0,32.38327563166962,1
27.207659,93.615842,590.0,33.698329255184774,1
27.208222,92.55475,1147.0,24.805474401698422,1
27.210556,93.628556,551.0,26.93019100092878,1
27.214778,93.635667,513.0,24.2864614630402,1
27.215611,93.123139,1268.0,21.47206914335925,1
27.216278,93.655639,481.0,31.002719133873992,1
27.216639,93.691472,461.0,32.06706985148497,1
27.218611,93.695278,480.0,34.85410224097107,1
27.22075,93.581167,714.0,33.26309702272514,1
27.220833,93.698194,503.0,36.14763896908836,1
27.223667,93.580417,785.0,36.51283284150458,1
27.225361,93.570278,721.0,42.97485685199571,1
27.226901,95.905393,488.0,14.302914425322813,1
27.228056,93.568972,713.0,36.51283284150458,1
27.228167,93.799111,341.0,23.021526638116164,1
27.234139,93.707861,441.0,34.49623729009093,1
27.234917,93.536139,839.0,23.76524510807156,1
27.235306,93.524389,912.0,20.155422119735228,1
27.236139,93.715694,419.0,25.526884054256257,1
27.236306,93.807167,335.0,27.565248984490395,1
27.238222,93.806444,275.0,29.031480434376107,1
27.238917,93.806083,281.0,30.58895816397544,1
27.239333,93.745,410.0,18.62703081108459,1
27.23995,93.806589,267.0,26.61590170730996,1
27.240083,93.745917,411.0,27.505240762859906,1
27.240556,93.750417,395.0,28.280269845499703,1
27.241,93.731417,408.0,26.539566558618308,1
27.241056,93.749306,405.0,26.91773442777563,1
27.24125,93.746889,428.0,30.85613335195628,1
27.242917,93.757222,353.0,39.260731733474245,1
27.246111,93.804667,270.0,22.684823831912844,1
27.246131,93.804711,270.0,22.684823831912844,1
27.24675,93.765333,323.0,23.273326481355983,1
27.248167,93.765889,333.0,24.38870074689113,1
27.248722,92.737722,1404.0,41.59124928555319,1
27.2495,93.507833,979.0,4.262693045214654,1
27.251806,93.504278,919.0,27.432940772267944,1
27.253778,93.507778,955.0,27.62503917921715,1
27.254756,93.801303,288.0,39.260731733474245,1
27.257581,95.936353,568.0,19.630414815023528,1
27.258556,93.778167,342.0,25.486125594093767,1
27.260222,93.7895,362.0,25.07280797783953,1
27.260444,93.7895,365.0,23.75010057347409,1
27.260722,93.780306,325.0,19.31028740874557,1
27.266667,92.404389,2619.0,25.197913740371355,1
27.267722,93.80125,389.0,29.63417437185607,1
27.268684,96.040751,275.0,4.763641690726178,1
27.268973,96.037707,283.0,24.359555875506427,1
27.269861,93.802361,417.0,31.311156133255537,1
27.270019,93.799333,414.0,25.79602649449995,1
27.273999,95.975506,415.0,23.444146119861458,1
27.2745,93.797833,459.0,23.021526638116164,1
27.275542,95.965859,453.0,24.46133251877165,1
27.27625,93.795889,487.0,28.88836980568737,1
27.277417,92.425278,2555.0,19.68967329725292,1
27.278417,92.426917,2519.0,34.6605872943073,1
27.27925,93.796444,495.0,31.24417585118817,1
27.282921,96.122193,394.0,23.75010057347409,1
27.287781,95.978389,410.0,19.61060912917093,1
27.287855,95.977914,421.0,15.06995574963759,1
27.288125,96.075898,305.0,24.16881343581011,1
27.291083,93.796806,574.0,28.08409936669116,1
27.291528,92.391778,1802.0,26.57777862373484,1
27.292167,92.391889,1787.0,25.14243049054343,1
27.292444,92.391861,1784.0,26.00818191569552,1
27.29268,96.024049,237.0,13.915808695897177,1
27.293806,92.391694,1772.0,27.017123217850244,1
27.294278,93.802056,669.0,30.297100641022165,1
27.294886,93.803328,646.0,47.53179628541781,1
27.296223,96.013675,293.0,25.8493248967401,1
27.297167,93.050889,1332.0,13.515781057664528,1
27.297775,96.002314,368.0,19.74869565807571,1
27.298972,96.046398,217.0,18.96231828867539,1
27.299135,96.010349,301.0,18.96231828867539,1
27.299744,95.987092,359.0,24.38870074689113,1
27.29976,96.012691,293.0,27.79130564477921,1
27.300188,96.010838,262.0,11.461836902818336,1
27.300611,93.093417,759.0,11.461836902818336,1
27.300667,92.391833,1731.0,39.8055710922652,1
27.300833,93.802833,665.0,16.601549599020238,1
27.300945,95.992838,372.0,18.87922133905067,1
27.302949,96.154621,271.0,20.99158237694124,1
27.305527,96.224831,363.0,29.031480434376107,1
27.307072,93.806008,718.0,11.309932474020217,1
27.307111,93.806306,720.0,18.130932944052347,1
27.309012,96.158495,264.0,16.91651608571675,1
27.313343,96.171327,311.0,18.434948822922014,1
27.315904,96.18349,315.0,10.759583898850556,1
27.325278,92.373722,1622.0,12.260147486012336,1
27.325806,93.822389,1067.0,28.176705590951745,1
27.327583,93.813389,908.0,42.16688052412773,1
27.328528,93.812528,888.0,38.68405094716037,1
27.334056,93.819417,974.0,28.82189836411544,1
27.336667,93.820722,999.0,37.81892671564865,1
27.337028,93.821306,990.0,25.23940182067892,1
27.339267,93.802581,789.0,26.628589703310887,1
27.339833,93.805167,774.0,27.505240762859906,1
27.340556,92.274944,1562.0,50.93630379203112,1
27.342139,93.041583,432.0,22.61986494804043,1
27.345556,92.266389,1581.0,30.49893168631072,1
27.34675,93.018528,780.0,17.03574212804197,1
27.347917,93.012194,860.0,16.72355800648402,1
27.357083,93.026361,798.0,31.80039615270397,1
27.362028,92.244028,1581.0,32.167104228386144,1
27.362444,92.243972,1594.0,41.83500863142676,1
27.363417,92.24375,1613.0,32.53469816945699,1
27.363833,93.025139,795.0,14.03624346792648,1
27.367611,92.2415,1604.0,24.8479801794304,1
27.368333,92.241583,1633.0,32.57012547147068,1
27.394306,92.157333,1840.0,41.33329678861224,1
27.395444,92.164167,1794.0,44.55551561210556,1
27.396722,92.163861,1899.0,45.0039783210455,1
27.403722,92.141056,1968.0,32.427956428323874,1
27.405861,92.133778,2022.0,26.628589703310887,1
27.409778,92.132167,2072.0,31.002719133873992,1
27.420722,93.011083,481.0,22.636129876883253,1
27.421139,93.017611,719.0,28.280269845499703,1
27.422111,93.014639,630.0,37.45655576127969,1
27.423722,93.007583,434.0,25.688903331931808,1
27.428833,93.025306,878.0,21.260377126997216,1
27.433056,92.123583,2362.0,32.35640884426763,1
27.437333,93.029667,944.0,35.63524161504921,1
27.441028,93.020389,481.0,32.667159071642764,1
27.441361,92.117417,2548.0,25.80936745770508,1
27.441694,93.021472,489.0,33.10114358966526,1
27.447181,96.439865,560.0,19.787913812706314,1
27.449807,96.444466,603.0,41.57619666417142,1
27.452833,95.239,117.0,0.0,1
27.453197,96.444944,592.0,37.96539079113361,1
27.455222,96.440908,607.0,32.57012547147069,1
27.456278,92.109556,3038.0,35.45087793804301,1
27.458768,96.440093,618.0,28.79968165255028,1
27.459167,95.233639,117.0,2.698950908923438,1
27.460278,92.110278,3244.0,21.971970836813973,1
27.460656,96.412177,637.0,30.82665955230447,1
27.460731,96.41975,610.0,14.621143938770764,1
27.466137,96.407194,537.0,23.567234622032583,1
27.467849,96.409616,534.0,18.54197796399724,1
27.470221,96.407798,556.0,39.35384148704364,1
27.474408,96.408773,528.0,39.12001615700953,1
27.476285,96.40896,511.0,22.42335855928612,1
27.476614,96.408544,509.0,26.93019100092878,1
27.479141,96.403435,495.0,30.85613335195628,1
27.483667,92.10925,3704.0,34.21858270764896,1
27.496333,92.104333,4147.0,30.89535018031049,1
27.497222,92.104667,4166.0,25.267001648248183,1
27.512278,91.875556,3095.0,24.475819581509896,1
27.520111,92.997139,602.0,31.24417585118817,1
27.521083,92.995444,622.0,40.70850426789114,1
27.530556,92.959167,1089.0,32.63194030642942,1
27.5335,92.964861,1133.0,26.437229357181263,1
27.535806,92.930667,876.0,36.62354905164433,1
27.538778,92.988139,712.0,34.017325088918376,1
27.539694,92.991306,756.0,25.635076100950123,1
27.540917,92.949333,1266.0,28.553305000609424,1
27.542083,92.946,1252.0,25.5133092609215,1
27.542389,92.946306,1271.0,33.22063240830351,1
27.542639,92.954417,1275.0,26.96750407359889,1
27.543472,92.95525,1248.0,31.39687644298045,1
27.543778,92.982806,641.0,35.03012380867594,1
27.544667,92.958806,1120.0,32.401162502089626,1
27.546278,92.981472,611.0,25.15631913369421,1
27.549389,92.979028,636.0,38.90056504199712,1
27.550389,92.964861,954.0,37.63877548007402,1
27.552639,92.965861,904.0,31.002719133873992,1
27.553611,92.975583,585.0,34.85410224097107,1
27.555194,92.966222,832.0,32.13988228321215,1
27.555389,92.960778,794.0,36.14763896908836,1
27.555583,92.963028,816.0,31.244175851188185,1
27.555611,92.962194,814.0,38.47064785262626,1
27.5806,93.6348,1281.0,24.46133251877165,1
27.1929,93.7802,291.0,28.08409936669116,1
27.1076,93.6413,315.0,25.526884054256257,1
27.07925,93.59430556,239.0,22.373844274024943,1
28.14116,95.27472,417.0,8.735690934280582,1
28.14251,95.27439,396.0,20.532771786488425,1
27.58741667,91.88694444,2589.0,6.721369339369457,1
27.59152778,91.88044444,2767.0,21.47206914335925,1
27.58647222,91.89636111,2298.0,17.456590925928477,1
27.50994444,91.85486111,3278.0,21.04572088407583,1
27.561083,91.911528,1922.0,19.787913812706314,1
27.561111,92.965278,679.0,25.526884054256257,1
27.562917,92.983139,538.0,32.13988228321215,1
27.563167,92.975139,522.0,36.97817981978636,1
27.566131,92.973072,623.0,29.020515817031367,1
27.566611,92.967639,567.0,30.25643716352927,1
27.568028,92.993944,547.0,24.22774531795417,1
27.568778,92.966583,597.0,38.31642449920507,1
27.571111,92.965556,585.0,7.2338446967252255,1
27.574306,92.999556,527.0,26.880307851329,1
27.579,91.868639,2673.0,8.582483688827132,1
27.584639,91.860917,2849.0,13.262676008304846,1
27.586694,91.871444,2808.0,6.0172848640320336,1
27.587417,91.886944,2589.0,6.721369339369457,1
27.587611,91.894167,2383.0,15.179705807856672,1
27.589,91.873194,2813.0,8.984876931685683,1
27.58925,91.795667,2587.0,44.09690834843296,1
27.589417,91.861444,2884.0,23.19506859014077,1
27.589889,91.881194,2763.0,21.242603631151898,1
27.590556,91.867667,2845.0,16.453666886955713,1
27.590639,91.876806,2877.0,5.788832299437198,1
27.591389,91.9025,2527.0,21.55942138371082,1
27.591417,91.973083,2617.0,35.27189058250504,1
27.591528,91.880444,2767.0,21.47206914335925,1
27.591806,91.865028,2925.0,18.96231828867539,1
27.591833,91.865056,2925.0,18.96231828867539,1
27.592639,91.867528,2907.0,16.723558006484023,1
27.592667,91.866222,2944.0,10.759583898850556,1
27.593139,91.873889,2933.0,8.159014354942736,1
27.593361,91.879444,2812.0,16.453666886955713,1
27.594833,91.866417,2975.0,6.091478002079769,1
27.594861,91.866444,2975.0,6.091478002079769,1
27.595167,91.895444,2420.0,31.002719133873992,1
27.596278,91.894333,2434.0,41.62130964323344,1
27.596639,91.878972,2895.0,12.260147486012336,1
27.599,91.876528,2945.0,8.104435709194412,1
27.599806,91.876111,2933.0,5.550718212127324,1
27.62225,93.840778,1638.0,23.397741000263863,1
27.622972,93.841361,1654.0,32.03054267172445,1
27.637611,93.637722,1717.0,25.8493248967401,1
27.63825,93.857583,1791.0,17.5484006137923,1
27.649194,93.874,1625.0,24.805474401698422,1
27.652167,93.632417,1271.0,19.451200005616776,1
27.656,93.877472,1578.0,20.307500221928045,1
27.662194,94.702667,172.0,15.288517970232029,1
27.664972,94.693861,209.0,25.14243049054343,1
27.665417,93.892222,1463.0,28.732851681077435,1
27.666556,93.891861,1473.0,22.81394173961772,1
27.668278,93.629472,1105.0,24.475819581509896,1
27.668611,93.63,1104.0,35.98342760298727,1
27.683889,94.682444,296.0,40.70850426789115,1
27.688,94.67875,285.0,22.140679470491683,1
27.688583,94.681,271.0,24.46133251877165,1
27.690111,93.632556,1014.0,19.12710170142385,1
27.703222,94.67275,266.0,19.47122063449069,1
27.70625,94.673833,276.0,5.550718212127324,1
27.720444,94.721528,338.0,11.904688112848122,1
27.751917,94.023472,327.0,31.77256152831432,1
27.752611,94.7175,380.0,32.772365143142935,1
27.754056,94.018528,340.0,35.795759914707084,1
27.754806,94.715444,387.0,27.432940772267944,1
27.756511,93.417861,1056.0,31.24417585118817,1
27.756778,93.436761,1036.0,16.428860704621638,1
27.757417,94.716167,380.0,18.87922133905067,1
27.758611,93.997222,426.0,20.66264400478191,1
27.758806,93.609167,998.0,36.76087717499856,1
27.758889,94.059833,734.0,37.7869066377512,1
27.759361,94.047083,642.0,35.81027366254364,1
27.759556,94.712333,455.0,33.423467333412106,1
27.760194,94.712278,471.0,35.39887735323683,1
27.760889,93.990806,444.0,45.62663742342179,1
27.760917,93.995583,426.0,39.46369096261305,1
27.762,94.712278,472.0,14.15548761586253,1
27.763444,93.608278,1006.0,39.09643971967424,1
27.763722,93.992333,330.0,25.253207609369632,1
27.772194,93.59325,810.0,18.64821573021375,1
27.773556,93.969778,462.0,32.57012547147068,1
27.773847,93.595528,731.0,6.91817481667161,1
27.773972,94.7135,619.0,32.35640884426763,1
27.777278,94.715583,649.0,15.06995574963759,1
27.78,93.456231,1139.0,31.51991437453672,1
27.781792,93.477942,1068.0,34.22658163881948,1
27.782139,93.546139,1026.0,37.038767555809535,1
27.783667,93.600806,1044.0,42.16205280597383,1
27.786833,94.720111,814.0,42.05058435733241,1
27.788194,94.724194,850.0,37.410672491183874,1
27.788389,93.526528,722.0,27.755818170578,1
27.788639,93.539667,947.0,29.54940859650111,1
27.790489,94.958147,185.0,33.89536963300801,1
27.793761,94.959097,224.0,29.88589573021274,1
27.793917,94.728806,822.0,32.9548711795407,1
27.794333,94.73075,797.0,26.00818191569552,1
27.794583,93.597306,1080.0,41.53598294850654,1
27.797389,94.735333,821.0,26.113233272206745,1
27.797806,93.96175,441.0,34.62941016850345,1
27.801194,93.541944,916.0,25.526884054256257,1
27.801194,93.541667,926.0,29.195082782485805,1
27.803972,93.543083,941.0,25.5133092609215,1
27.804361,94.715056,961.0,40.32099374186543,1
27.804944,94.719861,899.0,25.363232718381973,1
27.813833,94.134333,1389.0,27.078936947526696,1
27.814806,93.521,943.0,24.38870074689113,1
27.81975,94.138722,1381.0,34.49623729009093,1
27.81975,93.945556,664.0,21.95499883223757,1
27.821278,94.730278,640.0,14.15548761586253,1
27.821861,94.104806,1051.0,24.15404655313558,1
27.821889,94.730417,653.0,19.31028740874557,1
27.822556,94.135417,1317.0,25.34952033151192,1
27.823139,94.732972,635.0,14.763132623631552,1
27.824889,94.739556,695.0,23.444146119861458,1
27.825694,94.747,727.0,24.242444512172103,1
27.827472,93.972556,723.0,28.79968165255028,1
27.827806,93.972167,717.0,28.485468456722128,1
27.82925,93.911194,662.0,31.809663934881115,1
27.8305,94.157444,1245.0,23.021526638116164,1
27.830944,93.917028,579.0,30.25643716352927,1
27.83275,93.504417,813.0,37.50230700018765,1
27.833306,93.978611,671.0,18.96231828867539,1
27.834083,94.768972,538.0,17.224372940700082,1
27.8345,93.933694,457.0,23.76524510807156,1
27.83875,93.977278,625.0,45.69121973244523,1
27.83975,93.977444,634.0,37.08573289536603,1
27.839817,94.778642,493.0,24.16881343581011,1
27.840167,93.980861,625.0,37.63877548007402,1
27.840972,94.771167,424.0,14.621143938770764,1
27.844444,93.973944,638.0,34.85410224097107,1
27.847111,94.783139,522.0,28.002640063185417,1
27.854583,93.484722,847.0,20.097992628721148,1
27.858889,94.78875,422.0,16.527811501531776,1
27.858972,94.783917,379.0,23.75010057347409,1
27.859444,94.789222,420.0,10.999158271052185,1
27.863722,93.473389,847.0,36.815480279408405,1
27.866083,93.467306,880.0,39.00770983983683,1
27.86775,93.465861,888.0,51.02066676891752,1
27.868667,94.787083,331.0,45.86825078796896,1
27.870361,94.817861,374.0,23.75010057347409,1
27.872722,93.456306,807.0,29.24925904290538,1
27.874667,93.452917,783.0,24.904481044556743,1
27.882056,93.444333,786.0,32.490306531189724,1
27.893389,94.842194,702.0,11.795709540896548,1
27.897361,94.844111,717.0,30.337664384844903,1
27.897722,93.406306,878.0,29.686933196903503,1
27.898806,93.408444,877.0,28.98757825007264,1
27.903389,93.370361,880.0,25.253207609369632,1
27.903417,93.371722,894.0,25.197913740371355,1
27.909278,94.736111,540.0,22.09025870405004,1
27.910417,94.739528,482.0,30.56899459462348,1
27.91164,96.34269,1274.0,36.83590849508688,1
27.912806,94.726972,656.0,33.573963453775406,1
27.913333,94.737472,475.0,29.49620849656644,1
27.914944,94.721806,740.0,43.879267026727,1
27.91886,96.33156,1309.0,31.77256152831432,1
27.91897,96.33108,1284.0,30.508958866202807,1
27.933611,94.703472,974.0,22.765646640754472,1
27.937861,94.702139,913.0,33.854514812620515,1
27.938056,94.700306,894.0,35.63524161504921,1
27.93967,96.38097,1560.0,34.75376186272035,1
27.94083,96.38161,1533.0,30.205466819616653,1
27.94175,94.695694,836.0,19.370844026969944,1
27.942917,94.694528,822.0,28.222814437179903,1
27.944389,95.117586,333.0,13.03657849691309,1
27.944444,94.692528,800.0,30.17480904438851,1
27.94903,96.39158,967.0,41.77567556138229,1
27.951306,95.074056,437.0,20.136303428248134,1
27.95603,96.40267,645.0,36.733505603395045,1
27.95672,96.39697,895.0,17.93200256558677,1
27.957306,94.68625,660.0,22.8781056322946,1
27.95964,96.40178,716.0,25.03089023333195,1
27.96325,96.40097,526.0,32.74612665551688,1
27.965819,94.293672,234.0,24.16881343581011,1
27.96756,96.40189,414.0,17.775317038209,1
27.96756,96.40214,413.0,21.95499883223757,1
27.968,96.39822,439.0,27.565248984490395,1
27.979306,94.228528,281.0,29.205932247399417,1
27.98333,96.40433,390.0,10.046788047511114,1
27.98728,96.41208,387.0,6.721369339369457,1
27.98747,96.41133,401.0,36.733505603395045,1
27.995889,94.525941,456.0,28.632096976803734,1
28.003861,94.201944,262.0,22.98976777360885,1
28.005389,94.201306,255.0,16.72355800648402,1
28.00611,96.42872,444.0,18.77467605427877,1
28.013167,95.239333,256.0,15.99993592924168,1
28.013577,94.568456,575.0,11.348119585994183,1
28.014765,94.569467,556.0,18.130932944052347,1
28.01661,96.44172,431.0,2.1342998941463125,1
28.01781,96.44275,437.0,4.857533338413092,1
28.01992,96.443,444.0,4.763641690726177,1
28.021678,94.536256,559.0,30.41849461159642,1
28.022249,94.535672,557.0,29.54940859650111,1
28.022471,96.440489,664.0,39.94582490429605,1
28.022667,94.574294,550.0,3.931095784160226,1
28.023491,96.440972,646.0,54.81039442228374,1
28.024169,94.582184,604.0,24.16881343581011,1
28.024691,94.553634,488.0,21.835672195716143,1
28.025611,95.271179,234.0,20.250651404968387,1
28.026515,94.590918,631.0,16.796238729882134,1
28.026733,94.593471,661.0,8.47871314708616,1
28.029848,94.616455,862.0,32.34744349944203,1
28.033278,95.235383,646.0,34.730518200788445,1
28.05939,96.48397,503.0,10.21937711459359,1
28.05989,96.46281,555.0,27.078936947526696,1
28.05997,96.48664,495.0,2.1342998941463125,1
28.06006,96.44636,652.0,41.36896307416782,1
28.06131,96.49256,492.0,3.4389123953782974,1
28.06244,96.49775,507.0,15.845167180271268,1
28.063,96.49914,508.0,3.931095784160226,1
28.06356,96.50075,525.0,14.931417178137552,1
28.06964,96.50025,502.0,6.853224835121291,1
28.079818,96.46838,821.0,35.918712572866035,1
28.08014,96.52356,582.0,0.9548412538721888,1
28.080151,96.472541,819.0,33.3982497427651,1
28.08019,96.54483,765.0,42.80471223274384,1
28.080301,96.472247,823.0,30.25643716352927,1
28.08061,96.51294,509.0,5.550718212127324,1
28.082576,96.464869,860.0,33.16099672886019,1
28.082618,96.465189,855.0,30.051606490707,1
28.083417,96.461433,884.0,41.63631743255716,1
28.084252,96.459672,897.0,48.640725383609286,1
28.088159,96.458999,951.0,56.54412845779356,1
28.089549,96.457818,950.0,37.038767555809535,1
28.090087,96.454067,1010.0,50.248671070273566,1
28.0907,96.45238,1017.0,37.99072498917101,1
28.09311,96.53622,587.0,29.118936488427924,1
28.093514,95.272526,489.0,27.238572082130062,1
28.094144,95.282568,306.0,9.508656426564368,1
28.094359,96.453058,1117.0,10.999158271052185,1
28.095602,96.453246,1170.0,40.51058943733277,1
28.095632,95.281371,332.0,26.56505117707799,1
28.097043,95.274751,360.0,26.93019100092878,1
28.097163,95.270824,338.0,18.370345512861498,1
28.097285,95.28003,337.0,19.31028740874557,1
28.099657,95.287831,224.0,58.64990528453515,1
28.100244,96.448173,1228.0,26.880307851328983,1
28.100284,96.449538,1276.0,22.86208914423492,1
28.100914,96.449162,1304.0,41.10717033949948,1
28.102005,96.448473,1377.0,39.76607121224395,1
28.103902,95.27946,201.0,26.842795672040804,1
28.105572,96.447685,1416.0,21.33126583595921,1
28.105952,96.447724,1427.0,31.002719133873992,1
28.106321,96.447245,1427.0,25.915703593185818,1
28.106358,95.268592,413.0,15.288517970232029,1
28.10714,96.54489,984.0,42.51044707800085,1
28.11142,96.54528,1030.0,53.097830357124366,1
28.114742,95.273582,382.0,15.36952380130432,1
28.11594,96.54689,847.0,41.10717033949948,1
28.11781,96.54906,939.0,44.03323301127651,1
28.133963,94.611953,940.0,37.4041069193059,1
28.134238,94.620133,861.0,42.09430109320842,1
28.137762,94.62431,772.0,17.752790161946685,1
28.141514,95.289198,182.0,31.051293565952417,1
28.142304,95.288126,172.0,30.133843411422752,1
28.14531,96.54897,1007.0,37.79331583229016,1
28.148417,95.277964,199.0,6.0172848640320336,1
28.149568,95.277177,207.0,20.532771786488425,1
28.150741,95.275122,218.0,23.4904160686416,1
28.15292,96.53858,870.0,47.84364748499539,1
28.160853,95.446925,482.0,18.77467605427877,1
28.16206,96.53061,979.0,68.84475906080618,1
28.162497,95.441244,484.0,32.11261530059655,1
28.163322,95.459813,421.0,20.439317573258247,1
28.165684,95.462909,404.0,10.43076019506472,1
28.169389,95.235722,299.0,45.50810653937317,1
28.16939,96.52578,1209.0,28.632096976803734,1
28.169583,95.223917,301.0,38.67193428122302,1
28.169611,95.240639,249.0,31.57639333699781,1
28.171187,95.833166,450.0,24.242444512172103,1
28.173434,95.836605,473.0,14.03624346792648,1
28.174973,95.469402,368.0,21.83567219571615,1
28.175079,95.469602,375.0,30.49893168631072,1
28.175556,95.221861,324.0,48.53939987114605,1
28.175659,95.470804,374.0,37.24571514151944,1
28.178861,95.228056,295.0,21.83567219571615,1
28.179262,95.477068,358.0,16.2287367059342,1
28.181139,95.225944,296.0,37.23908117204727,1
28.181834,95.469828,375.0,41.09162949850341,1
28.18439,96.53453,1213.0,32.35640884426763,1
28.18525,96.53256,1079.0,26.91773442777563,1
28.1915,95.225917,352.0,25.07280797783953,1
28.192217,94.713927,324.0,28.40597188009524,1
28.192581,95.804085,736.0,29.205932247399417,1
28.193864,95.805469,764.0,30.96375653207352,1
28.1945,95.227917,348.0,31.39687644298045,1
28.194651,95.807085,799.0,28.553305000609424,1
28.19597,96.53733,1192.0,25.955401413885543,1
28.198018,95.810448,813.0,49.1095585689283,1
28.199389,95.230278,396.0,40.12351235567568,1
28.199873,95.811883,873.0,44.436012758731536,1
28.201838,95.812004,913.0,49.25346387793085,1
28.202844,95.811201,876.0,44.89216578140445,1
28.205003,95.813193,887.0,38.17319333803387,1
28.20737,95.81005,932.0,28.222814437179903,1
28.207699,95.809197,924.0,40.87237718519121,1
28.207796,95.807742,908.0,29.917093225401345,1
28.20867,96.53222,1356.0,27.613098503754813,1
28.209018,95.80348,935.0,34.9155437050667,1
28.209062,95.806755,928.0,38.54414157288248,1
28.212211,95.801273,951.0,30.20546681961666,1
28.212275,95.802589,957.0,21.242603631151898,1
28.21267,95.803194,1025.0,46.76711177902434,1
28.213028,95.232528,359.0,20.439317573258247,1
28.21483,96.53911,1601.0,28.98757825007264,1
28.215014,95.799764,965.0,29.421439641486938,1
28.215206,95.793704,977.0,26.880307851329,1
28.215862,95.795227,1068.0,14.592550602033429,1
28.215926,95.799557,1017.0,24.904481044556743,1
28.216253,95.796393,1081.0,33.46541063428238,1
28.216997,95.790585,960.0,23.4904160686416,1
28.217204,95.789599,958.0,25.23940182067892,1
28.217543,95.792489,952.0,35.74485877621931,1
28.217595,95.793032,970.0,37.48271544856494,1
28.218539,95.794022,1101.0,49.48508672198051,1
28.21909,95.791084,1009.0,41.46029301668304,1
28.219976,95.799065,1145.0,37.99705220207771,1
28.22328,96.55303,1515.0,34.6605872943073,1
28.22381,96.53644,1446.0,43.758382657642215,1
28.223825,95.829105,1408.0,25.14243049054343,1
28.22408,96.55872,1642.0,52.55142496536931,1
28.227703,95.781369,888.0,27.5172599283964,1
28.227891,95.541082,505.0,20.307500221928045,1
28.22797,96.54606,1617.0,30.05160649070701,1
28.229114,95.780019,888.0,33.03247176064103,1
28.229809,95.779855,910.0,30.337664384844903,1
28.23153,96.54272,1668.0,44.71873990193128,1
28.234199,95.777037,864.0,29.686933196903503,1
28.237008,95.776204,844.0,24.242444512172103,1
28.237425,95.897823,2363.0,48.82602369657316,1
28.237716,95.535611,581.0,7.653048720543413,1
28.238144,95.774758,846.0,27.360321545332805,1
28.238615,95.893348,2328.0,36.93089662022377,1
28.238692,95.892681,2312.0,41.02410199989886,1
28.239482,95.774559,862.0,36.36634852599243,1
28.23969,96.52778,1626.0,34.75376186272035,1
28.240442,95.774201,830.0,39.00770983983683,1
28.240521,95.866592,1856.0,39.56704795533052,1
28.241041,95.866387,1860.0,23.021526638116164,1
28.24175,95.925012,2642.0,15.179705807856672,1
28.242214,95.923556,2657.0,35.23435131905115,1
28.242389,94.220861,827.0,35.181649870682044,1
28.242444,95.536828,594.0,29.421439641486938,1
28.242782,95.922731,2656.0,24.15404655313558,1
28.242969,95.537549,601.0,25.915703593185818,1
28.242997,95.772144,805.0,20.80971857959822,1
28.243182,95.921338,2675.0,25.8493248967401,1
28.243322,95.921911,2638.0,43.53560155636588,1
28.243417,95.538216,613.0,31.50104503484435,1
28.243461,95.894049,2377.0,42.325328773309415,1
28.244851,95.773499,791.0,30.25643716352927,1
28.244975,95.914094,2640.0,53.83923469658131,1
28.245016,95.77363,800.0,25.5133092609215,1
28.245371,95.774057,783.0,21.18915910142139,1
28.246304,95.889037,2266.0,32.35640884426763,1
28.246512,95.541646,591.0,20.532771786488425,1
28.249718,95.546273,616.0,49.53092544979991,1
28.251139,95.55011,517.0,46.512056219175385,1
28.25203,96.54264,1886.0,25.197913740371355,1
28.252176,95.775797,687.0,38.5746628389258,1
28.252507,95.781741,764.0,36.25383773744479,1
28.253915,95.578439,445.0,24.904481044556743,1
28.254509,95.581558,423.0,19.74869565807571,1
28.255059,95.576996,460.0,15.042369244334244,1
28.255703,95.55061,648.0,32.63194030642942,1
28.255967,95.907144,2542.0,40.19511744351121,1
28.256434,95.57515,462.0,17.387333467314576,1
28.25701,95.551656,585.0,16.91651608571675,1
28.257258,95.777764,649.0,31.50104503484436,1
28.25736,95.55087,623.0,19.787913812706314,1
28.257991,95.781619,650.0,24.748625315195834,1
28.258122,95.55209,550.0,31.74467986659196,1
28.258144,95.551252,578.0,31.434832006995155,1
28.25897,96.54433,1693.0,44.456687325172815,1
28.259524,95.780336,661.0,42.80471223274384,1
28.259561,95.568965,458.0,18.64821573021375,1
28.260051,94.984752,286.0,17.775317038209,1
28.261147,95.567331,474.0,19.188418756936425,1
28.261379,95.566909,478.0,18.54197796399724,1
28.261999,95.56626,485.0,23.628423517864423,1
28.262338,95.565698,472.0,37.29207573526101,1
28.2625,96.5465,1678.0,37.79331583229016,1
28.262806,95.565421,469.0,35.63524161504921,1
28.262989,95.59932,495.0,26.539566558618308,1
28.263228,95.570962,509.0,40.12351235567568,1
28.264331,95.565798,498.0,27.372447043216628,1
28.2646,95.571519,510.0,28.98757825007264,1
28.264888,95.550575,442.0,58.82168284328037,1
28.26522,96.57889,1444.0,29.686933196903503,1
28.265266,95.56964,566.0,28.88836980568737,1
28.265532,95.549321,513.0,38.93040115948257,1
28.265561,95.562854,466.0,30.58895816397544,1
28.265563,95.563438,475.0,26.628589703310887,1
28.265803,95.570892,540.0,28.82189836411544,1
28.265836,95.563875,497.0,21.81855031431221,1
28.265963,94.983464,343.0,18.62703081108459,1
28.265965,95.560934,405.0,28.4627941894252,1
28.266271,95.609385,477.0,25.253207609369632,1
28.266795,95.607261,473.0,15.288517970232029,1
28.266807,95.789109,862.0,50.60631723920959,1
28.266889,95.21425,550.0,26.61590170730996,1
28.267216,95.559542,408.0,27.226347381898258,1
28.267526,95.561048,528.0,42.82320060047699,1
28.267726,95.551477,465.0,21.6115960987222,1
28.26786,96.55781,1655.0,35.03012380867594,1
28.26814,96.55728,1595.0,40.19511744351121,1
28.26825,95.555457,521.0,34.090063875331914,1
28.269062,95.610767,470.0,20.99158237694124,1
28.269497,94.982531,327.0,32.11261530059655,1
28.26986,95.610757,477.0,22.09025870405004,1
28.27138,95.90606,2413.0,46.650791883091465,1
28.272,95.208417,606.0,29.802413569555988,1
28.273544,95.789425,787.0,52.92424239355815,1
28.27378,96.57031,1680.0,50.58260575653108,1
28.274019,94.962496,349.0,30.58895816397544,1
28.277716,95.789358,726.0,44.956165404049614,1
28.280246,94.953896,277.0,43.179189022177525,1
28.2805,95.201556,651.0,21.95499883223757,1
28.2823,94.863031,330.0,14.302914425322813,1
28.28331,96.58094,1706.0,33.89536963300801,1
28.28386,96.58275,1848.0,35.80301842021218,1
28.286447,95.920837,2377.0,42.00674000869547,1
28.287317,94.947651,301.0,38.32881810145589,1
28.28778,96.57928,1696.0,49.41314174104439,1
28.289254,95.785468,596.0,32.78110200943605,1
28.291556,95.199111,678.0,16.2287367059342,1
28.291703,95.77618,1081.0,39.76607121224395,1
28.296668,95.92282,2125.0,43.18820521020111,1
28.297476,95.791016,632.0,31.670097621922785,1
28.301694,95.195361,654.0,21.80140948635181,1
28.303771,94.948727,363.0,31.670097621922785,1
28.308592,95.971041,893.0,31.74467986659196,1
28.308841,95.973238,899.0,34.6605872943073,1
28.308943,95.966462,832.0,42.296644439104185,1
28.309002,95.754702,956.0,40.19511744351121,1
28.309676,95.967453,782.0,37.76766348645775,1
28.30984,95.984084,1138.0,19.51118046928032,1
28.309975,95.952909,1405.0,47.23982449510702,1
28.3105,95.197472,657.0,19.29004621918873,1
28.310626,94.675637,323.0,23.56723462203258,1
28.31085,95.979868,1028.0,34.25055493497398,1
28.31211,96.61719,1593.0,50.14268712229957,1
28.312731,95.975665,913.0,33.70658681677467,1
28.312795,95.97654,911.0,31.74467986659196,1
28.313528,95.966611,810.0,32.38327563166962,1
28.314581,95.966345,875.0,35.181649870682044,1
28.315484,95.982181,964.0,31.91126736185209,1
28.31658,96.61508,1811.0,26.217612768234883,1
28.31731,95.956718,1220.0,33.64040940514667,1
28.319141,95.956918,1242.0,33.3982497427651,1
28.321143,95.779346,776.0,32.401162502089626,1
28.32225,95.780295,779.0,46.21942734547494,1
28.322889,95.203694,709.0,33.10114358966526,1
28.327545,95.783923,737.0,27.226347381898258,1
28.330336,95.794313,681.0,38.32881810145589,1
28.335249,95.788465,777.0,39.12001615700953,1
28.335376,94.956509,289.0,50.20529557690092,1
28.33836,95.781715,761.0,29.118936488427924,1
28.342551,94.987136,450.0,41.59626349791384,1
28.355501,94.679544,342.0,28.79968165255028,1
28.359553,95.948576,729.0,49.25346387793085,1
28.366417,95.221194,599.0,42.6979553057302,1
28.378694,95.230667,692.0,39.94582490429605,1
28.384833,95.233806,676.0,28.07248693585296,1
28.386722,95.240833,663.0,9.321835749415005,1
28.386806,95.240111,659.0,30.77741947322608,1
28.38919722,95.92776111,605.0,37.7097934708822,1
28.399111,95.241361,621.0,29.58124669955053,1
28.402139,95.243944,601.0,14.959246786437893,1
28.402417,95.245944,593.0,33.64040940514667,1
28.412722,95.247722,795.0,21.869859308909422,1
28.415028,95.247083,806.0,34.62941016850345,1
28.42636,94.6774,558.0,18.62703081108459,1
28.427393,94.674582,562.0,11.348119585994183,1
28.429931,94.6778,544.0,13.421509132977462,1
28.430622,94.674225,534.0,28.632096976803734,1
28.434292,95.876106,643.0,33.44025753518539,1
28.436019,94.668744,504.0,32.667159071642764,1
28.438898,95.85009,747.0,28.002640063185417,1
28.439344,94.669332,465.0,22.8781056322946,1
28.440082,94.66913,463.0,32.03054267172445,1
28.443016,94.664795,470.0,27.613098503754813,1
28.443033,94.668074,458.0,31.74467986659196,1
28.448428,95.855303,849.0,34.34609740006152,1
28.450374,95.855884,851.0,38.72034490930262,1
28.452528,95.239333,1055.0,23.11642191920837,1
28.454481,95.854029,841.0,43.40739703986622,1
28.455284,95.854018,826.0,38.47064785262626,1
28.455655,94.680282,389.0,24.242444512172103,1
28.455769,94.680664,404.0,24.22774531795417,1
28.457775,95.853489,846.0,34.22658163881948,1
28.459267,94.680108,423.0,37.7097934708822,1
28.462314,95.849136,856.0,34.49623729009093,1
28.464936,95.852312,935.0,45.039733563025486,1
28.469481,95.849951,863.0,29.020515817031367,1
28.470167,95.233333,979.0,21.869859308909422,1
28.471388,95.852234,911.0,48.859165623744616,1
28.472858,95.858449,820.0,35.98342760298727,1
28.472863,95.858934,827.0,38.07907632899583,1
28.472919,95.857932,845.0,42.52930443177325,1
28.472966,95.857242,844.0,40.51058943733277,1
28.474093,95.847423,850.0,32.53469816945699,1
28.476722,95.841356,866.0,48.8350705934919,1
28.479902,95.839317,843.0,38.97802093380687,1
28.481108,95.838317,815.0,31.50104503484436,1
28.484056,95.207056,806.0,19.68967329725292,1
28.487041,95.848265,845.0,28.88836980568737,1
28.4875,95.213417,1015.0,25.635076100950123,1
28.487904,95.84071,752.0,37.29207573526101,1
28.488264,95.842761,813.0,36.86989764584402,1
28.489492,95.845459,773.0,32.754877470959904,1
28.490278,95.203194,942.0,27.565248984490395,1
28.490519,95.832301,761.0,31.215386668546028,1
28.490727,95.833473,780.0,33.22063240830351,1
28.4915,95.202944,950.0,33.02386755579665,1
28.494378,95.825225,707.0,34.033517274264824,1
28.497294,95.827044,716.0,38.876655136344326,1
28.497917,95.191639,879.0,15.36952380130432,1
28.498405,95.827217,739.0,25.91570359318582,1
28.498464,95.828278,780.0,38.37211908620569,1
28.509,95.177639,699.0,24.475819581509896,1
28.510528,95.177722,715.0,33.05825736162378,1
28.512056,95.1805,828.0,22.09025870405004,1
28.514083,95.178278,776.0,28.85516751374433,1
28.516083,95.178028,807.0,21.260377126997213,1
28.522806,95.172639,771.0,32.10351627298505,1
28.527722,95.173556,795.0,24.16881343581011,1
28.527944,94.309444,1405.0,32.31153323742385,1
28.528778,95.173278,793.0,29.88589573021274,1
28.531528,95.050417,475.0,15.36952380130432,1
28.535474,94.597063,927.0,47.84364748499539,1
28.540139,95.168667,867.0,20.07880037349212,1
28.543178,94.633991,720.0,32.401162502089626,1
28.550472,95.06325,740.0,22.373844274024943,1
28.550694,95.158333,980.0,12.225122675735754,1
28.560139,95.149472,1070.0,16.796238729882134,1
28.56525,95.148333,1083.0,22.61986494804043,1
28.568694,95.143556,1107.0,27.505240762859906,1
28.605528,95.105528,1279.0,23.628423517864423,1
28.606804,95.864088,704.0,35.88986674043215,1
28.608016,95.854035,815.0,36.14763896908836,1
28.609263,95.856878,679.0,64.15340249239497,1
28.609361,95.088583,1205.0,22.07341542334565,1
28.614667,95.063611,870.0,30.25643716352927,1
28.615028,95.053306,623.0,13.421509132977462,1
28.617333,95.049556,579.0,18.54197796399724,1
28.617667,95.056444,755.0,22.81394173961772,1
28.618542,95.858124,775.0,35.88986674043215,1
28.619917,95.057583,838.0,35.63524161504921,1
28.621593,95.855998,810.0,31.74467986659196,1
28.622722,95.043528,547.0,30.68841605381868,1
28.625048,95.857251,822.0,36.2114423338008,1
28.625114,95.852703,865.0,49.398705354995535,1
28.626972,95.035722,500.0,22.765646640754472,1
28.628208,95.85647,817.0,34.15444974731139,1
28.632361,95.037917,476.0,16.723558006484023,1
28.633861,95.023806,371.0,32.38327563166962,1
28.639389,95.033639,445.0,21.47206914335925,1
28.693837,94.973784,442.0,37.14591448999934,1
28.694531,95.001999,538.0,24.591248866909307,1
28.694778,95.001887,524.0,21.869859308909422,1
28.706748,94.985298,548.0,29.538782259558097,1
28.716426,94.969346,360.0,27.565248984490395,1
28.720187,94.971636,413.0,14.273571375658683,1
28.723166,94.959687,360.0,46.36831390578792,1
28.729371,94.92012,446.0,19.370844026969944,1
28.740576,94.867317,451.0,30.41849461159642,1
28.740874,94.866397,463.0,41.90884788180327,1
28.744078,94.86976,468.0,29.195082782485805,1
28.752815,94.893869,649.0,23.97577371272972,1
28.754928,94.8954,620.0,31.7353754997287,1
28.760937,95.865649,1298.0,30.49893168631072,1
28.762661,94.860138,625.0,36.16893488396254,1
28.763514,95.868872,1318.0,31.58578773967389,1
28.763802,95.868513,1319.0,26.96750407359889,1
28.772473,95.867921,1315.0,39.10233716664201,1
28.77363,95.869239,1307.0,33.698329255184774,1
28.774623,95.89086,1284.0,38.75655509292031,1
28.775381,95.898382,1290.0,60.28306227208871,1
28.775779,95.890362,1233.0,35.98342760298727,1
28.775918,95.874296,1305.0,20.21263223645209,1
28.779408,94.859327,754.0,33.10114358966526,1
28.782426,94.810546,494.0,45.59995887022537,1
28.783517,95.904106,1280.0,45.01590665809471,1
28.784231,95.906188,1251.0,20.21263223645209,1
28.785391,95.892707,1513.0,13.262676008304846,1
28.786868,95.908637,1316.0,20.80971857959822,1
28.787001,94.81686,580.0,22.373844274024943,1
28.787486,94.819425,556.0,19.787913812706314,1
28.787937,94.820098,556.0,59.42435143078053,1
28.789647,95.894965,1602.0,24.094842552110705,1
28.793279,94.848477,1046.0,44.83995509063986,1
28.800083,94.842265,1004.0,49.02364665146335,1
28.808133,95.926984,1447.0,19.47122063449069,1
28.809244,95.92821,1344.0,36.944420390334,1
28.810126,94.785508,654.0,18.96231828867539,1
28.813805,95.919362,1592.0,30.85613335195628,1
28.813905,95.920439,1567.0,29.85463927845754,1
28.816882,94.791032,698.0,41.10199182161108,1
28.817009,94.791755,683.0,39.14355704978305,1
28.817477,95.922181,1585.0,33.862693945765855,1
28.822521,95.92931,1535.0,14.24415761739711,1
28.822525,95.93415,1487.0,16.72355800648402,1
28.823558,95.882966,1659.0,24.16881343581011,1
28.823766,95.922046,1614.0,25.5133092609215,1
28.824703,95.93119,1531.0,27.79130564477921,1
28.827069,95.9225,1655.0,27.432940772267944,1
28.830097,94.874715,513.0,44.11807168368964,1
28.830316,95.877843,1579.0,27.62503917921715,1
28.830919,95.880901,1563.0,31.051293565952417,1
28.831619,95.882949,1610.0,31.002719133873985,1
28.831826,95.882841,1622.0,35.62790729142092,1
28.836083,95.963806,1451.0,19.82702865340817,1
28.852213,95.863907,1356.0,44.956165404049614,1
28.858358,95.858469,1393.0,40.42420731515077,1
28.863017,95.856703,1406.0,37.47617956136138,1
28.868037,95.983398,1548.0,32.667159071642764,1
28.871556,95.852732,1450.0,37.53490600791178,1
28.873622,95.850285,1452.0,27.90904811068605,1
28.874939,95.981911,1553.0,33.56563872420532,1
28.87826,95.847156,1417.0,37.7869066377512,1
28.937833,95.820661,1449.0,3.8140748342903534,1
28.940482,95.82044,1431.0,30.61885839795703,1
28.9407,95.82058,1429.0,24.242444512172103,1
28.963981,95.808627,1546.0,23.444146119861458,1
27.2575411,93.7963965,294.0,27.238572082130062,1
27.2858578,93.798472,560.0,32.11261530059655,1
27.105253,93.825399,172.0,30.17480904438851,1
27.121136,93.762164,166.0,7.594643368591445,1
27.092699,92.58314,520.0,31.12871688801731,1
27.059755,93.522666,255.0,23.428692808745406,1
27.053976,93.494166,223.0,24.932657538079724,1
27.109398,93.61692,373.0,9.508656426564368,1
27.084417,92.586622,211.0,39.25489386035365,1
28.199641,95.811903,846.0,42.108845094207055,1
28.198566,95.813206,842.0,25.79602649449995,1
28.194898,95.807336,777.0,43.06601987632945,1
27.08386,92.587656,222.0,32.9548711795407,1
28.244256,95.920559,2625.0,39.46369096261305,1
27.322582,93.048256,736.0,24.475819581509896,1
27.313874,93.045623,909.0,14.03624346792648,1
27.311231,93.04677,937.0,21.95499883223757,1
27.309745,93.047722,988.0,28.553305000609424,1
27.304291,93.052835,1051.0,31.670097621922785,1
27.308143,93.059302,1114.0,32.78110200943605,1
27.301468,93.053244,1172.0,25.5133092609215,1
27.302253,93.050932,1189.0,21.611596098722195,1
27.293539,93.050398,1218.0,25.79602649449995,1
27.296928,93.088111,830.0,42.2822816266301,1
27.301412,93.051563,1172.0,18.64821573021375,1
27.311571,93.046703,945.0,25.23940182067892,1
27.216933,93.066329,1060.0,28.98757825007264,1
27.162502,93.746553,185.0,20.001783914715944,1
27.16186,93.747535,180.0,22.373844274024943,1
27.192865,93.781908,232.0,35.73757406617853,1
27.194916,93.778683,293.0,16.253917058152773,1
27.197293,93.782341,236.0,33.821757317608586,1
27.25649,93.795077,282.0,5.788832299437198,1
27.257603,93.796335,294.0,27.238572082130062,1
27.177138,92.576909,1476.0,31.46324153737256,1
27.178567,92.583154,1453.0,48.82300669721846,1
27.184248,92.579624,1374.0,25.915703593185818,1
27.113024,93.606339,302.0,14.763132623631552,1
27.307958,93.498326,1622.0,21.260377126997216,1
27.318647,92.77855,617.0,39.260731733474245,1
27.24867,92.737685,1404.0,41.59124928555319,1
27.288425,92.769407,846.0,47.84364748499539,1
27.080299,93.574089,313.0,30.68841605381868,1
27.079763,93.573921,332.0,32.03054267172445,1
27.078192,93.572402,338.0,26.767512858834905,1
27.077728,93.57163,332.0,34.017325088918376,1
27.076582,93.569035,326.0,22.22435314380804,1
27.069837,93.5542,338.0,30.96375653207352,1
27.069615,93.550726,353.0,20.66264400478191,1
27.066648,93.536536,314.0,15.609525869125669,1
27.213127,92.652213,1034.0,40.14558013326291,1
27.062298,93.531487,282.0,24.16881343581011,1
27.2594,93.796312,324.0,29.260073022738787,1
27.267809,93.801259,379.0,27.238572082130062,1
27.269714,93.802353,417.0,31.311156133255537,1
27.270257,93.798647,415.0,32.11261530059655,1
27.274387,93.797815,459.0,23.021526638116164,1
28.139996,95.259634,568.0,39.44639778779632,1
27.622016,93.841176,1631.0,27.755818170578,1
27.622973,93.841316,1654.0,32.03054267172445,1
27.623829,93.841776,1670.0,25.23940182067892,1
27.623885,93.841824,1655.0,32.91160083273797,1
27.631,93.8465,1725.0,23.021526638116164,1
27.633,93.8464,1722.0,18.130932944052347,1
27.636624,93.8485,1773.0,20.097992628721148,1
27.6369,93.853,1805.0,18.434948822922014,1
27.6375,93.8555,1818.0,19.74869565807571,1
27.6387,93.8551,1796.0,13.16632060042364,1
27.6384,93.8578,1801.0,18.96231828867539,1
27.64,93.858,1818.0,28.002640063185417,1
27.6478,93.8737,1662.0,27.226347381898258,1
27.6402,93.8628,1775.0,12.638224684699054,1
27.6394,93.8708,1733.0,28.553305000609424,1
27.6451,93.8706,1672.0,22.636129876883253,1
27.649,93.8744,1645.0,35.86819845525075,1
27.6549,93.8759,1591.0,28.037600489728423,1
27.66,93.8799,1595.0,36.944420390334,1
27.6607,93.8833,1545.0,31.57639333699781,1
27.6756,93.8837,1377.0,25.267001648248183,1
27.6784,93.9026,1291.0,31.12871688801731,1
27.6712,93.8974,1327.0,19.47122063449069,1
27.7621,94.0563,728.0,36.345312673574405,1
27.763,94.037,484.0,27.372447043216635,1
27.7306,93.9767,520.0,45.9986541689766,1
27.7257,93.9656,537.0,19.12710170142385,1
27.7231,93.9587,575.0,28.4627941894252,1
27.7182,93.947,661.0,33.16099672886019,1
27.099285,93.614766,375.0,14.535165207979569,1
27.086102,93.596625,270.0,3.4389123953782974,1
27.715081,94.692035,268.0,23.021526638116164,1
22.873558,92.755953,1075.0,21.869859308909422,1
23.95,94.07,1020.0,11.795709540896548,1
23.95,94.06,1265.0,23.75010057347409,1
23.96,94.06,1133.0,28.587119037972805,1
23.97,93.95,1586.0,28.176705590951745,1
23.97,94.04,1167.0,15.896959679954522,1
23.98,93.55,809.0,9.508656426564368,1
23.98,93.99,1364.0,27.360321545332805,1
23.98,94.02,1112.0,8.735690934280582,1
23.98,94.03,1469.0,12.53638838286113,1
23.99,93.55,794.0,20.001783914715944,1
23.99,93.94,1595.0,34.62941016850345,1
23.99,94.04,1233.0,24.16881343581011,1
23.99,94.0,1314.0,41.63631743255716,1
24.0,93.56,723.0,3.4389123953782974,1
24.0,93.55,915.0,29.802413569555988,1
24.0,93.97,1603.0,38.31642449920507,1
24.0,93.99,1097.0,12.225122675735753,1
24.0,93.98,1510.0,19.74869565807571,1
24.0,94.0,1138.0,36.232654007001685,1
24.0,93.82,1191.0,30.02066192256465,1
24.01,93.55,796.0,32.754877470959904,1
24.01,93.99,1242.0,30.41849461159642,1
24.01,93.96,1639.0,23.628423517864423,1
24.01,93.98,1175.0,31.91126736185209,1
24.01,93.97,1307.0,16.428860704621638,1
24.02,93.57,716.0,3.4389123953782974,1
24.02,93.56,789.0,27.432940772267944,1
24.02,93.97,1164.0,33.28852313430615,1
24.03,93.57,828.0,12.604382648379184,1
24.03,93.81,1268.0,11.309932474020217,1
24.04,94.08,973.0,24.805474401698422,1
24.05,93.57,730.0,15.042369244334244,1
24.05,94.07,1141.0,34.62941016850345,1
24.06,93.28,666.0,34.017325088918376,1
24.06,93.57,788.0,14.592550602033429,1
24.06,94.05,1126.0,34.730518200788445,1
24.06,94.04,1130.0,30.266612409654883,1
24.06,94.02,1066.0,25.267001648248183,1
24.06,94.03,1291.0,24.242444512172103,1
24.07,94.03,1017.0,30.68841605381868,1
24.08,93.89,1116.0,27.79130564477921,1
24.08,94.03,1006.0,20.846265656650555,1
24.09,93.9,1009.0,12.772578169490426,1
24.09,93.91,1163.0,8.735690934280582,1
24.09,94.02,1466.0,24.8479801794304,1
24.09,94.15,861.0,23.428692808745403,1
24.09,94.03,1249.0,32.401162502089626,1
24.09,94.04,1126.0,23.11642191920837,1
24.1,93.28,1184.0,25.5133092609215,1
24.1,93.29,1241.0,37.87640024160826,1
24.1,93.57,793.0,13.515781057664528,1
24.1,93.5,847.0,27.238572082130062,1
24.1,93.51,921.0,8.582483688827132,1
24.1,93.96,1599.0,20.532771786488425,1
24.1,93.9,981.0,24.359555875506427,1
24.1,93.95,1497.0,23.021526638116164,1
24.1,94.04,1267.0,27.79130564477921,1
24.1,94.02,1696.0,23.4904160686416,1
24.1,94.03,1413.0,31.993934384330498,1
24.1,94.07,916.0,37.23908117204727,1
24.11,93.32,636.0,33.05825736162379,1
24.11,93.53,661.0,17.01197993242201,1
24.11,93.52,823.0,30.80698111710518,1
24.11,93.58,846.0,3.931095784160226,1
24.11,93.91,1215.0,23.11642191920837,1
24.11,94.13,944.0,10.555380466061171,1
24.11,94.02,1477.0,9.462322208025618,1
24.12,93.29,1145.0,26.93019100092878,1
24.12,93.58,1002.0,30.05160649070701,1
24.12,94.13,845.0,22.42335855928612,1
24.12,94.07,1329.0,33.490525189983416,1
24.12,94.05,1303.0,14.763132623631552,1
24.12,94.02,1281.0,22.373844274024943,1
24.13,93.48,718.0,5.128711509483252,1
24.13,93.29,1026.0,20.973493421320807,1
24.13,93.99,1285.0,12.772578169490426,1
24.13,94.0,1030.0,16.228736705934203,1
24.13,94.13,586.0,11.648634944412734,1
24.13,94.12,881.0,24.748625315195834,1
24.13,94.11,935.0,20.532771786488425,1
24.13,94.07,1487.0,42.00674000869547,1
24.13,94.06,1426.0,29.538782259558097,1
24.14,93.38,1188.0,13.262676008304846,1
24.14,93.47,864.0,34.74601766541864,1
24.14,93.45,1291.0,22.8781056322946,1
24.14,93.42,693.0,27.755818170578,1
24.14,93.57,777.0,28.98757825007264,1
24.14,93.93,952.0,15.288517970232029,1
24.14,94.07,1452.0,29.802413569555988,1
24.14,94.01,1132.0,20.80971857959822,1
24.15,93.3,1376.0,16.527811501531776,1
24.15,93.58,1003.0,29.54940859650112,1
24.15,93.55,642.0,27.990970091758022,1
24.15,94.1,1049.0,24.8479801794304,1
24.15,94.08,1709.0,23.397741000263863,1
24.16,93.3,1065.0,20.607120971804857,1
24.16,93.31,1052.0,35.181649870682044,1
24.16,93.97,1276.0,21.971970836813973,1
24.16,93.96,1501.0,35.63524161504921,1
24.16,93.95,1519.0,21.260377126997216,1
24.17,93.3,1155.0,35.80301842021218,1
24.17,93.58,962.0,14.15548761586253,1
24.17,93.59,1151.0,15.92277945817654,1
24.17,93.93,1508.0,27.90904811068605,1
24.18,93.6,1093.0,10.759583898850556,1
24.18,93.56,693.0,15.36952380130432,1
24.18,93.59,1130.0,18.54197796399724,1
24.18,93.9,806.0,6.0172848640320336,1
24.18,93.99,924.0,15.36952380130432,1
24.18,94.07,1139.0,28.40597188009524,1
24.19,93.4,1033.0,19.370844026969944,1
24.19,93.97,871.0,33.698329255184774,1
24.19,94.11,1347.0,36.944420390334,1
24.19,94.02,1314.0,24.242444512172103,1
24.19,94.2,787.0,25.016893478100023,1
24.19,94.19,915.0,24.748625315195834,1
24.19,94.01,1252.0,25.635076100950123,1
24.2,93.53,1027.0,16.527811501531776,1
24.2,93.22,1266.0,34.815583037866574,1
24.2,94.1,1265.0,27.360321545332805,1
24.2,94.2,714.0,16.723558006484023,1
24.21,93.21,852.0,27.79130564477921,1
24.21,93.3,886.0,22.09025870405004,1
24.21,93.29,986.0,38.17319333803386,1
24.21,93.28,1271.0,13.069151942759,1
24.21,94.22,586.0,18.520635899770767,1
24.22,93.2,819.0,42.325328773309415,1
24.22,93.3,941.0,21.835672195716143,1
24.22,93.88,818.0,21.04572088407583,1
24.22,94.24,603.0,5.788832299437198,1
24.22,94.09,1604.0,37.671095800679176,1
24.22,94.11,1158.0,24.359555875506427,1
24.22,94.07,1623.0,28.037600489728423,1
24.22,94.08,1401.0,29.686933196903503,1
24.22,94.26,353.0,20.001783914715944,1
24.23,93.09,929.0,18.96231828867539,1
24.23,93.08,754.0,40.91438322002513,1
24.23,93.19,941.0,16.72355800648402,1
24.23,93.93,901.0,18.45641864524321,1
24.23,93.94,998.0,20.001783914715944,1
24.24,93.1,800.0,2.1342998941463125,1
24.24,93.18,843.0,22.42335855928612,1
24.24,93.19,1038.0,29.195082782485805,1
24.24,93.85,777.0,5.788832299437198,1
24.24,94.08,837.0,10.176527410054078,1
24.246228,94.070389,1312.0,33.56563872420532,1
24.25,93.66,860.0,3.8140748342903534,1
24.25,94.08,1179.0,29.88589573021274,1
24.25,94.07,1493.0,30.508958866202807,1
24.2504,94.096483,1047.0,15.179705807856672,1
24.250722,94.073861,1353.0,30.20546681961666,1
24.251011,94.0873,991.0,34.846405699136405,1
24.253611,94.100258,1034.0,40.3862618378815,1
24.256583,94.093111,1288.0,28.632096976803734,1
24.25806,94.28722,314.0,27.565248984490395,1
24.26,93.1,682.0,25.8493248967401,1
24.264317,94.096472,1338.0,21.835672195716143,1
24.264333,94.283806,390.0,18.62703081108459,1
24.267194,94.111889,1203.0,13.16632060042364,1
24.267658,94.117506,1222.0,26.269553396535294,1
24.267872,94.117978,1204.0,31.51991437453672,1
24.267944,94.111556,1228.0,15.42324502154344,1
24.268022,94.120806,1212.0,27.33604368814356,1
24.268528,94.103861,1269.0,50.40202145437948,1
24.269144,94.107397,1249.0,28.98757825007264,1
24.27,93.18,759.0,29.88589573021274,1
24.27,93.11,749.0,27.90904811068605,1
24.27,93.67,824.0,4.262693045214654,1
24.270806,94.125139,1156.0,33.821757317608586,1
24.271528,94.125667,1209.0,22.684823831912844,1
24.272667,94.075083,1459.0,24.74862531519583,1
24.272722,94.075111,1459.0,24.74862531519583,1
24.27705,94.070089,1177.0,14.066164922222868,1
24.277639,94.127278,1244.0,20.07880037349212,1
24.279575,94.077164,1344.0,17.29444852858009,1
24.28,93.18,743.0,25.15631913369421,1
24.28,93.11,747.0,31.311156133255537,1
24.28,93.68,851.0,15.793169048263966,1
24.280472,94.073833,1419.0,14.931417178137552,1
24.284222,94.2805,526.0,14.506372352544124,1
24.285722,94.128222,1284.0,37.81892671564865,1
24.28575,94.128222,1284.0,37.81892671564865,1
24.287361,94.022917,1191.0,4.763641690726178,1
24.289019,94.073331,1368.0,23.069045509039658,1
24.289333,94.277139,618.0,16.72355800648402,1
24.29,93.12,745.0,19.82702865340817,1
24.29,93.11,570.0,27.505240762859906,1
24.29,93.68,822.0,2.1342998941463125,1
24.290714,94.038094,1089.0,15.81919394750014,1
24.291028,94.124056,1319.0,19.370844026969944,1
24.291139,94.276139,594.0,22.636129876883253,1
24.298028,94.123583,1302.0,33.70658681677467,1
24.3,93.69,816.0,1.3502244696996155,1
24.3,93.84,835.0,18.520635899770767,1
24.301528,94.017972,1195.0,20.82800310374709,1
24.301806,94.059917,1316.0,27.62503917921715,1
24.303083,94.245056,695.0,20.21263223645209,1
24.304417,94.243889,702.0,23.3822424378352,1
24.309861,94.234639,534.0,16.601549599020238,1
24.31,93.13,808.0,13.03657849691309,1
24.31,93.12,624.0,26.96750407359889,1
24.31,93.18,692.0,23.75010057347409,1
24.313111,94.230444,514.0,16.69924423399362,1
24.314194,93.928861,1190.0,30.337664384844903,1
24.314333,93.931361,1221.0,16.723558006484023,1
24.316528,94.138083,1266.0,31.80039615270397,1
24.316639,94.138139,1266.0,31.80039615270397,1
24.317619,94.003678,1082.0,30.01033418769176,1
24.317833,94.144667,1262.0,27.33604368814356,1
24.32,93.15,733.0,14.03624346792648,1
24.32,93.14,707.0,26.217612768234883,1
24.32,93.16,728.0,31.205779114725832,1
24.32,93.36,769.0,46.93804858054488,1
24.32,93.28,739.0,23.628423517864423,1
24.32,93.74,902.0,28.553305000609424,1
24.32,93.75,849.0,22.668609279892426,1
24.32,93.76,887.0,23.3822424378352,1
24.32,93.79,932.0,26.20460176321736,1
24.321889,94.147306,1267.0,24.38870074689113,1
24.3225,94.23361,417.0,18.96231828867539,1
24.322917,94.151,1210.0,22.61986494804043,1
24.323361,94.143556,1265.0,25.03089023333195,1
24.33,93.15,524.0,25.88918455713453,1
24.33,93.16,829.0,33.698329255184774,1
24.33,93.3,483.0,15.288517970232029,1
24.33,93.66,1056.0,11.648634944412734,1
24.33,93.55,1025.0,16.72355800648402,1
24.33,93.67,939.0,7.653048720543413,1
24.33,93.53,1361.0,13.421509132977462,1
24.34,94.22444,670.0,25.03089023333195,1
24.34,93.31,388.0,22.86208914423492,1
24.34,93.32,318.0,16.253917058152773,1
24.34,93.66,1058.0,10.43076019506472,1
24.34,93.62,1176.0,31.809663934881115,1
24.340028,93.977472,938.0,13.915808695897177,1
24.346028,93.954583,1232.0,13.915808695897177,1
24.35,93.28,592.0,27.226347381898258,1
24.35,93.51,942.0,20.607120971804857,1
24.35,93.66,1171.0,11.461836902818336,1
24.35,93.67,1097.0,25.03089023333195,1
24.35,93.54,1101.0,12.225122675735754,1
24.35,93.53,1124.0,16.601549599020238,1
24.354814,94.258094,832.0,33.46541063428238,1
24.36,93.27,461.0,37.038767555809535,1
24.36,93.54,1217.0,3.8140748342903534,1
24.36,93.65,1167.0,24.805474401698422,1
24.364861,94.174139,1153.0,28.222814437179903,1
24.365611,94.1665,1212.0,36.97817981978636,1
24.366806,94.163389,1197.0,18.64821573021375,1
24.37,93.52,995.0,1.9091524329963765,1
24.37,93.26,347.0,22.81394173961772,1
24.37,93.5,840.0,6.379370208442804,1
24.37,93.72,819.0,13.134022306396323,1
24.379417,94.154139,1349.0,6.379370208442804,1
24.381906,94.213136,914.0,28.08409936669116,1
24.387658,94.151683,1322.0,26.539566558618308,1
24.387708,94.155764,1215.0,23.397741000263863,1
24.391361,94.154361,1312.0,16.2287367059342,1
24.391583,94.085806,1399.0,13.515781057664528,1
24.404167,94.156667,1256.0,21.260377126997213,1
24.40639,94.06583,1196.0,18.370345512861498,1
24.407989,94.240544,783.0,29.118936488427924,1
24.408672,94.245139,728.0,28.732851681077435,1
24.416167,94.176167,1330.0,12.225122675735754,1
24.4165,94.176944,1341.0,13.03657849691309,1
24.417667,94.176806,1346.0,24.904481044556743,1
24.419611,94.182722,1312.0,36.26089278326507,1
24.42,93.84,771.0,3.8140748342903534,1
24.43,93.85,771.0,2.698950908923438,1
24.431056,94.259028,1225.0,34.37782091784768,1
24.433611,94.249544,1336.0,26.113233272206745,1
24.433611,94.250611,1299.0,31.002719133873985,1
24.433972,94.249278,1329.0,30.508958866202807,1
24.437169,94.18495,1420.0,39.79429568756374,1
24.439842,94.184347,1455.0,32.98940559251087,1
24.440033,94.184122,1458.0,33.296989754761654,1
24.441683,94.179211,1454.0,25.03089023333195,1
24.444011,94.173489,1500.0,31.91126736185209,1
24.444067,94.169767,1499.0,38.07907632899583,1
24.445222,94.230583,1360.0,17.224372940700082,1
24.4455,94.229722,1374.0,29.686933196903503,1
24.449306,94.221778,1475.0,20.973493421320807,1
24.454953,94.225406,1466.0,27.17735741799749,1
24.456464,94.226856,1435.0,37.99705220207771,1
24.4588,94.223469,1435.0,30.85613335195628,1
24.462958,94.233667,1342.0,38.51968181497392,1
24.489728,94.191686,1242.0,21.869859308909422,1
24.490983,94.16515,1430.0,36.86989764584402,1
24.491667,94.160889,1541.0,32.57012547147069,1
24.491669,94.163786,1498.0,33.590600231227405,1
24.492333,94.143361,1284.0,27.90904811068605,1
24.493294,94.179533,1412.0,35.45087793804301,1
24.495,94.186181,1219.0,29.54940859650112,1
24.496792,94.141878,1477.0,31.670097621922785,1
24.497622,94.180403,1409.0,33.26309702272514,1
24.499014,94.154514,1432.0,21.419418908984124,1
24.499972,94.195769,1067.0,29.70798969171313,1
24.5,93.12,555.0,40.42420731515077,1
24.501367,94.192292,1143.0,27.078936947526696,1
24.506317,94.180147,1508.0,25.79602649449995,1
24.506528,94.180389,1516.0,22.42335855928612,1
24.51,93.12,731.0,28.82189836411544,1
24.52,93.09,180.0,29.205932247399417,1
24.52,93.08,252.0,11.499465999742789,1
24.52,93.07,189.0,6.379370208442804,1
24.52,93.11,482.0,30.25643716352927,1
24.52,93.1,414.0,38.83472475633398,1
24.52,93.8,774.0,5.128711509483252,1
24.528778,94.156667,904.0,18.96231828867539,1
24.53,93.08,85.0,12.225122675735754,1
24.53,93.07,131.0,20.973493421320807,1
24.534017,93.680433,1005.0,25.07280797783953,1
24.536556,93.670047,1124.0,37.19921925289739,1
24.538817,93.676767,883.0,51.34019174590991,1
24.54,93.11,297.0,22.765646640754472,1
24.543806,93.676528,1062.0,32.212374446006656,1
24.544361,93.674917,1052.0,36.36634852599243,1
24.5465,93.671667,1053.0,35.113638216485604,1
24.548053,93.709739,1214.0,31.74467986659196,1
24.549256,93.667681,1078.0,28.08409936669116,1
24.549944,93.668361,1106.0,38.81071405226977,1
24.553572,93.711317,1085.0,16.2287367059342,1
24.553917,94.091167,995.0,22.42335855928612,1
24.595972,93.721889,949.0,25.5133092609215,1
24.599333,93.689722,957.0,27.372447043216635,1
24.599639,94.358694,1119.0,30.266612409654883,1
24.599858,93.725225,1037.0,37.7869066377512,1
24.600083,93.725528,1024.0,35.65722463378061,1
24.600231,93.695483,1106.0,30.58895816397544,1
24.607528,93.713778,1185.0,40.93534296900471,1
24.607745,94.342873,1118.0,35.88986674043215,1
24.612372,93.670775,634.0,23.81059263950923,1
24.612992,93.670236,656.0,18.64821573021375,1
24.613545,94.33124,1207.0,31.24417585118817,1
24.614883,93.696186,1455.0,34.21858270764895,1
24.615033,93.695917,1450.0,32.10351627298505,1
24.615083,93.696844,1468.0,26.56505117707799,1
24.618157,94.309379,1217.0,36.00494166156304,1
24.618583,94.308778,1236.0,42.28707076239239,1
24.618889,93.705833,1452.0,24.475819581509896,1
24.62,93.17,356.0,25.07280797783953,1
24.624944,93.691556,1349.0,37.96539079113361,1
24.62595,93.692953,1357.0,30.528995003826,1
24.626389,93.604389,911.0,25.34952033151192,1
24.626833,93.709444,1457.0,26.360054096082703,1
24.62775,93.604611,908.0,22.684823831912844,1
24.628,93.603944,944.0,24.2864614630402,1
24.628361,93.604917,902.0,27.79130564477921,1
24.629861,93.695278,1367.0,34.74601766541864,1
24.630083,93.606139,904.0,23.4904160686416,1
24.631861,93.721889,1327.0,19.29004621918873,1
24.633083,93.610222,846.0,18.64821573021375,1
24.634278,93.719639,1354.0,16.051123667414398,1
24.635389,93.719194,1370.0,20.99158237694124,1
24.636444,93.606694,978.0,36.42929126949838,1
24.637278,94.1725,1482.0,23.3822424378352,1
24.637769,93.612292,790.0,35.02251023762291,1
24.637806,93.69075,1310.0,39.382824503168585,1
24.63875,93.611278,818.0,20.532771786488425,1
24.639,93.611556,807.0,21.83567219571615,1
24.639311,93.691111,1272.0,30.508958866202807,1
24.639361,93.659444,808.0,29.50686221733105,1
24.639722,93.612222,809.0,30.58895816397544,1
24.639806,93.691333,1280.0,34.033517274264824,1
24.640072,93.627392,453.0,35.47311285748566,1
24.640639,93.620311,565.0,30.418494611596422,1
24.641194,93.594472,1105.0,29.51750907883067,1
24.641369,93.623008,516.0,16.72355800648402,1
24.641417,93.596611,1073.0,39.23736711340155,1
24.641444,93.691639,1266.0,21.260377126997216,1
24.641528,93.623694,518.0,24.242444512172103,1
24.641747,93.640183,515.0,9.64622531297678,1
24.64175,93.623222,518.0,19.47122063449069,1
24.642722,93.602083,1037.0,29.58124669955053,1
24.644889,93.619583,749.0,27.372447043216628,1
24.645275,93.628828,479.0,36.944420390334,1
24.645686,94.38249,649.0,41.8498054711492,1
24.646197,93.671856,964.0,25.267001648248183,1
24.646969,93.672364,977.0,27.372447043216628,1
24.647011,93.672828,975.0,23.567234622032583,1
24.649492,93.679522,1045.0,24.475819581509896,1
24.6525,93.676,1280.0,26.96750407359889,1
24.652556,94.389194,696.0,36.505887632648864,1
24.653156,93.646406,601.0,19.31028740874557,1
24.655226,94.292756,1129.0,33.590600231227405,1
24.656306,93.580806,1083.0,39.94582490429605,1
24.658206,93.625503,389.0,19.12710170142385,1
24.660825,93.632156,536.0,29.88589573021274,1
24.662664,93.62825,590.0,26.217612768234883,1
24.663889,93.679056,1369.0,41.455233544405125,1
24.664694,93.532361,727.0,22.22435314380804,1
24.664707,94.29025,1243.0,34.54336392970912,1
24.664737,94.290345,1243.0,34.54336392970912,1
24.667778,93.676944,1393.0,27.62503917921715,1
24.668389,94.285472,1253.0,34.730518200788445,1
24.672316,94.26374,1095.0,29.118936488427924,1
24.672406,93.696858,936.0,20.99158237694124,1
24.672569,93.6973,939.0,19.787913812706314,1
24.6735,94.270702,1320.0,29.927479327463576,1
24.673582,94.270534,1305.0,28.037600489728423,1
24.676078,94.253133,1025.0,30.508958866202807,1
24.676323,94.253976,971.0,29.63417437185607,1
24.677303,94.253445,988.0,31.966424730373205,1
24.67916,94.252632,1046.0,53.82505224514578,1
24.679639,93.669667,1330.0,24.359555875506427,1
24.68,93.11,45.0,3.8140748342903534,1
24.682167,94.138111,856.0,31.002719133873992,1
24.682778,94.140056,888.0,22.22435314380804,1
24.682833,94.269306,1409.0,3.4389123953782974,1
24.683139,93.696258,1082.0,20.532771786488425,1
24.683139,94.400917,894.0,24.932657538079724,1
24.683238,94.267283,1432.0,29.88589573021274,1
24.683944,94.172778,916.0,36.944420390334,1
24.684625,94.264253,1411.0,33.56563872420532,1
24.685,94.171278,907.0,37.671095800679176,1
24.685056,93.669,1295.0,32.35640884426763,1
24.686028,94.145444,846.0,27.565248984490395,1
24.68625,94.170694,913.0,21.47206914335925,1
24.686417,94.153333,864.0,25.03089023333195,1
24.686651,94.258667,1372.0,42.80471223274384,1
24.686833,94.2605,1374.0,34.369895822693806,1
24.687667,94.267306,1452.0,31.24417585118817,1
24.689139,94.165472,885.0,15.36952380130432,1
24.689806,93.522583,743.0,22.42335855928612,1
24.69,93.12,172.0,18.434948822922014,1
24.691389,94.255917,1485.0,28.82189836411544,1
24.691944,94.250333,1483.0,11.348119585994183,1
24.692373,94.257477,1447.0,36.05502968442895,1
24.692906,94.258355,1454.0,26.56505117707799,1
24.69325,94.259444,1459.0,32.74612665551688,1
24.698392,93.644183,860.0,19.29004621918873,1
24.699761,93.650047,859.0,24.691575152551952,1
24.700278,94.197611,1224.0,22.61986494804043,1
24.700417,94.199306,1293.0,41.50070806498084,1
24.702722,94.198722,1261.0,31.809663934881115,1
24.704083,94.187361,1248.0,21.83567219571615,1
24.708417,94.198278,1314.0,22.489134862284537,1
24.709111,94.198528,1331.0,36.815480279408405,1
24.7135,94.199417,1393.0,51.34019174590991,1
24.714343,94.360864,1215.0,34.815583037866574,1
24.71475,94.217917,1563.0,30.49893168631072,1
24.717889,94.2235,1604.0,25.15631913369421,1
24.718567,93.500017,200.0,21.86985930890943,1
24.718914,93.508378,316.0,50.26489938424074,1
24.719214,93.508903,291.0,47.555019801010566,1
24.719397,93.509003,315.0,41.10199182161108,1
24.72,93.18,251.0,20.155422119735228,1
24.72,93.14,108.0,17.93200256558677,1
24.72,93.13,55.0,17.752790161946685,1
24.720167,93.496944,190.0,23.628423517864423,1
24.722472,93.492806,189.0,21.6115960987222,1
24.723056,93.491833,194.0,31.6607510966366,1
24.724333,93.273111,835.0,28.632096976803734,1
24.724406,93.514431,350.0,42.924476930175054,1
24.728611,94.224861,1662.0,26.628589703310887,1
24.728917,93.256389,918.0,22.07341542334565,1
24.729944,93.485833,304.0,11.648634944412734,1
24.73,93.18,242.0,22.684823831912844,1
24.73,93.19,269.0,14.273571375658683,1
24.73,93.13,26.0,0.9548412538721888,1
24.73,93.17,100.0,29.205932247399417,1
24.73,93.15,43.0,5.385977098599754,1
24.730139,93.485389,315.0,6.721369339369457,1
24.732139,93.479194,380.0,11.348119585994183,1
24.732417,93.483139,355.0,24.591248866909307,1
24.733256,93.701856,1309.0,18.87922133905067,1
24.734233,93.293194,308.0,20.99158237694124,1
24.734806,93.296306,384.0,21.680889149080844,1
24.734861,93.296,379.0,27.017123217850244,1
24.74,93.15,87.0,15.288517970232029,1
24.74,93.16,36.0,1.3502244696996155,1
24.74,93.12,37.0,2.1342998941463125,1
24.742139,94.221333,1710.0,34.730518200788445,1
24.745805,94.348327,1355.0,25.635076100950123,1
24.747694,93.462667,513.0,38.876655136344326,1
24.747778,93.424528,773.0,21.869859308909422,1
24.747833,93.462778,513.0,38.876655136344326,1
24.75,93.427528,739.0,38.66587243862988,1
24.75075,93.464944,508.0,28.88836980568737,1
24.751111,93.459361,464.0,35.74485877621931,1
24.751139,93.462806,477.0,40.3862618378815,1
24.751222,93.459722,466.0,33.723089453168576,1
24.751667,93.461667,475.0,37.404106919305896,1
24.756089,93.622039,910.0,21.260377126997213,1
24.7585,93.459139,453.0,31.57639333699781,1
24.758778,93.456889,440.0,31.119058788415003,1
24.759667,93.462694,432.0,20.532771786488425,1
24.761056,93.255167,636.0,29.665849859262984,1
24.762667,93.255556,635.0,30.418494611596422,1
24.764917,93.45875,484.0,28.222814437179903,1
24.764917,93.46125,462.0,15.42324502154344,1
24.765361,93.460889,465.0,20.136303428248134,1
24.766389,93.457722,476.0,28.360372759879684,1
24.766472,93.434167,694.0,24.38870074689113,1
24.766556,93.319833,211.0,23.444146119861458,1
24.766667,93.458111,493.0,33.2376314445189,1
24.767,93.458139,489.0,40.91962585655176,1
24.768472,93.457389,517.0,30.973505797181858,1
24.768556,93.314358,266.0,27.33604368814356,1
24.768694,93.45725,493.0,28.98757825007264,1
24.768778,93.386806,266.0,20.532771786488425,1
24.768917,93.457306,490.0,32.35640884426763,1
24.769333,93.653722,914.0,19.31028740874557,1
24.769556,94.116778,826.0,28.88836980568737,1
24.772806,93.457417,527.0,21.260377126997213,1
24.773472,94.078972,896.0,29.118936488427924,1
24.775167,93.440722,578.0,25.688903331931808,1
24.775917,93.453139,529.0,21.81855031431221,1
24.775917,93.432611,867.0,24.46133251877165,1
24.775972,93.457139,545.0,36.505887632648864,1
24.776028,93.457083,541.0,35.63524161504921,1
24.776583,93.456056,538.0,33.723089453168576,1
24.776694,94.599472,675.0,25.675463214971884,1
24.777306,94.601889,694.0,13.640311227766055,1
24.777333,94.602278,697.0,16.228736705934203,1
24.777667,93.782806,917.0,4.262693045214654,1
24.778778,93.782778,911.0,23.428692808745406,1
24.77925,93.781,921.0,29.205932247399417,1
24.779889,93.663889,463.0,19.370844026969944,1
24.782139,93.777611,976.0,30.205466819616653,1
24.783194,93.774694,1007.0,21.938008256074177,1
24.783806,93.455556,547.0,24.12447190179544,1
24.784556,93.777972,1008.0,26.880307851329,1
24.784611,93.462278,628.0,25.23940182067892,1
24.784611,93.659528,517.0,15.81919394750014,1
24.788639,93.772167,1086.0,26.269553396535294,1
24.788889,93.441889,1032.0,32.78110200943605,1
24.7895,93.774222,1070.0,23.3822424378352,1
24.789917,93.459806,527.0,21.242603631151898,1
24.790386,93.657044,614.0,34.6605872943073,1
24.792333,93.658222,447.0,34.017325088918376,1
24.796417,94.398786,1376.0,24.8479801794304,1
24.796722,94.40925,1272.0,38.32262251890178,1
24.797,94.409028,1291.0,31.12871688801731,1
24.798028,93.735972,1142.0,31.002719133873985,1
24.798077,94.406137,1308.0,22.86208914423492,1
24.798278,93.394306,345.0,15.99993592924168,1
24.798806,93.464667,530.0,23.628423517864427,1
24.799333,93.435417,926.0,24.2864614630402,1
24.8,93.472222,637.0,48.20549278051477,1
24.800556,93.674222,457.0,24.38870074689113,1
24.801389,93.469444,542.0,23.069045509039658,1
24.804167,93.471667,544.0,11.348119585994183,1
24.804586,93.655719,613.0,27.029504599267472,1
24.805342,94.322356,1174.0,49.366889414400674,1
24.806064,93.735478,1199.0,28.79968165255028,1
24.806278,94.377056,1491.0,28.85516751374433,1
24.806417,94.505778,1118.0,31.74467986659196,1
24.806806,93.404806,298.0,12.638224684699054,1
24.808619,93.651094,421.0,22.61986494804043,1
24.808874,94.368466,1566.0,30.528995003826,1
24.811139,93.417,483.0,30.133843411422752,1
24.811301,94.355581,1593.0,28.632096976803734,1
24.811333,93.42275,428.0,30.05160649070701,1
24.812017,94.356051,1616.0,22.22435314380804,1
24.812083,93.433917,475.0,20.99158237694124,1
24.812167,93.423,415.0,25.915703593185818,1
24.812611,94.581278,799.0,21.869859308909422,1
24.8133,93.5472,429.0,28.07248693585296,1
24.813306,93.243417,122.0,22.42335855928612,1
24.813889,93.245222,139.0,32.53469816945699,1
24.81425,94.552028,1030.0,30.25643716352927,1
24.814333,93.428306,417.0,16.428860704621638,1
24.814386,94.32344,1241.0,32.490306531189724,1
24.814778,94.549639,1046.0,34.54336392970912,1
24.815361,93.441528,347.0,8.049466975528398,1
24.8155,94.572222,920.0,13.069151942759,1
24.815528,93.43725,450.0,35.83201983789954,1
24.815617,93.686672,601.0,22.373844274024943,1
24.816111,93.443917,375.0,41.70117944887398,1
24.817028,94.534528,1122.0,26.00818191569552,1
24.81722,93.51722,444.0,35.32429987761792,1
24.8175,93.54908,409.0,26.67924362098057,1
24.81778,93.51583,460.0,28.665750219765908,1
24.817939,93.688678,650.0,37.51535462990476,1
24.817944,94.504472,1245.0,27.565248984490395,1
24.818,93.45,590.0,33.56563872420533,1
24.81867,93.54819,432.0,23.81059263950923,1
24.818713,94.355182,1610.0,25.363232718381973,1
24.818936,93.688939,636.0,29.260073022738787,1
24.819694,94.352611,1562.0,32.754877470959904,1
24.819722,93.459972,692.0,22.489134862284537,1
24.82,93.89,778.0,3.4389123953782974,1
24.820222,94.352889,1599.0,33.02386755579665,1
24.82058,94.137,889.0,15.845167180271268,1
24.820833,94.504167,1289.0,21.6115960987222,1
24.821028,94.50425,1289.0,17.571258778322424,1
24.822953,93.710756,635.0,31.50104503484435,1
24.823283,94.322722,1368.0,27.238572082130062,1
24.823296,94.358767,1679.0,21.835672195716143,1
24.82375,93.523861,417.0,31.215386668546028,1
24.824111,93.474139,508.0,16.527811501531776,1
24.824278,94.322472,1378.0,10.759583898850556,1
24.824611,93.476528,467.0,6.853224835121291,1
24.825889,94.348861,1483.0,36.2114423338008,1
24.826361,94.5255,1246.0,30.133843411422752,1
24.826694,93.467944,757.0,8.159014354942736,1
24.827,93.478472,481.0,20.07880037349212,1
24.827778,93.479167,446.0,21.938008256074177,1
24.829225,93.720472,581.0,22.29097037475897,1
24.83,93.9,833.0,25.5133092609215,1
24.83,93.88,784.0,4.262693045214654,1
24.830202,94.357821,1666.0,33.70658681677467,1
24.83025,93.466972,815.0,22.61986494804043,1
24.831028,94.334833,1408.0,28.553305000609424,1
24.831167,94.334111,1395.0,20.846265656650555,1
24.83125,94.339194,1425.0,18.94158858012096,1
24.831526,94.32757,1396.0,35.45087793804301,1
24.831859,94.335718,1422.0,33.64040940514667,1
24.83278,93.46333,773.0,28.665750219765908,1
24.832817,94.330448,1399.0,41.02410199989886,1
24.833278,94.349639,1501.0,31.7353754997287,1
24.833889,94.220167,1214.0,8.159014354942736,1
24.833889,94.346417,1469.0,28.257311688503773,1
24.833944,94.08125,827.0,4.262693045214654,1
24.834028,93.644,483.0,29.205932247399417,1
24.834083,94.353028,1473.0,34.21858270764895,1
24.834386,93.715025,813.0,25.5133092609215,1
24.834694,93.459167,854.0,25.267001648248183,1
24.834917,93.459083,868.0,27.078936947526696,1
24.834921,94.365211,1569.0,31.80039615270397,1
24.835145,94.340419,1260.0,36.65799162261549,1
24.835611,94.519722,1380.0,22.07341542334565,1
24.836194,93.481992,412.0,26.437229357181263,1
24.836222,93.482111,399.0,28.485468456722128,1
24.83636,94.37622,1439.0,35.88986674043215,1
24.836588,94.354848,1500.0,36.26089278326507,1
24.83725,93.494528,355.0,37.79331583229016,1
24.837576,94.337593,1171.0,35.09090415129421,1
24.838167,94.357139,1546.0,37.56093713903626,1
24.8385,94.357083,1512.0,30.973505797181858,1
24.839028,94.357083,1519.0,27.32389130134654,1
24.839306,94.22575,1228.0,38.90056504199712,1
24.839722,94.224944,1203.0,42.74910864769488,1
24.84,93.9,934.0,30.25643716352927,1
24.84,93.91,806.0,20.846265656650555,1
24.841472,93.495917,345.0,18.77467605427877,1
24.8415,94.361167,1674.0,24.094842552110705,1
24.841611,93.498556,310.0,27.79130564477921,1
24.841944,94.512972,1549.0,31.57639333699781,1
24.842444,93.499333,305.0,21.47206914335925,1
24.842538,94.325233,1306.0,25.363232718381973,1
24.842778,94.357583,1512.0,33.296989754761654,1
24.842944,93.439972,860.0,36.733505603395045,1
24.845611,93.498778,262.0,37.716233913055774,1
24.846028,93.43875,794.0,36.62354905164433,1
24.846167,94.323778,1320.0,21.81855031431221,1
24.847417,94.358028,1489.0,21.135527342306386,1
24.847436,94.325861,1201.0,29.260073022738787,1
24.847611,94.357889,1478.0,25.14243049054343,1
24.84833,93.45917,988.0,33.698329255184774,1
24.849667,94.365306,1534.0,25.5133092609215,1
24.85,93.497583,257.0,13.16632060042364,1
24.851194,94.361722,1460.0,23.3822424378352,1
24.851722,93.449389,1132.0,32.98940559251087,1
24.851806,94.366083,1466.0,37.4041069193059,1
24.852,94.366303,1472.0,40.72974809403222,1
24.852222,94.369333,1452.0,10.759583898850556,1
24.85225,93.449639,1115.0,36.15474073941196,1
24.853139,94.369875,1451.0,4.857533338413092,1
24.85325,93.2449,369.0,17.035742128041974,1
24.8545,93.449036,989.0,34.846405699136405,1
24.85536111,93.62402778,379.0,26.74234155739631,1
24.858778,94.233139,1236.0,34.090063875331914,1
24.860347,93.572383,462.0,27.55326483492445,1
24.860639,93.62675,329.0,3.4389123953782974,1
24.860889,93.463222,1276.0,20.973493421320807,1
24.861264,93.627742,386.0,34.97675368176345,1
24.862444,93.610639,380.0,8.049466975528398,1
24.86269444,93.62405556,338.0,13.03657849691309,1
24.862903,93.616397,330.0,11.499465999742789,1
24.864833,93.772583,1365.0,31.39687644298045,1
24.866972,93.7745,1302.0,36.51283284150458,1
24.867139,94.566889,1000.0,33.89536963300801,1
24.867694,93.625858,420.0,29.260073022738787,1
24.869028,94.234611,1193.0,31.51991437453672,1
24.869889,93.779444,1159.0,25.955401413885543,1
24.869917,94.592417,789.0,21.95499883223757,1
24.870028,94.588778,823.0,33.02386755579665,1
24.8705,94.589944,817.0,30.01033418769176,1
24.870806,94.591111,811.0,25.197913740371355,1
24.871361,93.778667,1163.0,22.29097037475897,1
24.871528,94.234056,1210.0,32.05794564123819,1
24.871694,93.776861,1253.0,25.80936745770508,1
24.871861,93.778111,1196.0,34.846405699136405,1
24.871889,94.580417,919.0,31.58578773967389,1
24.872153,93.623861,591.0,27.029504599267472,1
24.872917,93.779167,1216.0,22.81394173961772,1
24.874222,93.466667,1334.0,18.87922133905067,1
24.8745,94.235833,1210.0,24.634322367669885,1
24.877417,93.460583,1389.0,32.35640884426763,1
24.883132,94.31281,1284.0,9.462322208025618,1
24.883194,93.465667,1403.0,22.668609279892426,1
24.884389,94.601306,554.0,28.08409936669116,1
24.884889,94.613222,768.0,23.021526638116164,1
24.8852,94.313301,1309.0,31.993934384330498,1
24.887722,94.610194,717.0,19.51118046928032,1
24.888472,93.473028,1413.0,35.83201983789954,1
24.888528,94.601694,435.0,25.5133092609215,1
24.888556,93.641472,410.0,18.77467605427877,1
24.889031,94.306125,1217.0,39.24321155180508,1
24.890167,93.707572,866.0,8.049466975528398,1
24.890333,93.466667,1440.0,21.260377126997213,1
24.8905,94.607056,675.0,26.360054096082703,1
24.890806,94.319308,1315.0,30.973505797181858,1
24.892028,94.238389,1239.0,15.92277945817654,1
24.894359,94.320541,1306.0,22.98976777360885,1
24.894944,94.323111,1340.0,32.13988228321215,1
24.895,94.242972,1224.0,30.56899459462348,1
24.895806,94.243944,1231.0,23.75010057347409,1
24.897722,94.328472,1348.0,40.856595083236975,1
24.898,93.487722,1256.0,28.037600489728423,1
24.898438,94.328686,1353.0,32.91160083273797,1
24.901194,94.342444,1388.0,29.50686221733105,1
24.90139,93.45389,971.0,25.486125594093767,1
24.901444,94.338306,1404.0,32.34744349944203,1
24.901861,94.341944,1386.0,22.81394173961772,1
24.906333,94.482917,1635.0,14.535165207979569,1
24.90725,94.335333,1362.0,29.70798969171313,1
24.908389,94.335056,1363.0,32.91160083273797,1
24.908778,94.333417,1358.0,32.96351159099253,1
24.909542,94.316778,986.0,42.03111377419729,1
24.909889,94.486778,1665.0,40.84079665857319,1
24.910619,94.321092,1052.0,32.427956428323874,1
24.911194,94.242111,1380.0,30.10305246289624,1
24.911722,93.484361,1191.0,25.016893478100023,1
24.913611,94.242028,1408.0,25.91570359318582,1
24.91475,94.464944,1885.0,29.538782259558097,1
24.914778,94.242583,1419.0,26.56505117707799,1
24.9155,94.578333,1128.0,21.242603631151898,1
24.915806,94.578222,1134.0,18.19662752273151,1
24.916083,94.486889,1752.0,36.815480279408405,1
24.916444,93.481556,1021.0,11.348119585994183,1
24.917278,93.471167,1010.0,21.55942138371082,1
24.917611,94.576556,1121.0,32.74612665551688,1
24.9179,94.0,842.0,20.80971857959822,1
24.919751,94.461919,1939.0,42.210260168775214,1
24.919917,94.567111,1188.0,34.417388710441564,1
24.920056,94.568778,1169.0,33.3982497427651,1
24.921167,94.563361,1238.0,33.46541063428238,1
24.922861,93.633144,1124.0,33.05825736162379,1
24.924528,94.559833,1268.0,24.904481044556743,1
24.925194,94.337056,1493.0,36.232654007001685,1
24.9252,94.3371,1490.0,35.69379666026943,1
24.927139,93.789333,1639.0,19.370844026969944,1
24.930056,93.797167,1405.0,13.421509132977462,1
24.930278,94.149361,991.0,18.370345512861498,1
24.930806,93.444833,573.0,17.5484006137923,1
24.930944,94.151639,1010.0,21.33126583595921,1
24.931167,94.227111,1302.0,37.45655576127969,1
24.931333,94.228917,1340.0,35.98342760298727,1
24.932631,94.417417,1305.0,29.85463927845754,1
24.934336,94.460091,1953.0,29.802413569555988,1
24.934833,94.184944,964.0,20.699546585586496,1
24.935611,93.654444,472.0,25.955401413885543,1
24.936361,94.160028,946.0,29.63417437185607,1
24.938361,94.549556,1513.0,34.15444974731139,1
24.93875,94.181861,942.0,21.81855031431221,1
24.938806,94.549278,1526.0,37.99072498917101,1
24.939167,94.548889,1529.0,35.80301842021218,1
24.940333,94.202556,1018.0,14.03624346792648,1
24.940583,94.008889,819.0,3.931095784160226,1
24.940611,94.009083,818.0,5.550718212127324,1
24.940611,94.1515,1033.0,15.609525869125669,1
24.940944,94.201889,1001.0,14.24415761739711,1
24.940972,94.151528,1027.0,11.904688112848122,1
24.94125,94.220861,1184.0,12.53638838286113,1
24.94225,94.541056,1520.0,16.453666886955713,1
24.942778,93.495333,1252.0,20.307500221928045,1
24.943258,94.457787,1960.0,36.15474073941196,1
24.943778,93.706472,1470.0,11.386165083355712,1
24.943833,93.488917,1043.0,14.621143938770764,1
24.944083,94.538667,1533.0,23.021526638116164,1
24.946889,94.155111,1071.0,21.419418908984124,1
24.946944,94.191194,919.0,34.999648077881965,1
24.9475,94.188889,935.0,35.59118566547325,1
24.94775,93.492889,1231.0,18.434948822922014,1
24.947972,94.187972,918.0,35.45087793804301,1
24.948056,94.534778,1522.0,41.95297820065328,1
24.948083,94.535556,1516.0,38.3782952345034,1
24.948444,94.1555,1033.0,19.47122063449069,1
24.948667,94.4835,1766.0,27.40876997825205,1
24.949167,94.155389,1057.0,31.51991437453672,1
24.949274,94.473427,1834.0,29.88589573021274,1
24.950139,93.481278,908.0,43.3896255946841,1
24.950278,93.481917,894.0,36.97817981978636,1
24.950361,93.482333,895.0,32.427956428323874,1
24.950583,94.177778,930.0,30.80698111710518,1
24.950583,94.186028,907.0,24.46133251877165,1
24.951444,94.179278,929.0,24.16881343581011,1
24.952,94.529028,1490.0,43.65396627844831,1
24.952611,93.487611,1187.0,27.62503917921715,1
24.954887,94.493465,1578.0,35.339242872470656,1
24.955167,94.157778,1049.0,17.03574212804197,1
24.955972,94.157889,1047.0,25.80936745770508,1
24.956083,94.522278,1498.0,36.09071171241025,1
24.95625,94.520083,1512.0,31.12871688801731,1
24.956472,94.155694,1158.0,23.021526638116164,1
24.957209,94.473616,1890.0,22.09025870405004,1
24.957303,94.473342,1877.0,31.50104503484435,1
24.957333,94.50075,1498.0,25.376933525152303,1
24.957833,94.162444,1099.0,26.57777862373484,1
24.958261,94.473862,1869.0,28.30319610038818,1
24.958833,94.618917,1328.0,14.03624346792648,1
24.964694,94.6175,1319.0,19.47122063449069,1
24.965053,93.731514,1824.0,34.44108336670712,1
24.969056,94.173528,1000.0,21.869859308909422,1
24.969479,94.483082,1586.0,36.86989764584402,1
24.970167,94.618,1378.0,11.038532615965034,1
24.971389,93.559056,732.0,19.68967329725292,1
24.974128,93.666128,813.0,34.017325088918376,1
24.975175,93.652939,944.0,33.98489250343522,1
24.9755,94.155,1165.0,26.67924362098057,1
24.975961,93.567983,937.0,55.18622487210484,1
24.97775,93.502639,1324.0,12.604382648379184,1
24.978139,94.614861,1478.0,30.747804873668915,1
24.978444,93.5,1247.0,8.049466975528398,1
24.978611,93.528278,1215.0,12.638224684699054,1
24.98025,94.613972,1515.0,22.489134862284537,1
24.981031,93.654678,1095.0,57.16089075434395,1
24.982611,93.52,1242.0,24.691575152551952,1
24.982694,93.507,1305.0,23.628423517864427,1
24.982917,94.162639,1232.0,13.421509132977462,1
24.983194,93.500417,1225.0,12.604382648379184,1
24.983528,94.158333,1118.0,17.456590925928477,1
24.983722,94.158306,1118.0,17.456590925928477,1
24.983806,93.497528,1156.0,13.640311227766055,1
24.984528,93.509861,1255.0,17.5484006137923,1
24.984722,93.524917,1161.0,22.684823831912844,1
24.985167,93.508306,1238.0,18.434948822922014,1
24.985389,93.49275,1059.0,6.379370208442804,1
24.98575,93.497389,1165.0,12.53638838286113,1
24.985806,93.492972,1060.0,6.853224835121291,1
24.985833,94.60825,1537.0,23.021526638116164,1
24.985944,93.504944,1260.0,20.21263223645209,1
24.98611,93.50583,1235.0,20.846265656650555,1
24.986333,93.494361,1085.0,16.051123667414398,1
24.986444,93.494,1074.0,7.416536974278209,1
24.986472,93.49425,1078.0,10.388857815469612,1
24.986861,93.506028,1244.0,21.47206914335925,1
24.98722,93.50361,1291.0,6.379370208442804,1
24.987361,93.525333,1131.0,22.489134862284537,1
24.987464,93.506244,1260.0,24.46133251877165,1
24.987583,93.506167,1260.0,24.46133251877165,1
24.987667,93.494361,1110.0,14.592550602033429,1
24.987986,93.671258,1176.0,38.69010577379569,1
24.989944,94.233611,1112.0,27.613098503754813,1
24.99083,93.50583,1206.0,15.288517970232029,1
24.991444,94.2345,1124.0,32.754877470959904,1
24.991833,94.603306,1506.0,16.453666886955713,1
24.992889,94.230583,972.0,31.002719133873985,1
24.99306,93.4975,1196.0,12.604382648379184,1
24.994278,94.205917,1579.0,32.57012547147068,1
24.996444,94.021444,807.0,20.155422119735228,1
24.99694,93.50222,1186.0,13.915808695897177,1
24.997972,94.020444,803.0,14.931417178137552,1
25.002611,94.330278,1619.0,23.132182561931256,1
25.006694,93.523444,1036.0,18.434948822922014,1
25.007917,94.452972,1817.0,27.238572082130062,1
25.010139,94.317306,1460.0,19.68967329725292,1
25.012111,94.464833,1799.0,35.39887735323683,1
25.013083,93.530111,1068.0,32.35640884426763,1
25.013161,93.529758,1070.0,28.360372759879684,1
25.013472,93.530472,1067.0,17.775317038209,1
25.016375,94.021711,815.0,29.802413569555988,1
25.019139,94.332472,1422.0,20.001783914715944,1
25.020361,94.4095,1785.0,18.130932944052347,1
25.023056,94.449306,1915.0,26.577778623734844,1
25.023111,94.449361,1915.0,26.577778623734844,1
25.025472,93.537028,1146.0,21.55942138371082,1
25.025639,93.537222,1159.0,26.539566558618308,1
25.027333,94.423583,1937.0,30.133843411422752,1
25.027528,94.316806,1208.0,23.428692808745406,1
25.028456,94.015522,816.0,12.260147486012336,1
25.029333,93.586167,818.0,20.155422119735228,1
25.033278,94.431806,1979.0,18.45641864524321,1
25.033778,94.43625,2001.0,28.98757825007264,1
25.034611,94.31925,1231.0,19.82702865340817,1
25.038753,94.152236,873.0,10.555380466061171,1
25.042333,94.241111,1507.0,28.25731168850377,1
25.044111,94.233778,1472.0,24.16881343581011,1
25.047833,92.789306,95.0,29.85463927845754,1
25.048417,94.332389,1457.0,21.869859308909422,1
25.049,94.551028,1787.0,6.379370208442804,1
25.049861,93.602389,933.0,26.93019100092878,1
25.050417,94.551167,1792.0,33.3982497427651,1
25.050694,94.555139,1707.0,29.83376877992044,1
25.05125,94.556111,1742.0,40.499818214844055,1
25.051944,94.551111,1814.0,34.37782091784768,1
25.052833,94.551083,1825.0,30.347789794448904,1
25.054,94.550972,1797.0,31.74467986659196,1
25.054083,93.603694,963.0,20.532771786488425,1
25.054722,94.526528,1478.0,37.14591448999934,1
25.054917,94.551306,1794.0,35.27938801183364,1
25.054944,94.530528,1545.0,27.32389130134654,1
25.055139,93.603778,961.0,20.99158237694124,1
25.055186,94.599525,1538.0,20.07880037349212,1
25.055278,94.567861,1691.0,36.82229258372596,1
25.055278,94.56436,1709.0,32.91160083273797,1
25.056,94.600667,1501.0,29.85463927845754,1
25.0565,94.551528,1789.0,26.880307851328983,1
25.057167,94.532194,1572.0,39.25489386035365,1
25.057194,93.603028,977.0,11.499465999742789,1
25.057361,94.533083,1552.0,37.79331583229016,1
25.058833,93.604028,973.0,18.305448954250743,1
25.058833,94.55125,1775.0,25.526884054256257,1
25.059167,93.604222,981.0,24.38870074689113,1
25.059361,94.586361,1559.0,32.74612665551688,1
25.059556,94.550611,1768.0,29.421439641486938,1
25.059861,93.604639,973.0,20.07880037349212,1
25.059861,94.584889,1537.0,37.53490600791178,1
25.060389,94.535472,1584.0,25.376933525152303,1
25.061417,93.604889,976.0,21.680889149080844,1
25.061472,94.549694,1734.0,25.03089023333195,1
25.061861,93.605361,982.0,14.535165207979569,1
25.062222,94.61475,1020.0,30.58895816397544,1
25.062833,94.577722,1534.0,37.81892671564865,1
25.063167,94.614389,1001.0,24.16881343581011,1
25.063778,94.615,1012.0,16.051123667414398,1
25.063861,94.614972,1012.0,16.051123667414398,1
25.063972,94.336,1574.0,24.359555875506427,1
25.064444,94.620278,1115.0,18.305448954250743,1
25.064639,94.534,1567.0,27.029504599267472,1
25.064833,94.643917,1448.0,30.05160649070701,1
25.065056,94.544583,1679.0,38.68405094716037,1
25.065889,94.632139,1283.0,30.418494611596422,1
25.066861,94.6325,1325.0,28.82189836411544,1
25.067194,94.632972,1316.0,31.6607510966366,1
25.067306,93.604861,993.0,14.302914425322813,1
25.069306,94.536528,1566.0,35.47311285748566,1
25.069806,94.541667,1579.0,24.094842552110705,1
25.07,93.43,971.0,47.13085091525793,1
25.072528,93.6075,1012.0,17.93200256558677,1
25.077361,93.611028,1049.0,8.47871314708616,1
25.077417,94.352444,1778.0,13.640311227766055,1
25.077778,93.611583,1048.0,18.130932944052347,1
25.079361,94.549667,1530.0,35.03012380867594,1
25.079667,94.296361,1139.0,36.345312673574405,1
25.079806,94.294111,1141.0,38.75655509292031,1
25.079944,94.294667,1174.0,52.22256484985759,1
25.080161,94.114939,828.0,16.796238729882134,1
25.08025,93.612278,1080.0,13.262676008304846,1
25.080389,93.611889,1085.0,8.104435709194412,1
25.081361,94.552278,1535.0,25.915703593185818,1
25.081611,94.506333,1654.0,32.91160083273797,1
25.082306,94.551722,1534.0,14.15548761586253,1
25.082778,94.550694,1543.0,37.53490600791177,1
25.083083,93.613583,1092.0,10.046788047511114,1
25.08325,94.503639,1690.0,29.63417437185607,1
25.083694,94.502278,1694.0,36.1972856606515,1
25.085833,94.107222,837.0,20.155422119735228,1
25.086525,94.078197,822.0,14.24415761739711,1
25.087417,93.618333,1158.0,22.07341542334565,1
25.088639,93.619722,1158.0,17.66231893216494,1
25.090556,94.387389,1742.0,32.74612665551688,1
25.091667,94.550056,1530.0,31.002719133873985,1
25.091742,94.550444,1570.0,34.6605872943073,1
25.091778,92.354694,159.0,28.553305000609424,1
25.091858,94.550786,1595.0,30.89535018031049,1
25.092033,94.640664,1074.0,20.307500221928045,1
25.092111,94.370444,1735.0,11.976725812374069,1
25.09225,93.619972,1185.0,33.64040940514667,1
25.093167,94.516611,1527.0,35.27938801183364,1
25.094333,94.522528,1540.0,40.36453657309736,1
25.0948,94.547461,1661.0,23.4904160686416,1
25.095056,94.547722,1655.0,27.613098503754813,1
25.095611,94.384778,1714.0,19.451200005616776,1
25.095611,94.522944,1531.0,26.113233272206745,1
25.095972,94.375944,1682.0,17.03574212804197,1
25.096083,94.515806,1544.0,35.98342760298727,1
25.096333,93.61925,1152.0,34.25055493497398,1
25.096417,94.531778,1603.0,34.9155437050667,1
25.096611,94.551028,1650.0,23.3822424378352,1
25.09825,94.513778,1556.0,30.68841605381868,1
25.098639,93.620778,1112.0,21.31357434104547,1
25.098667,94.390222,1745.0,13.262676008304846,1
25.099194,94.460722,2279.0,29.08619467351647,1
25.100889,94.526556,1526.0,28.257311688503773,1
25.101083,93.620333,1095.0,43.65396627844831,1
25.10125,94.510806,1536.0,31.51991437453672,1
25.101972,94.5125,1528.0,23.428692808745406,1
25.103111,94.532083,1547.0,26.880307851328983,1
25.103528,94.531722,1552.0,11.348119585994183,1
25.105108,93.621136,1091.0,17.083143246452856,1
25.106472,93.623472,1122.0,33.10114358966526,1
25.107694,93.623556,1144.0,69.66476446169166,1
25.109944,93.626528,1171.0,26.360054096082703,1
25.11,93.37,992.0,37.038767555809535,1
25.110389,93.624056,1118.0,36.944420390334,1
25.110389,93.625583,1155.0,39.81120571743024,1
25.110417,93.791806,750.0,20.66264400478191,1
25.110472,93.625389,1183.0,54.278453186285,1
25.110667,93.62275,1142.0,29.63417437185607,1
25.110917,93.622361,1183.0,42.590426635906965,1
25.111556,93.629972,1218.0,36.733505603395045,1
25.113278,94.352722,1653.0,31.244175851188185,1
25.113472,93.636917,1237.0,37.96539079113361,1
25.114444,94.354694,1665.0,24.932657538079724,1
25.115111,93.642361,1265.0,30.133843411422752,1
25.115194,93.645,1235.0,27.40876997825205,1
25.115417,93.63925,1235.0,30.85613335195628,1
25.115444,93.638778,1229.0,33.64040940514667,1
25.115833,93.645833,1240.0,23.93089341141916,1
25.115889,93.639611,1248.0,26.437229357181263,1
25.116,93.643278,1192.0,20.155422119735228,1
25.116083,93.639889,1239.0,26.880307851328983,1
25.116111,93.640417,1242.0,36.59594159662962,1
25.116333,94.356833,1709.0,22.373844274024943,1
25.116556,93.645944,1228.0,22.07341542334565,1
25.116778,94.353917,1699.0,31.44430728239367,1
25.116833,93.645889,1223.0,23.628423517864427,1
25.11775,93.647222,1221.0,26.628589703310887,1
25.117806,93.647528,1226.0,24.16881343581011,1
25.118,93.64775,1217.0,25.688903331931808,1
25.118056,93.648556,1220.0,24.359555875506427,1
25.118083,93.649472,1218.0,21.04572088407584,1
25.119917,93.653333,1213.0,34.21858270764896,1
25.12,93.37,759.0,29.51750907883067,1
25.120444,93.653778,1215.0,33.927980154144706,1
25.121111,93.654694,1218.0,32.9548711795407,1
25.121417,93.654972,1220.0,34.907876215342675,1
25.123361,93.656306,1227.0,34.369895822693806,1
25.124639,93.92575,1262.0,16.253917058152773,1
25.124917,93.657333,1198.0,24.591248866909307,1
25.126167,94.456278,1876.0,28.08409936669116,1
25.126222,94.456278,1876.0,28.08409936669116,1
25.126361,93.901333,1727.0,26.217612768234883,1
25.127556,94.338583,1664.0,15.06995574963759,1
25.127722,94.449417,1878.0,13.915808695897177,1
25.128194,94.440417,1852.0,21.680889149080844,1
25.128222,94.321722,1802.0,21.260377126997213,1
25.128417,94.440639,1851.0,25.80936745770508,1
25.129639,93.661806,1199.0,25.253207609369632,1
25.130361,93.6625,1199.0,21.31357434104547,1
25.130722,93.663583,1193.0,23.4904160686416,1
25.13109,93.97215,1037.0,20.097992628721148,1
25.131889,94.322667,1714.0,16.796238729882134,1
25.131917,94.338583,1667.0,25.955401413885543,1
25.1345,93.666417,1163.0,21.869859308909422,1
25.134611,94.460722,1918.0,21.04572088407584,1
25.134944,93.666667,1150.0,25.267001648248183,1
25.135333,93.667,1152.0,29.58124669955053,1
25.135861,93.6675,1154.0,30.133843411422752,1
25.136222,93.667639,1158.0,22.684823831912844,1
25.138306,93.669028,1142.0,29.51750907883067,1
25.139167,93.669444,1128.0,34.37782091784768,1
25.139639,93.669639,1129.0,24.094842552110705,1
25.14275,94.320139,1647.0,29.195082782485805,1
25.145583,94.320444,1630.0,28.91046765839842,1
25.14625,93.671194,1082.0,31.89284050209588,1
25.146528,93.941722,1287.0,16.796238729882134,1
25.151417,93.672833,1060.0,10.999158271052185,1
25.151917,94.312167,1405.0,26.880307851328983,1
25.152167,93.713083,819.0,24.38870074689113,1
25.152361,93.67325,1054.0,24.8479801794304,1
25.152389,93.712833,824.0,20.82800310374709,1
25.152472,93.673667,1046.0,26.20460176321736,1
25.153472,93.712444,826.0,33.32236342654518,1
25.153722,94.461917,1921.0,26.113233272206745,1
25.154917,93.711278,851.0,33.66525729241905,1
25.155194,94.461278,1919.0,27.79130564477921,1
25.155611,93.676639,1031.0,20.66264400478191,1
25.155861,93.677306,1039.0,32.53469816945699,1
25.155917,93.681583,1018.0,30.24625565345472,1
25.156306,93.678917,1036.0,40.93534296900471,1
25.156722,93.723889,734.0,27.944207405422546,1
25.156833,93.703222,900.0,25.07280797783953,1
25.157092,93.682686,1043.0,32.212374446006656,1
25.157528,93.68425,1027.0,35.59853666783391,1
25.157667,93.6845,1032.0,30.133843411422752,1
25.15775,93.72275,746.0,29.88589573021274,1
25.158083,93.684944,1016.0,29.421439641486938,1
25.158361,94.461472,1909.0,22.373844274024943,1
25.158667,93.685222,1004.0,33.70658681677467,1
25.158828,93.720131,772.0,27.505240762859906,1
25.159,93.712056,1042.0,10.43076019506472,1
25.159028,93.699833,916.0,28.632096976803734,1
25.159386,93.720417,759.0,20.097992628721148,1
25.159778,93.7065,855.0,37.50230700018765,1
25.160306,93.689306,1007.0,38.17319333803387,1
25.160333,93.688528,1006.0,39.23736711340155,1
25.160389,93.688167,1005.0,40.99804999183514,1
25.160583,93.7055,868.0,26.93019100092878,1
25.161361,93.732333,728.0,27.372447043216635,1
25.161667,93.730361,741.0,19.31028740874557,1
25.161694,93.731306,740.0,31.670097621922785,1
25.161861,93.729917,750.0,17.775317038209,1
25.162028,93.733306,726.0,33.32236342654518,1
25.162306,93.691111,997.0,31.051293565952417,1
25.162583,93.703972,876.0,25.15631913369421,1
25.163167,93.735556,745.0,38.07907632899583,1
25.163333,93.691194,1034.0,32.9548711795407,1
25.163528,93.736222,762.0,25.955401413885543,1
25.163722,93.700556,946.0,29.421439641486938,1
25.163917,93.73625,768.0,22.684823831912844,1
25.164056,93.692861,1004.0,39.10233716664201,1
25.164222,93.736361,758.0,28.79968165255028,1
25.164278,93.691361,1013.0,35.23435131905115,1
25.164472,93.693944,983.0,30.337664384844903,1
25.164847,93.696828,963.0,33.821757317608586,1
25.16485,93.697303,957.0,27.90904811068605,1
25.165222,93.697722,959.0,25.8493248967401,1
25.165222,93.69575,984.0,36.14763896908836,1
25.16525,94.354611,1714.0,12.53638838286113,1
25.165472,93.695528,991.0,39.260731733474245,1
25.165833,93.699611,962.0,25.91570359318582,1
25.166833,94.354889,1722.0,29.031480434376107,1
25.167444,93.735472,777.0,32.401162502089626,1
25.167528,94.294861,1540.0,21.18915910142139,1
25.167806,93.749222,693.0,29.118936488427924,1
25.167917,93.749083,705.0,37.87640024160826,1
25.168028,93.748972,692.0,28.002640063185417,1
25.168528,94.288333,1642.0,23.93089341141916,1
25.16875,93.742306,735.0,37.58043252806343,1
25.168806,93.742111,761.0,34.35403406736099,1
25.168928,93.739886,771.0,31.205779114725832,1
25.169,93.74075,763.0,29.08619467351647,1
25.169028,93.741083,778.0,33.821757317608586,1
25.172194,94.3485,1730.0,34.75376186272035,1
25.172806,94.347694,1726.0,32.47251629973426,1
25.173056,94.136261,1241.0,22.140679470491683,1
25.174667,94.347306,1713.0,18.62703081108459,1
25.176639,94.297361,1517.0,24.74862531519583,1
25.178194,94.527444,1285.0,20.155422119735228,1
25.178417,94.52725,1296.0,18.520635899770767,1
25.179194,94.526528,1293.0,29.538782259558097,1
25.179306,94.526333,1285.0,29.020515817031367,1
25.180611,94.525278,1309.0,28.25731168850377,1
25.180889,94.504611,1780.0,25.635076100950123,1
25.181194,94.524861,1317.0,29.51750907883067,1
25.181222,94.524611,1317.0,29.51750907883067,1
25.181528,94.523694,1334.0,17.035742128041974,1
25.181583,94.304444,1412.0,25.23940182067892,1
25.181639,94.342667,1688.0,37.56093713903626,1
25.181722,94.504917,1788.0,27.5172599283964,1
25.181806,94.522556,1346.0,12.772578169490426,1
25.181917,94.522306,1350.0,12.260147486012336,1
25.182222,94.522333,1355.0,19.47122063449069,1
25.182306,94.523333,1343.0,21.86985930890943,1
25.182417,94.523556,1363.0,31.002719133873992,1
25.182472,94.523722,1363.0,31.002719133873992,1
25.182861,94.505167,1802.0,28.82189836411544,1
25.184194,94.522694,1408.0,29.665849859262984,1
25.18425,94.522667,1408.0,29.665849859262984,1
25.185167,94.308972,1327.0,20.07880037349212,1
25.185889,94.520944,1441.0,24.38870074689113,1
25.186167,94.342889,1656.0,31.002719133873992,1
25.186389,94.52025,1458.0,17.66231893216494,1
25.188578,94.139278,1279.0,39.14943673053912,1
25.188611,94.520917,1485.0,19.370844026969944,1
25.198756,94.136078,1301.0,27.613098503754813,1
25.200853,94.134506,1304.0,33.573963453775406,1
25.201083,93.140806,498.0,8.159014354942736,1
25.218022,94.107603,1235.0,26.437229357181263,1
25.236142,94.101983,1110.0,14.621143938770764,1
25.2375,94.113889,1026.0,35.339242872470656,1
25.238611,94.009189,1109.0,8.47871314708616,1
25.240539,94.114492,1032.0,23.021526638116164,1
25.245869,94.014442,1088.0,14.959246786437893,1
25.255931,94.1254,1401.0,31.89284050209588,1
25.257919,94.091564,1015.0,22.81394173961772,1
25.259222,94.547417,1205.0,25.91570359318582,1
25.259722,94.03715,1464.0,22.8781056322946,1
25.259972,94.543806,1225.0,29.421439641486938,1
25.261617,94.079422,1196.0,38.67193428122302,1
25.261806,94.546944,1244.0,25.486125594093767,1
25.262947,94.079353,1297.0,36.00494166156304,1
25.263722,94.544833,1251.0,25.486125594093767,1
25.264278,94.543611,1259.0,28.79968165255028,1
25.264639,94.062167,1399.0,29.85463927845754,1
25.265389,94.541472,1261.0,28.30319610038818,1
25.265492,94.098872,1202.0,18.64821573021375,1
25.265578,94.064836,1353.0,34.162480159648744,1
25.268519,94.047614,1336.0,16.428860704621638,1
25.268703,94.045883,1305.0,20.846265656650555,1
25.268825,94.048439,1363.0,31.002719133873985,1
25.268942,94.044694,1300.0,27.226347381898258,1
25.269014,94.046367,1321.0,22.684823831912844,1
25.269097,94.022569,1071.0,21.242603631151898,1
25.27325,94.555417,1588.0,23.397741000263863,1
25.276222,94.555889,1612.0,27.372447043216628,1
25.286369,94.036492,1040.0,28.08409936669116,1
25.286944,94.531361,1192.0,26.577778623734844,1
25.287306,94.539833,1439.0,36.16893488396254,1
25.287333,94.528333,1142.0,31.119058788415003,1
25.287361,94.528472,1142.0,31.119058788415003,1
25.287611,94.5295,1159.0,29.346331162468683,1
25.287722,94.530583,1187.0,31.002719133873985,1
25.28775,94.527667,1151.0,20.439317573258247,1
25.288056,94.527806,1151.0,18.370345512861498,1
25.288417,94.539528,1424.0,36.31722195558744,1
25.289139,94.539417,1397.0,33.590600231227405,1
25.28925,94.526861,1141.0,33.573963453775406,1
25.289444,94.309472,1171.0,12.364552990274646,1
25.289806,94.525639,1122.0,32.05794564123819,1
25.289889,94.525306,1129.0,32.667159071642764,1
25.289944,94.525111,1122.0,25.88918455713453,1
25.297797,94.044722,1144.0,40.07374412075692,1
25.302639,94.014617,1415.0,10.678414922779544,1
25.304917,94.011444,1371.0,24.16881343581011,1
25.311458,94.058922,1065.0,19.61060912917093,1
25.312667,94.509111,1448.0,23.628423517864423,1
25.313,94.50975,1439.0,23.021526638116164,1
25.314972,94.5065,1390.0,27.62503917921715,1
25.315444,94.504417,1378.0,19.29004621918873,1
25.315861,94.504139,1377.0,17.083143246452856,1
25.316056,94.504306,1363.0,16.527811501531776,1
25.316639,94.504278,1372.0,23.674161365449702,1
25.317628,94.070336,1076.0,29.538782259558097,1
25.317878,94.069389,1060.0,14.24415761739711,1
25.318206,94.091428,1213.0,30.96375653207352,1
25.318628,94.092053,1204.0,14.506372352544124,1
25.319389,94.50425,1340.0,31.12871688801731,1
25.320194,94.504472,1338.0,23.397741000263863,1
25.321019,94.067142,1073.0,28.485468456722128,1
25.321861,94.523839,1247.0,33.573963453775406,1
25.322717,94.067492,1091.0,39.34803840397339,1
25.322822,94.088994,1174.0,25.197913740371355,1
25.323556,94.525583,1213.0,19.630414815023528,1
25.324194,94.520278,1264.0,23.428692808745403,1
25.324731,94.086558,1209.0,18.96231828867539,1
25.324861,94.509861,1301.0,32.96351159099253,1
25.325194,94.511861,1281.0,31.50104503484436,1
25.325778,94.515694,1288.0,17.775317038209,1
25.325889,94.511306,1279.0,26.56505117707799,1
25.326722,94.510083,1274.0,26.767512858834905,1
25.329306,94.524639,1197.0,19.370844026969944,1
25.332083,94.526639,1162.0,23.273326481355983,1
25.332489,94.080258,1080.0,35.88986674043215,1
25.334333,94.08275,1066.0,37.51535462990476,1
25.335364,94.169247,1664.0,11.038532615965034,1
25.337239,94.039708,1121.0,14.959246786437893,1
25.337428,94.184525,1665.0,28.79968165255028,1
25.3375,94.52825,1110.0,20.532771786488425,1
25.3375,94.527806,1128.0,24.46133251877165,1
25.338556,94.158806,1525.0,29.205932247399417,1
25.339872,94.168736,1678.0,28.40597188009524,1
25.340433,94.166631,1650.0,28.08409936669116,1
25.340833,94.160528,1519.0,26.56505117707799,1
25.342472,94.161667,1482.0,29.63417437185607,1
25.344389,94.199722,1759.0,15.896959679954522,1
25.346653,94.159475,1416.0,22.98976777360885,1
25.346747,94.215264,1736.0,27.372447043216635,1
25.346964,94.198264,1745.0,28.91046765839842,1
25.34725,94.334444,1443.0,32.78110200943605,1
25.350061,94.220711,1722.0,21.95499883223757,1
25.350764,94.222161,1706.0,13.915808695897177,1
25.351311,94.222514,1714.0,22.684823831912844,1
25.356306,94.525222,1454.0,10.555380466061171,1
25.356583,94.525306,1459.0,20.80971857959822,1
25.359278,94.527806,1473.0,29.24925904290538,1
25.360389,94.529917,1461.0,29.802413569555988,1
25.363278,94.228389,1678.0,15.609525869125669,1
25.373639,94.555333,998.0,18.54197796399724,1
25.379611,94.146667,1250.0,22.489134862284537,1
25.379878,94.214606,1701.0,14.931417178137552,1
25.381389,94.279306,1692.0,23.021526638116164,1
25.388056,94.550083,943.0,14.763132623631552,1
25.389639,94.457028,1558.0,22.22435314380804,1
25.392389,94.454333,1542.0,23.4904160686416,1
25.392444,94.29875,1608.0,16.796238729882134,1
25.394361,94.628222,2209.0,19.82702865340817,1
25.394667,94.548917,989.0,18.94158858012096,1
25.394917,94.630111,2226.0,24.862123938667224,1
25.396222,94.450472,1550.0,18.96231828867539,1
25.39625,94.548444,934.0,13.03657849691309,1
25.397944,94.551083,980.0,11.348119585994183,1
25.400639,94.620639,2028.0,27.944207405422546,1
25.407667,94.587222,1679.0,32.10351627298505,1
25.407972,94.596917,1673.0,28.79968165255028,1
25.408417,94.587083,1692.0,28.85516751374433,1
25.409139,94.592139,1662.0,20.846265656650555,1
25.409167,94.599278,1667.0,39.260731733474245,1
25.409222,94.589389,1663.0,32.667159071642764,1
25.409306,94.596417,1678.0,24.862123938667224,1
25.409417,94.599722,1671.0,34.25055493497398,1
25.410278,94.600389,1685.0,21.18915910142139,1
25.410333,94.542028,887.0,0.9548412538721888,1
25.410389,94.579361,1544.0,39.469451083486256,1
25.410667,94.598361,1682.0,26.113233272206745,1
25.410694,94.500056,1812.0,11.976725812374069,1
25.413,94.541333,898.0,18.520635899770767,1
25.413086,94.526303,1149.0,20.097992628721148,1
25.414028,94.58,1522.0,27.565248984490395,1
25.415583,94.558778,1182.0,21.55942138371082,1
25.415639,94.559361,1189.0,18.96231828867539,1
25.416,94.579028,1505.0,19.61060912917093,1
25.416389,94.067894,1267.0,5.128711509483252,1
25.416419,94.077794,1517.0,33.764273391292186,1
25.416483,94.079214,1517.0,44.36965489983546,1
25.416778,94.577472,1507.0,25.253207609369632,1
25.417167,94.578556,1523.0,22.765646640754472,1
25.417653,94.084694,1537.0,23.628423517864423,1
25.417778,94.077222,1528.0,43.9179111866117,1
25.418361,94.578528,1511.0,13.262676008304846,1
25.419,94.578639,1509.0,17.775317038209,1
25.419444,94.5775,1498.0,20.43931757325825,1
25.419639,94.578556,1501.0,20.307500221928045,1
25.42025,94.578222,1498.0,19.451200005616776,1
25.420722,94.577722,1488.0,12.604382648379184,1
25.421028,94.070472,1449.0,30.25643716352927,1
25.421111,94.077,1501.0,25.91570359318582,1
25.421656,94.071,1500.0,31.12871688801731,1
25.427231,94.048914,1456.0,32.401162502089626,1
25.428889,94.043861,1451.0,31.993934384330498,1
25.429097,94.108439,1349.0,26.00818191569552,1
25.42955,94.053333,1458.0,39.16706249520315,1
25.429639,94.556472,1223.0,5.788832299437198,1
25.430853,94.043697,1461.0,35.80301842021218,1
25.431361,94.560861,1292.0,10.555380466061171,1
25.432833,94.575444,1523.0,7.825525624597575,1
25.433231,94.070986,1419.0,32.03054267172445,1
25.4351,94.071111,1394.0,25.14243049054343,1
25.435444,94.061928,1445.0,4.857533338413092,1
25.437203,94.042989,1311.0,33.89536963300801,1
25.439367,94.025864,1414.0,15.179705807856672,1
25.440961,94.046264,1455.0,48.04977340770609,1
25.442278,94.563833,1509.0,25.03089023333195,1
25.443264,94.0392,1491.0,35.45087793804301,1
25.444322,94.046858,1414.0,23.567234622032583,1
25.444333,94.006631,1674.0,34.21858270764896,1
25.444722,94.0414,1367.0,35.63524161504921,1
25.446611,94.049511,1392.0,34.21057985417024,1
25.447378,94.049444,1357.0,23.76524510807156,1
25.447664,94.041483,1411.0,43.22871003564824,1
25.448389,94.003139,1685.0,34.46474362464782,1
25.448506,94.031956,1747.0,25.197913740371355,1
25.450353,94.129017,1422.0,23.97577371272972,1
25.450653,94.046667,1328.0,25.675463214971884,1
25.451814,94.049944,1387.0,38.81071405226977,1
25.452369,94.128022,1415.0,31.89284050209588,1
25.452417,94.018919,1564.0,40.19511744351121,1
25.453942,94.048881,1325.0,35.50271196509591,1
25.454017,94.124572,1396.0,17.66231893216494,1
25.45475,94.552583,1445.0,29.85463927845754,1
25.465167,94.543694,1055.0,26.437229357181263,1
25.466083,94.552889,1265.0,31.89284050209588,1
25.466278,94.552528,1251.0,34.49623729009093,1
25.466528,94.552028,1253.0,27.79130564477921,1
25.466611,94.537861,814.0,13.262676008304846,1
25.467167,94.551528,1229.0,37.50230700018765,1
25.467169,94.54755,1216.0,52.03834808901868,1
25.467772,94.549483,1219.0,41.41469683062031,1
25.468,94.545083,1037.0,20.136303428248134,1
25.468389,94.544917,1040.0,15.42324502154344,1
25.471806,94.543,956.0,25.635076100950123,1
25.47217,94.15433,1489.0,16.91651608571675,1
25.476722,94.534806,930.0,31.12871688801731,1
25.477056,94.534528,941.0,33.44025753518539,1
25.478194,94.535111,942.0,24.8479801794304,1
25.480722,94.532861,965.0,31.051293565952417,1
25.483694,94.530194,1003.0,31.993934384330498,1
25.485861,94.544528,907.0,19.370844026969944,1
25.489611,94.553306,1011.0,30.89535018031049,1
25.492333,94.555444,1017.0,23.75010057347409,1
25.493694,94.555833,976.0,32.13988228321215,1
25.49625,94.554722,940.0,31.993934384330498,1
25.497078,94.553583,919.0,29.195082782485805,1
25.499542,94.552992,899.0,26.57777862373484,1
25.5,94.389,1782.0,24.74862531519583,1
25.508,94.135,1735.0,14.03624346792648,1
25.51591667,94.13652778,1701.0,11.648634944412734,1
25.517,93.957,1820.0,30.56899459462348,1
25.52,93.958,1889.0,37.48271544856495,1
25.521,93.964,1742.0,26.67924362098057,1
25.52103,94.13783,1667.0,20.699546585586496,1
25.523,93.873,1617.0,37.671095800679176,1
25.523,93.898,2150.0,35.181649870682044,1
25.523,93.899,2130.0,39.23736711340155,1
25.523,93.955,1754.0,31.7353754997287,1
25.525,94.146,1565.0,15.042369244334244,1
25.527,93.953,1705.0,27.5172599283964,1
25.528,93.871,1572.0,42.73982112121029,1
25.528,93.872,1623.0,44.03323301127651,1
25.529,93.952,1692.0,22.61986494804043,1
25.529,93.87,1596.0,41.62130964323344,1
25.53128,94.16536,1700.0,9.462322208025618,1
25.532,93.927,1806.0,19.370844026969944,1
25.54039,94.16989,1602.0,19.51118046928032,1
25.587167,94.514361,1411.0,24.2864614630402,1
25.451978,94.137142,1478.0,26.217612768234883,1
24.85397,93.61937,501.0,14.273571375658683,1
24.8587,93.61439,383.0,25.8493248967401,1
24.85534,93.62409,379.0,26.74234155739631,1
25.471526,94.151784,1548.0,8.735690934280582,1
24.979,93.496,1154.0,8.530765609948133,1
24.524125,93.816333,794.0,26.539566558618308,1
24.517056,93.817056,784.0,13.824682316158707,1
25.476047,94.146074,1599.0,21.81855031431221,1
24.985,93.52113889,1043.0,21.18915910142139,1
24.79083333,93.72333333,1053.0,42.97485685199572,1
25.67341667,91.06625,950.0,20.001783914715944,1
25.67469444,91.88652778,1062.0,4.763641690726177,1
24.82908333,93.50694444,360.0,22.61986494804043,1
24.84563889,93.50202778,355.0,20.99158237694124,1
24.86461111,93.59888889,414.0,18.520635899770767,1
24.86469444,93.62116667,350.0,9.508656426564368,1
24.86297222,93.62397222,351.0,20.82800310374709,1
24.73133333,93.92738889,788.0,13.326469949385988,1
24.82022222,94.35255556,1593.0,30.337664384844903,1
25.07849444,94.23608333,1591.0,22.61986494804043,1
25.35366667,94.06508333,1227.0,17.083143246452856,1
25.24868889,93.85251111,1029.0,33.02386755579665,1
24.80664722,93.66738056,977.0,27.62503917921715,1
24.859576,93.576244,412.0,30.49893168631072,1
25.066715,94.349728,1826.0,16.796238729882134,1
24.984331,94.228244,1060.0,32.754877470959904,1
25.047556,92.405806,71.0,25.253207609369632,1
25.084611,92.335667,147.0,29.927479327463576,1
25.08586,92.35869,355.0,11.904688112848122,1
25.093078,92.348025,165.0,34.21858270764895,1
25.095131,92.350111,168.0,35.62790729142092,1
25.096592,92.351017,146.0,36.2114423338008,1
25.111331,92.351128,260.0,43.33171975024536,1
25.112806,92.350194,249.0,43.53560155636589,1
25.113475,92.350506,258.0,38.88263603672812,1
25.114997,92.358378,104.0,15.81919394750014,1
25.117453,92.35705,171.0,25.915703593185818,1
25.122381,92.243069,137.0,32.57012547147069,1
25.133289,92.225272,138.0,34.815583037866574,1
25.133911,92.222392,170.0,24.904481044556743,1
25.136047,92.222064,156.0,28.30319610038818,1
25.143375,92.141861,40.0,30.747804873668915,1
25.143969,92.217497,110.0,32.05794564123819,1
25.147942,92.181586,162.0,21.835672195716143,1
25.148019,92.178114,176.0,31.809663934881115,1
25.148083,92.180639,163.0,28.632096976803734,1
25.148158,92.177172,177.0,36.505887632648864,1
25.148303,92.176236,176.0,29.346331162468683,1
25.148747,92.175119,151.0,24.46133251877165,1
25.14965,92.214519,65.0,34.74601766541864,1
25.150286,92.213508,55.0,15.845167180271268,1
25.151189,92.191308,171.0,33.22063240830351,1
25.152367,92.195708,146.0,13.915808695897177,1
25.153272,92.206058,79.0,25.91570359318582,1
25.156419,92.141353,37.0,18.96231828867539,1
25.156542,92.198469,68.0,18.64821573021375,1
25.156889,92.198194,63.0,13.069151942759,1
25.157592,92.239928,95.0,13.824682316158707,1
25.158643,91.525222,60.0,21.419418908984124,1
25.159367,92.202078,102.0,29.665849859262984,1
25.159469,91.528337,44.0,15.179705807856672,1
25.160222,91.527843,27.0,6.0172848640320336,1
25.160398,91.489558,34.0,4.262693045214654,1
25.16400556,92.38702778,393.0,26.360054096082703,1
25.164133,92.417747,348.0,12.364552990274646,1
25.169159,91.690014,29.0,18.87922133905067,1
25.180032,91.65815,123.0,17.083143246452856,1
25.180536,91.576839,157.0,15.81919394750014,1
25.18092,91.570335,49.0,12.260147486012336,1
25.181759,91.573658,76.0,23.75010057347409,1
25.181969,91.637545,50.0,16.428860704621638,1
25.182254,91.618979,95.0,29.49620849656644,1
25.184381,92.029531,41.0,14.763132623631552,1
25.18676,91.396515,104.0,15.288517970232029,1
25.188327,91.761486,144.0,20.097992628721148,1
25.188444,92.074139,78.0,22.86208914423492,1
25.189106,92.079564,109.0,44.77947522777099,1
25.18955,91.453997,187.0,31.57639333699781,1
25.191611,92.155361,538.0,13.640311227766055,1
25.196781,91.574727,249.0,17.083143246452856,1
25.197283,92.1991,611.0,18.62703081108459,1
25.197283,92.2225,569.0,9.73677691573277,1
25.199311,91.858857,559.0,16.796238729882134,1
25.200333,92.200472,629.0,21.86985930890943,1
25.200934,91.63449,200.0,20.307500221928045,1
25.201,91.234,18.0,1.3502244696996155,1
25.20111,91.640451,412.0,32.05794564123819,1
25.20283,91.20908,50.0,14.24415761739711,1
25.202886,92.201147,646.0,12.604382648379184,1
25.204882,91.742535,542.0,38.876655136344326,1
25.205078,91.57517,301.0,15.06995574963759,1
25.205307,91.755686,439.0,33.490525189983416,1
25.205465,91.755789,457.0,23.021526638116164,1
25.205623,91.736208,545.0,36.89703704231115,1
25.205651,91.599771,493.0,27.33604368814356,1
25.206426,91.75498,478.0,35.74485877621931,1
25.20655,91.744914,566.0,32.667159071642764,1
25.206573,91.738428,661.0,37.48271544856495,1
25.206686,91.73898,662.0,32.427956428323874,1
25.206763,91.231417,142.0,25.955401413885543,1
25.206885,91.740497,678.0,33.723089453168576,1
25.206892,91.736341,614.0,49.253463877930855,1
25.206972,92.208028,680.0,10.046788047511114,1
25.2071,91.741225,693.0,32.24850128082579,1
25.207314,91.592357,541.0,20.99158237694124,1
25.207515,91.746839,536.0,42.05058435733242,1
25.208256,91.69041,363.0,29.08619467351647,1
25.208313,91.606889,656.0,23.444146119861458,1
25.20836,91.725397,586.0,26.00818191569552,1
25.208593,91.742294,733.0,37.927313249696354,1
25.209427,91.646032,607.0,23.674161365449702,1
25.209456,91.646315,604.0,26.628589703310887,1
25.209568,91.745894,599.0,22.42335855928612,1
25.209703,91.646662,611.0,25.91570359318582,1
25.211269,91.208223,322.0,45.067481581853656,1
25.211722,92.065389,619.0,26.91773442777563,1
25.211814,92.065517,629.0,26.126317264569018,1
25.21225,92.047306,580.0,14.959246786437893,1
25.212554,91.747962,598.0,41.36896307416782,1
25.214153,92.045428,591.0,11.348119585994183,1
25.214783,91.590875,761.0,22.684823831912844,1
25.214944,92.073917,674.0,20.99158237694124,1
25.215028,92.075167,670.0,15.81919394750014,1
25.215583,92.077639,687.0,18.520635899770767,1
25.215611,92.077361,685.0,17.083143246452856,1
25.216078,91.738387,906.0,19.47122063449069,1
25.216169,91.389142,162.0,19.370844026969944,1
25.216464,91.735629,883.0,21.95499883223757,1
25.216805,91.709405,540.0,33.32236342654518,1
25.217558,91.709355,549.0,42.73982112121029,1
25.217886,91.73381,877.0,15.845167180271268,1
25.218732,91.740262,970.0,20.82800310374709,1
25.218821,91.581584,796.0,12.225122675735753,1
25.218961,91.707094,546.0,35.121209164599065,1
25.219787,91.710947,552.0,33.44025753518539,1
25.220023,91.631989,435.0,36.83590849508688,1
25.22026,91.720198,565.0,32.401162502089626,1
25.220764,91.187,457.0,18.64821573021375,1
25.221164,91.719886,528.0,39.00770983983683,1
25.221406,91.387092,246.0,30.02066192256465,1
25.221572,91.185833,480.0,27.078936947526696,1
25.22175,91.693006,477.0,23.19506859014077,1
25.222221,91.742134,989.0,20.699546585586496,1
25.222304,91.763619,641.0,38.81071405226977,1
25.222501,91.714409,525.0,34.37782091784768,1
25.222528,91.765256,602.0,39.25489386035365,1
25.222564,91.691398,528.0,33.993006686150665,1
25.223307,91.762345,524.0,36.505887632648864,1
25.223553,91.671157,898.0,29.665849859262984,1
25.223708,91.76661,502.0,28.280269845499703,1
25.223769,91.740164,968.0,31.74467986659196,1
25.224417,91.689893,514.0,28.4627941894252,1
25.224506,91.704403,515.0,23.567234622032583,1
25.224654,91.735929,1048.0,19.787913812706314,1
25.224808,91.696177,367.0,17.775317038209,1
25.225772,91.863037,791.0,10.555380466061171,1
25.226046,91.701458,506.0,25.8493248967401,1
25.226751,91.754441,514.0,29.54940859650111,1
25.226806,92.090611,771.0,16.253917058152773,1
25.227063,91.691293,482.0,25.635076100950123,1
25.227183,91.690972,479.0,22.668609279892426,1
25.227249,91.748917,479.0,30.418494611596422,1
25.22784,91.688252,566.0,16.2287367059342,1
25.228005,91.687913,585.0,33.169529390014134,1
25.228272,91.687776,580.0,27.078936947526696,1
25.228344,91.693332,451.0,19.47122063449069,1
25.228472,92.187806,752.0,11.795709540896548,1
25.228755,91.963018,703.0,6.091478002079769,1
25.229161,91.693249,451.0,23.97577371272972,1
25.229167,92.2235,468.0,23.19506859014077,1
25.229706,91.745297,679.0,32.401162502089626,1
25.229822,91.693551,448.0,21.95499883223757,1
25.229972,92.223278,419.0,38.70825624807791,1
25.230047,92.221119,440.0,35.03012380867594,1
25.230063,91.688941,591.0,17.594079543115168,1
25.231383,92.2215,413.0,31.002719133873992,1
25.232417,92.178881,788.0,11.348119585994183,1
25.233583,92.209583,664.0,19.630414815023528,1
25.234097,91.866071,852.0,14.621143938770764,1
25.23416,91.690216,624.0,18.64821573021375,1
25.234922,92.095531,797.0,7.653048720543413,1
25.234952,91.689803,636.0,20.43931757325825,1
25.234966,91.690051,631.0,21.95499883223757,1
25.23572,91.68776,722.0,32.74612665551688,1
25.236428,92.096172,803.0,15.896959679954522,1
25.236582,91.688857,708.0,18.87922133905067,1
25.23707,91.43212,686.0,30.747804873668915,1
25.237221,91.679456,656.0,20.532771786488425,1
25.237361,92.096992,810.0,17.224372940700082,1
25.239068,91.174728,543.0,30.24625565345472,1
25.23908,90.63944,73.0,14.03624346792648,1
25.240315,91.733388,1096.0,44.89216578140445,1
25.240338,91.677786,718.0,13.915808695897177,1
25.24327,91.866626,921.0,15.06995574963759,1
25.243358,91.747094,1117.0,36.59594159662962,1
25.243671,91.866854,912.0,24.094842552110705,1
25.243783,91.738698,1091.0,45.5694074750436,1
25.247014,92.096144,885.0,10.555380466061171,1
25.247226,91.671435,341.0,37.47617956136138,1
25.24736,91.451647,735.0,23.444146119861458,1
25.247518,91.450545,795.0,38.07907632899583,1
25.251211,91.454514,798.0,34.49623729009093,1
25.25419,90.21486,44.0,7.594643368591445,1
25.256259,91.868197,978.0,24.46133251877165,1
25.257286,91.871763,986.0,23.021526638116164,1
25.257449,91.87187,982.0,21.869859308909422,1
25.259326,91.872712,1001.0,25.267001648248183,1
25.2608,91.8736,1003.0,17.083143246452856,1
25.262931,92.203628,666.0,25.486125594093767,1
25.263806,92.203,684.0,21.95499883223757,1
25.265048,91.591553,1162.0,25.14243049054343,1
25.265158,92.202239,689.0,22.42335855928612,1
25.266067,92.204897,719.0,27.17735741799749,1
25.266222,92.202528,695.0,28.11888767128317,1
25.266939,91.383208,751.0,12.225122675735754,1
25.26851,91.580418,1227.0,26.56505117707799,1
25.269949,91.875273,1073.0,21.81855031431221,1
25.27142,91.874884,1074.0,17.594079543115168,1
25.27197,91.874872,1078.0,17.93200256558677,1
25.273217,91.609962,399.0,31.89284050209588,1
25.27342,91.578074,1287.0,31.50104503484435,1
25.273477,91.577794,1279.0,28.485468456722128,1
25.277215,91.865449,1153.0,17.29444852858009,1
25.277934,91.575,1166.0,54.84946319807791,1
25.278028,91.348931,1072.0,18.262020066776483,1
25.281122,92.345397,864.0,15.179705807856672,1
25.282267,92.341433,946.0,19.370844026969944,1
25.28236861,91.73874417,759.0,34.090063875331914,1
25.282485,91.57685,1034.0,28.88836980568737,1
25.282608,91.867354,1155.0,18.96231828867539,1
25.282943,91.580161,970.0,29.421439641486938,1
25.288467,91.224269,687.0,25.03089023333195,1
25.289055,91.533039,942.0,35.264389682754654,1
25.294601,91.930853,1115.0,14.273571375658683,1
25.294778,91.930833,1115.0,14.273571375658683,1
25.295624,91.56964,1263.0,41.49566207886726,1
25.295881,91.071747,411.0,17.775317038209,1
25.296,91.932,1090.0,25.79602649449995,1
25.298806,91.923167,1233.0,5.385977098599754,1
25.298951,91.726475,1507.0,20.155422119735228,1
25.299369,91.325575,1139.0,32.6759519939448,1
25.299931,91.726268,1524.0,27.238572082130062,1
25.300281,91.944944,1136.0,23.56723462203258,1
25.300389,91.726722,1519.0,22.98976777360885,1
25.301167,91.929306,1116.0,8.984876931685683,1
25.301383,91.922017,1192.0,27.55326483492445,1
25.301444,91.9245,1208.0,18.96231828867539,1
25.301559,91.922585,1190.0,28.79968165255028,1
25.301676,91.923138,1193.0,29.346331162468683,1
25.302544,91.925218,1184.0,13.915808695897177,1
25.305047,91.075778,292.0,30.80698111710518,1
25.309969,92.69525,1157.0,16.2287367059342,1
25.311336,90.969222,382.0,13.915808695897177,1
25.311778,91.917528,1161.0,12.638224684699054,1
25.312667,92.130417,1142.0,8.104435709194412,1
25.31458,91.45242,1308.0,43.097794687172446,1
25.31488,91.44913,1378.0,24.805474401698422,1
25.31488,91.33367,1141.0,43.45615808370977,1
25.315176,91.923021,1031.0,35.27189058250504,1
25.316069,92.685461,906.0,15.99993592924168,1
25.316519,92.692311,945.0,27.029504599267472,1
25.316519,92.692,938.0,27.360321545332805,1
25.316589,92.687186,915.0,25.955401413885543,1
25.318161,92.687219,904.0,18.96231828867539,1
25.31848,91.45262,1393.0,22.61986494804043,1
25.320833,91.9275,1099.0,20.99158237694124,1
25.321102,91.927514,1099.0,22.684823831912844,1
25.321975,92.504228,1143.0,13.069151942759,1
25.322897,91.927752,1080.0,35.121209164599065,1
25.324583,91.940667,825.0,22.684823831912844,1
25.324806,91.942194,834.0,27.32389130134654,1
25.324861,91.938389,851.0,10.759583898850556,1
25.324889,91.943417,835.0,16.228736705934203,1
25.325889,91.935222,952.0,20.43931757325825,1
25.326032,91.659568,1368.0,39.8055710922652,1
25.326063,91.931808,989.0,39.14355704978305,1
25.326204,91.932463,996.0,32.11261530059655,1
25.326694,91.933972,971.0,26.57777862373484,1
25.32765,91.893414,1449.0,15.896959679954522,1
25.331209,91.67737,1613.0,38.69010577379569,1
25.331948,91.661011,1546.0,20.439317573258247,1
25.332836,91.934395,565.0,37.51535462990476,1
25.333758,92.589778,1137.0,17.5484006137923,1
25.338631,91.777559,1416.0,42.51516365200912,1
25.338711,91.775111,1432.0,24.359555875506427,1
25.339339,92.584781,1109.0,15.845167180271268,1
25.341306,92.009611,1053.0,32.53469816945699,1
25.342269,92.58225,1069.0,23.069045509039658,1
25.343028,92.0625,1250.0,19.82702865340817,1
25.343111,92.584269,1089.0,23.4904160686416,1
25.343528,92.069028,1235.0,12.53638838286113,1
25.343939,92.5849,1090.0,21.835672195716143,1
25.345,91.891,1539.0,26.334247846853145,1
25.34555,91.891461,1529.0,32.667159071642764,1
25.345611,91.895,1577.0,4.763641690726177,1
25.346111,92.00675,860.0,43.24667654838039,1
25.346972,92.008278,996.0,40.70850426789114,1
25.347353,92.010558,1095.0,27.432940772267944,1
25.347444,92.007917,1008.0,37.00513608621634,1
25.34815,91.892506,1522.0,26.20460176321736,1
25.348394,91.762714,1547.0,20.07880037349212,1
25.349742,91.893423,1550.0,28.553305000609424,1
25.350166,91.972582,1071.0,26.539566558618308,1
25.35093,92.51236,1177.0,7.416536974278209,1
25.351304,91.89353,1563.0,14.273571375658683,1
25.352431,92.513478,1153.0,13.515781057664528,1
25.353486,91.765544,1603.0,37.16592466590954,1
25.354239,92.572861,994.0,11.386165083355712,1
25.354644,91.973237,1184.0,31.44430728239367,1
25.35465,92.5735,1001.0,12.364552990274646,1
25.35525,91.767889,1623.0,36.59594159662962,1
25.356361,92.004972,905.0,30.77741947322608,1
25.356461,92.006278,919.0,36.05502968442895,1
25.356475,91.225489,1030.0,25.34952033151192,1
25.357472,91.229167,1087.0,21.971970836813973,1
25.358972,92.003131,973.0,35.339242872470656,1
25.358977,91.973477,1182.0,28.222814437179903,1
25.359281,91.035939,535.0,4.763641690726178,1
25.359306,91.885111,1472.0,35.264389682754654,1
25.359331,91.974469,1167.0,32.06706985148497,1
25.359611,91.889417,1560.0,27.33604368814356,1
25.359922,91.882943,1518.0,36.25383773744479,1
25.359923,91.883122,1518.0,36.25383773744479,1
25.359985,91.882639,1518.0,41.98721249581666,1
25.360004,91.8838,1522.0,33.44025753518539,1
25.360132,91.882043,1511.0,27.613098503754813,1
25.360351,91.974979,1193.0,24.591248866909307,1
25.361056,91.034889,536.0,17.387333467314576,1
25.362972,91.976278,1192.0,25.915703593185818,1
25.363156,92.618839,1069.0,9.508656426564368,1
25.364889,91.881,1446.0,41.90884788180327,1
25.36565,92.5314,1022.0,12.225122675735754,1
25.36925,91.879611,1354.0,37.84449625941184,1
25.372139,91.879889,1437.0,32.10351627298505,1
25.374072,90.8146,213.0,22.684823831912844,1
25.37539167,92.431275,1112.0,10.43076019506472,1
25.375719,92.610181,1035.0,18.174763056324142,1
25.375806,92.609725,1049.0,9.321835749415005,1
25.375917,91.876,1492.0,26.437229357181263,1
25.376083,91.876944,1421.0,40.70318870066343,1
25.3763,91.874028,1512.0,28.79968165255028,1
25.376992,91.038136,612.0,8.159014354942736,1
25.381107,91.756477,1774.0,26.577778623734844,1
25.382428,91.874568,1514.0,27.226347381898258,1
25.382563,91.757675,1760.0,33.69006752597979,1
25.382694,91.877528,1381.0,40.14006614878386,1
25.382898,91.757906,1775.0,27.029504599267472,1
25.383298,91.87473,1525.0,29.54940859650111,1
25.385535,91.988473,1362.0,17.5484006137923,1
25.386191,91.874586,1520.0,26.56505117707799,1
25.386583,91.874694,1527.0,31.002719133873985,1
25.38707,91.988294,1360.0,29.421439641486938,1
25.387781,91.877117,1450.0,29.421439641486938,1
25.387912,91.762233,1768.0,29.260073022738787,1
25.38803,91.46977,1529.0,6.379370208442804,1
25.388039,91.8773,1458.0,34.46474362464782,1
25.389028,91.874917,1409.0,41.90884788180327,1
25.390145,91.87196,1569.0,26.67924362098057,1
25.390444,91.883806,1251.0,31.58578773967389,1
25.390714,91.764766,1763.0,29.24925904290538,1
25.391265,91.884164,1268.0,20.80971857959822,1
25.391723,91.871851,1585.0,27.32389130134654,1
25.391944,91.875028,1405.0,44.2360201883268,1
25.393914,91.872066,1588.0,26.113233272206745,1
25.394983,91.872484,1592.0,36.83590849508688,1
25.397287,91.872324,1574.0,17.775317038209,1
25.397722,91.769417,1800.0,11.648634944412734,1
25.398345,91.769704,1804.0,8.735690934280582,1
25.39897,91.993367,1422.0,38.81672017857869,1
25.400194,92.015731,1221.0,50.19714643182018,1
25.40023,91.5159,1592.0,19.12710170142385,1
25.4013,91.45855,1563.0,24.862123938667224,1
25.40547,91.53712,1461.0,17.66231893216494,1
25.407917,91.998889,1522.0,8.530765609948133,1
25.408236,91.778704,1833.0,22.61986494804043,1
25.413306,91.871139,1650.0,46.12050877888997,1
25.416456,90.802981,135.0,8.935631425418535,1
25.42142,92.28894,1331.0,10.046788047511114,1
25.422194,91.869222,1671.0,32.401162502089626,1
25.423674,91.721317,1693.0,27.017123217850244,1
25.423839,91.862729,1749.0,28.485468456722128,1
25.425,91.405,1563.0,18.520635899770767,1
25.425944,91.866,1576.0,28.553305000609424,1
25.426194,92.180472,1360.0,22.765646640754472,1
25.426306,92.181278,1359.0,21.135527342306386,1
25.430111,92.182167,1302.0,17.01197993242201,1
25.430167,91.866528,1604.0,29.54940859650112,1
25.434972,92.18425,1274.0,26.96750407359889,1
25.435167,92.185006,1259.0,14.03624346792648,1
25.43561,91.862056,1635.0,20.607120971804857,1
25.436306,91.050361,621.0,10.046788047511114,1
25.436706,91.051053,633.0,4.857533338413092,1
25.436875,91.06105,685.0,18.130932944052347,1
25.437036,91.857168,1810.0,26.880307851328983,1
25.438495,91.862917,1668.0,43.18820521020111,1
25.439833,92.181333,1294.0,28.49679392207442,1
25.439889,92.181083,1309.0,23.19506859014077,1
25.440153,90.881372,538.0,31.311156133255537,1
25.44465,91.34622,1471.0,15.179705807856672,1
25.446933,91.742919,1746.0,28.91046765839842,1
25.44889,92.19417,1331.0,23.81059263950923,1
25.449349,91.817118,1793.0,14.15548761586253,1
25.450464,92.095806,1078.0,15.609525869125669,1
25.450628,91.817767,1788.0,17.93200256558677,1
25.452164,91.819054,1773.0,15.179705807856672,1
25.455639,91.082944,725.0,21.260377126997216,1
25.455817,91.086289,704.0,11.795709540896548,1
25.461894,91.830791,1732.0,17.224372940700082,1
25.462319,91.096836,876.0,24.904481044556743,1
25.463778,92.04425,1465.0,12.604382648379184,1
25.479069,90.807167,324.0,18.87922133905067,1
25.484178,92.510928,1120.0,6.91817481667161,1
25.489833,92.069033,1252.0,17.224372940700082,1
25.490472,92.069472,1230.0,22.29097037475897,1
25.490475,92.069278,1225.0,20.097992628721148,1
25.490961,92.070397,1233.0,16.601549599020238,1
25.49137,91.821688,1713.0,23.75010057347409,1
25.49151667,91.77329444,1802.0,16.453666886955713,1
25.496081,91.117675,981.0,19.51118046928032,1
25.496367,91.163575,1187.0,14.592550602033429,1
25.496861,91.198556,1289.0,29.260073022738787,1
25.49736111,91.77902778,1802.0,3.4389123953782974,1
25.49833333,91.73361111,1733.0,13.421509132977462,1
25.5,90.21,206.0,9.321835749415005,1
25.5,90.22,407.0,12.364552990274646,1
25.5014,90.68972,251.0,3.016961309815993,1
25.50335,91.28335,1414.0,21.18915910142139,1
25.50368056,91.72342222,1748.0,5.550718212127324,1
25.504083,91.723028,1747.0,10.176527410054078,1
25.50667,91.28318,1396.0,20.532771786488425,1
25.507378,91.223883,1363.0,23.567234622032583,1
25.507528,91.224333,1361.0,23.567234622032583,1
25.507586,91.708236,1777.0,14.03624346792648,1
25.50781,90.68,352.0,6.853224835121291,1
25.508,91.225694,1378.0,18.43494882292201,1
25.509233,91.703961,1785.0,9.870926939134982,1
25.509358,91.719631,1743.0,11.648634944412734,1
25.51,90.21,264.0,14.621143938770764,1
25.51028,90.21678,325.0,11.461836902818336,1
25.51046111,91.70312778,1795.0,13.421509132977462,1
25.512611,90.658611,366.0,3.4389123953782974,1
25.519556,91.266444,1333.0,6.721369339369457,1
25.51973,91.28443,1449.0,1.3502244696996155,1
25.520356,91.537764,1593.0,23.021526638116164,1
25.5208,91.25985,1358.0,19.74869565807571,1
25.522717,91.448328,1528.0,14.959246786437893,1
25.522768,91.892701,1837.0,17.083143246452856,1
25.523,91.521389,1586.0,13.824682316158707,1
25.523083,91.268972,1352.0,18.96231828867539,1
25.524931,91.514383,1596.0,24.591248866909307,1
25.525533,91.467683,1692.0,23.4904160686416,1
25.527489,92.415139,1248.0,19.451200005616776,1
25.5275,91.918861,1775.0,14.763132623631552,1
25.527781,91.263214,1339.0,8.049466975528398,1
25.528308,91.395711,1539.0,16.228736705934203,1
25.529056,91.923722,1748.0,12.364552990274646,1
25.529408,92.455339,1178.0,7.2338446967252255,1
25.53,89.98,69.0,7.416536974278209,1
25.533183,91.205647,1350.0,16.72355800648402,1
25.534486,91.205492,1359.0,26.56505117707799,1
25.53458,92.11539,1238.0,10.046788047511114,1
25.536889,91.206556,1337.0,26.360054096082703,1
25.53725,91.206972,1333.0,21.04572088407583,1
25.537344,91.207542,1333.0,29.58124669955053,1
25.537636,91.208528,1333.0,27.17735741799749,1
25.537972,91.602361,1626.0,23.069045509039658,1
25.54231,92.1,1336.0,17.083143246452856,1
25.54261,92.10867,1138.0,14.763132623631552,1
25.54261,92.09842,1318.0,10.759583898850556,1
25.54264,92.10214,1332.0,6.853224835121291,1
25.542744,91.662067,1762.0,21.04572088407583,1
25.54328,92.10478,1272.0,28.665750219765908,1
25.544028,91.215472,1364.0,11.309932474020217,1
25.544889,91.263722,1363.0,20.001783914715944,1
25.544906,91.268575,1379.0,28.280269845499703,1
25.544917,91.270722,1393.0,19.47122063449069,1
25.544936,91.267672,1369.0,22.07341542334565,1
25.545061,91.269778,1386.0,25.688903331931808,1
25.545206,91.276144,1406.0,20.973493421320807,1
25.545642,91.325403,1507.0,17.66231893216494,1
25.545722,91.520556,1674.0,0.9548412538721888,1
25.545939,91.284283,1425.0,26.113233272206745,1
25.546456,91.235733,1329.0,20.80971857959822,1
25.546553,91.235222,1324.0,25.376933525152303,1
25.547867,91.292589,1485.0,12.260147486012336,1
25.548089,91.647706,1717.0,4.262693045214654,1
25.548306,91.61775,1637.0,23.069045509039658,1
25.549139,91.244417,1348.0,16.2287367059342,1
25.549333,91.246583,1337.0,25.15631913369421,1
25.549639,91.247472,1337.0,21.419418908984124,1
25.549667,91.242444,1350.0,16.723558006484023,1
25.549789,91.645033,1699.0,18.520635899770767,1
25.549861,91.295706,1483.0,11.038532615965034,1
25.549961,91.341175,1564.0,19.31028740874557,1
25.55,90.33,744.0,3.016961309815993,1
25.550122,91.250286,1336.0,22.29097037475897,1
25.5502,91.618106,1660.0,15.92277945817654,1
25.550608,91.232894,1331.0,23.397741000263863,1
25.551225,91.232636,1333.0,21.680889149080844,1
25.55125,91.297056,1477.0,8.935631425418535,1
25.551667,91.2325,1318.0,19.12710170142385,1
25.551667,92.331806,1192.0,26.767512858834905,1
25.552647,91.237072,1356.0,3.931095784160226,1
25.552992,90.814503,503.0,24.242444512172103,1
25.553522,90.815225,485.0,21.260377126997213,1
25.553794,91.231139,1304.0,18.96231828867539,1
25.555256,91.234944,1338.0,14.066164922222868,1
25.557833,90.818103,514.0,12.04828213833979,1
25.558058,90.809919,405.0,28.280269845499703,1
25.558442,91.228547,1302.0,15.042369244334244,1
25.558489,91.230911,1315.0,22.373844274024943,1
25.559222,91.229639,1313.0,23.628423517864423,1
25.559778,92.226278,1279.0,14.15548761586253,1
25.56,90.34,745.0,15.042369244334246,1
25.56,90.37,678.0,17.66231893216494,1
25.560028,90.833917,576.0,15.042369244334246,1
25.560667,91.228028,1307.0,27.505240762859906,1
25.560931,91.227694,1308.0,27.62503917921715,1
25.561281,92.330142,1064.0,28.49679392207442,1
25.563239,91.225711,1326.0,22.86208914423492,1
25.563472,92.329689,1032.0,28.79968165255028,1
25.565333,91.225667,1325.0,19.787913812706314,1
25.565489,91.220686,1341.0,8.735690934280582,1
25.565569,90.808153,413.0,6.091478002079769,1
25.56667,91.90194,1545.0,3.016961309815993,1
25.568056,91.737944,1710.0,10.759583898850556,1
25.568106,91.737919,1710.0,10.759583898850556,1
25.568837,91.833286,1469.0,21.95499883223757,1
25.569222,91.217222,1293.0,17.66231893216494,1
25.569278,92.2025,1249.0,28.11888767128317,1
25.569333,92.202139,1233.0,21.04572088407583,1
25.569778,91.21575,1282.0,10.555380466061171,1
25.57,89.98,53.0,9.870926939134982,1
25.570361,91.215056,1274.0,8.049466975528398,1
25.571,92.55128,836.0,16.428860704621638,1
25.571256,91.825464,1277.0,25.8493248967401,1
25.571299,91.833183,1442.0,17.775317038209,1
25.571555,91.826228,1281.0,33.3982497427651,1
25.571747,91.827526,1305.0,29.421439641486938,1
25.572312,91.828292,1326.0,40.05711897530876,1
25.572492,91.209156,1263.0,16.723558006484023,1
25.57255,91.828833,1326.0,41.77567556138229,1
25.573653,91.831023,1357.0,33.993006686150665,1
25.57425,91.214472,1247.0,15.06995574963759,1
25.57428,91.831851,1362.0,40.14558013326291,1
25.576806,92.242444,1190.0,15.042369244334246,1
25.576847,91.753423,1706.0,20.80971857959822,1
25.577212,91.75219,1674.0,24.591248866909307,1
25.578206,92.266856,1250.0,11.499465999742789,1
25.57822,91.86545,1459.0,8.735690934280582,1
25.58,89.99,43.0,6.0172848640320336,1
25.580703,91.237361,1350.0,13.262676008304846,1
25.581572,91.181611,1232.0,20.250651404968387,1
25.581822,91.189944,1249.0,17.29444852858009,1
25.581829,91.765659,1694.0,21.47206914335925,1
25.581983,91.176972,1251.0,25.80936745770508,1
25.582061,91.185611,1224.0,15.179705807856672,1
25.582836,91.183972,1228.0,18.87922133905067,1
25.583236,91.237317,1318.0,17.775317038209,1
25.585389,91.1765,1211.0,7.653048720543413,1
25.585875,91.777328,1692.0,20.001783914715944,1
25.587111,91.498556,1567.0,17.5484006137923,1
25.59578,91.917379,1506.0,12.04828213833979,1
25.597614,91.153233,1143.0,10.046788047511114,1
25.598908,91.175628,1098.0,11.348119585994183,1
25.599096,91.859289,1279.0,19.31028740874557,1
25.599575,91.1782,1133.0,17.66231893216494,1
25.599762,91.860814,1298.0,17.01197993242201,1
25.599815,91.860028,1292.0,24.46133251877165,1
25.599817,91.176394,1096.0,14.24415761739711,1
25.6,90.03,75.0,7.653048720543413,1
25.6,90.29,601.0,20.439317573258247,1
25.600736,91.177453,1079.0,17.29444852858009,1
25.602683,91.180708,1060.0,22.22435314380804,1
25.60339,91.856222,1245.0,30.508958866202807,1
25.606189,91.157706,1170.0,8.735690934280582,1
25.606193,91.856276,1193.0,32.57012547147069,1
25.606969,91.176158,1131.0,20.99158237694124,1
25.607458,91.157039,1184.0,17.752790161946685,1
25.607567,91.174906,1145.0,19.451200005616776,1
25.61,90.29,565.0,9.64622531297678,1
25.61,90.3,692.0,10.999158271052185,1
25.61,90.31,671.0,5.385977098599754,1
25.611361,91.022019,938.0,14.03624346792648,1
25.611931,92.452931,993.0,11.348119585994183,1
25.612528,91.870861,1328.0,22.373844274024943,1
25.612794,91.173697,1157.0,12.772578169490426,1
25.613583,91.871778,1317.0,17.752790161946685,1
25.613917,91.868639,1282.0,30.77741947322608,1
25.614112,91.869632,1291.0,23.75010057347409,1
25.614537,91.87005,1285.0,23.75010057347409,1
25.614657,91.870692,1289.0,26.628589703310887,1
25.614664,91.870266,1282.0,25.526884054256257,1
25.614807,91.871158,1294.0,28.037600489728423,1
25.614912,91.871711,1279.0,33.698329255184774,1
25.615092,91.309872,1423.0,16.601549599020238,1
25.615134,91.872232,1292.0,33.83814426542724,1
25.617787,91.872745,1254.0,25.79602649449995,1
25.618994,91.185681,1159.0,16.051123667414398,1
25.619625,91.616567,1506.0,15.92277945817654,1
25.619861,91.875111,1233.0,29.917093225401345,1
25.62,90.33,681.0,4.763641690726178,1
25.62,91.88272222,1266.0,11.461836902818336,1
25.624778,91.16775,1239.0,13.16632060042364,1
25.6251,91.9118,1355.0,6.721369339369457,1
25.625142,90.791675,441.0,7.653048720543413,1
25.625331,91.182614,1176.0,24.634322367669885,1
25.626417,91.887028,1261.0,10.759583898850556,1
25.626767,91.165211,1256.0,23.674161365449702,1
25.626794,91.829725,1443.0,21.260377126997213,1
25.627946,91.876487,1164.0,23.132182561931256,1
25.628361,91.037139,929.0,16.72355800648402,1
25.628758,91.164169,1251.0,18.130932944052347,1
25.629003,91.037664,938.0,26.334247846853145,1
25.629683,91.163172,1239.0,15.06995574963759,1
25.63,90.33,650.0,6.091478002079769,1
25.630652,91.87886,1148.0,23.19506859014077,1
25.632286,91.162786,1257.0,17.775317038209,1
25.635556,90.807778,444.0,11.038532615965034,1
25.636747,91.162711,1267.0,9.508656426564368,1
25.636913,91.843235,1256.0,22.40687120493745,1
25.637026,91.844464,1273.0,24.904481044556743,1
25.637189,91.93345,1324.0,26.96750407359889,1
25.637274,91.844234,1251.0,31.6607510966366,1
25.637365,91.932235,1299.0,29.665849859262984,1
25.637779,91.932565,1293.0,26.20460176321736,1
25.639417,91.044806,926.0,11.976725812374069,1
25.640264,91.848588,1203.0,33.89536963300801,1
25.641388,91.854928,1154.0,33.2376314445189,1
25.64213,91.851852,1104.0,22.22435314380804,1
25.642198,91.851055,1109.0,26.56505117707799,1
25.643494,91.159222,1214.0,13.262676008304846,1
25.64366,91.899342,1060.0,21.938008256074177,1
25.644222,91.158528,1205.0,15.99993592924168,1
25.644833,91.134778,1218.0,14.959246786437893,1
25.644944,91.158153,1201.0,13.421509132977462,1
25.64575,92.071167,859.0,15.845167180271268,1
25.6466,91.157592,1197.0,24.16881343581011,1
25.647514,91.055144,975.0,24.46133251877165,1
25.64906111,91.89733611,1096.0,21.04572088407583,1
25.64908889,91.899,1091.0,25.8493248967401,1
25.649856,91.154383,1161.0,7.825525624597575,1
25.65,90.38,500.0,6.0172848640320336,1
25.65060556,91.89945278,1111.0,15.99993592924168,1
25.656408,91.900528,947.0,16.723558006484023,1
25.657083,91.147397,1160.0,6.853224835121291,1
25.65835,91.177014,1156.0,14.959246786437893,1
25.660275,91.144308,1177.0,9.321835749415005,1
25.660825,91.143689,1162.0,12.260147486012336,1
25.663303,91.1347,1128.0,25.91570359318582,1
25.663444,91.915944,948.0,16.453666886955713,1
25.664111,91.089556,914.0,26.56505117707799,1
25.6655,91.090556,936.0,15.042369244334244,1
25.666028,91.091167,946.0,21.611596098722195,1
25.66675,91.121472,1050.0,9.73677691573277,1
25.667072,91.091972,969.0,20.307500221928045,1
25.667417,91.092333,959.0,19.31028740874557,1
25.667472,91.066778,1010.0,28.82189836411544,1
25.667597,91.063169,983.0,18.305448954250743,1
25.667744,91.597819,1280.0,11.499465999742789,1
25.668317,91.114858,1019.0,12.604382648379184,1
25.668469,91.975083,1020.0,30.41849461159642,1
25.669678,91.102908,1032.0,27.372447043216635,1
25.66975,91.100222,1029.0,31.06099134268408,1
25.670083,91.094806,986.0,26.20460176321736,1
25.670639,91.09525,1004.0,22.09025870405004,1
25.671125,91.178883,1101.0,15.36952380130432,1
25.6715,91.095233,989.0,18.64821573021375,1
25.671583,91.040889,959.0,11.386165083355712,1
25.671944,91.096139,998.0,20.155422119735228,1
25.672167,91.066028,971.0,14.763132623631552,1
25.672917,91.06475,990.0,9.321835749415005,1
25.674,92.157667,807.0,6.721369339369457,1
25.676,92.157917,838.0,15.179705807856672,1
25.678306,91.07975,988.0,11.348119585994183,1
25.68625,91.118358,1057.0,21.18915910142139,1
25.687056,91.6485,1139.0,25.526884054256257,1
25.687083,91.650858,1111.0,22.668609279892426,1
25.687314,91.655378,1075.0,28.002640063185417,1
25.687431,91.648322,1133.0,31.01244544880732,1
25.687442,91.656183,1045.0,21.04572088407583,1
25.687856,91.647944,1142.0,36.42929126949838,1
25.688011,91.658069,1032.0,26.56505117707799,1
25.690833,91.056556,923.0,13.03657849691309,1
25.691444,91.057,927.0,11.348119585994183,1
25.691453,91.645731,1273.0,36.93089662022377,1
25.692933,91.647703,1196.0,28.82189836411544,1
25.692947,91.648044,1179.0,23.444146119861458,1
25.693222,91.0555,926.0,17.387333467314576,1
25.69483,91.11836,1095.0,14.621143938770764,1
25.696489,91.644528,1244.0,26.93019100092878,1
25.696556,92.109694,839.0,5.788832299437198,1
25.698111,91.18275,1105.0,23.273326481355983,1
25.6985,91.056611,907.0,7.653048720543413,1
25.698667,91.054778,865.0,15.609525869125669,1
25.699306,91.055556,887.0,19.12710170142385,1
25.6999,91.642192,1260.0,25.675463214971884,1
25.700053,91.644486,1254.0,34.017325088918376,1
25.704083,92.118833,837.0,7.2338446967252255,1
25.716594,90.822539,372.0,15.36952380130432,1
25.746722,92.111139,898.0,26.57777862373484,1
25.746806,92.107806,913.0,24.805474401698422,1
25.747333,92.117333,866.0,16.051123667414398,1
25.747597,92.114167,893.0,24.475819581509896,1
25.75634,92.017832,973.0,29.686933196903503,1
25.763347,91.657153,849.0,17.224372940700082,1
25.776087,92.03754,930.0,18.96231828867539,1
25.79,91.02,569.0,13.915808695897177,1
25.79,90.44,197.0,12.772578169490426,1
25.795444,91.662111,763.0,15.36952380130432,1
25.796657,92.143462,821.0,24.38870074689113,1
25.8,91.11,513.0,22.07341542334565,1
25.8,91.01,554.0,10.176527410054078,1
25.81,91.02,431.0,24.16881343581011,1
25.83,91.14,384.0,12.364552990274646,1
25.83,91.05,110.0,6.091478002079769,1
25.84,91.47,359.0,19.370844026969944,1
25.85,91.17,78.0,2.1342998941463125,1
25.86575,92.153286,674.0,14.621143938770764,1
25.874293,92.018322,763.0,8.735690934280582,1
25.913997,91.578903,414.0,18.64821573021375,1
25.9235,91.574222,469.0,15.92277945817654,1
25.92792,91.87717,591.0,10.759583898850556,1
25.930386,91.571822,510.0,27.17735741799749,1
25.934889,91.714389,291.0,16.723558006484023,1
25.935708,91.714556,281.0,24.16881343581011,1
25.935833,91.56525,486.0,31.434832006995155,1
25.935908,91.564903,486.0,28.11888767128317,1
25.937,91.87553,561.0,12.225122675735754,1
25.940439,91.563069,454.0,18.96231828867539,1
25.940978,91.724644,308.0,13.915808695897177,1
25.951106,91.968889,547.0,23.132182561931256,1
25.9545,91.546622,180.0,22.684823831912844,1
25.95847,91.85406,339.0,12.260147486012336,1
25.970032,92.056762,606.0,25.915703593185818,1
25.970062,92.054889,603.0,26.880307851328983,1
25.971897,91.562372,280.0,33.821757317608586,1
25.972322,91.561125,285.0,20.532771786488425,1
25.972469,91.560822,278.0,30.205466819616653,1
25.97256,91.86242,338.0,10.555380466061171,1
25.978481,91.569575,391.0,21.81855031431221,1
25.982436,92.057405,407.0,11.386165083355712,1
25.994619,91.577214,378.0,8.47871314708616,1
26.00294,91.86692,405.0,7.653048720543413,1
26.007083,91.909806,210.0,17.775317038209,1
26.01061,91.86886,342.0,24.862123938667224,1
26.011861,91.569611,87.0,24.805474401698422,1
26.022094,91.832906,106.0,9.870926939134982,1
26.02547,91.87158,179.0,11.038532615965034,1
26.027028,91.88175,87.0,23.56723462203258,1
26.027583,91.886556,91.0,26.61590170730996,1
26.02897,91.87197,155.0,14.931417178137552,1
26.032028,91.989528,237.0,20.846265656650555,1
26.033583,91.867083,116.0,10.43076019506472,1
26.0591,92.236,71.0,11.976725812374069,1
26.061,92.241,72.0,21.242603631151898,1
26.075944,91.820806,222.0,10.555380466061171,1
26.08125,91.798278,106.0,24.634322367669885,1
26.086389,91.879083,86.0,15.042369244334244,1
26.086975,91.7831,88.0,14.763132623631552,1
25.47704743,92.16831285,1405.0,8.984876931685683,1
25.46307925,92.25426106,1376.0,3.4389123953782974,1
25.5667327,91.9146185,1537.0,6.853224835121291,1
25.28422636,92.11294194,1036.0,8.735690934280582,1
25.2842285,92.11314877,1036.0,8.735690934280582,1
25.29967,91.46108,1047.0,18.45641864524321,1
25.29667,91.45986,1005.0,24.634322367669885,1
25.2975,91.46167,1075.0,21.869859308909422,1
25.29739,91.46201,1082.0,14.535165207979569,1
25.29778,91.45972,1067.0,13.640311227766055,1
25.809088,91.875238,594.0,18.520635899770767,1
25.781246,91.874475,698.0,10.43076019506472,1
25.640581,91.89212,1188.0,21.18915910142139,1
25.465167,91.824944,1690.0,14.506372352544124,1
25.422278,91.867694,1713.0,31.434832006995155,1
25.43480556,91.85952778,1805.0,32.53469816945699,1
25.48716667,91.81936111,1724.0,6.91817481667161,1
25.456896,91.826145,1760.0,17.775317038209,1
25.369056,91.775046,1683.0,29.58124669955053,1
25.366201,91.767213,1608.0,35.339242872470656,1
25.355042,91.767525,1621.0,38.97802093380687,1
25.340415,91.774142,1441.0,31.77256152831432,1
25.57711111,91.88141667,1484.0,3.4389123953782974,1
25.56183333,91.86855556,1546.0,14.763132623631552,1
25.57188889,91.90127778,1515.0,9.462322208025618,1
25.56852778,91.89219444,1532.0,6.0172848640320336,1
25.13561111,92.3805,178.0,23.56723462203258,1
25.13486111,92.382,188.0,44.05448909146209,1
25.12383333,92.38519444,93.0,44.73090749488438,1
25.07533333,92.36341667,156.0,24.8479801794304,1
25.05108333,92.40219444,64.0,9.64622531297678,1
25.04305556,92.42041667,149.0,17.01197993242201,1
25.04222222,92.44127778,276.0,25.07280797783953,1
25.36497222,91.02411111,398.0,12.260147486012336,1
25.26361111,92.38557778,844.0,14.959246786437893,1
25.26005556,92.38863889,792.0,11.386165083355712,1
25.14702778,92.37883333,195.0,15.845167180271268,1
25.14341667,92.37805556,206.0,27.944207405422546,1
25.13427778,92.38511111,148.0,18.43494882292201,1
25.09022222,92.35805556,151.0,25.5133092609215,1
25.09055556,92.35972222,203.0,20.307500221928045,1
25.08772222,92.36086111,431.0,22.668609279892426,1
26.00361111,92.86361111,77.0,1.3502244696996155,1
25.53086111,91.29780556,1465.0,20.532771786488425,1
25.97283333,91.86545,285.0,20.846265656650555,1
25.97255556,91.86241667,338.0,10.555380466061171,1
26.02611111,91.86827778,111.0,13.262676008304846,1
25.24416667,91.79397222,522.0,34.999648077881965,1
25.563,91.885,1572.0,24.16881343581011,1
25.56663056,91.91370556,1530.0,11.038532615965034,1
25.281,91.57330556,1325.0,14.03624346792648,1
25.27728056,91.57445,1334.0,48.53323420115268,1
25.6489,91.8965,1079.0,15.896959679954522,1
25.64911111,91.899,1091.0,25.8493248967401,1
25.23211111,91.37252778,418.0,16.051123667414398,1
25.22194444,91.38422222,240.0,21.04572088407584,1
25.2161,91.38912222,162.0,19.370844026969944,1
25.18766667,91.39816667,94.0,20.43931757325825,1
25.18688889,91.39855556,77.0,17.083143246452856,1
25.44233333,92.19447222,1331.0,7.825525624597575,1
25.44177778,92.19558333,1340.0,4.262693045214654,1
25.44138889,92.19108333,1318.0,28.553305000609424,1
25.43630556,92.19525,1359.0,13.16632060042364,1
25.43505556,92.19836111,1350.0,13.03657849691309,1
25.44741667,92.20138889,1371.0,18.96231828867539,1
25.45075,92.19452778,1354.0,22.29097037475897,1
25.45351667,92.18784722,1272.0,8.984876931685683,1
25.59875,91.86427778,1365.0,18.87922133905067,1
25.56194444,91.88055556,1552.0,20.07880037349212,1
25.54930833,91.91161389,1638.0,19.451200005616776,1
25.54948611,91.91179722,1638.0,19.451200005616776,1
25.54985278,91.91202778,1635.0,19.47122063449069,1
25.58136111,91.88338889,1450.0,17.66231893216494,1
25.36103333,91.64700833,1449.0,26.577778623734844,1
25.21273889,90.63216111,44.0,24.46133251877165,1
25.21022222,90.63220278,36.0,15.92277945817654,1
25.38163333,90.06033889,82.0,8.47871314708616,1
25.45939722,90.70860278,190.0,21.6115960987222,1
25.45903056,90.70813333,185.0,18.305448954250743,1
25.44835,91.59150278,1649.0,12.260147486012336,1
25.44743611,91.59103889,1628.0,20.846265656650555,1
25.44716111,91.59067778,1635.0,24.16881343581011,1
25.35861111,91.97208333,1166.0,22.86208914423492,1
25.35908333,91.97433333,1189.0,34.41738871044157,1
25.39611111,91.99194444,1436.0,24.16881343581011,1
25.365263,91.878497,1545.0,19.47122063449069,1
25.52901389,91.26188611,1361.0,20.607120971804857,1
25.41955556,92.16194444,1393.0,3.931095784160226,1
25.55256111,91.61870278,1657.0,15.042369244334246,1
25.39295833,91.55163333,1415.0,20.699546585586496,1
25.37129167,91.48003056,1567.0,9.368915578454835,1
25.40288611,91.43424167,1527.0,16.051123667414398,1
25.531739,91.296177,1460.0,25.8493248967401,1
25.540056,91.314142,1513.0,13.824682316158707,1
25.62790278,91.88801944,1257.0,9.870926939134982,1
25.630403,91.8899195,1250.0,9.73677691573277,1
25.630858,91.887601,1232.0,14.273571375658683,1
25.641242,91.894137,1210.0,9.462322208025618,1
25.65057222,91.89351389,1135.0,21.55942138371082,1
25.64887222,91.89692778,1083.0,19.188418756936425,1
25.44693056,91.74096667,1734.0,19.68967329725292,1
25.41384722,91.67856111,1655.0,7.416536974278209,1
25.34508889,91.60050278,1679.0,37.24571514151944,1
25.65308889,91.89803889,1044.0,17.456590925928477,1
25.65341111,91.89819444,1038.0,17.035742128041974,1
25.66315,91.90180278,1017.0,7.653048720543413,1
25.67032222,91.90487222,1008.0,13.915808695897177,1
25.67517222,91.8983,1015.0,18.262020066776483,1
25.42315556,91.86329167,1740.0,40.41337530810542,1
25.49551944,91.49585278,1584.0,17.387333467314576,1
25.28247222,91.36413333,973.0,36.16893488396254,1
25.28090556,91.36584722,993.0,28.485468456722128,1
25.62269444,91.16914444,1222.0,6.379370208442804,1
25.61276111,91.17375278,1166.0,14.763132623631552,1
25.66156667,91.13485278,1145.0,10.759583898850556,1
25.69150833,91.64160833,1338.0,1.3502244696996155,1
25.69517778,91.64123611,1302.0,15.06995574963759,1
25.69688611,91.64176667,1285.0,11.348119585994183,1
25.70087778,91.642902,1247.0,18.43494882292201,1
25.69866667,91.64517222,1228.0,24.242444512172103,1
25.69683611,91.64485556,1257.0,20.699546585586496,1
25.69523333,91.64426944,1225.0,25.5133092609215,1
25.69463611,91.64577778,1204.0,23.75010057347409,1
25.68698889,91.64812222,1171.0,38.29781579971788,1
25.68690556,91.64915278,1124.0,21.81855031431221,1
25.688833,91.653639,1046.0,27.017123217850244,1
25.68798889,91.65838889,1032.0,29.58124669955053,1
25.68805,91.66653,957.0,31.051293565952417,1
25.68822222,91.66746111,936.0,25.5133092609215,1
25.69007,91.67085,888.0,6.091478002079769,1
25.733262,91.675754,742.0,16.453666886955713,1
25.762051,91.658959,796.0,6.0172848640320336,1
25.770935,91.656497,776.0,10.555380466061171,1
25.791616,91.658242,743.0,8.582483688827132,1
25.803984,91.659801,686.0,23.132182561931256,1
25.700668,91.596815,1345.0,15.503408837548552,1
25.739454,91.572107,903.0,22.373844274024943,1
25.567423,89.979711,47.0,12.260147486012336,1
25.531698,91.295995,1460.0,25.8493248967401,1
22.05,92.66,174.0,12.53638838286113,1
22.06,92.66,187.0,5.128711509483252,1
22.08,92.65,145.0,4.262693045214654,1
22.1,92.85,129.0,21.86985930890943,1
22.1,92.86,335.0,23.11642191920837,1
22.11,92.85,295.0,23.397741000263863,1
22.11,92.86,414.0,27.40876997825205,1
22.11,92.88,386.0,33.03247176064103,1
22.14,92.88,532.0,10.999158271052185,1
22.14,93.0,928.0,19.74869565807571,1
22.15,92.62,151.0,1.9091524329963765,1
22.15,92.63,163.0,3.931095784160226,1
22.15,92.78,105.0,9.64622531297678,1
22.15,92.88,577.0,20.80971857959822,1
22.15,92.99,635.0,41.85966196264453,1
22.15,93.01,1135.0,5.550718212127324,1
22.16,92.62,169.0,10.046788047511114,1
22.16,92.8,503.0,37.19921925289739,1
22.16,93.0,790.0,25.91570359318582,1
22.17,92.99,1278.0,12.604382648379184,1
22.17,93.01,970.0,36.42230980353445,1
22.17,93.0,1257.0,24.634322367669885,1
22.18,92.61,223.0,14.506372352544124,1
22.18,92.77,168.0,17.752790161946685,1
22.18,93.01,1109.0,11.038532615965034,1
22.19,92.61,194.0,13.421509132977462,1
22.19,92.69,216.0,11.348119585994183,1
22.19,92.98,958.0,45.66086475334925,1
22.19,93.03,775.0,31.119058788415003,1
22.2,92.61,213.0,8.47871314708616,1
22.2,93.13,1142.0,24.475819581509896,1
22.21,92.61,239.0,19.12710170142385,1
22.21,92.96,1059.0,29.195082782485805,1
22.21,93.12,1057.0,55.04832248723774,1
22.22,92.62,199.0,13.326469949385988,1
22.22,92.95,1002.0,18.77467605427877,1
22.22,92.96,1307.0,24.805474401698422,1
22.22,93.11,1382.0,31.051293565952417,1
22.23,92.62,172.0,8.530765609948133,1
22.23,92.93,608.0,23.76524510807156,1
22.24,92.69,266.0,22.765646640754472,1
22.24,92.62,198.0,18.434948822922014,1
22.24,92.68,199.0,6.853224835121291,1
22.24,92.6,202.0,8.735690934280582,1
22.24,93.1,1328.0,29.88589573021274,1
22.25,92.63,178.0,18.520635899770767,1
22.25,92.62,228.0,12.04828213833979,1
22.25,93.03,1103.0,37.50230700018765,1
22.25,93.09,1490.0,40.14006614878386,1
22.26,92.63,186.0,11.461836902818336,1
22.26,92.68,191.0,13.069151942759,1
22.26,93.05,1106.0,6.379370208442804,1
22.26,93.03,1371.0,31.6607510966366,1
22.27,92.63,162.0,23.021526638116164,1
22.27,92.68,168.0,17.01197993242201,1
22.27,93.09,1149.0,23.4904160686416,1
22.27,93.05,1126.0,21.55942138371082,1
22.27,93.06,954.0,6.721369339369457,1
22.28,92.63,120.0,7.594643368591445,1
22.28,93.08,996.0,18.520635899770767,1
22.28,93.09,1234.0,23.444146119861458,1
22.29,92.63,116.0,15.179705807856672,1
22.29,93.08,954.0,29.421439641486938,1
22.29,93.09,1276.0,30.89535018031049,1
22.3,92.59,116.0,6.91817481667161,1
22.309944,92.768333,254.0,21.86985930890943,1
22.309944,92.768059,244.0,18.64821573021375,1
22.31,92.63,121.0,2.1342998941463125,1
22.31,93.02,1144.0,14.24415761739711,1
22.32,92.73,134.0,8.104435709194412,1
22.32,93.14,1536.0,16.2287367059342,1
22.32,93.02,1249.0,20.155422119735228,1
22.320999,92.772003,308.0,27.017123217850244,1
22.326,92.771004,322.0,21.18915910142139,1
22.328888,92.769997,336.0,35.59853666783391,1
22.33,92.75,319.0,8.530765609948133,1
22.33,92.74,209.0,24.691575152551952,1
22.33,92.73,142.0,28.222814437179903,1
22.33,92.72,313.0,17.93200256558677,1
22.33,92.69,213.0,20.155422119735228,1
22.33,92.63,112.0,11.461836902818336,1
22.33,92.65,134.0,6.721369339369457,1
22.34,92.75,429.0,19.31028740874557,1
22.34,92.74,179.0,17.93200256558677,1
22.34,92.71,449.0,16.91651608571675,1
22.34,92.68,187.0,25.915703593185818,1
22.34,92.69,195.0,19.630414815023528,1
22.34,92.65,118.0,4.857533338413092,1
22.34,92.6,146.0,4.262693045214654,1
22.34,93.04,1159.0,20.43931757325825,1
22.34,93.13,1878.0,38.17319333803387,1
22.341,92.768997,338.0,21.419418908984124,1
22.35,92.66,122.0,10.21937711459359,1
22.35,92.74,286.0,6.091478002079769,1
22.35,92.65,123.0,7.825525624597575,1
22.356001,92.791,251.0,10.21937711459359,1
22.358999,92.779999,248.0,29.70798969171313,1
22.36,92.61,231.0,15.179705807856672,1
22.36,93.05,1451.0,14.273571375658683,1
22.363001,92.861,337.0,18.54197796399724,1
22.368999,92.934998,451.0,36.14763896908836,1
22.369862,92.934998,402.0,29.686933196903503,1
22.37,92.63,113.0,4.262693045214654,1
22.375,92.858002,361.0,16.253917058152773,1
22.379,92.858002,403.0,16.91651608571675,1
22.38,92.59,199.0,24.8479801794304,1
22.38,93.03,1405.0,29.020515817031367,1
22.38,93.12,1478.0,26.539566558618308,1
22.381001,92.978996,708.0,31.50104503484435,1
22.385,92.857002,384.0,16.228736705934203,1
22.385,92.858002,430.0,14.506372352544124,1
22.389999,92.862999,537.0,42.54813797067997,1
22.39,92.61,246.0,17.93200256558677,1
22.39,92.59,217.0,16.723558006484023,1
22.39,92.64,100.0,4.763641690726178,1
22.39,93.11,1335.0,15.793169048263966,1
22.392,92.978996,468.0,42.99770029709786,1
22.395,92.860001,568.0,30.24625565345472,1
22.399,92.964996,148.0,12.260147486012336,1
22.4,93.12,1443.0,21.95499883223757,1
22.4,93.13,1359.0,19.74869565807571,1
22.405001,92.861,654.0,17.224372940700082,1
22.405001,92.950996,192.0,30.77741947322608,1
22.41,92.75,619.0,20.439317573258247,1
22.41,92.6,141.0,10.43076019506472,1
22.41,92.64,91.0,0.9548412538721888,1
22.41,93.02,1264.0,17.29444852858009,1
22.416,92.864998,616.0,31.39687644298045,1
22.42,92.992996,844.0,21.419418908984124,1
22.424,92.977997,805.0,27.017123217850244,1
22.43,92.870003,592.0,35.121209164599065,1
22.43,92.75,563.0,31.57639333699781,1
22.43,92.71,1040.0,22.636129876883253,1
22.43,92.69,557.0,29.83376877992044,1
22.434999,92.945999,346.0,16.796238729882134,1
22.44,93.1,1502.0,12.772578169490426,1
22.440001,92.879997,585.0,30.68841605381868,1
22.445999,92.874001,482.0,33.927980154144706,1
22.447001,92.882004,577.0,39.260731733474245,1
22.448,92.882004,504.0,13.262676008304846,1
22.45,92.7,856.0,21.83567219571615,1
22.45,92.57,121.0,20.21263223645209,1
22.45,93.09,1405.0,23.674161365449702,1
22.450001,92.870003,459.0,26.67924362098057,1
22.45138,92.911942,654.0,26.269553396535294,1
22.455,92.959999,651.0,32.772365143142935,1
22.455999,92.962997,644.0,27.990970091758022,1
22.455999,92.948997,582.0,39.82809730035543,1
22.459,92.873001,673.0,26.880307851329,1
22.46,92.73,923.0,9.462322208025618,1
22.46,92.69,1034.0,41.09162949850341,1
22.46,93.05,1630.0,12.260147486012336,1
22.462999,92.877998,695.0,32.47251629973426,1
22.462999,92.969002,386.0,30.347789794448904,1
22.464916,92.916107,737.0,25.267001648248183,1
22.468,92.873001,511.0,17.93200256558677,1
22.469,92.876999,632.0,27.79130564477921,1
22.469469,92.878334,668.0,35.113638216485604,1
22.47,92.63,88.0,4.262693045214654,1
22.472,92.969002,424.0,29.031480434376107,1
22.475,92.877998,733.0,23.76524510807156,1
22.475,92.964996,389.0,31.7353754997287,1
22.476999,92.885002,936.0,34.35403406736099,1
22.478001,92.966003,472.0,29.58124669955053,1
22.48,92.73,781.0,3.931095784160226,1
22.482,92.877998,629.0,20.250651404968387,1
22.483999,92.954002,511.0,17.66231893216494,1
22.485666,92.985825,1141.0,25.526884054256257,1
22.486,92.882004,704.0,20.846265656650555,1
22.487,92.964996,687.0,28.222814437179903,1
22.49,92.67,427.0,20.607120971804857,1
22.49,92.74,487.0,34.017325088918376,1
22.49,93.01,1173.0,39.62417273740968,1
22.490999,92.964996,702.0,21.33126583595921,1
22.490999,92.981003,1058.0,14.763132623631552,1
22.490999,92.984001,1124.0,29.24925904290538,1
22.496,92.975998,839.0,44.714681750739786,1
22.5,92.887001,703.0,34.41738871044157,1
22.5,92.75,239.0,26.93019100092878,1
22.5,92.74,531.0,27.565248984490395,1
22.5,92.73,584.0,10.21937711459359,1
22.5,92.68,931.0,19.29004621918873,1
22.5,93.01,1216.0,31.01244544880732,1
22.5,93.02,1629.0,20.99158237694124,1
22.507,92.886002,711.0,35.121209164599065,1
22.51,92.886002,714.0,26.56505117707799,1
22.51,92.74,625.0,9.462322208025617,1
22.513,92.992996,945.0,52.20635232211357,1
22.513,92.793999,509.0,16.796238729882134,1
22.517,92.879997,739.0,40.58577698788522,1
22.518,92.855003,744.0,36.0407347065913,1
22.518,92.811996,696.0,21.95499883223757,1
22.52,92.867996,702.0,41.169175500993006,1
22.52,92.71,323.0,22.8781056322946,1
22.52,92.72,511.0,30.58895816397544,1
22.525,92.865997,770.0,6.721369339369457,1
22.525,92.864998,797.0,31.24417585118817,1
22.525999,92.888,714.0,15.896959679954522,1
22.527,92.891998,739.0,24.904481044556743,1
22.5273,92.870003,705.0,15.179705807856672,1
22.528,92.896004,875.0,15.288517970232029,1
22.53,92.7,242.0,27.238572082130062,1
22.53,92.62,113.0,21.95499883223757,1
22.530001,92.890999,702.0,34.35403406736099,1
22.532,92.862999,857.0,26.113233272206745,1
22.533001,92.886002,654.0,26.880307851328983,1
22.534,92.876999,567.0,22.81394173961772,1
22.53544,92.893059,788.0,20.097992628721148,1
22.535999,92.860001,892.0,4.857533338413092,1
22.537416,92.885002,665.0,19.370844026969944,1
22.538,92.857002,909.0,27.238572082130062,1
22.54,92.69,411.0,16.91651608571675,1
22.54,92.68,555.0,18.62703081108459,1
22.55,92.54,78.0,13.640311227766055,1
22.56,92.67,492.0,32.34744349944203,1
22.561611,92.877502,894.0,23.021526638116164,1
22.57,92.68,475.0,19.61060912917093,1
22.573833,92.917519,998.0,33.03247176064103,1
22.577,92.892998,754.0,18.77467605427877,1
22.5886,92.970001,859.0,36.76087717499856,1
22.591,92.917,1206.0,36.16893488396254,1
22.6,92.67,391.0,17.66231893216494,1
22.61,92.66,162.0,13.069151942759,1
22.61,92.67,464.0,20.43931757325825,1
22.61,92.64,79.0,2.1342998941463125,1
22.61,92.54,79.0,4.857533338413092,1
22.615,92.916,1287.0,14.03624346792648,1
22.615999,92.913002,1201.0,16.91651608571675,1
22.62,92.64,83.0,2.1342998941463125,1
22.63,92.64,84.0,4.857533338413092,1
22.63,92.66,272.0,22.668609279892426,1
22.64,92.61,144.0,5.710593137499643,1
22.64,92.66,322.0,21.47206914335925,1
22.64,92.67,591.0,12.638224684699054,1
22.65,92.61,105.0,4.763641690726178,1
22.65,92.65,275.0,26.628589703310887,1
22.65,92.66,176.0,16.796238729882134,1
22.65,92.67,371.0,20.097992628721148,1
22.65,92.71,243.0,20.532771786488425,1
22.654861,92.894722,805.0,52.52435409911129,1
22.656334,92.874725,905.0,37.99705220207771,1
22.66,92.855003,980.0,22.42335855928612,1
22.66,92.67,477.0,14.273571375658683,1
22.66,92.65,389.0,22.373844274024943,1
22.66,92.71,249.0,24.904481044556743,1
22.67,92.56,471.0,39.6583469636901,1
22.67,92.68,426.0,25.14243049054343,1
22.67,92.69,223.0,18.45641864524321,1
22.673,92.844002,906.0,24.16881343581011,1
22.68,92.59,132.0,15.81919394750014,1
22.68,92.58,250.0,26.437229357181263,1
22.68,92.57,582.0,24.748625315195834,1
22.68,92.56,513.0,66.06081232560473,1
22.68,92.66,606.0,5.710593137499643,1
22.68,92.69,320.0,17.456590925928477,1
22.681,92.884003,725.0,60.11419976528102,1
22.683001,92.882004,890.0,21.47206914335925,1
22.69,92.72,481.0,6.654425046006596,1
22.7,92.56,334.0,24.16881343581011,1
22.7,92.66,619.0,20.250651404968387,1
22.700001,92.994003,1152.0,37.29868767505919,1
22.704,92.985001,1069.0,22.373844274024943,1
22.705,92.842003,810.0,14.273571375658683,1
22.71,92.54,89.0,13.069151942759,1
22.71,92.7,171.0,0.9548412538721888,1
22.71,92.66,608.0,18.130932944052347,1
22.711,92.839996,744.0,31.434832006995155,1
22.73,92.65,657.0,11.976725812374069,1
22.74,92.52,71.0,7.594643368591445,1
22.74,92.63,446.0,19.82702865340817,1
22.751808,92.838905,570.0,20.699546585586496,1
22.771872,92.840324,648.0,35.03012380867594,1
22.777763,92.833969,661.0,46.38275492266367,1
22.779978,92.833778,657.0,35.09090415129421,1
22.785034,92.834671,660.0,45.76305281239284,1
22.786274,92.620659,422.0,24.22774531795417,1
22.786629,92.62748,350.0,19.370844026969944,1
22.788198,92.825165,740.0,49.32337970600624,1
22.78916,92.981087,1114.0,21.680889149080844,1
22.789585,92.621895,399.0,24.862123938667224,1
22.789967,92.820396,716.0,18.96231828867539,1
22.790684,92.614983,390.0,28.98757825007264,1
22.791958,92.833511,667.0,20.136303428248134,1
22.795282,92.813881,783.0,26.628589703310887,1
22.796106,92.991173,1201.0,29.118936488427924,1
22.801022,92.81369,805.0,27.078936947526696,1
22.802805,93.004639,1245.0,39.85620904397488,1
22.80291,92.81369,809.0,24.38870074689113,1
22.803709,92.815636,835.0,35.65722463378061,1
22.803982,92.815475,806.0,46.629537767134266,1
22.804358,92.816559,832.0,28.002640063185417,1
22.804701,92.816734,828.0,23.674161365449702,1
22.806564,92.812057,882.0,34.54336392970912,1
22.812588,92.807343,920.0,28.98757825007264,1
22.813019,92.805801,936.0,42.377774270582094,1
22.815697,92.802696,957.0,33.56563872420533,1
22.82106,92.637703,115.0,22.29097037475897,1
22.821659,92.804405,1046.0,33.993006686150665,1
22.822599,92.624512,177.0,34.6605872943073,1
22.823553,92.628441,138.0,31.51991437453672,1
22.823893,93.036804,1363.0,38.04757894764742,1
22.82402,92.608917,266.0,17.456590925928477,1
22.826855,92.971519,1274.0,37.58043252806343,1
22.827084,92.80175,1061.0,29.83376877992044,1
22.827406,92.975822,1221.0,49.56234688798017,1
22.829491,92.760933,526.0,30.58895816397544,1
22.832573,92.892761,445.0,25.915703593185818,1
22.83358,92.955582,1372.0,37.19921925289739,1
22.834824,92.758766,636.0,32.96351159099253,1
22.83528,92.80519,1229.0,28.257311688503773,1
22.836016,92.759361,625.0,23.19506859014077,1
22.8363,92.892799,484.0,20.82800310374709,1
22.83653,92.80092,1100.0,26.437229357181263,1
22.83664,92.80347,1238.0,42.73982112121029,1
22.83675,92.79922,1051.0,25.14243049054343,1
22.837624,92.797165,1155.0,42.2006310918857,1
22.83779,92.795959,1164.0,48.46832276290028,1
22.837809,92.798653,1161.0,47.66397305862553,1
22.838051,92.798889,1161.0,41.4754613018093,1
22.838732,92.791954,1138.0,32.667159071642764,1
22.83885,92.89209,510.0,19.47122063449069,1
22.838875,92.792801,1156.0,30.347789794448904,1
22.839445,92.95668,1182.0,32.38327563166962,1
22.841097,92.792755,1173.0,25.23940182067892,1
22.841455,92.891235,530.0,23.11642191920837,1
22.841801,92.951385,1240.0,32.13988228321215,1
22.842268,92.951981,1209.0,21.80140948635181,1
22.844219,92.955048,1098.0,20.250651404968387,1
22.844894,92.944511,1304.0,36.51283284150458,1
22.845263,92.674942,371.0,10.555380466061171,1
22.84553,92.79944,1299.0,2.1342998941463125,1
22.846123,92.796333,1211.0,20.155422119735228,1
22.846241,92.804893,1250.0,16.428860704621638,1
22.84808,92.79831,1283.0,16.453666886955713,1
22.848185,92.886963,612.0,33.03247176064103,1
22.849134,92.809334,1138.0,21.04572088407583,1
22.850847,92.797028,1203.0,18.434948822922014,1
22.851028,92.694972,571.0,25.79602649449995,1
22.85258,92.70186,432.0,20.097992628721148,1
22.852823,92.815781,1151.0,14.302914425322813,1
22.853046,92.81588,1154.0,7.2338446967252255,1
22.85558,92.69914,414.0,21.971970836813973,1
22.85697,92.70764,560.0,22.61986494804043,1
22.857729,92.704483,469.0,27.62503917921715,1
22.86003,92.75831,885.0,11.348119585994183,1
22.86025,92.70778,533.0,23.4904160686416,1
22.860407,92.705795,479.0,27.360321545332805,1
22.861877,92.897736,579.0,26.360054096082703,1
22.862419,92.706055,473.0,30.508958866202807,1
22.862442,92.826431,1020.0,13.16632060042364,1
22.86428,92.71097,626.0,22.22435314380804,1
22.865286,92.754898,1105.0,34.090063875331914,1
22.865692,92.825745,1014.0,20.80971857959822,1
22.865734,92.771561,1143.0,21.6115960987222,1
22.866318,92.776726,1174.0,29.70798969171313,1
22.866783,92.772026,1158.0,25.15631913369421,1
22.866833,92.774925,1179.0,32.401162502089626,1
22.86739,92.75764,1132.0,11.795709540896548,1
22.867477,92.754234,1100.0,53.75184478890449,1
22.867741,92.898506,651.0,21.835672195716143,1
22.869579,92.824974,970.0,21.47206914335925,1
22.869707,92.753304,1077.0,55.10840511073098,1
22.87,92.49,143.0,20.250651404968387,1
22.87,92.48,78.0,14.621143938770764,1
22.870518,92.703873,516.0,23.11642191920837,1
22.870546,92.752853,1093.0,49.55378487229218,1
22.87056,92.822105,954.0,25.915703593185818,1
22.87075,92.75403,1149.0,8.735690934280582,1
22.872238,92.750557,1053.0,55.35629634806384,1
22.872299,92.815971,906.0,29.85463927845754,1
22.872849,92.748711,1008.0,35.02251023762291,1
22.873062,92.817093,891.0,27.89731165603317,1
22.873558,92.755951,1075.0,21.869859308909422,1
22.873812,92.902039,677.0,27.432940772267944,1
22.874456,92.901688,663.0,15.845167180271268,1
22.874741,92.730354,697.0,40.25544756073769,1
22.87506,92.75136,1140.0,21.86985930890943,1
22.88,92.49,98.0,7.825525624597575,1
22.88,92.48,66.0,14.03624346792648,1
22.88,92.47,87.0,14.763132623631552,1
22.88,92.46,42.0,3.4389123953782974,1
22.880117,92.831108,575.0,12.604382648379184,1
22.880322,92.747818,957.0,35.23435131905115,1
22.882607,92.837952,609.0,33.993006686150665,1
22.88281,92.74583,953.0,26.437229357181263,1
22.883036,92.557152,179.0,18.62703081108459,1
22.883656,92.715782,611.0,24.242444512172103,1
22.88392,92.74256,941.0,28.222814437179903,1
22.883968,92.735397,861.0,26.126317264569018,1
22.88408,92.72978,853.0,20.001783914715944,1
22.884092,92.736252,854.0,33.854514812620515,1
22.8846,92.85128,456.0,39.14943673053912,1
22.886652,92.724503,636.0,37.19921925289739,1
22.887474,92.836769,655.0,39.34803840397339,1
22.889551,92.728073,840.0,19.12710170142385,1
22.889872,92.903984,689.0,25.955401413885543,1
22.89,92.46,114.0,18.43494882292201,1
22.89,92.47,60.0,11.348119585994183,1
22.89,92.48,109.0,13.824682316158707,1
22.89,92.49,313.0,14.931417178137552,1
22.890068,92.823021,774.0,29.63417437185607,1
22.89061,92.73033,683.0,23.628423517864423,1
22.891706,92.950081,547.0,37.4041069193059,1
22.892199,92.822884,796.0,36.26089278326507,1
22.892977,92.947433,536.0,29.260073022738787,1
22.893372,92.946724,539.0,41.00847613866502,1
22.89682,92.832611,696.0,36.0407347065913,1
22.897339,92.549866,139.0,21.04572088407583,1
22.897387,92.889938,580.0,30.85613335195628,1
22.897877,92.934364,406.0,25.915703593185818,1
22.898329,92.893478,591.0,32.754877470959904,1
22.899078,92.721306,763.0,24.748625315195834,1
22.899151,92.935677,424.0,28.08409936669116,1
22.899906,92.868828,370.0,46.36831390578792,1
22.9,92.47,73.0,9.462322208025618,1
22.9,92.49,222.0,22.668609279892426,1
22.9,92.48,128.0,33.83814426542724,1
22.9,92.46,195.0,12.638224684699054,1
22.901035,92.87265,377.0,23.97577371272972,1
22.901287,92.882271,450.0,32.35640884426763,1
22.9015,92.83319,793.0,17.01197993242201,1
22.90175,92.83233,749.0,34.99964807788197,1
22.902401,92.941025,424.0,49.30593549041149,1
22.902414,92.829948,737.0,6.379370208442804,1
22.903807,92.757401,1156.0,35.264389682754654,1
22.904324,92.546265,171.0,16.527811501531776,1
22.90442,92.72281,752.0,6.091478002079769,1
22.906252,92.93174,262.0,18.434948822922014,1
22.908125,92.767128,1061.0,21.47206914335925,1
22.908737,92.930191,303.0,21.260377126997216,1
22.91,92.47,186.0,11.386165083355712,1
22.91,92.46,61.0,13.421509132977462,1
22.91165,92.929871,383.0,28.632096976803734,1
22.91312,92.754616,1182.0,45.384705066815705,1
22.913414,92.754501,1169.0,48.001743274171766,1
22.913624,92.508827,130.0,12.53638838286113,1
22.914276,92.753403,1156.0,43.39407046879893,1
22.914797,92.928406,433.0,34.44108336670712,1
22.915947,92.928337,422.0,18.43494882292201,1
22.916008,92.927841,439.0,22.684823831912844,1
22.917629,92.75267,1126.0,15.609525869125669,1
22.920202,92.927345,471.0,24.16881343581011,1
22.93,92.48,51.0,25.363232718381973,1
22.93,92.49,43.0,10.555380466061171,1
22.93,92.5,117.0,8.47871314708616,1
22.933441,92.708267,820.0,7.653048720543413,1
22.940655,92.833038,781.0,30.528995003826,1
22.954966,92.705765,761.0,21.835672195716143,1
22.955112,92.836403,835.0,28.037600489728423,1
22.957235,92.929703,746.0,38.48905350894504,1
22.957518,92.707161,753.0,20.99158237694124,1
22.959173,92.708145,749.0,35.80301842021218,1
22.962877,92.738541,758.0,20.07880037349212,1
22.963112,92.835556,833.0,31.6607510966366,1
22.9634,92.737465,748.0,22.42335855928612,1
22.965527,92.731926,700.0,26.20460176321736,1
22.966381,92.705399,761.0,39.14355704978305,1
22.96703,92.925728,775.0,16.051123667414398,1
22.968073,92.929916,674.0,29.63417437185607,1
22.969294,92.729332,629.0,18.64821573021375,1
22.969807,92.729706,622.0,17.224372940700082,1
22.97032,92.70697,725.0,17.775317038209,1
22.970823,92.729607,609.0,21.95499883223757,1
22.977497,92.70578,744.0,30.80698111710518,1
22.979994,92.726112,486.0,29.421439641486938,1
22.983683,93.038437,717.0,21.47206914335925,1
22.986418,92.999901,1214.0,26.00818191569552,1
22.993277,92.72374,426.0,35.74485877621931,1
23.001865,92.923225,752.0,36.9849231528159,1
23.002401,92.923904,746.0,26.628589703310887,1
23.003361,92.962914,663.0,32.54356214739029,1
23.003996,92.963562,655.0,20.307500221928045,1
23.004421,92.988426,982.0,12.772578169490426,1
23.005156,92.985893,958.0,31.77256152831432,1
23.005556,92.810555,952.0,29.58124669955053,1
23.005587,92.720192,389.0,19.630414815023528,1
23.005594,92.703522,682.0,39.14943673053912,1
23.006939,92.98938,1146.0,30.508958866202807,1
23.007998,92.808693,947.0,13.262676008304846,1
23.010895,92.924156,757.0,19.61060912917093,1
23.011667,92.720558,448.0,24.094842552110705,1
23.014982,92.720505,475.0,27.17735741799749,1
23.015444,92.704414,681.0,19.29004621918873,1
23.016111,92.764168,917.0,36.491988188351336,1
23.017494,92.920425,764.0,25.486125594093767,1
23.017555,92.771515,942.0,17.66231893216494,1
23.017822,92.920723,769.0,25.91570359318582,1
23.018333,92.920555,793.0,32.11261530059655,1
23.018612,92.920555,795.0,30.297100641022165,1
23.019981,92.920921,792.0,10.555380466061171,1
23.021145,92.770981,1001.0,28.732851681077435,1
23.021692,92.752975,729.0,24.475819581509896,1
23.022125,92.919952,798.0,14.763132623631552,1
23.022377,92.757759,803.0,37.29868767505919,1
23.025131,92.91922,765.0,23.567234622032583,1
23.026818,93.26673,1410.0,53.75388443926397,1
23.031231,92.773987,1140.0,25.88918455713453,1
23.032444,92.705917,706.0,18.77467605427877,1
23.035839,92.795578,876.0,24.46133251877165,1
23.038607,92.795174,927.0,29.118936488427924,1
23.038668,92.794441,892.0,21.33126583595921,1
23.040543,92.909523,779.0,49.25054265704854,1
23.0425,92.772781,1070.0,28.07248693585296,1
23.045416,92.705612,744.0,25.8493248967401,1
23.047222,92.906944,781.0,22.684823831912844,1
23.048967,92.907501,792.0,16.527811501531776,1
23.051673,93.306394,1202.0,49.136107905835296,1
23.05214,93.307373,1181.0,61.6574221243344,1
23.05374,92.70755,860.0,29.118936488427924,1
23.053747,92.704163,906.0,7.653048720543413,1
23.053806,92.704918,902.0,26.217612768234883,1
23.05479,92.702461,903.0,11.348119585994183,1
23.056194,92.70047,900.0,8.159014354942736,1
23.056612,92.699997,899.0,12.364552990274646,1
23.057222,93.080002,1570.0,20.439317573258247,1
23.057276,92.90416,799.0,23.628423517864427,1
23.058,93.280568,1404.0,26.61590170730996,1
23.059174,93.276033,1391.0,32.78110200943605,1
23.059264,93.275647,1395.0,23.444146119861458,1
23.068354,93.002747,968.0,41.53598294850654,1
23.072695,93.218956,634.0,31.051293565952417,1
23.075575,93.315376,1108.0,29.421439641486938,1
23.075703,93.315391,1101.0,37.05891248302156,1
23.075896,93.315313,1101.0,37.05891248302156,1
23.076319,92.69873,961.0,25.5133092609215,1
23.07859,92.870544,421.0,12.772578169490426,1
23.078611,92.760002,784.0,18.130932944052347,1
23.080278,92.858612,574.0,20.097992628721148,1
23.081345,93.321054,1080.0,29.917093225401345,1
23.081569,93.320633,1113.0,42.6979553057302,1
23.083004,92.898277,726.0,25.253207609369632,1
23.083221,92.556969,177.0,16.72355800648402,1
23.083611,92.70108,961.0,17.66231893216494,1
23.084101,92.795685,551.0,12.53638838286113,1
23.087177,92.853889,712.0,20.307500221928045,1
23.088409,92.793564,486.0,24.15404655313558,1
23.088615,92.849403,808.0,28.222814437179903,1
23.089111,92.555168,167.0,19.51118046928032,1
23.08964,93.200974,1049.0,39.190532590075605,1
23.08989,93.020531,1319.0,36.42230980353445,1
23.091749,92.695419,879.0,20.80971857959822,1
23.092278,92.789948,422.0,1.9091524329963765,1
23.092573,92.896141,762.0,30.20546681961666,1
23.094528,92.695808,913.0,14.763132623631552,1
23.094999,92.785835,477.0,28.89942242619857,1
23.097,92.696358,927.0,21.95499883223757,1
23.097061,92.752235,744.0,15.99993592924168,1
23.09951,92.782928,561.0,13.069151942759,1
23.103046,92.8983,693.0,36.505887632648864,1
23.104166,92.559998,233.0,23.444146119861458,1
23.107222,92.693054,880.0,20.43931757325825,1
23.111111,92.789719,804.0,16.601549599020238,1
23.111578,92.789795,795.0,19.51118046928032,1
23.113066,92.891212,677.0,16.2287367059342,1
23.11375,92.744614,845.0,17.93200256558677,1
23.117416,92.79612,944.0,27.33604368814356,1
23.118336,92.741035,844.0,8.47871314708616,1
23.124069,93.145889,1256.0,24.359555875506427,1
23.125311,92.820023,874.0,30.61885839795703,1
23.125807,92.817886,889.0,40.99804999183514,1
23.127266,93.296204,1530.0,20.43931757325825,1
23.129629,92.809196,930.0,26.56505117707799,1
23.13114,92.687469,925.0,23.428692808745406,1
23.131158,93.293979,1447.0,31.051293565952417,1
23.132685,92.798332,858.0,32.427956428323874,1
23.133568,92.64373,174.0,13.915808695897177,1
23.133902,92.623497,530.0,26.32132942828673,1
23.135405,93.368299,688.0,19.787913812706314,1
23.135416,92.616661,689.0,29.88589573021274,1
23.135434,93.368506,681.0,22.373844274024943,1
23.135794,92.62294,588.0,26.334247846853145,1
23.135889,92.551819,427.0,12.260147486012336,1
23.136654,93.314856,1606.0,32.57012547147069,1
23.136712,93.31485,1606.0,32.57012547147069,1
23.13732,92.747276,863.0,39.12001615700953,1
23.138981,93.288852,1435.0,30.41849461159642,1
23.139244,93.289294,1435.0,30.68841605381868,1
23.140294,93.344976,1111.0,29.88589573021274,1
23.14046,93.343507,1172.0,38.876655136344326,1
23.140461,93.343504,1172.0,38.876655136344326,1
23.140694,92.551529,387.0,25.915703593185818,1
23.14085,93.142487,1215.0,34.090063875331914,1
23.141408,93.338272,1345.0,31.7353754997287,1
23.141445,93.33848,1344.0,30.347789794448904,1
23.142357,92.750961,867.0,17.29444852858009,1
23.143007,92.91124,626.0,17.387333467314576,1
23.143806,93.031219,1223.0,30.24625565345472,1
23.143888,92.909447,650.0,32.9548711795407,1
23.145,92.613693,820.0,18.96231828867539,1
23.145016,92.908569,677.0,15.99993592924168,1
23.145214,93.287063,1460.0,34.49623729009093,1
23.145231,92.687721,882.0,14.273571375658683,1
23.14572,93.306544,1613.0,24.242444512172103,1
23.146056,93.306889,1599.0,26.880307851328983,1
23.146333,93.30675,1609.0,29.686933196903503,1
23.146464,93.306249,1635.0,30.24625565345472,1
23.1465,93.30625,1623.0,28.222814437179903,1
23.147697,92.687386,858.0,33.573963453775406,1
23.148056,93.055832,953.0,29.802413569555988,1
23.148273,92.75016,894.0,23.75010057347409,1
23.14953,93.287758,1437.0,23.628423517864427,1
23.150719,92.74826,881.0,24.74862531519583,1
23.150818,93.286358,1445.0,36.97817981978636,1
23.150924,93.28563,1428.0,28.485468456722128,1
23.15114,93.283462,1430.0,23.76524510807156,1
23.151417,93.283077,1434.0,26.00818191569552,1
23.151444,93.282333,1434.0,39.8055710922652,1
23.152298,93.28066,1421.0,23.11642191920837,1
23.153805,92.686775,890.0,34.730518200788445,1
23.157667,93.279722,1433.0,25.03089023333195,1
23.161889,93.2775,1460.0,23.444146119861458,1
23.163158,93.280821,1512.0,29.70798969171313,1
23.163528,93.281056,1529.0,18.174763056324142,1
23.164508,93.270428,1524.0,0.9548412538721888,1
23.168705,93.108017,1216.0,24.094842552110705,1
23.168777,92.90097,846.0,27.990970091758022,1
23.172249,93.058052,1003.0,15.99993592924168,1
23.172501,92.900558,819.0,30.96375653207352,1
23.173716,92.739754,787.0,17.93200256558677,1
23.17411,92.608917,752.0,14.763132623631552,1
23.176575,92.979797,1117.0,30.01033418769176,1
23.18,92.49,753.0,17.29444852858009,1
23.181417,93.197586,1011.0,29.665849859262984,1
23.182264,92.737099,827.0,30.266612409654883,1
23.182417,93.246498,1507.0,34.97675368176345,1
23.182667,93.026138,764.0,5.385977098599754,1
23.183332,92.794724,967.0,25.635076100950123,1
23.183584,93.235031,1460.0,31.80039615270397,1
23.184711,92.679962,871.0,26.32132942828673,1
23.188799,92.55249,595.0,9.368915578454835,1
23.189108,92.547783,489.0,17.083143246452856,1
23.189638,92.549889,574.0,34.846405699136405,1
23.189917,92.54953,550.0,30.77741947322608,1
23.193548,92.684456,928.0,35.59853666783391,1
23.194187,92.680779,994.0,37.671095800679176,1
23.195522,92.90062,861.0,27.990970091758022,1
23.196638,92.679802,1015.0,7.825525624597575,1
23.197752,93.007805,945.0,31.12871688801731,1
23.199167,92.683334,1017.0,26.32132942828673,1
23.199879,93.00705,956.0,38.59294718251652,1
23.201084,92.580803,732.0,28.222814437179903,1
23.201111,92.681946,1055.0,41.62130964323344,1
23.202129,92.681442,1019.0,30.56899459462348,1
23.204981,92.57457,814.0,41.93828247167183,1
23.205305,92.585861,499.0,24.359555875506427,1
23.205961,92.538406,762.0,14.273571375658683,1
23.206,93.329028,1660.0,35.181649870682044,1
23.207528,93.258861,1408.0,27.432940772267944,1
23.207889,93.255917,1439.0,16.723558006484023,1
23.208017,92.676277,948.0,32.54356214739029,1
23.208055,92.795555,979.0,24.74862531519583,1
23.208082,92.507889,686.0,20.307500221928045,1
23.208139,93.257389,1424.0,30.37812888097552,1
23.208694,92.50975,741.0,20.607120971804857,1
23.20875,92.538361,749.0,25.5133092609215,1
23.208918,92.518692,795.0,28.98757825007264,1
23.209055,92.540611,674.0,32.667159071642764,1
23.210028,92.522781,799.0,25.8493248967401,1
23.212713,92.930771,707.0,15.06995574963759,1
23.213055,92.58889,592.0,21.55942138371082,1
23.213892,92.904892,854.0,26.334247846853145,1
23.214001,92.588608,599.0,14.15548761586253,1
23.21475,93.261139,1452.0,29.54940859650112,1
23.21685,92.955475,534.0,33.169529390014134,1
23.217224,92.949684,472.0,24.591248866909307,1
23.219172,92.67691,781.0,17.842681707487124,1
23.221762,92.975006,979.0,24.591248866909307,1
23.222652,92.940269,409.0,36.16893488396254,1
23.222778,92.92778,436.0,22.86208914423492,1
23.222778,92.943611,416.0,40.16211026482196,1
23.222853,92.941536,402.0,36.36634852599243,1
23.222925,92.940842,414.0,26.00818191569552,1
23.223055,92.931114,399.0,21.55942138371082,1
23.223555,92.92672,436.0,24.094842552110705,1
23.223957,92.936401,367.0,17.842681707487124,1
23.225542,92.798363,979.0,15.81919394750014,1
23.226894,92.638527,763.0,30.747804873668915,1
23.227602,92.923164,498.0,29.85463927845754,1
23.228361,92.916832,572.0,33.69006752597979,1
23.23,92.919724,530.0,25.253207609369632,1
23.23035,92.79808,984.0,22.81394173961772,1
23.230371,92.673973,848.0,8.735690934280582,1
23.231653,92.673714,868.0,8.735690934280582,1
23.235651,92.673058,886.0,23.428692808745406,1
23.237767,93.308461,1465.0,20.607120971804857,1
23.242306,92.640587,769.0,18.96231828867539,1
23.242828,92.798134,907.0,40.36453657309736,1
23.243479,92.904846,712.0,28.222814437179903,1
23.244541,93.099533,1081.0,25.23940182067892,1
23.245819,92.798233,868.0,32.401162502089626,1
23.246555,92.554054,1022.0,33.993006686150665,1
23.24774,92.671333,927.0,16.72355800648402,1
23.248526,92.63958,732.0,4.262693045214654,1
23.249056,92.546501,1177.0,27.505240762859906,1
23.249727,92.796631,869.0,24.591248866909307,1
23.25,92.48,733.0,18.434948822922014,1
23.254263,93.238127,1132.0,18.54197796399724,1
23.254946,92.634239,802.0,26.767512858834905,1
23.255288,92.888813,839.0,28.49679392207442,1
23.255426,92.890915,838.0,24.634322367669885,1
23.260038,92.882734,874.0,33.28852313430615,1
23.26125,93.337222,1358.0,35.03012380867594,1
23.261944,93.295194,1353.0,25.8493248967401,1
23.262222,93.337667,1351.0,42.41580120815348,1
23.268811,92.665508,885.0,29.686933196903503,1
23.270139,93.293333,1304.0,37.99705220207771,1
23.271781,92.637703,584.0,30.25643716352927,1
23.273513,92.65731,906.0,6.0172848640320336,1
23.2741,92.848362,742.0,33.169529390014134,1
23.2747,92.647873,651.0,34.35403406736099,1
23.275305,92.850377,737.0,25.03089023333195,1
23.276999,92.850991,734.0,26.56505117707799,1
23.277886,92.840388,646.0,28.30319610038818,1
23.279612,92.869602,988.0,33.10114358966526,1
23.279667,93.232917,1231.0,25.526884054256257,1
23.281103,92.857654,770.0,25.91570359318582,1
23.28113,92.651804,773.0,31.993934384330498,1
23.281521,92.868857,971.0,37.671095800679176,1
23.282258,92.852377,777.0,31.311156133255537,1
23.28328,92.831766,575.0,31.138369345567487,1
23.28388,92.857468,835.0,32.34744349944203,1
23.283951,92.852551,813.0,24.862123938667224,1
23.285967,92.856546,854.0,23.021526638116164,1
23.286001,92.857178,836.0,31.57639333699781,1
23.28611,92.85748,823.0,28.98757825007264,1
23.28621,92.857249,836.0,31.57639333699781,1
23.288105,92.857432,862.0,42.22469219190813,1
23.28985,92.860445,864.0,28.08409936669116,1
23.291063,92.860374,886.0,16.723558006484023,1
23.293142,92.857091,918.0,38.072781873990834,1
23.293769,92.871451,837.0,3.016961309815993,1
23.296,93.340556,1168.0,10.555380466061171,1
23.296419,93.095813,1335.0,29.802413569555988,1
23.29659,92.694008,351.0,31.12871688801731,1
23.297332,92.740677,731.0,29.205932247399417,1
23.297637,92.74119,769.0,43.06601987632945,1
23.297759,92.856169,980.0,17.66231893216494,1
23.297894,93.332441,1310.0,24.634322367669885,1
23.298044,92.648759,723.0,26.217612768234883,1
23.298413,92.81508,485.0,3.016961309815993,1
23.299073,93.057068,1271.0,24.38870074689113,1
23.299407,92.696714,361.0,25.675463214971884,1
23.30028,92.741186,714.0,37.29868767505919,1
23.301117,93.330175,1258.0,20.43931757325825,1
23.301399,92.699109,401.0,43.33171975024536,1
23.302106,92.649524,730.0,22.81394173961772,1
23.302456,92.853533,982.0,29.260073022738787,1
23.303412,93.31066,1491.0,18.520635899770767,1
23.303639,93.311361,1490.0,15.503408837548552,1
23.304778,93.329472,1265.0,17.93200256558677,1
23.304833,93.306778,1535.0,17.66231893216494,1
23.305111,93.311528,1490.0,11.648634944412734,1
23.305259,92.809736,488.0,10.759583898850556,1
23.30622,93.294554,1464.0,32.53469816945699,1
23.306444,93.303889,1492.0,32.53469816945699,1
23.306444,93.311639,1500.0,25.03089023333195,1
23.306654,92.707482,426.0,31.051293565952417,1
23.307833,93.311672,1543.0,16.453666886955713,1
23.308202,92.731268,552.0,17.29444852858009,1
23.308769,92.862258,1032.0,15.179705807856672,1
23.309091,92.86293,1037.0,27.613098503754813,1
23.310167,93.311889,1505.0,29.205932247399417,1
23.310611,93.312,1504.0,26.880307851328983,1
23.311082,93.323501,1413.0,24.932657538079724,1
23.311604,93.313134,1513.0,19.188418756936425,1
23.312747,93.314456,1502.0,25.376933525152303,1
23.314208,92.858096,1059.0,23.3822424378352,1
23.314408,92.808662,483.0,32.401162502089626,1
23.315355,92.786906,652.0,28.176705590951745,1
23.3154,92.791224,620.0,32.91160083273797,1
23.315806,92.859192,1060.0,14.763132623631552,1
23.316221,92.856217,987.0,25.635076100950123,1
23.318805,92.853099,825.0,14.302914425322813,1
23.320197,93.285718,1264.0,25.03089023333195,1
23.320289,92.854914,962.0,29.260073022738787,1
23.320815,92.854748,960.0,21.81855031431221,1
23.321505,92.854734,950.0,34.033517274264824,1
23.321765,92.8589,1023.0,32.38327563166962,1
23.321864,92.859431,999.0,18.94158858012096,1
23.322151,93.066154,1223.0,38.8167201785787,1
23.322363,92.854689,935.0,31.46324153737256,1
23.322995,93.092151,1139.0,21.869859308909422,1
23.325028,93.092333,1101.0,29.70798969171313,1
23.3305,93.096806,1215.0,18.96231828867539,1
23.33101,93.091406,1044.0,33.854514812620515,1
23.333984,92.781878,712.0,29.346331162468683,1
23.336389,93.074722,1140.0,35.03012380867594,1
23.336425,93.361493,779.0,57.79434885105325,1
23.336955,93.07526,1145.0,33.993006686150665,1
23.337519,93.076258,1122.0,31.138369345567487,1
23.339889,93.357889,790.0,26.32132942828673,1
23.340389,93.102306,1305.0,17.93200256558677,1
23.340722,93.081083,1051.0,31.74467986659196,1
23.341111,93.080583,1053.0,35.27938801183364,1
23.341194,93.080389,1050.0,31.119058788415003,1
23.341333,93.080056,1060.0,29.802413569555988,1
23.349857,92.780208,925.0,37.29868767505919,1
23.350776,93.296677,1226.0,34.417388710441564,1
23.351115,93.296893,1212.0,32.401162502089626,1
23.351772,92.781701,905.0,48.55787986304441,1
23.353111,93.299361,1174.0,23.628423517864423,1
23.353803,92.794306,1369.0,28.280269845499703,1
23.354778,93.300556,1174.0,34.54336392970912,1
23.35691,93.301356,1174.0,20.307500221928045,1
23.359579,93.298884,1180.0,30.82665955230447,1
23.360199,92.632911,724.0,18.434948822922014,1
23.361979,93.299909,1196.0,29.50686221733105,1
23.36545,93.377907,867.0,14.959246786437893,1
23.366333,93.380028,836.0,20.846265656650555,1
23.366694,93.380139,822.0,25.688903331931808,1
23.367333,93.380083,845.0,38.5746628389258,1
23.367806,93.381139,822.0,29.63417437185607,1
23.368361,93.379667,831.0,9.508656426564368,1
23.368386,93.380632,837.0,27.33604368814356,1
23.369857,93.296657,1202.0,19.47122063449069,1
23.370167,93.120444,1404.0,20.699546585586496,1
23.373849,93.383061,860.0,23.444146119861458,1
23.37492,93.1185,1524.0,16.796238729882134,1
23.375634,93.384499,894.0,37.00513608621634,1
23.375972,93.384639,873.0,34.846405699136405,1
23.376472,93.384778,891.0,36.16893488396254,1
23.3765,93.384861,891.0,36.16893488396254,1
23.378571,93.218843,749.0,42.97485685199572,1
23.379469,93.385565,916.0,33.16099672886019,1
23.379732,93.383565,945.0,31.89284050209588,1
23.379812,93.384813,924.0,37.53490600791177,1
23.38075,93.13075,1299.0,28.553305000609424,1
23.380806,93.128917,1303.0,14.763132623631552,1
23.381167,93.112917,1184.0,23.11642191920837,1
23.382417,93.384944,979.0,21.260377126997213,1
23.382695,93.116001,1184.0,29.686933196903503,1
23.383745,92.845792,939.0,26.96750407359889,1
23.383778,93.115972,1144.0,28.25731168850377,1
23.384222,93.145528,1208.0,28.98757825007264,1
23.385211,92.844697,971.0,26.57777862373484,1
23.38533,92.855433,811.0,18.520635899770767,1
23.387194,93.147806,1151.0,23.273326481355983,1
23.387328,92.933397,979.0,21.135527342306386,1
23.388162,93.312962,1241.0,25.363232718381973,1
23.388377,92.845102,929.0,26.767512858834905,1
23.388585,93.2446,696.0,54.21586216602861,1
23.390204,93.311043,1203.0,13.421509132977462,1
23.391352,93.376359,1144.0,26.91773442777563,1
23.391983,93.376078,1167.0,40.51058943733277,1
23.392598,93.375863,1158.0,30.17480904438851,1
23.393194,93.378917,1121.0,13.915808695897177,1
23.393332,92.758148,1296.0,27.79130564477921,1
23.393889,93.309244,1166.0,28.360372759879684,1
23.394333,93.374861,1155.0,23.273326481355983,1
23.394732,93.381271,1091.0,11.795709540896548,1
23.395159,93.374335,1170.0,27.990970091758022,1
23.395375,93.369426,1237.0,41.17433120903597,1
23.395474,93.370459,1192.0,31.138369345567487,1
23.396738,93.368237,1195.0,31.311156133255537,1
23.397126,92.757203,1253.0,25.915703593185818,1
23.397417,93.385722,1041.0,18.96231828867539,1
23.397861,93.3845,1055.0,21.611596098722195,1
23.397884,93.384281,1055.0,20.80971857959822,1
23.40002,92.842404,901.0,31.809663934881115,1
23.401015,92.848482,926.0,17.29444852858009,1
23.40178,92.750005,1212.0,27.372447043216635,1
23.403402,92.750288,1198.0,25.915703593185818,1
23.404207,93.318763,1171.0,30.77741947322608,1
23.405305,92.851014,915.0,31.46324153737256,1
23.40555,93.360549,1255.0,34.369895822693806,1
23.406236,93.356052,1293.0,9.870926939134982,1
23.406389,92.75325,1109.0,17.29444852858009,1
23.407528,93.318111,1185.0,15.42324502154344,1
23.408528,93.361278,1260.0,27.79130564477921,1
23.409674,92.750935,1183.0,29.58124669955053,1
23.410218,93.343897,1307.0,22.86208914423492,1
23.411146,92.752193,1154.0,24.2864614630402,1
23.411417,93.343361,1297.0,40.36997076821638,1
23.411942,93.154836,1089.0,27.226347381898258,1
23.412046,92.750099,1149.0,33.927980154144706,1
23.412845,93.33833,1307.0,34.54336392970912,1
23.412879,92.75401,1105.0,29.205932247399417,1
23.413501,92.725781,1095.0,30.266612409654883,1
23.414113,93.136272,864.0,19.370844026969944,1
23.415165,92.722199,1081.0,23.069045509039658,1
23.417482,92.770557,1209.0,28.25731168850377,1
23.418808,93.163009,1077.0,10.43076019506472,1
23.419417,93.333333,1309.0,14.03624346792648,1
23.4195,93.331917,1310.0,20.001783914715944,1
23.421903,92.715601,1020.0,21.95499883223757,1
23.422583,93.166,1053.0,10.759583898850556,1
23.423348,92.715571,998.0,21.135527342306386,1
23.423972,93.165944,1046.0,30.56899459462348,1
23.42425,93.168778,1003.0,27.432940772267944,1
23.424417,93.167306,1035.0,32.754877470959904,1
23.425424,92.716106,948.0,19.68967329725292,1
23.425583,93.168278,986.0,24.932657538079724,1
23.427418,93.335544,1287.0,35.69379666026943,1
23.427611,93.336861,1278.0,35.45087793804301,1
23.427681,92.714959,905.0,22.86208914423492,1
23.427713,93.33564,1302.0,30.508958866202807,1
23.428061,93.339182,1294.0,31.57639333699781,1
23.429181,93.171166,939.0,23.75010057347409,1
23.430917,93.171889,918.0,21.33126583595921,1
23.431639,93.33925,1302.0,26.126317264569018,1
23.43179,93.339128,1302.0,26.126317264569018,1
23.434706,92.854894,904.0,11.386165083355712,1
23.43481,92.873933,753.0,29.421439641486938,1
23.435405,92.871814,762.0,25.915703593185818,1
23.436999,92.875456,719.0,4.763641690726177,1
23.438997,92.877502,688.0,9.462322208025618,1
23.439142,93.222581,1595.0,25.197913740371355,1
23.439894,92.702301,588.0,39.9290614388517,1
23.440648,92.703726,603.0,25.79602649449995,1
23.440711,92.864298,795.0,15.896959679954522,1
23.440973,92.87909,649.0,33.46541063428238,1
23.44129,92.865395,795.0,30.973505797181858,1
23.442083,93.223472,1531.0,6.091478002079769,1
23.442118,92.868912,794.0,20.699546585586496,1
23.442296,92.695903,482.0,21.33126583595921,1
23.443793,92.862106,782.0,19.370844026969944,1
23.443878,92.85593,893.0,31.670097621922785,1
23.445083,93.223889,1489.0,30.508958866202807,1
23.44608,92.861819,784.0,21.55942138371082,1
23.447015,92.866917,914.0,11.904688112848122,1
23.447093,92.863082,787.0,19.61060912917093,1
23.447639,93.223611,1487.0,24.46133251877165,1
23.447697,92.861729,763.0,27.372447043216628,1
23.447985,92.856607,775.0,27.55326483492445,1
23.448278,93.207472,1382.0,25.15631913369421,1
23.448329,93.209889,1390.0,24.591248866909307,1
23.448368,92.899862,790.0,19.630414815023528,1
23.449083,93.206222,1338.0,27.62503917921715,1
23.449827,92.8599,777.0,10.759583898850556,1
23.451278,93.002944,1380.0,15.609525869125669,1
23.451505,92.900845,817.0,22.40687120493745,1
23.451972,93.259686,762.0,20.136303428248134,1
23.453389,93.2615,758.0,33.89536963300801,1
23.454081,92.857453,1023.0,38.85270866598098,1
23.454817,92.858696,1023.0,36.699225200489884,1
23.454924,93.260137,780.0,20.250651404968387,1
23.454968,92.854599,1003.0,32.98940559251086,1
23.455367,93.362276,1368.0,25.267001648248183,1
23.456101,92.859084,1025.0,39.92346957548317,1
23.456613,93.006652,1411.0,33.296989754761654,1
23.456861,93.006694,1403.0,26.577778623734844,1
23.457028,93.006722,1403.0,26.577778623734844,1
23.457031,92.857686,1049.0,39.99043879615859,1
23.457083,93.007639,1468.0,38.19194959128782,1
23.45769,93.041184,1286.0,19.74869565807571,1
23.457971,93.263265,820.0,46.54419507602035,1
23.458124,92.9053,922.0,23.19506859014077,1
23.45835,93.263247,828.0,36.82229258372596,1
23.458538,93.260555,802.0,23.397741000263863,1
23.458593,92.905313,906.0,21.6115960987222,1
23.458778,93.263222,835.0,39.85620904397488,1
23.459019,92.856803,1058.0,25.79602649449995,1
23.459039,93.324774,1326.0,4.763641690726178,1
23.459737,93.044479,1253.0,31.12871688801731,1
23.459786,92.855821,1052.0,22.07341542334565,1
23.46025,93.01125,1457.0,38.32262251890178,1
23.460697,92.747293,1465.0,8.530765609948133,1
23.460792,92.855527,1056.0,12.260147486012336,1
23.460968,92.597217,941.0,13.515781057664528,1
23.461083,93.205278,1287.0,27.32389130134654,1
23.461111,93.320472,1324.0,16.527811501531776,1
23.461248,93.012863,1453.0,16.428860704621638,1
23.462173,93.014317,1477.0,26.880307851328983,1
23.46243,93.262259,862.0,28.257311688503773,1
23.462667,93.317472,1333.0,0.9548412538721888,1
23.462805,92.856093,1054.0,12.53638838286113,1
23.462917,93.04575,1242.0,13.515781057664528,1
23.463222,93.015694,1484.0,18.94158858012096,1
23.463765,93.018316,1456.0,21.81855031431221,1
23.463981,92.736875,1246.0,44.11807168368964,1
23.464206,92.737583,1275.0,49.88640057174149,1
23.464394,92.855608,1073.0,21.680889149080844,1
23.466139,93.312778,1356.0,18.434948822922014,1
23.466951,93.311834,1359.0,17.083143246452856,1
23.467005,93.315107,1390.0,9.321835749415005,1
23.46718,93.311778,1363.0,23.75010057347409,1
23.467262,92.740634,1269.0,43.02962202284221,1
23.467623,93.250867,889.0,24.748625315195834,1
23.467679,93.250636,881.0,31.50104503484435,1
23.467715,93.313017,1363.0,23.3822424378352,1
23.468357,92.591717,884.0,17.03574212804197,1
23.468361,93.304222,1314.0,26.767512858834905,1
23.468389,93.27075,984.0,21.18915910142139,1
23.468508,93.270788,970.0,33.690067525979785,1
23.46925,93.273139,997.0,24.16881343581011,1
23.469712,93.248874,864.0,13.421509132977462,1
23.469833,93.314889,1405.0,21.18915910142139,1
23.470109,92.740615,1289.0,44.18137746111112,1
23.470139,93.025944,1459.0,25.80936745770508,1
23.470198,92.693264,391.0,20.607120971804857,1
23.470244,93.025409,1469.0,29.54940859650112,1
23.470329,93.26728,954.0,21.04572088407584,1
23.470722,93.246639,900.0,33.821757317608586,1
23.470794,92.741413,1345.0,31.434832006995155,1
23.470917,93.296417,1282.0,37.53490600791177,1
23.470964,92.692902,395.0,24.12447190179544,1
23.471889,93.246333,886.0,36.76087717499856,1
23.473258,93.241869,913.0,31.12871688801731,1
23.473361,93.222167,1048.0,35.80301842021218,1
23.473611,93.243069,895.0,30.96375653207352,1
23.473662,93.312845,1512.0,23.444146119861458,1
23.473778,93.239194,905.0,31.6607510966366,1
23.474056,93.225889,1030.0,27.90904811068605,1
23.474194,93.229667,1024.0,21.260377126997216,1
23.474472,93.322667,1471.0,17.083143246452856,1
23.474528,93.241611,896.0,28.49679392207442,1
23.474611,93.241556,890.0,30.24625565345472,1
23.474639,93.314167,1544.0,24.094842552110705,1
23.474833,93.229,1013.0,14.302914425322813,1
23.475139,93.241028,887.0,25.03089023333195,1
23.475392,92.605749,965.0,20.846265656650555,1
23.475522,93.313978,1563.0,18.305448954250743,1
23.476232,92.913652,1010.0,40.70850426789115,1
23.476694,93.238556,915.0,32.212374446006656,1
23.476702,92.705854,1002.0,9.73677691573277,1
23.476989,93.377213,1394.0,28.25731168850377,1
23.477601,92.818801,1011.0,32.427956428323874,1
23.477778,93.236333,919.0,18.370345512861498,1
23.477806,93.236611,916.0,18.64821573021375,1
23.477806,93.310111,1538.0,36.09071171241025,1
23.47803,92.861256,1027.0,28.002640063185417,1
23.47831,92.865466,961.0,26.217612768234883,1
23.478556,93.311722,1618.0,29.58124669955053,1
23.479667,93.225722,1003.0,26.93019100092878,1
23.479766,92.870601,922.0,36.505887632648864,1
23.480549,93.040585,1209.0,24.094842552110705,1
23.481881,93.214835,1045.0,29.031480434376107,1
23.482322,93.310052,1563.0,17.594079543115168,1
23.48375,93.212611,1039.0,37.84449625941184,1
23.484639,93.278222,1130.0,34.54336392970912,1
23.485194,93.274236,1133.0,35.27189058250504,1
23.486909,92.856282,1009.0,8.582483688827132,1
23.487102,92.606156,906.0,17.03574212804197,1
23.487306,93.192778,1099.0,26.126317264569018,1
23.487813,93.20758,1080.0,41.29243241280936,1
23.490702,93.33685,1373.0,13.515781057664528,1
23.491004,92.696873,651.0,42.87852793254086,1
23.491497,92.705503,980.0,54.982417177492046,1
23.493913,92.854305,957.0,17.456590925928477,1
23.496347,93.310454,1523.0,11.038532615965034,1
23.497388,92.855013,923.0,27.238572082130062,1
23.497919,92.854946,923.0,20.99158237694124,1
23.498802,92.8546,894.0,33.03247176064103,1
23.498881,92.703251,937.0,29.51750907883067,1
23.498889,93.311889,1538.0,22.373844274024943,1
23.49901,92.702759,921.0,21.18915910142139,1
23.499418,92.905021,972.0,18.94158858012096,1
23.500083,92.585889,874.0,6.379370208442804,1
23.500803,93.201572,1062.0,33.10114358966526,1
23.501778,92.58575,849.0,14.959246786437893,1
23.503611,92.615556,664.0,31.39687644298045,1
23.5087,93.360825,1307.0,43.06601987632945,1
23.50994,92.76861,676.0,31.80039615270397,1
23.510275,93.360333,1325.0,44.15186907819885,1
23.512147,93.359164,1299.0,34.60598807399335,1
23.513436,93.074047,1065.0,13.915808695897177,1
23.514479,93.369982,1359.0,18.94158858012096,1
23.517632,93.075702,1078.0,43.31385665828305,1
23.518162,93.366956,1391.0,26.437229357181263,1
23.519139,92.5795,800.0,21.18915910142139,1
23.51975,92.579556,800.0,26.767512858834905,1
23.531417,92.573056,875.0,28.82189836411544,1
23.533361,92.572139,922.0,11.499465999742789,1
23.534307,93.168479,1138.0,20.07880037349212,1
23.537082,93.161682,1086.0,35.264389682754654,1
23.537491,93.159176,1082.0,24.8479801794304,1
23.538538,93.158251,1051.0,17.456590925928477,1
23.540457,93.379051,1590.0,32.167104228386144,1
23.541929,93.382376,1584.0,44.15186907819885,1
23.542899,93.156212,1040.0,34.846405699136405,1
23.54294,93.384772,1482.0,41.70117944887398,1
23.543891,93.232644,1380.0,24.15404655313558,1
23.545796,93.136912,864.0,24.094842552110705,1
23.546,92.574556,953.0,18.434948822922014,1
23.546048,93.147734,953.0,36.59594159662962,1
23.546627,93.381058,1660.0,53.879662673071735,1
23.548132,93.077509,1009.0,31.24417585118817,1
23.548173,93.131588,835.0,39.53267195045832,1
23.55097,93.215688,1300.0,36.16893488396254,1
23.555561,93.072462,974.0,38.66587243862988,1
23.555929,93.295668,1546.0,34.090063875331914,1
23.562444,92.577806,983.0,26.126317264569018,1
23.563275,93.120567,731.0,44.12230065738465,1
23.566631,92.876781,544.0,30.82665955230447,1
23.56952,93.100523,639.0,31.311156133255537,1
23.57,92.47,513.0,16.723558006484023,1
23.570595,93.07382,1007.0,28.40597188009524,1
23.573051,93.102716,651.0,25.675463214971884,1
23.57348,93.102938,673.0,25.91570359318582,1
23.573731,93.075313,966.0,38.54414157288248,1
23.577354,93.102871,693.0,15.609525869125669,1
23.580139,92.591139,848.0,9.508656426564368,1
23.583574,93.09659,791.0,29.58124669955053,1
23.584417,92.622917,868.0,16.228736705934203,1
23.586582,93.102493,626.0,16.723558006484023,1
23.587,92.622389,813.0,17.752790161946685,1
23.587111,92.601667,949.0,39.25489386035365,1
23.587361,92.601278,921.0,43.2466765483804,1
23.587917,92.598056,886.0,24.242444512172103,1
23.588417,92.600889,929.0,55.740638990281376,1
23.588444,92.597417,898.0,27.360321545332805,1
23.588472,92.599,885.0,26.32132942828673,1
23.589167,92.590111,751.0,32.13988228321215,1
23.590139,92.607333,983.0,13.069151942759,1
23.590722,92.604694,999.0,7.825525624597575,1
23.597403,93.094131,899.0,33.296989754761654,1
23.597919,93.207362,1073.0,23.11642191920837,1
23.598139,92.599111,1010.0,24.16881343581011,1
23.602028,93.083824,1167.0,33.26309702272514,1
23.602395,93.084222,1179.0,33.44025753518539,1
23.603629,93.355925,1373.0,37.61935164481234,1
23.603808,93.092328,967.0,22.61986494804043,1
23.603865,93.204311,1026.0,26.269553396535294,1
23.604431,93.204251,1040.0,36.815480279408405,1
23.604611,92.726417,845.0,19.82702865340817,1
23.605611,93.08682,1128.0,21.611596098722195,1
23.605864,93.20387,1036.0,39.44639778779632,1
23.606539,93.087476,1135.0,35.03012380867594,1
23.607124,93.088782,1118.0,29.118936488427924,1
23.607347,92.879114,586.0,17.93200256558677,1
23.60753,93.092644,1005.0,18.45641864524321,1
23.607873,93.351351,1408.0,41.5812158696674,1
23.608133,93.201022,972.0,17.387333467314576,1
23.608306,92.850583,1111.0,32.167104228386144,1
23.608389,92.596889,1042.0,20.001783914715944,1
23.609111,92.596306,1050.0,21.611596098722195,1
23.610611,92.977722,1374.0,19.47122063449069,1
23.612312,93.198942,894.0,23.021526638116164,1
23.613722,92.851889,1066.0,21.83567219571615,1
23.615139,92.594944,1068.0,29.260073022738787,1
23.617227,93.042191,709.0,37.48271544856494,1
23.618083,92.645028,851.0,23.93089341141916,1
23.618316,93.342403,1522.0,31.993934384330498,1
23.618722,92.627389,1045.0,11.976725812374069,1
23.618917,92.642611,841.0,41.35368778916235,1
23.619583,92.634417,951.0,41.50070806498084,1
23.619791,93.33801,1580.0,28.85516751374433,1
23.621722,92.623583,1101.0,16.723558006484023,1
23.625444,92.614889,1087.0,19.47122063449069,1
23.626194,92.962111,1248.0,18.62703081108459,1
23.626738,93.033627,600.0,16.453666886955713,1
23.629553,93.077474,1001.0,27.90904811068605,1
23.630914,93.079723,963.0,17.571258778322424,1
23.631956,93.033971,566.0,19.630414815023528,1
23.63341,93.033595,553.0,33.44025753518539,1
23.633591,93.048668,832.0,25.07280797783953,1
23.635122,93.065289,844.0,14.763132623631552,1
23.635733,93.07666,923.0,36.2114423338008,1
23.636647,93.082939,1130.0,37.038767555809535,1
23.636699,93.083183,1130.0,37.038767555809535,1
23.637472,92.595278,1223.0,31.809663934881115,1
23.6377,93.066302,867.0,20.66264400478191,1
23.63797,93.078826,926.0,24.8479801794304,1
23.638822,93.066182,871.0,1.3502244696996155,1
23.639272,93.066239,876.0,10.999158271052185,1
23.639484,93.032189,484.0,31.138369345567487,1
23.640073,93.315306,1687.0,22.765646640754472,1
23.640448,93.343559,1167.0,33.69006752597979,1
23.640693,93.084944,1130.0,37.51535462990476,1
23.64119,93.085929,1128.0,31.966424730373205,1
23.644469,93.068299,867.0,24.16881343581011,1
23.6445,92.990194,1238.0,21.135527342306386,1
23.644962,93.076363,864.0,20.155422119735228,1
23.646848,93.068776,859.0,35.39887735323683,1
23.647342,93.303877,1731.0,34.44108336670712,1
23.647375,93.303415,1758.0,38.09794465951107,1
23.647593,93.068219,877.0,21.86985930890943,1
23.647667,93.299727,1733.0,25.5133092609215,1
23.648967,93.291988,1653.0,23.428692808745403,1
23.650925,93.030704,466.0,16.723558006484023,1
23.652972,92.6985,912.0,33.3982497427651,1
23.653812,93.029927,469.0,28.30319610038818,1
23.654025,93.287022,1541.0,31.670097621922785,1
23.654361,92.932389,848.0,17.29444852858009,1
23.654556,92.965056,1232.0,40.60184075517832,1
23.65475,92.690083,860.0,32.35640884426763,1
23.655417,92.957167,930.0,20.607120971804857,1
23.656556,92.964611,1200.0,23.97577371272972,1
23.657,93.028012,497.0,37.81892671564865,1
23.657018,93.286924,1489.0,25.23940182067892,1
23.657186,93.087169,1128.0,34.033517274264824,1
23.657194,92.5905,1193.0,30.747804873668915,1
23.657278,92.704583,898.0,24.634322367669885,1
23.657444,92.963889,1164.0,34.033517274264824,1
23.657642,93.349683,1167.0,16.2287367059342,1
23.658861,92.963722,1133.0,34.34609740006152,1
23.658944,92.964056,1179.0,33.764273391292186,1
23.659891,93.349052,1173.0,19.630414815023528,1
23.660361,93.285548,1405.0,30.49893168631072,1
23.663354,93.023297,520.0,22.29097037475897,1
23.664583,92.590111,1114.0,26.00818191569552,1
23.665806,92.969556,1091.0,18.96231828867539,1
23.665806,92.892639,415.0,23.428692808745403,1
23.666361,92.975972,1175.0,25.5133092609215,1
23.666608,93.350691,1242.0,13.069151942759,1
23.666722,92.890889,367.0,33.573963453775406,1
23.667306,92.978028,1095.0,27.078936947526696,1
23.667361,92.978,1095.0,27.078936947526696,1
23.669056,92.888889,487.0,26.880307851328983,1
23.669278,92.592278,1011.0,14.24415761739711,1
23.66958,93.02425,538.0,18.96231828867539,1
23.669694,92.592667,1020.0,19.12710170142385,1
23.670389,92.964417,1059.0,22.636129876883253,1
23.670556,92.728528,716.0,19.188418756936425,1
23.671,92.888333,408.0,15.06995574963759,1
23.672022,93.349595,1291.0,21.04572088407583,1
23.673104,93.349412,1289.0,23.4904160686416,1
23.674167,92.596889,1029.0,34.017325088918376,1
23.67425,92.587278,1048.0,24.16881343581011,1
23.674694,92.597361,1033.0,34.090063875331914,1
23.675142,93.023551,570.0,28.08409936669116,1
23.675722,92.598639,1074.0,36.42929126949838,1
23.677967,93.087973,1157.0,31.244175851188185,1
23.678583,92.571583,914.0,17.842681707487124,1
23.68054,93.020091,608.0,29.85463927845754,1
23.68075,92.571917,925.0,25.8493248967401,1
23.680931,92.859617,1051.0,1.9091524329963765,1
23.681206,93.019927,598.0,22.140679470491683,1
23.681531,92.718606,1171.0,20.001783914715944,1
23.681548,93.030106,564.0,20.001783914715944,1
23.681778,92.602611,1068.0,31.002719133873992,1
23.682158,92.858383,982.0,23.428692808745406,1
23.68225,92.573694,947.0,30.528995003826,1
23.682274,93.350321,1271.0,25.486125594093767,1
23.682611,92.602028,1082.0,31.670097621922785,1
23.683417,92.601222,1097.0,26.113233272206745,1
23.684222,92.599917,1102.0,39.76607121224395,1
23.684472,92.573694,968.0,30.05160649070701,1
23.684707,93.088283,1187.0,20.846265656650555,1
23.685602,93.028404,484.0,34.37782091784768,1
23.685795,93.019874,629.0,22.22435314380804,1
23.687031,93.203106,1152.0,37.53490600791177,1
23.687833,92.722444,1018.0,39.87305161235626,1
23.688389,92.595583,1122.0,27.565248984490395,1
23.689256,93.192172,1197.0,25.80936745770508,1
23.689282,93.039041,705.0,29.88589573021274,1
23.69,92.49,739.0,33.296989754761654,1
23.69,92.35,473.0,24.38870074689113,1
23.690722,92.570139,972.0,20.136303428248134,1
23.69159,93.190067,1128.0,27.226347381898258,1
23.691722,92.575111,912.0,26.539566558618308,1
23.6935,92.570306,960.0,16.253917058152773,1
23.693667,92.719056,1005.0,21.81855031431221,1
23.694333,93.183335,1430.0,22.22435314380804,1
23.695083,92.570639,950.0,35.32429987761792,1
23.695088,93.041426,755.0,33.89536963300801,1
23.695444,92.861667,936.0,34.25055493497398,1
23.695528,92.884167,358.0,25.675463214971884,1
23.696979,93.041829,809.0,26.880307851328983,1
23.697056,92.877944,436.0,33.05825736162379,1
23.697889,92.568444,923.0,32.212374446006656,1
23.699472,92.716167,987.0,19.188418756936425,1
23.6995,92.71617,987.0,19.188418756936425,1
23.699611,92.874917,431.0,8.104435709194412,1
23.700556,92.715972,1011.0,37.19921925289739,1
23.700889,92.878361,495.0,33.69006752597979,1
23.701047,93.190913,1139.0,51.7315277190998,1
23.701575,93.177726,1413.0,30.508958866202807,1
23.70166667,92.71944444,1044.0,23.75010057347409,1
23.702056,92.993222,890.0,18.19662752273151,1
23.70272,92.71631,1097.0,34.017325088918376,1
23.704333,92.7145,1049.0,28.98757825007264,1
23.704861,92.98575,962.0,14.763132623631552,1
23.705117,92.877669,501.0,10.759583898850556,1
23.705262,93.008904,710.0,34.369895822693806,1
23.705705,93.19007,1104.0,31.51991437453672,1
23.706667,92.714694,1033.0,46.8510996127983,1
23.707126,93.187183,1120.0,30.297100641022165,1
23.708217,92.761489,823.0,37.84449625941184,1
23.708377,93.053261,1004.0,31.80039615270397,1
23.708507,93.05583,1040.0,41.10717033949948,1
23.71,92.692528,649.0,40.00713585053131,1
23.710194,92.741167,613.0,25.376933525152303,1
23.710278,92.558056,965.0,16.601549599020238,1
23.710517,93.058403,1071.0,42.09430109320842,1
23.71125,92.660167,284.0,25.363232718381973,1
23.712306,92.649528,353.0,42.22469219190813,1
23.712528,92.64775,376.0,39.8055710922652,1
23.712611,92.560444,999.0,28.360372759879684,1
23.712694,92.66025,208.0,38.17319333803387,1
23.713131,92.798942,217.0,41.29243241280936,1
23.714694,92.728694,852.0,19.787913812706314,1
23.714703,92.873933,530.0,33.44025753518539,1
23.715278,92.697611,750.0,35.50271196509591,1
23.7155,92.556028,914.0,21.611596098722195,1
23.716111,92.712611,908.0,9.73677691573277,1
23.716125,92.866156,704.0,44.43187429640961,1
23.716278,92.727694,821.0,17.594079543115168,1
23.716333,92.688639,616.0,18.305448954250743,1
23.716556,92.699056,765.0,20.80971857959822,1
23.717028,92.692389,798.0,34.83870551117362,1
23.717111,92.713972,946.0,18.434948822922014,1
23.717222,92.694833,851.0,21.31357434104547,1
23.718194,92.556417,889.0,22.61986494804043,1
23.719306,92.869058,762.0,23.19506859014077,1
23.719389,92.675083,488.0,20.21263223645209,1
23.719472,92.676444,499.0,20.532771786488425,1
23.7195,92.675528,491.0,25.363232718381973,1
23.719694,92.868053,738.0,38.81672017857869,1
23.719972,92.697694,961.0,34.97675368176345,1
23.720417,92.695667,911.0,30.17480904438851,1
23.720611,92.692722,871.0,25.486125594093767,1
23.720833,92.978,905.0,18.94158858012096,1
23.721167,92.675056,561.0,35.81027366254364,1
23.722,92.721222,1005.0,32.98940559251086,1
23.722111,92.681472,684.0,34.033517274264824,1
23.722222,92.682278,699.0,22.29097037475897,1
23.726694,92.557778,834.0,45.62663742342179,1
23.727639,92.703083,870.0,30.747804873668915,1
23.727694,92.736,720.0,29.85463927845754,1
23.728778,92.557833,797.0,25.34952033151192,1
23.730867,92.755639,898.0,32.11261530059655,1
23.732894,92.753033,907.0,27.62503917921715,1
23.733083,92.675611,770.0,37.16592466590954,1
23.733222,92.557833,710.0,22.07341542334565,1
23.7335,92.674472,851.0,37.4041069193059,1
23.73436,92.75194,900.0,30.02066192256465,1
23.734427,93.08625,983.0,33.56563872420533,1
23.735,92.695111,919.0,25.5133092609215,1
23.735028,92.696028,926.0,30.05160649070701,1
23.735086,92.829525,609.0,23.397741000263863,1
23.735833,92.558056,693.0,17.775317038209,1
23.736217,92.796936,332.0,24.46133251877165,1
23.736778,92.694528,961.0,23.132182561931256,1
23.737083,92.703889,929.0,22.765646640754472,1
23.737167,92.557167,734.0,21.18915910142139,1
23.739306,92.743111,919.0,20.097992628721148,1
23.739417,92.699917,1002.0,31.74467986659196,1
23.740028,92.709861,900.0,40.41337530810542,1
23.740306,92.965389,815.0,20.439317573258247,1
23.740417,92.795083,367.0,12.772578169490426,1
23.741389,92.739528,961.0,21.938008256074177,1
23.741806,92.72525,967.0,21.971970836813973,1
23.741851,93.377004,1315.0,27.32389130134654,1
23.742696,93.378058,1350.0,14.24415761739711,1
23.742754,93.094558,1222.0,34.37782091784768,1
23.742861,92.725389,945.0,11.348119585994183,1
23.743694,92.679028,922.0,24.46133251877165,1
23.74372,92.72417,979.0,18.77467605427877,1
23.744028,92.698861,907.0,34.472622749576175,1
23.744167,92.730472,801.0,25.79602649449995,1
23.74425,92.968472,714.0,17.387333467314576,1
23.744303,92.720114,1148.0,32.10351627298505,1
23.744972,92.702889,818.0,18.77467605427877,1
23.745083,92.6955,935.0,44.563720855785085,1
23.745444,92.749556,808.0,14.959246786437893,1
23.745639,92.694361,934.0,44.563720855785085,1
23.746722,92.695972,816.0,30.10305246289624,1
23.746832,93.377656,1387.0,20.155422119735228,1
23.747111,93.378258,1400.0,15.36952380130432,1
23.747444,92.696194,792.0,25.8493248967401,1
23.747943,93.374597,1221.0,22.61986494804043,1
23.749722,92.693781,849.0,41.17433120903597,1
23.749805,93.099227,1399.0,28.82189836411544,1
23.750139,93.098167,1412.0,21.260377126997213,1
23.750454,92.69524,765.0,25.016893478100023,1
23.750676,92.679635,833.0,17.29444852858009,1
23.750722,92.744,893.0,28.98757825007264,1
23.751155,92.571589,790.0,33.83814426542724,1
23.751528,91.604533,88.0,6.721369339369457,1
23.751694,92.731528,946.0,23.628423517864427,1
23.753222,93.377281,1402.0,33.690067525979785,1
23.753417,92.687556,687.0,27.505240762859906,1
23.754359,92.690207,689.0,24.242444512172103,1
23.754475,92.722754,1014.0,35.71570019685384,1
23.754493,92.690145,689.0,24.242444512172103,1
23.757805,92.561473,769.0,22.684823831912844,1
23.760222,92.848167,802.0,29.85463927845754,1
23.761734,92.573908,497.0,26.67924362098057,1
23.762482,92.742799,1064.0,29.24925904290538,1
23.767139,92.533889,483.0,33.490525189983416,1
23.76821,92.539681,523.0,28.98757825007264,1
23.771587,92.732129,1295.0,36.815480279408405,1
23.777472,93.009163,536.0,27.33604368814356,1
23.777555,93.112473,1261.0,38.31642449920507,1
23.777805,93.00489,582.0,21.260377126997216,1
23.779444,93.023918,426.0,21.04572088407583,1
23.78,92.84,546.0,15.36952380130432,1
23.78,92.36,713.0,23.97577371272972,1
23.780138,93.152916,759.0,25.675463214971884,1
23.780864,92.577909,493.0,31.12871688801731,1
23.782249,93.148865,817.0,28.257311688503773,1
23.782249,93.116165,1231.0,20.250651404968387,1
23.783846,92.553747,645.0,34.35403406736099,1
23.783956,92.553695,645.0,34.35403406736099,1
23.784222,92.841972,604.0,21.47206914335925,1
23.784278,92.597111,422.0,17.387333467314576,1
23.785444,93.024612,480.0,20.82800310374709,1
23.785944,93.154137,716.0,34.090063875331914,1
23.787414,92.725278,1244.0,25.955401413885543,1
23.78775,93.386887,1314.0,17.775317038209,1
23.788032,92.729443,1164.0,35.39887735323683,1
23.7885,93.024666,515.0,20.439317573258247,1
23.788666,93.386139,1309.0,19.787913812706314,1
23.788722,92.837833,622.0,26.56505117707799,1
23.789749,93.035667,523.0,14.763132623631552,1
23.79,92.36,722.0,17.775317038209,1
23.790132,92.672097,358.0,33.33081260166977,1
23.790138,93.394447,1392.0,24.12447190179544,1
23.79125,93.384583,1270.0,28.98757825007264,1
23.791277,93.156387,665.0,24.16881343581011,1
23.791511,92.730515,1174.0,34.97675368176345,1
23.792555,93.029892,559.0,33.573963453775406,1
23.792749,93.116943,1285.0,33.3982497427651,1
23.793417,93.387474,1162.0,31.58578773967389,1
23.794195,93.025055,561.0,17.03574212804197,1
23.795444,93.04039,530.0,14.302914425322813,1
23.795778,93.38797,1155.0,32.401162502089626,1
23.796268,92.54654,492.0,3.4389123953782974,1
23.797361,93.040916,552.0,35.50271196509591,1
23.798611,93.16378,606.0,33.862693945765855,1
23.798861,92.642417,138.0,7.416536974278209,1
23.799166,93.132919,1032.0,18.305448954250743,1
23.8,92.5,672.0,19.68967329725292,1
23.800556,93.15889,460.0,24.932657538079724,1
23.801001,93.166359,593.0,43.879267026727,1
23.801054,93.168762,554.0,20.001783914715944,1
23.801399,93.168648,565.0,18.62703081108459,1
23.801624,92.960437,1244.0,30.89535018031049,1
23.802567,92.564045,859.0,11.038532615965034,1
23.803055,93.160164,471.0,20.250651404968387,1
23.803085,93.159225,421.0,19.31028740874557,1
23.803364,93.159164,419.0,26.61590170730996,1
23.804193,93.035248,670.0,30.85613335195628,1
23.805313,92.592663,523.0,41.18463738471524,1
23.805779,93.027115,722.0,30.56899459462348,1
23.808111,93.041779,840.0,15.042369244334244,1
23.808528,92.595222,371.0,20.07880037349212,1
23.81,92.5,610.0,24.591248866909307,1
23.810083,92.833861,527.0,35.264389682754654,1
23.810806,93.379028,1074.0,23.021526638116164,1
23.811722,92.959917,1333.0,40.77214745945523,1
23.811938,92.570804,625.0,20.136303428248134,1
23.812139,92.954167,1335.0,25.88918455713453,1
23.812167,92.835194,510.0,31.51991437453672,1
23.816,92.84,294.0,21.86985930890943,1
23.816611,92.662306,133.0,14.592550602033429,1
23.817333,92.661222,133.0,25.15631913369421,1
23.819269,92.826983,445.0,30.418494611596422,1
23.821894,92.569325,714.0,31.311156133255537,1
23.822054,92.826453,458.0,29.260073022738787,1
23.822086,92.826497,448.0,31.809663934881115,1
23.823222,92.674861,403.0,25.07280797783953,1
23.82325,92.925222,1128.0,28.176705590951745,1
23.824586,92.825019,457.0,15.42324502154344,1
23.825205,92.830469,385.0,24.38870074689113,1
23.826694,92.603833,449.0,22.40687120493745,1
23.832916,93.301888,1237.0,27.565248984490395,1
23.833166,93.305275,1268.0,22.61986494804043,1
23.833698,92.650724,117.0,37.53490600791177,1
23.835361,93.052414,1044.0,17.775317038209,1
23.836056,93.37664,868.0,16.723558006484023,1
23.83675,92.916556,1124.0,25.5133092609215,1
23.839417,92.910972,1145.0,16.2287367059342,1
23.84,92.37,433.0,22.765646640754472,1
23.840334,93.071945,703.0,22.373844274024943,1
23.841713,92.911476,1138.0,33.69006752597979,1
23.842167,93.373917,831.0,25.635076100950123,1
23.844109,92.928779,1826.0,24.15404655313558,1
23.844139,92.933,1640.0,42.055448062192106,1
23.844165,92.930006,1841.0,14.03624346792648,1
23.844444,93.051361,1087.0,30.747804873668915,1
23.84461,93.190277,762.0,31.138369345567487,1
23.846056,93.371971,760.0,14.763132623631552,1
23.846786,92.655892,75.0,38.07907632899583,1
23.847224,92.927508,1796.0,16.72355800648402,1
23.847246,92.927341,1788.0,13.640311227766055,1
23.848,93.041885,1010.0,27.55326483492445,1
23.848083,93.076691,680.0,14.066164922222868,1
23.848917,93.135307,463.0,31.670097621922785,1
23.849497,92.928202,1822.0,14.03624346792648,1
23.85,93.048164,1030.0,24.242444512172103,1
23.85,92.33,188.0,11.461836902818336,1
23.85075,93.115608,399.0,32.91160083273797,1
23.850861,92.743083,1274.0,24.748625315195834,1
23.851361,92.742222,1300.0,24.805474401698422,1
23.851723,93.186775,963.0,34.62941016850345,1
23.852722,92.743306,1255.0,21.31357434104547,1
23.852861,93.059998,840.0,38.88263603672812,1
23.853333,93.12458,300.0,34.60598807399335,1
23.855028,93.041695,944.0,26.880307851329,1
23.855092,92.666553,407.0,26.32132942828673,1
23.855535,92.648953,73.0,39.87305161235626,1
23.856821,92.833784,189.0,23.444146119861458,1
23.856861,92.743028,1367.0,22.636129876883253,1
23.856972,93.046112,886.0,34.49623729009093,1
23.857278,92.646222,163.0,40.62857634325013,1
23.859417,92.917333,1258.0,21.419418908984124,1
23.86,92.35,282.0,10.176527410054078,1
23.86,92.37,540.0,28.98757825007264,1
23.860102,92.834056,202.0,25.79602649449995,1
23.860167,93.194778,912.0,32.98940559251087,1
23.860361,93.203804,955.0,22.489134862284537,1
23.861805,93.364944,610.0,17.842681707487124,1
23.862638,93.204025,996.0,21.135527342306386,1
23.863417,93.201279,932.0,24.904481044556743,1
23.865694,92.932639,1315.0,28.037600489728423,1
23.866138,93.222809,1163.0,17.01197993242201,1
23.867277,93.205643,1047.0,35.113638216485604,1
23.868279,93.222557,1160.0,29.88589573021274,1
23.868917,92.735472,1258.0,25.8493248967401,1
23.869861,92.877444,978.0,20.99158237694124,1
23.87,92.5,873.0,13.16632060042364,1
23.870445,93.208611,1045.0,38.32881810145589,1
23.870445,93.353859,992.0,29.421439641486938,1
23.870567,93.215149,1127.0,34.369895822693806,1
23.870583,93.095444,575.0,23.428692808745406,1
23.87075,93.078529,702.0,31.138369345567487,1
23.871694,92.919955,1186.0,29.54940859650112,1
23.872055,93.094276,608.0,22.09025870405004,1
23.87211,93.335999,1196.0,17.29444852858009,1
23.872722,92.874083,937.0,20.846265656650555,1
23.874056,93.244469,1223.0,23.628423517864423,1
23.875174,93.21302,1151.0,28.002640063185417,1
23.876139,93.260445,1616.0,17.66231893216494,1
23.877806,93.267609,1668.0,52.75478326888513,1
23.88,92.69,609.0,21.869859308909422,1
23.88,92.5,761.0,34.97675368176345,1
23.881056,93.245804,1476.0,30.01033418769176,1
23.881361,93.257027,1568.0,16.051123667414398,1
23.88139,93.243027,1356.0,28.222814437179903,1
23.881639,93.234642,1272.0,26.74234155739631,1
23.881971,93.250969,1542.0,30.266612409654883,1
23.882055,93.041222,876.0,43.429581196908224,1
23.882389,93.248947,1518.0,30.89535018031049,1
23.882583,92.877639,882.0,30.02066192256465,1
23.88319,92.869,671.0,30.508958866202807,1
23.883306,92.861917,711.0,26.126317264569018,1
23.88375,92.866778,711.0,26.269553396535294,1
23.883944,92.880528,879.0,26.91773442777563,1
23.883944,93.247528,1443.0,28.08409936669116,1
23.884083,93.209908,1192.0,24.591248866909307,1
23.885195,93.202332,912.0,35.121209164599065,1
23.885279,93.207726,1096.0,19.370844026969944,1
23.885639,92.857861,707.0,31.57639333699781,1
23.886723,93.200279,873.0,23.4904160686416,1
23.887251,93.095612,637.0,33.590600231227405,1
23.887333,92.851111,526.0,23.021526638116164,1
23.888081,93.026642,958.0,26.842795672040804,1
23.888945,93.033974,913.0,25.253207609369632,1
23.889306,92.736528,1118.0,34.60598807399335,1
23.890694,93.275024,1698.0,17.594079543115168,1
23.891722,92.84925,576.0,24.634322367669885,1
23.894444,93.019279,1071.0,34.44108336670712,1
23.899305,93.015587,1066.0,22.98976777360885,1
23.9,92.39,207.0,20.307500221928045,1
23.900694,93.015587,1077.0,23.273326481355983,1
23.901638,93.278641,1691.0,20.097992628721148,1
23.902111,92.922556,1138.0,11.348119585994183,1
23.905027,93.185776,1003.0,28.632096976803734,1
23.907555,93.015114,1106.0,17.775317038209,1
23.908806,93.177391,1020.0,22.22435314380804,1
23.908806,93.180832,1004.0,32.05794564123819,1
23.909111,93.02375,1103.0,33.02386755579665,1
23.91,92.45,217.0,21.83567219571615,1
23.91011,93.177193,1016.0,18.45641864524321,1
23.913445,93.023941,1101.0,43.07056331739201,1
23.914278,93.178864,988.0,27.17735741799749,1
23.915778,92.742417,1006.0,24.74862531519583,1
23.918389,92.923472,1106.0,18.305448954250743,1
23.918461,92.741531,985.0,24.475819581509896,1
23.918694,92.740389,1039.0,10.046788047511114,1
23.918917,92.650833,158.0,6.853224835121291,1
23.922639,92.736528,875.0,28.002640063185417,1
23.923047,92.656696,107.0,18.96231828867539,1
23.92425,92.925222,1117.0,26.91773442777563,1
23.924278,92.744806,919.0,8.47871314708616,1
23.927389,93.02803,1071.0,29.020515817031367,1
23.929083,92.922778,1110.0,15.793169048263966,1
23.93,92.37,730.0,13.824682316158707,1
23.933904,92.673871,225.0,20.307500221928045,1
23.934222,92.730611,798.0,21.95499883223757,1
23.934417,92.667222,194.0,27.33604368814356,1
23.935917,93.345642,805.0,30.85613335195628,1
23.936333,93.118858,1508.0,34.41738871044157,1
23.936806,93.340668,888.0,32.10351627298505,1
23.938028,93.121277,1526.0,24.8479801794304,1
23.938583,93.213997,1044.0,22.140679470491683,1
23.939194,93.214195,1078.0,35.98342760298727,1
23.9395,92.927889,1221.0,35.27938801183364,1
23.94,92.37,688.0,25.688903331931808,1
23.940106,92.680592,254.0,28.222814437179903,1
23.940333,92.680833,254.0,26.32132942828673,1
23.942722,93.213531,1038.0,7.653048720543413,1
23.943241,92.933604,1266.0,26.96750407359889,1
23.94325,92.933611,1266.0,26.96750407359889,1
23.945055,93.313698,1463.0,37.56093713903626,1
23.948917,93.038719,1053.0,25.253207609369632,1
23.95,92.37,772.0,14.506372352544124,1
23.950195,93.125061,1429.0,11.648634944412734,1
23.950277,93.217056,972.0,12.04828213833979,1
23.950417,93.037109,1067.0,22.373844274024943,1
23.956528,93.041084,1072.0,22.8781056322946,1
23.957556,93.026558,928.0,33.05825736162379,1
23.958944,93.022781,896.0,23.3822424378352,1
23.959278,93.020859,852.0,35.50271196509591,1
23.959278,93.123558,1379.0,28.85516751374433,1
23.95942,92.943345,984.0,43.65396627844831,1
23.961,93.028969,960.0,23.97577371272972,1
23.962278,93.035309,1022.0,33.89536963300801,1
23.965889,92.682278,300.0,24.8479801794304,1
23.966249,93.041115,1126.0,25.915703593185818,1
23.966917,93.041473,1106.0,36.97817981978636,1
23.969223,93.016335,783.0,18.370345512861498,1
23.970444,92.927167,1222.0,8.47871314708616,1
23.971078,92.682781,321.0,28.222814437179903,1
23.972027,93.014893,752.0,27.62503917921715,1
23.972222,92.68325,351.0,26.96750407359889,1
23.973513,92.6839,338.0,15.042369244334246,1
23.973684,92.683868,338.0,15.042369244334246,1
23.976412,92.683312,386.0,27.238572082130062,1
23.979472,92.684139,389.0,21.33126583595921,1
23.980749,93.28653,1427.0,45.142527402683065,1
23.981083,93.287392,1395.0,43.60147763828204,1
23.982,92.718028,687.0,14.03624346792648,1
23.982639,93.011055,677.0,27.33604368814356,1
23.983667,92.683333,436.0,17.775317038209,1
23.983694,93.044418,1070.0,12.364552990274646,1
23.984972,92.772028,600.0,16.228736705934203,1
23.986109,92.681581,448.0,15.793169048263966,1
23.9865,92.709806,628.0,29.665849859262984,1
23.990028,93.010582,602.0,28.30319610038818,1
23.99016,92.68075,485.0,14.506372352544124,1
23.992805,93.043251,1101.0,30.297100641022165,1
23.993778,93.004524,422.0,27.226347381898258,1
23.997222,92.681722,548.0,27.79130564477921,1
23.999111,93.285309,1399.0,24.38870074689113,1
24.000334,93.300278,1188.0,31.002719133873985,1
24.001167,93.037613,1188.0,26.57777862373484,1
24.003889,93.323502,698.0,19.47122063449069,1
24.004186,92.904111,894.0,37.50230700018765,1
24.004313,92.904068,906.0,35.59118566547325,1
24.004867,92.677265,610.0,36.16893488396254,1
24.005278,92.677083,615.0,34.21858270764896,1
24.00977,92.767346,678.0,31.24417585118817,1
24.010279,92.767056,715.0,29.88589573021274,1
24.012472,93.047249,1238.0,31.002719133873985,1
24.013044,92.920237,1069.0,25.14243049054343,1
24.014332,92.924018,1076.0,32.96351159099253,1
24.015858,92.797666,620.0,43.13854791026302,1
24.019306,93.181274,1058.0,10.21937711459359,1
24.02025,93.243973,558.0,26.61590170730996,1
24.021514,92.673778,677.0,37.14591448999934,1
24.022079,92.771729,798.0,26.539566558618308,1
24.022188,92.771891,806.0,26.360054096082703,1
24.022347,92.772075,806.0,26.360054096082703,1
24.022376,92.77308,829.0,25.14243049054343,1
24.023861,93.248192,594.0,24.591248866909307,1
24.023916,93.194336,1261.0,41.65131033076985,1
24.023945,93.195663,1260.0,39.60705736237804,1
24.024289,92.771361,856.0,8.159014354942736,1
24.024826,92.888859,1195.0,16.601549599020238,1
24.025094,92.769158,870.0,19.12710170142385,1
24.025487,92.907485,1031.0,31.89284050209588,1
24.025506,92.915628,1033.0,41.10199182161108,1
24.025542,92.91546,1033.0,41.10199182161108,1
24.025676,92.914807,1042.0,39.37703221498191,1
24.026138,93.240166,691.0,26.91773442777563,1
24.026556,92.911915,1044.0,36.26089278326507,1
24.028721,92.909301,1068.0,16.253917058152773,1
24.030186,92.673377,731.0,23.628423517864423,1
24.030416,92.901491,974.0,20.80971857959822,1
24.030588,92.668422,914.0,29.54940859650111,1
24.030793,92.793313,632.0,27.613098503754813,1
24.033563,92.674267,767.0,24.16881343581011,1
24.036336,92.770846,945.0,31.244175851188185,1
24.036893,92.771278,945.0,27.62503917921715,1
24.037336,92.922455,913.0,25.526884054256257,1
24.037395,92.922461,908.0,25.363232718381973,1
24.037574,92.922489,908.0,25.363232718381973,1
24.038279,93.140945,1037.0,22.61986494804043,1
24.039744,92.780045,877.0,40.70850426789114,1
24.039833,93.232864,941.0,39.260731733474245,1
24.040703,92.774277,941.0,11.348119585994183,1
24.040967,92.774357,943.0,4.857533338413092,1
24.040972,93.078697,648.0,33.32236342654518,1
24.043187,92.77542,977.0,31.205779114725832,1
24.043417,93.066307,910.0,26.32132942828673,1
24.043492,92.775423,977.0,27.17735741799749,1
24.045278,92.775169,959.0,24.748625315195834,1
24.046499,93.04422,1217.0,17.775317038209,1
24.047916,93.056946,1229.0,45.59995887022537,1
24.048695,93.061638,1090.0,36.14763896908836,1
24.05,92.38,649.0,31.051293565952417,1
24.050391,92.775525,966.0,35.45087793804301,1
24.053275,92.77647,979.0,30.747804873668915,1
24.056205,92.916817,864.0,19.74869565807571,1
24.06,92.39,564.0,23.567234622032583,1
24.061004,92.925342,810.0,36.05502968442895,1
24.062429,92.922576,783.0,25.14243049054343,1
24.066822,92.893593,1003.0,11.904688112848122,1
24.067478,92.893471,1006.0,4.044691235386269,1
24.067576,92.893076,1003.0,5.788832299437198,1
24.069401,92.91857,753.0,13.915808695897177,1
24.069728,92.918457,757.0,6.91817481667161,1
24.069857,92.918457,757.0,6.91817481667161,1
24.070285,92.787738,971.0,29.205932247399417,1
24.07462,92.91518,764.0,36.67862167977997,1
24.076035,92.790672,949.0,21.95499883223757,1
24.077014,92.790809,933.0,32.490306531189724,1
24.078041,92.914114,777.0,20.001783914715944,1
24.07814,92.790905,936.0,28.98757825007264,1
24.078422,92.792189,919.0,38.17319333803387,1
24.08,92.39,551.0,12.638224684699054,1
24.08,92.51,647.0,27.017123217850244,1
24.080938,92.914167,801.0,28.08409936669116,1
24.081381,92.793089,911.0,20.155422119735228,1
24.09,92.37,155.0,17.01197993242201,1
24.09,92.4,379.0,12.638224684699054,1
24.091081,92.795582,922.0,20.99158237694124,1
24.09109,92.795724,923.0,19.74869565807571,1
24.09123,92.795928,923.0,19.74869565807571,1
24.091359,92.796008,916.0,30.49893168631072,1
24.091664,92.796134,898.0,25.15631913369421,1
24.09176,92.803968,654.0,18.520635899770767,1
24.094248,92.917745,785.0,32.98940559251086,1
24.097858,92.918738,789.0,34.85410224097107,1
24.099117,92.916676,809.0,31.80039615270397,1
24.1,92.37,110.0,12.772578169490426,1
24.1,92.42,141.0,9.73677691573277,1
24.1,92.51,579.0,37.671095800679176,1
24.100401,92.915441,817.0,15.81919394750014,1
24.102008,92.791628,896.0,23.428692808745403,1
24.10246,92.811355,737.0,31.809663934881115,1
24.11,92.39,281.0,5.128711509483252,1
24.12,92.38,123.0,20.532771786488425,1
24.12,92.36,117.0,18.434948822922014,1
24.12,92.46,129.0,7.416536974278209,1
24.125294,92.805847,703.0,7.416536974278209,1
24.125631,92.805948,701.0,10.759583898850556,1
24.125996,92.805874,699.0,16.723558006484023,1
24.13,92.52,302.0,13.515781057664528,1
24.14,92.41,318.0,18.434948822922014,1
24.146606,92.796528,702.0,32.13988228321215,1
24.15,92.41,153.0,18.64821573021375,1
24.162021,92.797605,752.0,26.32132942828673,1
24.17,92.33,72.0,12.772578169490426,1
24.17,92.53,117.0,35.62790729142092,1
24.17,92.52,65.0,20.07880037349212,1
24.170329,92.641325,137.0,3.4389123953782974,1
24.171459,92.641035,140.0,6.91817481667161,1
24.175865,92.945618,506.0,29.802413569555988,1
24.18,92.54,82.0,24.2864614630402,1
24.180261,92.690737,686.0,35.02251023762291,1
24.182669,92.950748,454.0,31.670097621922785,1
24.182783,92.949911,455.0,23.75010057347409,1
24.183115,92.949989,460.0,20.21263223645209,1
24.183717,92.798909,743.0,20.80971857959822,1
24.184022,92.951257,453.0,26.56505117707799,1
24.187212,92.633859,199.0,14.15548761586253,1
24.188117,92.595278,155.0,9.462322208025618,1
24.188702,92.943036,486.0,31.434832006995155,1
24.19,92.33,70.0,9.462322208025618,1
24.190369,92.94432,496.0,37.53490600791178,1
24.190711,92.943593,521.0,30.02066192256465,1
24.191114,92.943311,533.0,32.91160083273797,1
24.192522,92.944635,520.0,27.755818170578,1
24.19265,92.944583,538.0,36.65110902894253,1
24.193061,92.992877,249.0,25.8493248967401,1
24.193682,92.946417,531.0,36.815480279408405,1
24.194015,92.944562,536.0,34.37782091784768,1
24.194252,92.963806,330.0,7.416536974278209,1
24.197474,92.947295,584.0,29.020515817031367,1
24.197817,92.993923,258.0,25.363232718381973,1
24.198831,92.946348,581.0,30.418494611596422,1
24.199114,92.992916,257.0,45.039733563025486,1
24.199185,92.992094,268.0,42.00674000869547,1
24.199201,92.993156,247.0,42.46793068162231,1
24.2,92.42,556.0,16.91651608571675,1
24.200487,92.985172,269.0,29.83376877992044,1
24.200746,92.98517,259.0,31.12871688801731,1
24.201154,92.944079,584.0,26.61590170730996,1
24.211504,92.679258,713.0,23.4904160686416,1
24.214366,92.680404,680.0,25.14243049054343,1
24.215868,92.802452,694.0,20.532771786488425,1
24.216509,92.802591,690.0,23.444146119861458,1
24.217097,92.632545,187.0,4.763641690726178,1
24.218066,92.951214,602.0,21.260377126997216,1
24.220596,92.802961,677.0,19.12710170142385,1
24.222837,92.952639,599.0,1.9091524329963765,1
24.225579,92.805884,609.0,25.363232718381973,1
24.225691,92.805445,611.0,20.607120971804857,1
24.225969,92.805611,624.0,20.155422119735228,1
24.229303,92.819002,493.0,11.904688112848122,1
24.232551,92.81525,494.0,34.417388710441564,1
24.233808,92.978777,587.0,15.81919394750014,1
24.237794,92.805727,657.0,12.53638838286113,1
24.23782,92.612062,185.0,14.302914425322813,1
24.237872,92.798117,466.0,25.635076100950123,1
24.239118,92.639369,129.0,28.25731168850377,1
24.24,92.36,91.0,7.2338446967252255,1
24.240244,92.694292,495.0,19.31028740874557,1
24.240415,92.941421,606.0,27.33604368814356,1
24.242764,92.955406,675.0,17.01197993242201,1
24.243567,92.645801,73.0,13.03657849691309,1
24.24496,92.683014,467.0,29.195082782485805,1
24.245649,92.681551,505.0,26.113233272206745,1
24.246076,92.948994,696.0,14.592550602033429,1
24.248558,92.954177,710.0,16.723558006484023,1
24.26,92.65,51.0,6.853224835121291,1
24.26,92.96,706.0,26.67924362098057,1
24.26,92.81,710.0,13.824682316158707,1
24.27,92.65,64.0,16.796238729882134,1
24.27,92.81,544.0,16.723558006484023,1
24.28,92.64,51.0,5.385977098599754,1
24.28,92.65,103.0,13.824682316158707,1
24.28,92.81,580.0,34.090063875331914,1
24.29,92.65,112.0,7.2338446967252255,1
24.29,92.95,968.0,12.225122675735754,1
24.29,92.96,837.0,35.795759914707084,1
24.29,92.82,574.0,44.63327765256181,1
24.32,92.84,305.0,52.78577026867817,1
24.33,92.84,459.0,39.09643971967424,1
24.34,92.66,43.0,1.3502244696996155,1
24.34,92.74,141.0,9.462322208025618,1
24.34,92.77,84.0,17.387333467314576,1
24.34,92.84,459.0,23.97577371272972,1
24.35,92.67,84.0,7.653048720543413,1
24.35,92.84,326.0,19.47122063449069,1
24.35,92.85,382.0,25.23940182067892,1
24.35,92.82,485.0,11.499465999742789,1
24.36,92.89,122.0,22.373844274024943,1
24.36,92.88,100.0,13.03657849691309,1
24.36,92.83,389.0,6.654425046006596,1
24.36,92.82,327.0,20.43931757325825,1
24.37,92.9,139.0,23.069045509039658,1
24.37,92.89,45.0,8.47871314708616,1
24.37,92.78,46.0,2.1342998941463125,1
24.37,92.87,162.0,31.44430728239367,1
24.37,92.86,292.0,7.416536974278209,1
24.37,92.85,348.0,22.40687120493745,1
24.37,92.81,224.0,20.846265656650555,1
24.38,92.68,80.0,19.370844026969944,1
24.38,92.82,213.0,20.21263223645209,1
24.39,92.79,52.0,8.582483688827132,1
24.4,92.8,110.0,10.759583898850556,1
24.41,92.8,64.0,13.03657849691309,1
24.45,92.78,52.0,14.273571375658683,1
24.47,92.76,135.0,14.959246786437893,1
24.48,92.76,118.0,9.321835749415005,1
24.5,92.77,115.0,3.4389123953782974,1
24.51,92.77,254.0,25.5133092609215,1
23.73888889,92.69638889,1044.0,26.74234155739631,1
23.73947222,92.69666667,1033.0,25.03089023333195,1
23.74027778,92.69722222,1039.0,18.305448954250743,1
23.74066667,92.69336111,927.0,12.225122675735753,1
23.7385748,92.6941941,986.0,32.98940559251086,1
23.74472222,92.69277778,974.0,24.904481044556743,1
23.74116667,92.69455556,948.0,25.8493248967401,1
23.7375,92.69444444,979.0,29.51750907883067,1
23.73386111,92.69491667,899.0,24.8479801794304,1
23.72669444,92.69519444,897.0,33.10114358966526,1
23.73361111,92.69388889,900.0,23.11642191920837,1
23.73472222,92.695,917.0,22.07341542334565,1
23.73416667,92.69805556,940.0,18.96231828867539,1
23.73305556,92.69944444,894.0,32.754877470959904,1
23.74972222,92.69833333,630.0,22.22435314380804,1
23.73111111,92.70222222,862.0,20.307500221928045,1
23.73111111,92.70388889,873.0,20.99158237694124,1
23.73333333,92.70527778,949.0,11.461836902818336,1
23.731,92.70644444,891.0,27.565248984490395,1
23.73583333,92.69777778,993.0,16.253917058152773,1
23.73132778,92.70821944,885.0,13.421509132977462,1
23.72428333,92.70737778,978.0,27.226347381898258,1
23.72276944,92.70665,961.0,39.81120571743024,1
23.71446389,92.71146389,988.0,28.08409936669116,1
23.71581111,92.70935,902.0,24.22774531795417,1
23.71595,92.70879444,895.0,32.24850128082579,1
23.7175,92.70666667,900.0,23.628423517864427,1
23.71740833,92.70644167,896.0,26.269553396535294,1
23.71735556,92.70753333,900.0,22.09025870405004,1
23.71721667,92.70777778,906.0,25.486125594093767,1
23.71697222,92.70817222,909.0,25.88918455713453,1
23.71305556,92.70895833,981.0,21.18915910142139,1
23.71523056,92.71529167,1012.0,16.72355800648402,1
23.74,92.715,1065.0,42.22469219190813,1
23.73944444,92.71472222,1073.0,52.710378879195765,1
23.71138889,92.72444444,924.0,26.539566558618308,1
23.71638889,92.72111111,983.0,30.205466819616653,1
23.71444444,92.72861111,855.0,15.042369244334246,1
23.71996389,92.73328889,812.0,25.675463214971884,1
23.71583333,92.72444444,908.0,35.32429987761792,1
23.71571389,92.72659722,865.0,25.14243049054343,1
23.7104,92.72237778,963.0,35.03012380867594,1
23.71865833,92.72335278,949.0,23.88588673441924,1
23.7175,92.71972222,1082.0,28.98757825007264,1
23.71,92.71611111,949.0,16.428860704621638,1
23.70777778,92.71611111,1008.0,28.002640063185417,1
23.70666667,92.71444444,1029.0,50.59314961259867,1
23.70527778,92.71138889,1070.0,36.491988188351336,1
23.70416667,92.71222222,1040.0,35.98342760298727,1
23.70027778,92.71611111,1031.0,21.55942138371082,1
23.69972222,92.71694444,1002.0,38.17319333803387,1
23.68027778,92.72472222,905.0,32.53469816945699,1
23.67805556,92.72,1020.0,52.39494438329273,1
23.64333333,92.73444444,724.0,12.04828213833979,1
23.64638889,92.72638889,797.0,26.628589703310887,1
23.64638889,92.72527778,836.0,20.99158237694124,1
23.63111111,92.72388889,867.0,22.373844274024943,1
23.63055556,92.72305556,860.0,26.67924362098057,1
23.62833333,92.72333333,797.0,19.787913812706314,1
23.62277778,92.72444444,816.0,6.853224835121291,1
23.62194444,92.72305556,814.0,33.03247176064103,1
23.62083333,92.7225,822.0,17.66231893216494,1
23.61916667,92.7225,830.0,35.889866740432154,1
23.62,92.72472222,819.0,30.508958866202807,1
23.61972222,92.72527778,818.0,25.03089023333195,1
23.62027778,92.72555556,790.0,21.95499883223757,1
23.62027778,92.72611111,771.0,33.927980154144706,1
23.62111111,92.72444444,795.0,17.66231893216494,1
23.68743333,92.72129167,1098.0,21.04572088407583,1
23.67694444,92.71722222,1096.0,27.17735741799749,1
23.67583333,92.715,997.0,23.428692808745403,1
23.67472222,92.71722222,1099.0,18.19662752273151,1
23.67444444,92.71472222,1000.0,20.99158237694124,1
23.67388889,92.71472222,997.0,17.775317038209,1
23.672069,92.7099293,1000.0,17.5484006137923,1
23.684301,92.715511,1036.0,18.87922133905067,1
23.70638889,92.72055556,875.0,33.10114358966526,1
23.70416667,92.72,880.0,37.23908117204727,1
23.70305556,92.72055556,879.0,43.60147763828204,1
23.69333333,92.72055556,990.0,25.688903331931808,1
23.69138889,92.72138889,929.0,31.311156133255537,1
23.69,92.72361111,871.0,29.346331162468683,1
23.68361111,92.72277778,924.0,31.670097621922785,1
23.67611111,92.71972222,976.0,57.3984088115738,1
23.67138889,92.72361111,927.0,36.2114423338008,1
23.66694444,92.72194444,978.0,42.75375023557236,1
23.66666667,92.72388889,829.0,32.57012547147069,1
23.66027778,92.72694444,859.0,36.491988188351336,1
23.65666667,92.72694444,849.0,10.999158271052185,1
23.64388889,92.72583333,822.0,27.238572082130062,1
23.635,92.72361111,837.0,35.113638216485604,1
23.43277778,92.76111111,1503.0,15.99993592924168,1
23.46777778,92.74111111,1328.0,56.309932474020215,1
23.46805556,92.71638889,1135.0,28.85516751374433,1
23.4725,92.71444444,1075.0,14.763132623631552,1
23.47388889,92.70972222,1009.0,21.33126583595921,1
23.49,92.70555556,1034.0,36.38035713820488,1
23.49722222,92.70333333,905.0,25.197913740371355,1
23.51361111,92.69833333,780.0,32.10351627298505,1
23.53666667,92.6975,857.0,39.10233716664201,1
23.54166667,92.70194444,872.0,21.04572088407584,1
23.54277778,92.70333333,908.0,35.63524161504921,1
23.52944444,92.72944444,989.0,17.5484006137923,1
23.53083333,92.73055556,986.0,26.113233272206745,1
23.53111111,92.73361111,1043.0,37.23908117204727,1
23.53083333,92.73333333,1065.0,34.846405699136405,1
23.56388889,92.70805556,836.0,32.47251629973426,1
23.56416667,92.70805556,847.0,27.613098503754813,1
23.565,92.70777778,851.0,34.75376186272035,1
23.56666667,92.70888889,852.0,12.260147486012336,1
23.77305556,92.74361111,1002.0,20.07880037349212,1
23.77472222,92.76194444,1126.0,11.038532615965034,1
23.77361111,92.76111111,1118.0,3.931095784160226,1
23.74861111,92.73861111,948.0,34.97675368176345,1
23.61,92.72083333,912.0,30.10305246289624,1
23.60666667,92.72305556,925.0,22.40687120493745,1
23.5925,92.71666667,763.0,20.07880037349212,1
23.58722222,92.71361111,813.0,34.60598807399335,1
23.57694444,92.71305556,906.0,13.824682316158707,1
23.58027778,92.715,918.0,11.348119585994183,1
23.58138889,92.71416667,911.0,27.238572082130062,1
23.58694444,92.7175,957.0,14.763132623631552,1
23.58555556,92.71583333,924.0,28.08409936669116,1
23.58583333,92.71638889,952.0,19.61060912917093,1
23.58638889,92.71583333,919.0,22.22435314380804,1
23.65388889,92.72444444,742.0,23.069045509039658,1
23.65416667,92.71777778,872.0,29.83376877992044,1
23.655,92.71444444,859.0,26.217612768234883,1
23.65416667,92.69,867.0,32.96351159099253,1
23.66055556,92.67277778,1017.0,15.42324502154344,1
23.66083333,92.67277778,1025.0,11.499465999742789,1
23.65777778,92.67444444,954.0,11.461836902818336,1
23.65861111,92.70583333,872.0,9.870926939134982,1
23.68143611,92.72144167,1036.0,30.17480904438851,1
23.73555556,92.78833333,529.0,30.337664384844903,1
23.72694444,92.79527778,256.0,21.18915910142139,1
23.73277778,92.79722222,256.0,15.042369244334246,1
23.73416667,92.79861111,296.0,14.03624346792648,1
23.74555556,92.79444444,360.0,26.00818191569552,1
23.73666667,92.79722222,335.0,4.857533338413092,1
23.73638889,92.79805556,346.0,20.99158237694124,1
23.73583333,92.79888889,355.0,30.508958866202807,1
23.73638889,92.8,375.0,24.2864614630402,1
23.73555556,92.80027778,362.0,7.825525624597575,1
23.71972222,92.79777778,215.0,18.45641864524321,1
23.72222222,92.80138889,203.0,27.33604368814356,1
23.73111111,92.84944444,792.0,29.54940859650111,1
23.73305556,92.84777778,765.0,46.42958537828381,1
23.76083333,92.8475,789.0,28.98757825007264,1
23.86972222,92.87611111,971.0,26.360054096082703,1
23.80750556,92.83417222,558.0,34.35403406736099,1
23.47694444,92.857846,1053.0,17.224372940700082,1
23.471041,92.85503,1076.0,31.244175851188185,1
23.465558,92.855991,1072.0,15.92277945817654,1
23.463164,92.854672,1060.0,21.135527342306386,1
23.31259,92.856415,1000.0,37.07903201684691,1
23.288812,92.864763,898.0,32.401162502089626,1
23.281264,92.869279,982.0,38.39064026848265,1
23.379441,92.844081,930.0,17.01197993242201,1
23.38151,92.844938,928.0,16.72355800648402,1
23.382175,92.843876,936.0,23.19506859014077,1
23.382772,92.845187,928.0,26.00818191569552,1
23.381533,92.854115,863.0,23.11642191920837,1
23.387941,92.842291,964.0,25.80936745770508,1
23.237077,92.910043,670.0,10.555380466061171,1
23.126631,93.064946,1382.0,24.74862531519583,1
23.665375,92.96162,1094.0,8.582483688827132,1
23.683824,92.963188,1120.0,10.555380466061171,1
23.696577,92.967198,1115.0,26.334247846853145,1
23.73044444,92.75108333,969.0,18.19662752273151,1
23.73019444,92.75141667,960.0,11.461836902818336,1
23.74111111,92.71083333,823.0,22.40687120493745,1
23.74194444,92.71027778,784.0,15.042369244334246,1
23.73041667,92.75552778,916.0,28.49679392207442,1
23.70825,92.71769444,1037.0,30.89535018031049,1
23.68352778,92.71338889,1005.0,20.21263223645209,1
23.4745,93.28916667,1234.0,31.698105479809307,1
24.34966667,92.75888889,62.0,15.92277945817654,1
24.33805556,92.73386111,181.0,28.485468456722128,1
24.33836111,92.73377778,177.0,30.24625565345472,1
24.30905556,92.70394444,508.0,34.41738871044157,1
24.24461111,92.69075,423.0,36.26089278326507,1
24.26297222,92.69216667,521.0,45.142527402683065,1
24.2625,92.69166667,480.0,31.670097621922785,1
24.26411111,92.69188889,510.0,43.930769862879664,1
24.26558333,92.69169444,516.0,40.14006614878386,1
24.36911111,92.72822222,243.0,24.475819581509896,1
24.37077778,92.71769444,185.0,25.688903331931808,1
24.37402778,92.71846944,217.0,26.126317264569018,1
24.51622222,92.77669444,148.0,24.475819581509896,1
24.50772222,92.76961111,213.0,26.93019100092878,1
24.36611111,92.71872222,132.0,15.288517970232029,1
24.21091667,92.67888889,697.0,30.37812888097552,1
24.16647222,92.69555556,725.0,17.083143246452856,1
24.00419444,92.67780556,604.0,38.37211908620569,1
23.97272222,92.68366667,344.0,24.932657538079724,1
23.98997222,92.68061111,489.0,18.94158858012096,1
23.99025,92.68066667,494.0,24.094842552110705,1
23.74,92.71416667,986.0,36.97817981978636,1
23.72322222,92.70183333,920.0,32.401162502089626,1
23.72327778,92.70222222,928.0,37.08573289536603,1
23.75969444,92.73241667,1190.0,26.628589703310887,1
23.75888889,92.73336111,1217.0,27.432940772267944,1
23.75861111,92.73261111,1169.0,27.33604368814356,1
23.76494444,92.73427778,1165.0,34.37782091784768,1
22.91452778,92.89333333,583.0,21.242603631151898,1
23.40041667,92.75269444,1195.0,21.6115960987222,1
23.40169444,92.75025,1200.0,23.19506859014077,1
23.43936111,92.76144444,1498.0,38.9542291648888,1
23.65669444,92.72694444,849.0,10.999158271052185,1
23.72786111,92.73955556,746.0,25.675463214971884,1
23.72713889,92.7405,752.0,31.434832006995155,1
23.77022222,92.76,1129.0,33.69006752597979,1
23.77166667,92.7605,1138.0,27.17735741799749,1
23.77161111,92.75913889,1056.0,25.016893478100023,1
23.65530556,92.7025,912.0,22.373844274024943,1
23.65538889,92.71161111,826.0,50.64573905760707,1
23.70827778,92.71711111,1024.0,41.09162949850341,1
23.73241667,92.71480556,999.0,21.55942138371082,1
23.73053889,92.716019,1040.0,28.82189836411544,1
23.73055556,92.71527778,991.0,17.93200256558677,1
23.75286,92.73307,1047.0,38.90056504199712,1
23.75005,92.7355,1036.0,40.84079665857319,1
23.93395,92.65928,201.0,23.444146119861458,1
23.829501,92.736459,1263.0,28.08409936669116,1
23.828321,92.73701,1242.0,36.0407347065913,1
23.8665,92.74215,1426.0,39.6583469636901,1
23.84421,92.74158,1294.0,35.113638216485604,1
23.71951,92.72357,937.0,19.61060912917093,1
23.71873,92.72298,967.0,27.62503917921715,1
23.71824,92.72272,975.0,20.097992628721148,1
23.74256944,92.73774444,911.0,32.98940559251087,1
23.88147222,92.84263889,432.0,34.017325088918376,1
23.88355556,92.84952778,491.0,26.628589703310887,1
23.93202778,92.87436111,486.0,34.846405699136405,1
23.89247222,92.85047222,573.0,33.573963453775406,1
23.88386111,92.87505556,823.0,35.23435131905115,1
23.87925,92.87127778,787.0,39.60705736237804,1
23.88113889,92.87755556,928.0,18.87922133905067,1
23.73541667,92.81222222,370.0,34.907876215342675,1
23.732,92.75963889,845.0,32.98940559251087,1
23.73488889,92.75177778,912.0,26.61590170730996,1
23.73611111,92.75130556,902.0,31.51991437453672,1
23.67058333,92.72530556,862.0,35.74485877621931,1
23.66461111,92.72383333,831.0,39.52119635864218,1
23.64702778,92.72583333,804.0,18.54197796399724,1
23.59944444,92.72019444,762.0,22.42335855928612,1
23.51980556,92.70066667,773.0,33.26309702272514,1
24.02027778,92.92861111,1073.0,19.68967329725292,1
24.02833333,92.89138889,1181.0,22.684823831912844,1
24.26311111,92.96041667,789.0,14.273571375658683,1
24.27138889,92.96,776.0,21.04572088407583,1
24.52611111,92.93694444,72.0,4.857533338413092,1
24.36527778,92.93,581.0,34.37782091784768,1
24.36555556,92.93,592.0,29.63417437185607,1
24.28361111,92.9125,768.0,5.128711509483252,1
24.22416667,92.97638889,672.0,7.653048720543413,1
24.22472222,92.9775,663.0,11.976725812374069,1
24.22527778,92.97777778,668.0,9.368915578454835,1
24.22972222,92.99333333,750.0,9.508656426564368,1
24.31925,92.99080556,775.0,8.104435709194412,1
24.31991667,92.99033333,767.0,10.21937711459359,1
24.2005,92.94105556,703.0,5.710593137499643,1
24.19963889,92.94088889,703.0,3.016961309815993,1
24.19388889,92.94455556,536.0,34.37782091784768,1
24.19116667,92.94330556,533.0,32.91160083273797,1
24.18252778,92.94991667,449.0,22.29097037475897,1
24.18372222,92.94961111,456.0,24.242444512172103,1
24.18561111,92.94536111,452.0,14.592550602033429,1
24.15402778,92.94444444,501.0,30.508958866202807,1
24.23847222,92.95591667,669.0,23.19506859014077,1
24.23777778,92.95583333,664.0,21.260377126997213,1
24.23738889,92.95508333,658.0,12.225122675735753,1
24.23775,92.95447222,636.0,16.453666886955713,1
24.22166667,93.00305556,377.0,17.842681707487124,1
24.20083333,92.985,244.0,25.15631913369421,1
24.14083333,92.92527778,657.0,11.348119585994183,1
24.19533333,92.99544444,160.0,33.56563872420532,1
24.07805556,92.91155556,846.0,19.787913812706314,1
24.02555556,92.91944444,1018.0,29.802413569555988,1
23.90527778,92.92083333,1045.0,30.337664384844903,1
23.90222222,92.91888889,1070.0,6.091478002079769,1
23.8975,92.92,1090.0,32.74612665551688,1
23.89027778,92.91944444,996.0,20.097992628721148,1
23.89083333,92.92055556,1045.0,20.307500221928045,1
23.88833333,93.08638889,577.0,24.8479801794304,1
23.88666667,92.91861111,1048.0,24.16881343581011,1
23.86694444,92.91444444,1026.0,38.32262251890178,1
23.85527778,92.90472222,1093.0,21.135527342306386,1
23.85972222,92.89694444,1052.0,19.451200005616776,1
23.86277778,92.8825,992.0,33.927980154144706,1
23.86472222,92.88194444,945.0,32.667159071642764,1
23.86638889,92.88138889,939.0,30.528995003826,1
23.87694444,92.87694444,898.0,30.58895816397544,1
23.88194444,92.88166667,874.0,26.93019100092878,1
23.36852778,92.76575,1127.0,30.266612409654883,1
23.36852778,92.76538889,1136.0,36.944420390334,1
23.37533333,92.75472222,1242.0,41.24632815095766,1
23.35655556,92.76958333,959.0,47.32099145833476,1
23.35516667,92.76991667,968.0,26.00818191569552,1
23.33022222,92.78886111,661.0,17.93200256558677,1
23.39813889,92.7485,1302.0,17.083143246452856,1
23.41277778,92.73077778,1165.0,14.506372352544124,1
23.38519444,92.752,1342.0,26.217612768234883,1
23.65675,92.70352778,899.0,18.64821573021375,1
23.65416667,92.70222222,919.0,12.260147486012336,1
23.65955556,92.67111111,1018.0,9.321835749415005,1
23.66030556,92.67244444,1016.0,12.225122675735754,1
23.57166667,92.71083333,871.0,32.24850128082579,1
23.58388889,92.71722222,976.0,6.0172848640320336,1
23.58591667,92.71777778,960.0,20.001783914715944,1
23.55944444,92.70833333,763.0,16.428860704621638,1
23.54380556,92.70136111,777.0,25.23940182067892,1
23.54027778,92.70138889,883.0,31.57639333699781,1
23.53986111,92.70063889,843.0,21.31357434104547,1
23.535,92.69694444,819.0,35.80301842021218,1
23.53333333,92.69722222,821.0,36.62354905164433,1
23.52972222,92.69611111,803.0,30.266612409654883,1
23.49991667,92.70136111,901.0,24.359555875506427,1
23.5,92.70111111,885.0,25.14243049054343,1
23.47405556,92.71008333,1018.0,31.434832006995155,1
23.78138889,92.67638889,441.0,39.00770983983683,1
23.93194444,92.65222222,214.0,31.002719133873992,1
23.93027778,92.6525,194.0,15.92277945817654,1
23.05805556,92.67583333,706.0,3.931095784160226,1
23.0475,92.67166667,392.0,25.80936745770508,1
23.05222222,92.67027778,430.0,15.179705807856672,1
23.03833333,92.67055556,388.0,19.51118046928032,1
23.03016667,92.67336111,307.0,36.43626970061044,1
23.02280556,92.67255556,350.0,18.54197796399724,1
23.00638889,92.67691667,402.0,30.508958866202807,1
23.32522222,92.70047222,371.0,20.155422119735228,1
23.97411111,92.71730556,540.0,18.87922133905067,1
23.97361111,92.7225,711.0,8.47871314708616,1
23.91916667,92.7375,886.0,30.68841605381868,1
23.91777778,92.73805556,908.0,57.379184413595866,1
23.89638889,92.73638889,1081.0,54.08967008896894,1
23.00461111,92.67744444,444.0,17.752790161946685,1
23.00011111,92.67905556,529.0,5.128711509483252,1
23.99777778,92.68166667,544.0,28.280269845499703,1
23.99333333,92.68055556,520.0,26.96750407359889,1
23.98472222,92.68138889,454.0,17.01197993242201,1
23.98388889,92.68305556,436.0,20.07880037349212,1
23.97222222,92.68333333,351.0,26.96750407359889,1
23.97083333,92.6825,320.0,25.8493248967401,1
23.94722222,92.68527778,283.0,9.73677691573277,1
23.94138889,92.68305556,257.0,13.824682316158707,1
23.94722222,92.68277778,341.0,33.854514812620515,1
23.94,92.68277778,258.0,12.04828213833979,1
23.93916667,92.68,268.0,32.9548711795407,1
23.93583333,92.67805556,273.0,48.48380640781625,1
23.935,92.67777778,241.0,39.76607121224395,1
23.93388889,92.67555556,222.0,36.733505603395045,1
23.93361111,92.67388889,213.0,21.83567219571615,1
23.93333333,92.67305556,207.0,30.10305246289624,1
23.93444444,92.66416667,158.0,17.775317038209,1
23.93055556,92.65638889,122.0,15.81919394750014,1
23.95055556,92.785,934.0,29.88589573021274,1
24.00972222,92.76555556,729.0,23.021526638116164,1
24.06638889,92.78194444,971.0,23.19506859014077,1
24.06916667,92.78638889,996.0,35.88986674043215,1
24.0775,92.79055556,943.0,33.56563872420533,1
24.08222222,92.79305556,922.0,12.772578169490426,1
24.10027778,92.79583333,822.0,28.91046765839842,1
24.0525,92.66833333,712.0,27.372447043216635,1
24.05138889,92.66833333,708.0,33.89536963300801,1
24.04777778,92.66777778,668.0,25.23940182067892,1
24.05361111,92.66555556,607.0,13.262676008304846,1
24.05722222,92.66583333,516.0,34.846405699136405,1
24.06111111,92.59972222,81.0,10.176527410054078,1
24.06194444,92.59444444,51.0,11.348119585994183,1
24.06333333,92.59277778,55.0,13.515781057664528,1
23.63472222,92.855,1036.0,22.61986494804043,1
23.69472222,92.85916667,906.0,28.11888767128317,1
24.18055556,92.69555556,713.0,36.31722195558744,1
24.24472222,92.69111111,426.0,40.70850426789114,1
24.24722222,92.69333333,400.0,22.22435314380804,1
24.26944444,92.69222222,531.0,28.98757825007264,1
24.19111111,92.60222222,183.0,33.2376314445189,1
24.17555556,92.57222222,68.0,13.915808695897177,1
24.17638889,92.57333333,70.0,20.07880037349212,1
23.72055556,92.80055556,176.0,21.242603631151898,1
23.57472222,92.85277778,1072.0,37.038767555809535,1
23.59194444,92.84972222,1165.0,30.49893168631072,1
23.59833333,92.85194444,1213.0,7.653048720543413,1
23.60416667,92.85472222,1151.0,34.472622749576175,1
23.60861111,92.85055556,1123.0,25.23940182067892,1
23.62,92.85055556,1092.0,32.10351627298505,1
23.62055556,92.85083333,1090.0,31.46324153737256,1
23.63472222,92.85527778,1044.0,18.87922133905067,1
23.64222222,92.855,1013.0,13.069151942759,1
23.65583333,92.86111111,975.0,27.33604368814356,1
23.73722222,92.7425,874.0,25.955401413885543,1
23.73305556,92.75,951.0,39.35384148704364,1
23.73222222,92.75,944.0,44.84799987175487,1
23.73194444,92.75,923.0,47.93421354598134,1
23.74083333,92.74111111,953.0,29.63417437185607,1
23.74916667,92.7375,1017.0,35.86819845525075,1
23.74972222,92.73888889,1020.0,35.59853666783391,1
23.75972222,92.73583333,1237.0,40.99804999183514,1
23.75972222,92.74083333,1038.0,41.00847613866502,1
23.76972222,92.74472222,1153.0,36.733505603395045,1
23.76944444,92.73583333,1255.0,34.49623729009093,1
23.76388889,92.73388889,1203.0,33.89536963300801,1
23.76055556,92.73194444,1133.0,43.77571318439088,1
23.71583333,92.72,1081.0,24.094842552110705,1
23.7413587,92.7075844,901.0,36.62354905164433,1
23.73888889,92.71472222,1107.0,24.16881343581011,1
23.73694444,92.715,1066.0,44.020464452782285,1
23.73722222,92.71972222,948.0,15.896959679954522,1
22.74694444,92.69583333,153.0,7.825525624597575,1
23.75138889,92.69583333,769.0,31.57639333699781,1
23.75083333,92.69527778,766.0,28.037600489728423,1
23.74916667,92.69416667,802.0,38.04757894764742,1
23.74055556,92.71222222,872.0,19.31028740874557,1
23.74194444,92.71305556,902.0,23.75010057347409,1
23.74388889,92.71222222,824.0,29.118936488427924,1
23.74722222,92.71805556,966.0,37.11250830386473,1
23.76583333,92.71527778,556.0,23.628423517864423,1
23.69277778,92.72055556,978.0,40.35910045666124,1
23.69305556,92.72111111,954.0,34.730518200788445,1
23.69361111,92.72083333,966.0,31.993934384330498,1
23.71111111,92.72861111,785.0,35.59853666783391,1
23.6975,92.72527778,744.0,16.051123667414398,1
23.70444444,92.76333333,893.0,46.30677259461788,1
23.72722222,92.75944444,961.0,26.00818191569552,1
23.7275,92.75777778,887.0,19.31028740874557,1
23.69777778,92.71944444,984.0,37.35807189461179,1
23.69972222,92.7175,998.0,32.35640884426763,1
23.69333333,92.76694444,1010.0,37.23908117204727,1
23.70972222,92.72222222,918.0,33.16099672886019,1
23.69944444,92.71972222,1070.0,12.772578169490426,1
23.70888889,92.75083333,622.0,33.02386755579665,1
23.68916667,92.72055556,1063.0,20.155422119735228,1
23.67805556,92.76361111,742.0,41.46029301668304,1
23.70277778,92.72083333,899.0,38.32262251890178,1
23.7025,92.72138889,875.0,33.590600231227405,1
23.69805556,92.72277778,858.0,31.01244544880732,1
23.69361111,92.7225,869.0,36.89703704231115,1
23.67972222,92.72333333,892.0,37.038767555809535,1
23.67305556,92.72333333,908.0,43.64086172944834,1
23.67555556,92.7225,770.0,25.03089023333195,1
23.67666667,92.73138889,540.0,31.77256152831432,1
23.66416667,92.72055556,1046.0,50.73204169763113,1
23.66055556,92.72527778,888.0,24.8479801794304,1
23.66,92.72638889,891.0,21.938008256074177,1
23.65527778,92.72694444,811.0,22.668609279892426,1
23.65138889,92.72694444,789.0,10.046788047511114,1
23.64555556,92.72444444,805.0,31.119058788415003,1
23.64666667,92.71916667,560.0,17.03574212804197,1
23.64444444,92.72527778,816.0,24.8479801794304,1
23.64166667,92.72416667,829.0,21.611596098722195,1
23.64083333,92.72472222,827.0,23.76524510807156,1
23.6375,92.72277778,843.0,39.28988834691393,1
23.64222222,92.7275,856.0,28.98757825007264,1
23.64222222,92.72805556,842.0,28.037600489728423,1
23.64166667,92.71833333,559.0,18.96231828867539,1
23.63611111,92.72333333,860.0,24.904481044556743,1
23.62611111,92.72638889,785.0,22.140679470491683,1
23.6325,92.72388889,807.0,32.91160083273797,1
23.62972222,92.72666667,748.0,38.72034490930262,1
23.62972222,92.72555556,771.0,28.222814437179903,1
23.67416667,92.72055556,915.0,43.179189022177525,1
23.66166667,92.72416667,859.0,37.14591448999934,1
23.66,92.72805556,859.0,23.75010057347409,1
23.61611111,92.71722222,887.0,22.373844274024943,1
23.61027778,92.70527778,636.0,25.80936745770508,1
23.615,92.7175,898.0,10.759583898850556,1
23.61861111,92.72611111,793.0,28.280269845499703,1
23.60555556,92.725,906.0,21.971970836813973,1
23.58694444,92.8175,633.0,4.262693045214654,1
23.59194444,92.82833333,593.0,35.74485877621931,1
23.59444444,92.82861111,615.0,30.25643716352927,1
23.60083333,92.83027778,742.0,36.699225200489884,1
23.59861111,92.8225,342.0,27.33604368814356,1
23.59194444,92.75055556,701.0,26.113233272206745,1
23.595,92.81611111,622.0,24.74862531519583,1
23.59638889,92.81583333,603.0,36.36634852599243,1
23.5975,92.81388889,568.0,32.490306531189724,1
23.59722222,92.81194444,667.0,29.195082782485805,1
23.60111111,92.81305556,565.0,14.302914425322813,1
23.60277778,92.81444444,536.0,15.042369244334244,1
23.60861111,92.80972222,498.0,27.55326483492445,1
23.6088,92.80972222,510.0,25.526884054256257,1
23.60861111,92.8096,498.0,27.55326483492445,1
23.60888889,92.8075,457.0,20.07880037349212,1
23.60972222,92.80916667,536.0,23.273326481355983,1
23.61361111,92.80777778,549.0,26.91773442777563,1
23.61138889,92.80722222,411.0,30.418494611596422,1
23.61,92.80722222,432.0,36.28203936315455,1
23.61222222,92.80527778,450.0,23.069045509039658,1
23.61138889,92.80333333,451.0,31.670097621922785,1
23.60944444,92.80444444,357.0,23.021526638116164,1
23.60972222,92.80027778,427.0,24.8479801794304,1
23.60972222,92.79972222,397.0,38.97802093380687,1
23.61222222,92.79944444,392.0,29.020515817031367,1
23.6125,92.80027778,413.0,13.915808695897177,1
23.61277778,92.80083333,424.0,15.042369244334244,1
23.61361111,92.8,399.0,19.74869565807571,1
23.61388889,92.80083333,411.0,28.79968165255028,1
23.61472222,92.80111111,395.0,24.12447190179544,1
23.61555556,92.79972222,365.0,33.16099672886019,1
23.61694444,92.80027778,452.0,31.74467986659196,1
23.61611111,92.79944444,396.0,32.490306531189724,1
23.61611111,92.79777778,397.0,25.14243049054343,1
23.61472222,92.79583333,380.0,37.4041069193059,1
23.615,92.79222222,331.0,31.12871688801731,1
23.61583333,92.79111111,329.0,34.162480159648744,1
23.61861111,92.79,314.0,11.904688112848122,1
23.61972222,92.78916667,269.0,20.846265656650555,1
23.62194444,92.78972222,266.0,17.594079543115168,1
23.62333333,92.78888889,229.0,23.021526638116164,1
23.62361111,92.78888889,235.0,27.33604368814356,1
23.62527778,92.78638889,204.0,6.853224835121291,1
23.60638889,92.7775,376.0,12.225122675735754,1
23.60666667,92.76861111,431.0,28.25731168850377,1
23.6025,92.76527778,488.0,15.179705807856672,1
23.60138889,92.76472222,498.0,11.648634944412734,1
23.60027778,92.75888889,551.0,30.205466819616653,1
23.60111111,92.75888889,569.0,35.86819845525075,1
23.60972222,92.75611111,663.0,16.601549599020238,1
23.61,92.75055556,728.0,33.927980154144706,1
23.60805556,92.74083333,808.0,20.532771786488425,1
23.60472222,92.72055556,794.0,27.90904811068605,1
23.60138889,92.71888889,811.0,30.89535018031049,1
23.60111111,92.7225,699.0,32.06706985148497,1
23.59527778,92.71722222,743.0,23.19506859014077,1
23.59055556,92.71611111,774.0,33.64040940514667,1
23.59027778,92.71583333,788.0,34.75376186272035,1
23.58777778,92.71277778,802.0,21.869859308909422,1
23.58638889,92.71388889,801.0,32.10351627298505,1
23.58388889,92.71166667,812.0,23.97577371272972,1
23.58277778,92.71333333,871.0,33.723089453168576,1
23.57888889,92.7125,888.0,30.17480904438851,1
23.58166667,92.71027778,696.0,21.135527342306386,1
23.58583333,92.7,538.0,28.98757825007264,1
23.57638889,92.69055556,540.0,39.260731733474245,1
23.57833333,92.71222222,903.0,11.386165083355712,1
23.57361111,92.71222222,874.0,31.993934384330498,1
23.57222222,92.71166667,880.0,29.686933196903503,1
23.57138889,92.71111111,889.0,28.485468456722128,1
23.57138889,92.70888889,834.0,33.33081260166977,1
23.57138889,92.70972222,855.0,34.74601766541864,1
23.57055556,92.70888889,904.0,34.21858270764895,1
23.57027778,92.70722222,847.0,26.360054096082703,1
23.55388889,92.70472222,834.0,1.9091524329963765,1
23.55444444,92.70527778,826.0,6.91817481667161,1
23.5625,92.70777778,806.0,19.370844026969944,1
23.56555556,92.7075,834.0,38.54414157288248,1
23.55,92.70444444,847.0,29.83376877992044,1
23.53222222,92.735,1001.0,23.4904160686416,1
23.58611111,92.72944444,610.0,44.0672278572403,1
23.56583333,92.72666667,789.0,32.35640884426763,1
23.56361111,92.73277778,595.0,19.787913812706314,1
23.5575,92.7275,697.0,29.538782259558097,1
23.55055556,92.74833333,490.0,32.9548711795407,1
23.54583333,92.71861111,847.0,22.86208914423492,1
23.54555556,92.72111111,808.0,18.94158858012096,1
23.54388889,92.72222222,760.0,24.748625315195834,1
23.54277778,92.72361111,701.0,15.845167180271268,1
23.53555556,92.72333333,910.0,22.61986494804043,1
23.53805556,92.71861111,888.0,15.81919394750014,1
23.53861111,92.71805556,912.0,24.8479801794304,1
23.53972222,92.71777778,900.0,27.432940772267944,1
23.54055556,92.71666667,908.0,29.08619467351647,1
23.54194444,92.7175,839.0,28.98757825007264,1
23.54055556,92.71638889,906.0,21.938008256074177,1
23.5425,92.71666667,883.0,28.176705590951745,1
23.54833333,92.71083333,959.0,23.11642191920837,1
23.54666667,92.70333333,877.0,35.59118566547325,1
23.54722222,92.70361111,898.0,20.80971857959822,1
23.54777778,92.70416667,883.0,25.8493248967401,1
23.54833333,92.70472222,900.0,26.93019100092878,1
23.54888889,92.70555556,921.0,26.126317264569018,1
23.545,92.70333333,858.0,33.764273391292186,1
23.54027778,92.70111111,870.0,28.553305000609424,1
23.53888889,92.70055556,872.0,33.764273391292186,1
23.53805556,92.69944444,857.0,23.81059263950923,1
23.53694444,92.6975,841.0,33.05825736162379,1
23.53611111,92.69777778,917.0,35.88986674043215,1
23.53555556,92.69694444,853.0,45.20934119259024,1
23.53388889,92.69833333,888.0,35.36163154658333,1
23.53388889,92.6975,817.0,31.205779114725832,1
23.5325,92.69694444,820.0,37.63877548007402,1
23.53027778,92.69666667,832.0,28.002640063185417,1
23.52861111,92.6975,825.0,39.60705736237804,1
23.52777778,92.69861111,809.0,27.90904811068605,1
23.52722222,92.70055556,811.0,36.62354905164433,1
23.52666667,92.70083333,784.0,29.421439641486938,1
23.52277778,92.70277778,787.0,17.66231893216494,1
23.51944444,92.70055556,789.0,26.91773442777563,1
23.51611111,92.69833333,774.0,20.07880037349212,1
23.51444444,92.69805556,821.0,37.038767555809535,1
23.51361111,92.69861111,793.0,34.846405699136405,1
23.51055556,92.69972222,824.0,33.46541063428238,1
23.50861111,92.69805556,834.0,31.002719133873985,1
23.50694444,92.69638889,822.0,38.75655509292031,1
23.50611111,92.69694444,830.0,27.17735741799749,1
23.50527778,92.6975,848.0,31.89284050209588,1
23.66,92.72916667,835.0,13.03657849691309,1
23.65888889,92.72861111,847.0,25.376933525152303,1
23.55027778,92.70444444,834.0,31.57639333699781,1
23.54972222,92.70361111,812.0,17.93200256558677,1
23.54972222,92.70305556,791.0,27.5172599283964,1
23.54805556,92.70222222,821.0,28.587119037972805,1
23.54777778,92.70166667,794.0,38.659808254090095,1
23.54805556,92.70138889,772.0,31.434832006995155,1
23.54611111,92.70222222,792.0,22.373844274024943,1
23.545,92.7025,805.0,26.126317264569018,1
23.54388889,92.70166667,788.0,23.88588673441924,1
23.54305556,92.70055556,824.0,38.19194959128782,1
23.54194444,92.7,800.0,19.787913812706314,1
23.54138889,92.69944444,765.0,26.842795672040804,1
23.54111111,92.69444444,606.0,27.33604368814356,1
23.54083333,92.69944444,753.0,35.264389682754654,1
23.53972222,92.69944444,783.0,34.37782091784768,1
23.53777778,92.69833333,826.0,30.133843411422752,1
23.53805556,92.69388889,716.0,24.475819581509896,1
23.54361111,92.67722222,656.0,29.85463927845754,1
23.53944444,92.685,525.0,29.50686221733105,1
23.53611111,92.68444444,488.0,23.567234622032583,1
23.54277778,92.67638889,665.0,16.527811501531776,1
23.5425,92.67666667,656.0,10.759583898850556,1
23.5425,92.67694444,648.0,14.302914425322813,1
23.54194444,92.67638889,636.0,38.12934187149445,1
23.54277778,92.67472222,628.0,36.00494166156304,1
23.54305556,92.66638889,564.0,29.49620849656644,1
23.54333333,92.66472222,672.0,27.62503917921715,1
23.54166667,92.66472222,701.0,20.607120971804857,1
23.54166667,92.66555556,678.0,26.628589703310887,1
23.53944444,92.66527778,599.0,21.31357434104547,1
23.53916667,92.66444444,589.0,15.845167180271268,1
23.53888889,92.6625,626.0,19.12710170142385,1
23.53805556,92.66305556,583.0,23.19506859014077,1
23.53805556,92.6625,583.0,28.25731168850377,1
23.53805556,92.66166667,568.0,32.772365143142935,1
23.53861111,92.65916667,547.0,17.842681707487124,1
23.53888889,92.65888889,545.0,17.01197993242201,1
23.5325,92.65555556,463.0,23.273326481355983,1
23.53944444,92.65888889,552.0,14.763132623631552,1
23.53611111,92.65527778,494.0,24.242444512172103,1
23.5275,92.65472222,407.0,31.51991437453672,1
23.52694444,92.65444444,397.0,24.8479801794304,1
23.52555556,92.65333333,377.0,30.10305246289624,1
23.52583333,92.63861111,229.0,24.591248866909307,1
23.45083333,92.6825,903.0,19.31028740874557,1
23.45111111,92.68166667,908.0,28.98757825007264,1
23.45027778,92.6825,883.0,18.19662752273151,1
23.45,92.68166667,872.0,18.520635899770767,1
23.45055556,92.68138889,880.0,18.77467605427877,1
23.45138889,92.68083333,886.0,25.5133092609215,1
23.45138889,92.68,894.0,25.14243049054343,1
23.45083333,92.67944444,854.0,32.9548711795407,1
23.45194444,92.66944444,708.0,33.83814426542724,1
23.44805556,92.68333333,874.0,17.66231893216494,1
23.44583333,92.68444444,847.0,16.723558006484023,1
23.44333333,92.68527778,837.0,25.363232718381973,1
23.43722222,92.70333333,787.0,44.32385680419135,1
23.42722222,92.71194444,873.0,39.79429568756374,1
23.42722222,92.71277778,940.0,37.45655576127969,1
23.4275,92.71416667,930.0,35.36163154658333,1
23.41694444,92.71805556,1095.0,23.397741000263863,1
23.41638889,92.72027778,1088.0,31.993934384330498,1
23.41361111,92.72361111,1132.0,26.767512858834905,1
23.415,92.7375,1090.0,19.630414815023528,1
23.43416667,92.75222222,1082.0,43.65396627844831,1
23.41333333,92.73972222,1129.0,29.63417437185607,1
23.41,92.74944444,1224.0,30.205466819616653,1
23.32361111,92.78944444,620.0,32.10351627298505,1
23.32944444,92.78861111,695.0,36.59594159662962,1
23.33194444,92.78916667,654.0,24.38870074689113,1
23.33277778,92.78722222,646.0,24.691575152551952,1
23.33611111,92.78388889,718.0,25.80936745770508,1
23.33361111,92.78194444,693.0,36.31722195558744,1
23.33472222,92.78083333,720.0,35.121209164599065,1
23.34055556,92.77722222,766.0,35.59853666783391,1
23.34111111,92.77666667,744.0,29.58124669955053,1
23.34277778,92.77805556,823.0,26.61590170730996,1
23.34333333,92.7775,783.0,30.80698111710518,1
23.35333333,92.78138889,943.0,28.222814437179903,1
23.35416667,92.77027778,941.0,40.72974809403222,1
23.355,92.76972222,950.0,40.34278056721629,1
23.37972222,92.75166667,1273.0,30.347789794448904,1
23.37222222,92.755,1209.0,33.490525189983416,1
23.37194444,92.75527778,1209.0,32.754877470959904,1
23.37083333,92.75861111,1202.0,22.489134862284537,1
23.37083333,92.75833333,1192.0,29.51750907883067,1
23.36805556,92.76138889,1140.0,39.52119635864217,1
23.36805556,92.76638889,1096.0,42.73982112121029,1
23.36138889,92.77083333,1041.0,38.229395338185824,1
23.35694444,92.77027778,1024.0,21.31357434104547,1
23.35638889,92.77027778,1016.0,24.38870074689113,1
23.3725,92.75861111,1282.0,9.321835749415005,1
23.37083333,92.77333333,1380.0,28.08409936669116,1
23.37361111,92.77611111,1360.0,36.62354905164433,1
23.39166667,92.75527778,1310.0,32.754877470959904,1
23.39194444,92.75611111,1310.0,39.99043879615859,1
23.39333333,92.75805556,1296.0,27.79130564477921,1
23.39722222,92.75722222,1253.0,25.915703593185818,1
23.40222222,92.75,1215.0,26.113233272206745,1
23.41888889,92.76777778,1165.0,18.305448954250743,1
23.41777778,92.76944444,1187.0,20.439317573258247,1
23.41805556,92.77111111,1245.0,19.61060912917093,1
23.41888889,92.77333333,1263.0,40.16211026482196,1
23.43194444,92.76083333,1460.0,24.38870074689113,1
23.43388889,92.76111111,1534.0,29.63417437185607,1
23.42472222,92.74472222,763.0,15.288517970232029,1
23.43611111,92.76111111,1511.0,26.43722935718126,1
23.44138889,92.77888889,1331.0,25.88918455713453,1
23.44444444,92.79027778,1175.0,34.999648077881965,1
23.4675,92.74083333,1307.0,44.02897806892084,1
23.46722222,92.74083333,1304.0,50.03307625954864,1
23.46916667,92.72083333,1120.0,26.360054096082703,1
23.46972222,92.71861111,1081.0,36.26089278326507,1
23.48555556,92.70305556,979.0,9.73677691573277,1
23.49083333,92.70555556,1007.0,54.41999878286214,1
23.49055556,92.70583333,1053.0,27.17735741799749,1
23.49333333,92.70666667,1076.0,12.04828213833979,1
23.49444444,92.70416667,900.0,32.772365143142935,1
23.49527778,92.70472222,930.0,42.62791606190241,1
23.49666667,92.70416667,924.0,41.09162949850341,1
23.49861111,92.70388889,951.0,36.1972856606515,1
23.49888889,92.7025,917.0,23.3822424378352,1
23.49933333,92.70225,928.0,8.159014354942736,1
23.66194444,92.85416667,834.0,14.959246786437893,1
23.68277778,92.8575,946.0,34.369895822693806,1
23.68305556,92.8575,960.0,26.360054096082703,1
23.715,92.85472222,816.0,35.63524161504921,1
23.685,92.85722222,950.0,20.99158237694124,1
23.71388889,92.85722222,840.0,35.03012380867594,1
23.68638889,92.85833333,927.0,23.069045509039658,1
23.69305556,92.86055556,907.0,17.775317038209,1
23.69472222,92.85972222,937.0,22.22435314380804,1
23.71416667,92.85805556,879.0,28.587119037972805,1
23.71416667,92.8575,865.0,32.401162502089626,1
23.71666667,92.85583333,882.0,17.5484006137923,1
23.72722222,92.85472222,805.0,34.60598807399335,1
23.72972222,92.85305556,767.0,33.02386755579665,1
23.73027778,92.85333333,801.0,24.591248866909307,1
23.72888889,92.85388889,795.0,22.09025870405004,1
23.73111111,92.84638889,698.0,25.34952033151192,1
23.73361111,92.84305556,676.0,36.76087717499856,1
23.73555556,92.83583333,617.0,29.686933196903503,1
23.73388889,92.76527778,878.0,34.162480159648744,1
23.73472222,92.83055556,584.0,34.99964807788197,1
23.73305556,92.82527778,524.0,27.990970091758022,1
23.73361111,92.82388889,493.0,26.217612768234883,1
23.735,92.82194444,441.0,23.273326481355983,1
23.73777778,92.825,470.0,24.242444512172103,1
23.73944444,92.82638889,428.0,15.92277945817654,1
23.75527778,92.82777778,308.0,32.10351627298505,1
23.74055556,92.81388889,425.0,26.113233272206745,1
23.73944444,92.81333333,438.0,21.83567219571615,1
23.73833333,92.81333333,391.0,32.06706985148497,1
23.73694444,92.81361111,407.0,36.83590849508688,1
23.73472222,92.81333333,428.0,31.06099134268408,1
23.73305556,92.80972222,355.0,36.232654007001685,1
23.73333333,92.80888889,344.0,32.38327563166962,1
23.72916667,92.75888889,978.0,19.68967329725292,1
23.73,92.75833333,910.0,35.67917778351085,1
23.73055556,92.75916667,920.0,39.85620904397488,1
23.73,92.75861111,926.0,44.616941502248935,1
23.73055556,92.75861111,893.0,33.490525189983416,1
23.73361111,92.76444444,845.0,44.43187429640961,1
23.72916667,92.76583333,754.0,31.50104503484435,1
23.72805556,92.76583333,749.0,23.4904160686416,1
23.73027778,92.76861111,728.0,33.690067525979785,1
23.73222222,92.76555556,892.0,37.86364636173037,1
23.7275,92.77,736.0,28.553305000609424,1
23.73055556,92.77888889,673.0,37.927313249696354,1
23.73794444,92.78613889,546.0,44.09690834843296,1
23.7375,92.78805556,569.0,25.80936745770508,1
23.73416667,92.78861111,495.0,25.80936745770508,1
23.7375,92.79277778,442.0,15.99993592924168,1
23.73388889,92.79388889,320.0,18.434948822922014,1
23.72222222,92.79861111,215.0,26.113233272206745,1
23.72138889,92.79944444,209.0,15.845167180271268,1
23.72138889,92.85777778,792.0,34.46474362464782,1
23.72083333,92.86472222,826.0,34.21858270764896,1
23.71194444,92.86888889,686.0,34.090063875331914,1
23.71805556,92.86638889,821.0,52.19475888731709,1
23.71166667,92.87833333,612.0,27.565248984490395,1
23.71111111,92.87861111,592.0,35.59118566547325,1
23.70333333,92.87638889,566.0,1.3502244696996155,1
23.70277778,92.8775,554.0,28.485468456722128,1
23.70055556,92.87555556,464.0,24.15404655313558,1
23.69916667,92.87277778,565.0,14.302914425322813,1
23.69916667,92.87416667,491.0,33.296989754761654,1
23.73361111,92.84833333,727.0,23.4904160686416,1
23.73361111,92.85305556,851.0,43.60147763828204,1
23.735,92.85666667,770.0,22.09025870405004,1
23.73666667,92.85611111,766.0,28.49679392207442,1
23.73583333,92.85194444,711.0,23.88588673441924,1
23.74416667,92.85555556,833.0,28.176705590951745,1
23.74361111,92.85416667,823.0,29.85463927845754,1
23.76111111,92.84777778,790.0,32.54356214739029,1
23.76166667,92.85083333,808.0,30.528995003826,1
23.76527778,92.85,774.0,34.49623729009093,1
23.76861111,92.85138889,772.0,31.39687644298045,1
23.77777778,92.8479,678.0,39.260731733474245,1
23.774,92.848,670.0,32.63194030642942,1
23.7775,92.84833333,686.0,37.00513608621634,1
23.77833333,92.84666667,665.0,33.490525189983416,1
23.77166667,92.84805556,735.0,27.432940772267944,1
23.70555556,92.84805556,577.0,32.24850128082579,1
24.24463611,93.423125,1047.0,33.2376314445189,1
23.77361111,92.84944444,737.0,25.79602649449995,1
23.815,92.8275,548.0,37.81892671564865,1
23.81722222,92.82805556,460.0,22.765646640754472,1
23.82166667,92.83055556,438.0,25.376933525152303,1
23.82527778,92.8325,400.0,33.05825736162379,1
23.82638889,92.8325,395.0,39.60705736237804,1
23.83111111,92.83138889,342.0,30.10305246289624,1
23.83277778,92.8325,350.0,35.71570019685384,1
23.83888889,92.83194444,262.0,24.634322367669885,1
23.84777778,92.83694444,376.0,21.31357434104547,1
23.85194444,92.83305556,165.0,14.302914425322813,1
23.86222222,92.83666667,239.0,20.43931757325825,1
23.87694444,92.84,362.0,33.490525189983416,1
23.87777778,92.84083333,374.0,44.55551561210556,1
23.88583333,92.85055556,514.0,30.82665955230447,1
23.89277778,92.85083333,582.0,28.88836980568737,1
23.89138889,92.84888889,568.0,24.16881343581011,1
23.89305556,92.84722222,573.0,21.6115960987222,1
23.88361111,92.85305556,658.0,30.25643716352927,1
23.88527778,92.8575,702.0,27.990970091758022,1
23.76972222,92.76,1166.0,42.59980784178263,1
24.03503889,93.54139444,1012.0,25.486125594093767,1
24.05808333,93.49808333,1244.0,9.462322208025618,1
24.04531667,93.49220278,1340.0,14.302914425322813,1
24.090025,93.54191667,705.0,19.370844026969944,1
24.10864167,93.54198333,741.0,4.857533338413092,1
24.12682222,93.54013889,765.0,23.11642191920837,1
24.12715278,93.53351389,633.0,16.2287367059342,1
24.17180556,93.54406667,659.0,27.432940772267944,1
24.18291667,93.53441944,785.0,27.078936947526696,1
24.18566111,93.53935278,673.0,24.74862531519583,1
24.24449722,93.55275833,1018.0,21.419418908984124,1
24.24755556,93.54809722,1166.0,29.195082782485805,1
24.28840278,93.58591389,798.0,23.56723462203258,1
24.29982222,93.59040833,786.0,26.360054096082703,1
24.30768611,93.58120556,735.0,9.870926939134982,1
24.30711944,93.59375833,905.0,24.634322367669885,1
24.33915833,93.66233611,1042.0,17.03574212804197,1
24.33331944,93.65702778,1097.0,14.24415761739711,1
24.33300556,93.65357222,1160.0,4.262693045214654,1
24.3309,93.66054444,1049.0,7.653048720543413,1
24.32773611,93.57937222,781.0,23.81059263950923,1
24.39255556,93.65468611,1561.0,42.24391328764961,1
24.45131667,93.60013333,729.0,26.57777862373484,1
24.49112222,93.62215556,1216.0,30.25643716352927,1
24.48308611,93.58860833,866.0,17.775317038209,1
24.48458889,93.58781944,817.0,16.723558006484023,1
24.492825,93.58643611,632.0,13.03657849691309,1
24.51785556,93.55086944,1019.0,13.915808695897177,1
24.51698056,93.57191667,772.0,15.845167180271268,1
24.52308611,93.57206944,758.0,15.179705807856672,1
24.48338333,93.58848056,862.0,17.01197993242201,1
24.450125,93.35963889,328.0,6.853224835121291,1
24.48857222,93.36792222,268.0,11.976725812374069,1
24.54263333,93.39741944,560.0,43.22871003564824,1
24.60002222,93.37166389,863.0,15.179705807856672,1
24.60067222,93.37223056,854.0,21.971970836813973,1
24.60372222,93.37223056,815.0,30.01033418769176,1
24.66895556,93.33700556,832.0,32.490306531189724,1
24.71938056,93.26740556,825.0,27.89731165603317,1
24.76606111,93.30076667,451.0,23.19506859014077,1
24.73838889,93.30909722,264.0,27.79130564477921,1
24.72074444,93.30899167,372.0,8.582483688827132,1
24.716225,93.32551389,116.0,16.527811501531776,1
24.70553333,93.33064167,371.0,24.242444512172103,1
24.60719444,93.46784722,1112.0,22.61986494804043,1
24.60853333,93.41668333,944.0,25.675463214971884,1
24.77472778,93.30506111,637.0,12.53638838286113,1
23.09758333,93.21623333,878.0,31.74467986659196,1
23.10851389,93.20975,1106.0,21.419418908984124,1
23.10172778,93.20231944,1175.0,18.19662752273151,1
23.101925,93.20426111,1121.0,27.432940772267944,1
23.10184722,93.20138889,1202.0,19.12710170142385,1
23.1057,93.20275278,1154.0,18.370345512861498,1
23.109925,93.20970833,1095.0,23.81059263950923,1
23.09759444,93.21089444,924.0,33.64040940514667,1
23.09561111,93.20786389,1000.0,22.765646640754472,1
23.1077,93.19878056,1179.0,16.601549599020238,1
23.10100556,93.19393611,1048.0,22.61986494804043,1
23.10074722,93.18785278,978.0,24.242444512172103,1
23.09954722,93.18600278,913.0,20.43931757325825,1
23.10354167,93.18202778,959.0,20.607120971804857,1
23.10299444,93.18323889,974.0,19.451200005616776,1
23.0983,93.17597222,979.0,18.87922133905067,1
23.110975,93.21260278,1020.0,29.195082782485805,1
23.25986389,93.16155278,1215.0,26.360054096082703,1
23.25828611,93.15288333,1207.0,32.35640884426763,1
23.26126111,93.15070556,1098.0,16.601549599020238,1
23.25951944,93.15917222,1252.0,16.723558006484023,1
23.27598056,93.14351667,663.0,6.91817481667161,1
23.27663889,93.14375,655.0,9.321835749415005,1
23.281075,93.144075,653.0,22.373844274024943,1
23.32829167,93.12184167,869.0,28.632096976803734,1
23.33529167,93.11214167,1144.0,31.46324153737256,1
23.41421944,93.10569167,1023.0,26.767512858834905,1
23.45775278,93.07843611,699.0,23.4904160686416,1
23.50882222,93.09170278,685.0,25.376933525152303,1
23.54130278,93.10256944,635.0,6.91817481667161,1
23.54600556,93.09247222,791.0,23.81059263950923,1
23.54286944,93.08539722,916.0,23.3822424378352,1
23.56332778,93.10553333,724.0,25.267001648248183,1
23.56785,93.10472222,659.0,20.439317573258247,1
23.56413333,93.11378889,740.0,17.29444852858009,1
23.56233889,93.11890833,816.0,34.21858270764895,1
23.56363611,93.12608056,754.0,23.76524510807156,1
23.56238611,93.12376667,762.0,21.31357434104547,1
23.56404167,93.10752222,758.0,1.9091524329963765,1
23.56145278,93.10908889,730.0,19.451200005616776,1
23.55881111,93.10900556,756.0,7.416536974278209,1
23.55426111,93.110175,812.0,7.416536974278209,1
23.5356,93.10656944,687.0,29.08619467351647,1
23.34297778,93.057775,875.0,26.437229357181263,1
23.35406111,93.04156111,516.0,11.348119585994183,1
23.35958611,93.04477222,595.0,30.25643716352927,1
23.36556111,93.05125278,696.0,22.07341542334565,1
23.36966389,93.04609444,568.0,38.51968181497392,1
23.05209722,93.12644167,585.0,22.09025870405004,1
23.03821667,93.12529444,435.0,31.119058788415003,1
23.54294167,93.23821667,1546.0,24.16881343581011,1
24.5503,93.25550278,248.0,17.5484006137923,1
24.55205833,93.25569167,235.0,5.128711509483252,1
24.56016389,93.24426944,391.0,12.604382648379184,1
24.56981667,93.2734,274.0,30.68841605381868,1
24.58928889,93.31006944,624.0,28.4627941894252,1
24.58496667,93.31397222,473.0,29.85463927845754,1
24.599425,93.30004722,520.0,24.38870074689113,1
24.60921944,93.30050278,720.0,39.09643971967424,1
24.63960833,93.30401111,752.0,6.721369339369457,1
24.64528611,93.28593611,570.0,26.880307851328983,1
24.02205833,93.29369167,1201.0,27.432940772267944,1
23.01689167,93.283175,885.0,29.927479327463576,1
24.02782222,93.28944444,816.0,28.280269845499703,1
24.04014167,93.2915,666.0,20.99158237694124,1
24.03980278,93.29373889,749.0,25.526884054256257,1
24.05823611,93.28901944,585.0,28.632096976803734,1
24.09210556,93.29866667,923.0,16.527811501531776,1
24.12428889,93.318525,606.0,11.309932474020217,1
24.16986389,93.33564167,501.0,8.582483688827132,1
24.19022778,93.35379167,1145.0,35.88986674043215,1
24.22922222,93.35478333,842.0,17.29444852858009,1
24.297775,93.34159722,562.0,24.74862531519583,1
24.31379722,93.33684722,367.0,26.56505117707799,1
24.35137778,93.34095556,315.0,11.386165083355712,1
24.37023056,93.34268889,273.0,11.976725812374069,1
23.6385278,93.13694722,949.0,18.87922133905067,1
23.631219,93.118033,670.0,8.104435709194412,1
23.6315833,93.13670278,1212.0,9.368915578454835,1
23.63703333,93.14361389,1161.0,13.515781057664528,1
23.62418333,93.14208611,1381.0,26.113233272206745,1
23.60360833,93.14173056,707.0,10.43076019506472,1
23.56672222,93.13764444,1140.0,26.360054096082703,1
24.56771111,93.14291667,461.0,9.462322208025618,1
24.57467222,93.14389722,584.0,25.915703593185818,1
24.57470833,93.13897222,349.0,30.17480904438851,1
24.57151389,93.141725,378.0,25.03089023333195,1
24.56917222,93.14073611,355.0,25.635076100950123,1
24.5606,93.13071389,464.0,30.747804873668915,1
24.55987778,93.12541667,334.0,22.684823831912844,1
24.08927222,93.12408611,983.0,19.68967329725292,1
24.10641389,93.12339944,973.0,26.32132942828673,1
24.10710778,93.11535444,1001.0,36.51283284150458,1
24.10015917,93.10461389,464.0,29.927479327463576,1
24.11104722,93.10374167,584.0,24.16881343581011,1
24.10506389,93.09593611,319.0,20.439317573258247,1
24.10743611,93.09532222,421.0,40.12351235567568,1
24.10687222,93.08849722,216.0,30.58895816397544,1
23.24231111,93.17726667,647.0,15.042369244334246,1
23.24500833,93.17587222,559.0,6.721369339369457,1
23.24454722,93.17027222,861.0,31.311156133255537,1
23.20960722,93.13104722,911.0,16.453666886955713,1
23.21068583,93.1212325,1126.0,18.434948822922014,1
23.49216111,93.23695,1309.0,25.03089023333195,1
23.504575,93.23805,1419.0,26.113233272206745,1
24.15364444,93.02183611,306.0,29.538782259558097,1
24.15817222,93.02488611,570.0,22.22435314380804,1
24.23419444,93.02469167,80.0,25.363232718381973,1
24.32836667,93.00923056,430.0,42.97485685199572,1
24.34421944,93.03191111,41.0,14.066164922222868,1
24.40520278,93.06672222,349.0,30.61885839795703,1
24.4259,93.13580556,524.0,9.870926939134982,1
24.44347778,93.15817778,65.0,3.4389123953782974,1
24.42383889,93.14429167,115.0,30.37812888097552,1
24.44857778,93.15738611,75.0,18.45641864524321,1
24.44003333,93.16011944,173.0,19.51118046928032,1
24.56703611,93.23536389,399.0,18.54197796399724,1
24.65409167,93.204625,134.0,21.80140948635181,1
24.65018056,93.20256667,230.0,20.155422119735228,1
24.6273,93.20404444,184.0,13.326469949385988,1
24.62604722,93.22583889,128.0,4.044691235386269,1
24.58605,93.21056389,72.0,25.15631913369421,1
24.577475,93.19105,129.0,12.04828213833979,1
24.56062778,93.18938889,110.0,14.03624346792648,1
24.5716,93.17273056,208.0,30.17480904438851,1
24.56925833,93.177275,184.0,13.326469949385988,1
24.57296389,93.17700556,301.0,27.505240762859906,1
24.5768,93.106075,119.0,17.456590925928477,1
24.526075,93.05379167,107.0,25.5133092609215,1
24.458325,93.09439167,443.0,16.228736705934203,1
23.57722222,92.71222222,908.0,4.044691235386269,1
23.692391,92.723348,794.0,24.359555875506427,1
23.6868033,92.7251987,856.0,42.05058435733241,1
23.7002691,92.7181685,1038.0,36.815480279408405,1
23.74247,92.705587,938.0,34.846405699136405,1
23.729422,92.716596,1052.0,37.16592466590954,1
23.717553,92.716826,1028.0,22.61986494804043,1
23.71577,92.713172,956.0,46.10947465489339,1
23.730243,92.75603,920.0,17.456590925928477,1
23.75024,92.736662,1095.0,20.82800310374709,1
23.758901,92.730863,1068.0,22.668609279892426,1
23.755925,92.726753,1006.0,41.95297820065328,1
23.745802,92.717053,919.0,20.43931757325825,1
23.605091,92.72184,799.0,37.99705220207771,1
23.581766,92.713413,853.0,34.162480159648744,1
23.469247,92.744068,1365.0,13.640311227766055,1
23.410771,92.753123,1132.0,30.85613335195628,1
23.367366,92.767304,1144.0,50.56149197967409,1
23.353485,92.780193,884.0,45.0159066580947,1
23.350187,92.778852,837.0,29.54940859650111,1
23.341022,92.776761,744.0,29.58124669955053,1
23.339144,92.786128,682.0,23.397741000263863,1
23.336229,92.787113,676.0,41.93828247167183,1
23.313871,92.792739,596.0,18.520635899770767,1
23.315355,92.790619,617.0,32.53469816945699,1
23.316491,92.788798,641.0,30.25643716352927,1
23.239637,92.748175,756.0,11.499465999742789,1
23.239077,92.745631,756.0,18.96231828867539,1
23.239137,92.744468,764.0,12.04828213833979,1
23.239797,92.744214,779.0,12.772578169490426,1
23.238785,92.744224,771.0,17.29444852858009,1
23.235716,92.744499,764.0,6.654425046006596,1
23.214239,92.740856,842.0,16.72355800648402,1
23.203253,92.735838,708.0,16.453666886955713,1
23.200475,92.735007,749.0,15.42324502154344,1
23.195661,92.73562,750.0,22.07341542334565,1
23.194007,92.734654,778.0,30.01033418769176,1
23.193468,92.734849,793.0,26.00818191569552,1
23.183856,92.735346,835.0,17.93200256558677,1
23.182152,92.734299,748.0,20.43931757325825,1
23.181806,92.736868,812.0,26.269553396535294,1
23.18077,92.735789,817.0,29.83376877992044,1
23.173606,92.739793,787.0,17.93200256558677,1
23.150939,92.748258,881.0,24.74862531519583,1
23.140846,92.751229,861.0,34.56687621562631,1
23.1351,92.748694,921.0,35.63524161504921,1
23.134009,92.746247,795.0,17.775317038209,1
23.132082,92.746268,858.0,18.43494882292201,1
23.114694,92.743931,835.0,33.02386755579665,1
23.114225,92.746024,802.0,31.244175851188185,1
23.111824,92.745097,835.0,15.896959679954522,1
23.015005,92.765065,959.0,25.253207609369632,1
23.022804,92.755698,852.0,20.846265656650555,1
22.973735,92.725975,545.0,7.2338446967252255,1
22.529731,92.896699,852.0,22.684823831912844,1
22.519716,92.891037,888.0,15.845167180271268,1
22.404215,92.951647,198.0,31.01244544880732,1
22.491822,92.970252,967.0,21.419418908984124,1
22.491,92.97076,984.0,35.02251023762291,1
22.469737,93.100868,1116.0,10.43076019506472,1
22.437107,92.946912,344.0,24.475819581509896,1
22.54735,92.882032,822.0,35.62790729142092,1
22.866131,92.772713,1098.0,21.611596098722195,1
22.903567,92.758702,1199.0,36.699225200489884,1
22.903454,92.760096,1160.0,28.4627941894252,1
22.904615,92.75705,1159.0,24.805474401698422,1
22.922528,92.752404,1126.0,15.36952380130432,1
22.895235,92.747812,1010.0,22.8781056322946,1
22.967715,92.925677,773.0,20.80971857959822,1
22.971217,92.925544,728.0,31.215386668546028,1
22.969582,92.925917,758.0,26.437229357181263,1
23.077813,92.89844,712.0,20.001783914715944,1
23.081023,92.897247,749.0,37.410672491183874,1
23.084343,92.898597,767.0,28.553305000609424,1
23.170678,92.899334,869.0,4.262693045214654,1
23.180345,92.900082,791.0,32.34744349944203,1
23.187383,92.89826,885.0,27.33604368814356,1
23.187762,92.898034,866.0,31.809663934881115,1
23.188273,92.898879,827.0,22.29097037475897,1
23.193401,92.900218,830.0,20.607120971804857,1
23.198119,92.899566,904.0,14.15548761586253,1
23.32201,92.85822,1038.0,17.66231893216494,1
23.322039,92.859147,1006.0,24.634322367669885,1
23.319156,92.857722,1038.0,19.787913812706314,1
23.317543,92.858683,1030.0,24.862123938667224,1
23.318568,92.852294,810.0,12.260147486012336,1
23.323423,92.860926,989.0,11.348119585994183,1
23.319412,92.855415,950.0,23.75010057347409,1
23.319184,92.856725,1024.0,27.432940772267944,1
23.309286,92.850807,972.0,22.40687120493745,1
23.10112,92.852784,772.0,18.305448954250743,1
23.309914,92.853522,969.0,29.421439641486938,1
23.315273,92.856524,971.0,33.16099672886019,1
23.311529,92.85443,958.0,33.16099672886019,1
23.31637,92.854172,895.0,21.04572088407584,1
23.310074,92.858498,999.0,31.39687644298045,1
23.309295,92.860017,997.0,18.64821573021375,1
23.308629,92.860039,993.0,16.723558006484023,1
23.308778,92.858357,960.0,21.04572088407583,1
23.300837,92.855693,937.0,37.61935164481234,1
23.300787,92.853572,997.0,32.754877470959904,1
23.305323,92.852358,1070.0,28.176705590951745,1
23.30554,92.854877,954.0,21.81855031431221,1
23.304746,92.862109,1005.0,33.423467333412106,1
23.298928,92.857435,941.0,20.307500221928045,1
23.310846,92.858915,1053.0,30.61885839795703,1
23.311335,92.858026,1056.0,23.93089341141916,1
23.307089,92.854209,1006.0,19.82702865340817,1
23.3057,92.852802,1023.0,31.205779114725832,1
23.307093,92.856289,981.0,19.31028740874557,1
23.307524,92.857678,960.0,29.118936488427924,1
23.305939,92.857538,922.0,26.880307851328983,1
23.303906,92.853173,1037.0,37.410672491183874,1
23.301381,92.853078,980.0,25.15631913369421,1
23.299628,92.855609,950.0,24.748625315195834,1
23.298137,92.857412,929.0,22.98976777360885,1
23.293453,92.858089,892.0,23.397741000263863,1
23.293873,92.858395,881.0,14.621143938770764,1
23.298166,92.858694,907.0,21.95499883223757,1
23.346456,92.851511,906.0,28.30319610038818,1
23.3466,92.854847,897.0,16.453666886955713,1
23.291103,92.864843,976.0,34.21858270764896,1
23.301587,92.868485,864.0,24.46133251877165,1
23.313996,92.863984,916.0,18.64821573021375,1
23.321016,92.861601,902.0,28.732851681077435,1
23.3228,92.862406,946.0,19.451200005616776,1
23.243855,92.905242,745.0,35.27189058250504,1
23.286735,92.85703,882.0,34.35403406736099,1
23.284565,92.857096,830.0,30.58895816397544,1
23.281443,92.840145,662.0,42.03111377419729,1
23.280947,92.8367,621.0,38.37211908620569,1
23.288276,92.830821,550.0,25.526884054256257,1
23.293863,92.741368,771.0,26.334247846853145,1
23.295774,92.740012,745.0,24.691575152551952,1
23.30265,92.742945,698.0,25.15631913369421,1
23.307135,92.707624,458.0,34.35403406736099,1
23.306409,92.706083,415.0,25.363232718381973,1
23.306012,92.704212,433.0,27.90904811068605,1
23.300291,92.69577,358.0,27.17735741799749,1
23.299806,92.694901,347.0,24.2864614630402,1
23.299312,92.692614,418.0,17.083143246452856,1
23.297521,92.689449,311.0,28.037600489728423,1
23.30374,92.672816,553.0,10.759583898850556,1
23.304123,92.671521,574.0,31.39687644298045,1
23.306105,92.671296,517.0,26.767512858834905,1
23.306338,92.666573,686.0,28.222814437179903,1
23.32044,92.643229,718.0,12.04828213833979,1
23.301901,92.649401,725.0,22.40687120493745,1
23.246611,92.655112,405.0,20.846265656650555,1
23.2388,92.636923,793.0,23.397741000263863,1
23.234538,92.637234,817.0,21.242603631151898,1
23.206413,92.632701,549.0,18.94158858012096,1
23.197283,92.632661,591.0,22.684823831912844,1
23.174558,92.612556,771.0,3.931095784160226,1
23.1739,92.611378,785.0,12.53638838286113,1
23.173258,92.611929,793.0,16.796238729882134,1
23.17252,92.611434,806.0,19.61060912917093,1
23.172659,92.611828,800.0,17.66231893216494,1
23.198272,92.589291,704.0,4.857533338413092,1
23.198961,92.590043,687.0,21.18915910142139,1
23.199095,92.586671,719.0,7.825525624597575,1
23.199415,92.585883,709.0,16.91651608571675,1
23.200105,92.584517,705.0,15.81919394750014,1
23.200655,92.5813,737.0,23.75010057347409,1
23.201843,92.579666,728.0,17.752790161946685,1
23.202247,92.57903,736.0,24.15404655313558,1
23.203107,92.577972,749.0,19.82702865340817,1
23.203903,92.576807,756.0,21.938008256074177,1
23.204282,92.576174,770.0,26.113233272206745,1
23.204481,92.575792,768.0,28.485468456722128,1
23.205193,92.574684,774.0,37.00513608621634,1
23.214589,92.572672,818.0,18.370345512861498,1
23.212919,92.558022,863.0,13.824682316158707,1
23.207082,92.509726,735.0,9.64622531297678,1
23.195616,92.546251,579.0,15.609525869125669,1
23.19796,92.543304,580.0,33.02386755579665,1
23.190022,92.554302,631.0,17.5484006137923,1
23.21035,92.539589,689.0,28.08409936669116,1
23.208921,92.541174,669.0,21.680889149080844,1
23.208823,92.53749,726.0,11.386165083355712,1
23.206239,92.491221,645.0,20.07880037349212,1
23.20549,92.543278,651.0,23.021526638116164,1
23.219631,92.563324,922.0,25.8493248967401,1
23.204981,92.534603,776.0,6.379370208442804,1
23.206253,92.533605,791.0,14.506372352544124,1
23.209857,92.500587,611.0,22.22435314380804,1
23.199961,92.488796,725.0,13.421509132977462,1
23.17824,92.491031,762.0,17.775317038209,1
23.180969,92.488193,773.0,14.959246786437893,1
23.180354,92.486971,744.0,8.735690934280582,1
23.182466,92.487731,785.0,8.47871314708616,1
23.204706,92.533825,775.0,11.386165083355712,1
23.251004,92.63667,749.0,8.935631425418535,1
23.234898,92.911307,670.0,9.73677691573277,1
23.225619,92.924909,451.0,33.16099672886019,1
23.223807,92.944448,485.0,8.47871314708616,1
23.21795,92.998007,1110.0,31.12871688801731,1
23.217324,92.99812,1082.0,18.130932944052347,1
23.19917,93.000199,768.0,37.4041069193059,1
23.1915,93.011024,875.0,40.41337530810542,1
23.183361,93.066742,1033.0,30.85613335195628,1
23.241722,93.098254,1162.0,27.90904811068605,1
23.229765,93.127521,1009.0,28.257311688503773,1
23.2066,93.148665,830.0,31.311156133255537,1
23.197704,93.163019,546.0,31.39687644298045,1
23.198136,93.166988,663.0,28.222814437179903,1
23.177311,93.198157,1149.0,14.506372352544124,1
23.148209,93.321183,1606.0,30.297100641022165,1
23.14788,93.323791,1548.0,21.33126583595921,1
23.527592,92.984969,1342.0,27.017123217850244,1
23.760466,92.848969,829.0,15.179705807856672,1
23.807952,92.834037,534.0,39.8055710922652,1
24.285871,92.94599,904.0,23.75010057347409,1
24.288014,92.946017,923.0,27.360321545332805,1
24.354658,92.925511,689.0,13.915808695897177,1
24.365715,92.930137,610.0,34.41738871044157,1
23.747519,92.853155,808.0,30.37812888097552,1
22.82104167,92.63873333,94.0,17.01197993242201,1
23.65701389,93.02799167,497.0,37.81892671564865,1
23.74035833,92.71311667,926.0,32.98940559251087,1
22.87355833,92.75595278,1075.0,21.869859308909422,1
23.72949444,92.77544444,696.0,38.85270866598098,1
24.80375556,92.733375,18.0,0.9548412538721888,1
24.27899722,92.642375,69.0,18.305448954250743,1
24.73197222,92.75988889,19.0,0.9548412538721888,1
23.74190833,92.74161389,891.0,20.607120971804857,1
23.68416667,92.85708333,970.0,13.515781057664528,1
23.71688889,92.72083333,1004.0,31.80039615270397,1
23.74150833,92.70785833,888.0,37.14591448999934,1
23.92322222,92.49222222,852.0,18.520635899770767,1
22.49086111,92.98086111,1060.0,18.19662752273151,1
22.48541667,92.98238889,1048.0,20.699546585586496,1
23.88591667,93.20961111,1214.0,24.38870074689113,1
23.70213889,92.71822222,1060.0,41.29243241280936,1
23.60722222,92.72505556,854.0,30.05160649070701,1
23.60830556,92.85058333,1111.0,32.167104228386144,1
23.61372222,92.85188889,1066.0,21.83567219571615,1
23.2034,92.7379,770.0,18.305448954250743,1
23.2029,92.7371,794.0,14.03624346792648,1
23.2029,92.7369,786.0,17.03574212804197,1
23.2028,92.7368,777.0,23.4904160686416,1
23.47,92.7215,1096.0,22.373844274024943,1
23.4688,92.7208,1136.0,25.23940182067892,1
23.4672,92.7193,1197.0,32.78110200943605,1
23.4731,92.7119,1091.0,35.47311285748566,1
23.4761,92.7066,975.0,24.15404655313558,1
23.4785,92.7043,981.0,7.825525624597575,1
23.4785,92.7041,981.0,7.825525624597575,1
23.4807,92.7025,997.0,25.34952033151192,1
23.4855,92.7033,978.0,13.326469949385988,1
23.4912,92.7055,987.0,46.83713694732098,1
23.4946,92.7044,929.0,43.53560155636589,1
23.499713,92.7015,897.0,31.002719133873985,1
23.500156,92.701436,900.0,14.302914425322813,1
23.504006,92.699247,868.0,34.369895822693806,1
23.239287,92.74818,748.0,11.038532615965034,1
23.237356,92.744978,774.0,7.2338446967252255,1
23.233349,92.744075,731.0,12.772578169490426,1
23.230114,92.740067,781.0,15.36952380130432,1
23.229731,92.73968,786.0,16.2287367059342,1
23.226843,92.740266,757.0,16.2287367059342,1
23.225357,92.74039,756.0,10.21937711459359,1
23.206029,92.740123,815.0,24.242444512172103,1
23.204595,92.73861,795.0,33.56563872420532,1
23.202738,92.736174,745.0,32.53469816945699,1
23.202224,92.736123,741.0,24.691575152551952,1
23.202096,92.73698,767.0,28.222814437179903,1
23.201584,92.736877,747.0,28.82189836411544,1
23.201447,92.736703,740.0,18.370345512861498,1
23.201281,92.735108,761.0,29.686933196903503,1
23.201335,92.734857,774.0,24.38870074689113,1
23.201614,92.734453,763.0,27.029504599267472,1
23.201759,92.734328,763.0,27.029504599267472,1
23.200073,92.734654,752.0,20.001783914715944,1
23.199924,92.73481,752.0,20.001783914715944,1
23.198568,92.734368,749.0,19.12710170142385,1
23.197825,92.73502,741.0,12.260147486012336,1
23.197177,92.735661,745.0,14.535165207979569,1
23.196642,92.735456,744.0,16.228736705934203,1
23.193237,92.734819,793.0,26.00818191569552,1
23.191775,92.734778,785.0,17.752790161946685,1
23.191747,92.73459,785.0,17.752790161946685,1
23.189242,92.734475,793.0,22.09025870405004,1
23.187473,92.734547,840.0,2.1342998941463125,1
23.188245,92.734327,812.0,26.32132942828673,1
23.187661,92.735055,823.0,20.07880037349212,1
23.18675,92.735178,850.0,26.577778623734844,1
23.186501,92.735632,838.0,31.215386668546028,1
23.186296,92.7356,838.0,31.215386668546028,1
23.186133,92.735682,850.0,35.795759914707084,1
23.184091,92.738895,781.0,27.078936947526696,1
23.185555,92.736061,844.0,34.21057985417024,1
23.185396,92.736019,844.0,31.24417585118817,1
23.18351,92.735641,824.0,8.530765609948133,1
23.183268,92.736695,826.0,33.2376314445189,1
23.181667,92.736374,820.0,13.640311227766055,1
23.17884,92.736546,785.0,19.188418756936425,1
23.174341,92.740855,786.0,23.19506859014077,1
23.176777,92.738013,784.0,8.935631425418535,1
23.170376,92.739585,754.0,27.372447043216628,1
23.170205,92.73929,763.0,11.648634944412734,1
23.16864,92.740342,800.0,13.515781057664528,1
23.168362,92.74061,787.0,20.699546585586496,1
23.165872,92.741435,813.0,16.527811501531776,1
23.164812,92.743396,800.0,25.80936745770508,1
23.164443,92.742682,827.0,27.432940772267944,1
23.164169,92.74339,830.0,21.86985930890943,1
23.163136,92.7444,839.0,25.675463214971884,1
23.162899,92.744032,842.0,21.47206914335925,1
23.160443,92.743261,863.0,15.793169048263966,1
23.160357,92.743677,848.0,22.40687120493745,1
23.160261,92.74337,859.0,13.326469949385988,1
23.157803,92.743652,836.0,19.82702865340817,1
23.157418,92.744221,853.0,21.971970836813973,1
23.155456,92.744778,867.0,28.222814437179903,1
23.152289,92.746243,891.0,9.462322208025618,1
23.151833,92.746339,894.0,10.555380466061171,1
23.151191,92.747211,897.0,20.99158237694124,1
23.150972,92.747402,906.0,19.370844026969944,1
23.149815,92.749076,912.0,16.527811501531776,1
23.14968,92.749277,912.0,16.527811501531776,1
23.149588,92.749562,903.0,22.140679470491683,1
23.149163,92.750431,911.0,13.069151942759,1
23.149094,92.750808,905.0,16.253917058152773,1
23.147798,92.749742,905.0,18.64821573021375,1
23.144687,92.750609,861.0,9.462322208025618,1
23.143591,92.749751,851.0,31.215386668546028,1
23.141589,92.751435,887.0,21.260377126997216,1
23.141474,92.750577,838.0,31.002719133873985,1
23.141077,92.75109,870.0,30.77741947322608,1
23.139887,92.751646,860.0,13.421509132977462,1
23.14016,92.75191,859.0,20.07880037349212,1
23.1378,92.749869,839.0,15.042369244334244,1
23.137565,92.747197,879.0,28.222814437179903,1
23.136964,92.74724,845.0,34.46474362464782,1
23.135979,92.747589,860.0,27.360321545332805,1
23.135813,92.74814,872.0,24.932657538079724,1
23.134961,92.747843,851.0,32.667159071642764,1
23.13488,92.747567,844.0,33.296989754761654,1
23.132516,92.746085,824.0,41.8103148957786,1
23.132035,92.745362,818.0,31.50104503484435,1
23.131844,92.744715,811.0,33.821757317608586,1
23.131999,92.744413,807.0,28.280269845499703,1
23.130578,92.743046,779.0,28.89942242619857,1
23.129048,92.742692,763.0,25.376933525152303,1
23.127505,92.740257,834.0,20.846265656650555,1
23.125686,92.740507,802.0,22.668609279892426,1
23.125271,92.740646,801.0,23.628423517864427,1
23.123927,92.739604,806.0,23.628423517864427,1
23.123517,92.739803,811.0,12.04828213833979,1
23.121323,92.741086,809.0,9.321835749415005,1
23.119722,92.742868,837.0,19.47122063449069,1
23.119344,92.742996,827.0,20.846265656650555,1
23.119163,92.743039,833.0,15.288517970232029,1
23.116585,92.745325,737.0,24.591248866909307,1
23.118272,92.742799,848.0,6.0172848640320336,1
23.11239,92.745417,838.0,15.609525869125669,1
23.11349,92.745057,840.0,24.46133251877165,1
23.113126,92.74564,833.0,22.61986494804043,1
23.112284,92.746288,793.0,28.08409936669116,1
23.108018,92.746279,763.0,15.042369244334246,1
23.10565,92.745979,711.0,18.87922133905067,1
23.105869,92.746616,740.0,16.601549599020238,1
23.104623,92.747711,739.0,21.260377126997213,1
23.104711,92.747784,739.0,21.260377126997213,1
23.103993,92.74869,736.0,27.432940772267944,1
23.10357,92.748737,724.0,25.8493248967401,1
23.100785,92.751508,780.0,13.262676008304846,1
23.099615,92.752199,780.0,9.368915578454835,1
23.098261,92.751461,756.0,27.029504599267472,1
23.09459,92.753733,756.0,9.870926939134982,1
23.092076,92.752286,754.0,20.43931757325825,1
23.091619,92.752299,759.0,21.260377126997216,1
23.089822,92.751916,736.0,20.532771786488425,1
23.08373,92.757679,754.0,10.759583898850556,1
23.082149,92.758285,768.0,5.788832299437198,1
23.074255,92.76222,771.0,23.132182561931256,1
23.07006,92.764514,793.0,9.73677691573277,1
23.069585,92.765797,800.0,12.638224684699054,1
23.067473,92.767201,843.0,24.16881343581011,1
23.065772,92.767979,874.0,32.754877470959904,1
23.06533,92.768329,882.0,30.01033418769176,1
23.063838,92.769004,897.0,25.88918455713453,1
23.061745,92.770105,941.0,21.18915910142139,1
23.059168,92.771186,975.0,29.63417437185607,1
23.056424,92.772983,973.0,33.423467333412106,1
23.054573,92.772578,978.0,44.66589451282576,1
23.053698,92.772504,1009.0,22.8781056322946,1
23.050965,92.772524,997.0,8.735690934280582,1
23.047367,92.772849,1022.0,8.47871314708616,1
23.046442,92.772974,1035.0,15.042369244334244,1
23.045557,92.772557,1015.0,13.421509132977462,1
23.046939,92.772748,1026.0,14.066164922222868,1
23.044434,92.772583,1058.0,24.591248866909307,1
23.04345,92.772408,1075.0,35.02251023762291,1
23.043269,92.77264,1058.0,30.02066192256465,1
23.040669,92.772823,1111.0,31.311156133255537,1
23.040051,92.773327,1087.0,39.56704795533052,1
23.038879,92.773703,1120.0,22.29097037475897,1
23.502336,92.697334,706.0,32.74612665551688,1
23.502513,92.697754,742.0,29.421439641486938,1
23.725778,91.645694,78.0,2.698950908923438,1
25.187583,93.653861,600.0,35.69379666026943,1
25.199528,93.625278,423.0,28.49679392207442,1
25.275028,93.616306,1127.0,15.793169048263966,1
25.275083,93.616306,1127.0,15.793169048263966,1
25.287664,93.488956,1410.0,3.8140748342903534,1
25.288472,93.489611,1496.0,26.61590170730996,1
25.292417,93.498972,1437.0,31.434832006995155,1
25.29725,93.630083,1294.0,29.260073022738787,1
25.298167,93.632222,1306.0,33.2376314445189,1
25.343583,93.566972,938.0,28.222814437179903,1
25.356333,93.566583,835.0,35.113638216485604,1
25.4095,93.476639,694.0,24.15404655313558,1
25.40975,93.475944,690.0,27.017123217850244,1
25.471556,93.726778,1534.0,40.326443341825765,1
25.472217,93.726992,1544.0,40.12351235567568,1
25.472506,93.727181,1531.0,36.733505603395045,1
25.472781,93.727319,1535.0,29.63417437185607,1
25.487139,93.493528,471.0,15.845167180271268,1
25.5,93.67,1256.0,21.04572088407583,1
25.502583,94.661194,1607.0,31.80039615270397,1
25.502917,94.661194,1586.0,20.43931757325825,1
25.505833,94.653806,1561.0,30.266612409654883,1
25.507611,94.661028,1540.0,18.370345512861498,1
25.51,93.7,1208.0,37.038767555809535,1
25.51,93.71,1174.0,29.88589573021274,1
25.51,93.72,1205.0,16.253917058152773,1
25.51,93.67,1119.0,23.75010057347409,1
25.51,93.68,1198.0,19.47122063449069,1
25.515222,94.660694,1535.0,26.00818191569552,1
25.52,93.73,1282.0,22.81394173961772,1
25.52,93.72,1358.0,8.530765609948133,1
25.526,93.766,770.0,41.04491159046639,1
25.53,93.74,1353.0,29.686933196903503,1
25.53,93.73,1280.0,15.06995574963759,1
25.53,93.72,1205.0,26.67924362098057,1
25.531,93.762,791.0,18.64821573021375,1
25.536,94.236,1737.0,26.767512858834905,1
25.53633,94.23894,1703.0,19.31028740874557,1
25.54,93.74,1273.0,10.21937711459359,1
25.543,94.357,1663.0,24.38870074689113,1
25.546,94.274,1745.0,39.85620904397488,1
25.546,94.27,1643.0,29.031480434376107,1
25.548,94.188,1218.0,25.34952033151192,1
25.54831,94.19192,1089.0,25.15631913369421,1
25.549,94.286,1876.0,24.242444512172103,1
25.552,94.149,1478.0,11.038532615965034,1
25.552,94.36,1640.0,18.96231828867539,1
25.552,94.362,1594.0,34.62941016850345,1
25.552,94.289,1860.0,34.49623729009093,1
25.553,94.148,1497.0,18.64821573021375,1
25.553833,94.762389,1162.0,5.550718212127324,1
25.554,94.148,1535.0,21.95499883223757,1
25.55408,94.23669,1168.0,26.628589703310887,1
25.554167,94.760944,1160.0,9.462322208025617,1
25.555056,94.768611,1154.0,5.788832299437198,1
25.555969,94.764325,1119.0,5.385977098599754,1
25.55697,94.15322,1471.0,17.66231893216494,1
25.559,94.284,1747.0,8.935631425418535,1
25.559,94.249,1488.0,25.80936745770508,1
25.559,94.251,1557.0,28.98757825007264,1
25.559211,94.769978,1088.0,20.80971857959822,1
25.56,94.151,1582.0,3.4389123953782974,1
25.56,94.153,1539.0,31.002719133873992,1
25.560844,94.773214,1073.0,39.04326226960053,1
25.561,94.294,1981.0,37.927313249696354,1
25.561,94.143,1676.0,13.16632060042364,1
25.561,93.858,1491.0,47.7132109090621,1
25.561306,94.780778,1061.0,16.527811501531776,1
25.561389,94.783889,1045.0,38.5746628389258,1
25.561903,94.778178,1019.0,10.678414922779544,1
25.562,94.168,1276.0,20.80971857959822,1
25.562667,94.608,1791.0,37.99705220207771,1
25.56292,94.14544,1648.0,7.416536974278209,1
25.563,94.165,1296.0,15.896959679954522,1
25.563,94.147,1656.0,5.788832299437198,1
25.56544,94.17208,1373.0,19.370844026969944,1
25.566,94.162,1302.0,18.64821573021375,1
25.566,94.258,1860.0,28.82189836411544,1
25.566,94.168,1253.0,27.17735741799749,1
25.566,94.26,1852.0,19.82702865340817,1
25.566,93.863,1672.0,44.783515145502,1
25.566583,94.763722,1391.0,22.61986494804043,1
25.566944,94.773222,1314.0,25.03089023333195,1
25.567,94.164,1313.0,17.842681707487124,1
25.568528,94.784806,999.0,28.08409936669116,1
25.568611,94.783078,958.0,7.825525624597575,1
25.569,94.234,1627.0,25.23940182067892,1
25.569,94.283,1835.0,28.257311688503773,1
25.569,93.872,1402.0,21.260377126997216,1
25.57,93.871,1464.0,25.91570359318582,1
25.570222,94.877278,1212.0,36.505887632648864,1
25.57086,94.17047,1182.0,11.976725812374069,1
25.571,94.253,1889.0,23.76524510807156,1
25.571,94.166,1345.0,18.130932944052347,1
25.571,93.871,1475.0,33.2376314445189,1
25.572,94.168,1277.0,19.74869565807571,1
25.572,94.25,1794.0,24.2864614630402,1
25.572,93.787,1482.0,38.93040115948257,1
25.572058,94.784969,977.0,36.69922520048988,1
25.57244,94.17178,1181.0,4.763641690726178,1
25.574,94.295,2036.0,20.80971857959822,1
25.574,94.332,1756.0,42.52459232805973,1
25.575,93.777,1445.0,17.775317038209,1
25.576,94.351,1519.0,28.360372759879684,1
25.576,93.783,1489.0,32.47251629973426,1
25.576,93.878,1536.0,30.77741947322608,1
25.576444,94.785556,1001.0,29.58124669955053,1
25.578,93.805,1581.0,29.24925904290538,1
25.579,93.87,1621.0,30.56899459462348,1
25.581,94.863694,1229.0,37.58043252806343,1
25.581333,94.627306,1642.0,26.32132942828673,1
25.581806,94.784833,975.0,45.01590665809471,1
25.58194,94.35,1417.0,18.94158858012096,1
25.581944,94.858139,1215.0,36.05502968442895,1
25.582,94.141,1549.0,7.825525624597575,1
25.582694,94.785139,974.0,32.427956428323874,1
25.583694,94.785639,969.0,21.83567219571615,1
25.583833,94.858,1203.0,28.88836980568737,1
25.584147,94.8582,1198.0,30.61885839795703,1
25.584519,94.792344,1081.0,22.489134862284537,1
25.585,94.137,1574.0,24.15404655313558,1
25.585472,94.846833,1181.0,33.490525189983416,1
25.586,94.288,1963.0,24.16881343581011,1
25.586389,94.858222,1235.0,34.62941016850345,1
25.587778,94.858722,1269.0,34.41738871044157,1
25.588,94.292,2030.0,29.346331162468683,1
25.588389,94.78825,969.0,21.6115960987222,1
25.588806,94.859428,1266.0,36.42929126949838,1
25.589222,94.766083,1715.0,34.6605872943073,1
25.590139,94.846333,1155.0,39.70379580424368,1
25.591833,94.595278,1063.0,15.845167180271268,1
25.5925,94.628472,1509.0,32.10351627298505,1
25.593333,94.855194,1207.0,38.61729324898542,1
25.593472,94.596944,1077.0,15.042369244334246,1
25.593778,94.822389,1381.0,35.264389682754654,1
25.593944,94.810925,1470.0,53.46905600865955,1
25.594,94.166,1078.0,17.083143246452856,1
25.594,94.314,2002.0,24.591248866909307,1
25.594639,94.842444,1248.0,32.10351627298505,1
25.595083,94.857778,1236.0,20.07880037349212,1
25.596111,94.785444,850.0,20.439317573258247,1
25.597167,94.842028,1241.0,40.93534296900471,1
25.597778,94.767,1753.0,37.7097934708822,1
25.598,94.31,2004.0,37.24571514151944,1
25.598,93.848,1733.0,46.10947465489339,1
25.599056,94.617222,1299.0,26.43722935718126,1
25.599722,94.612972,1281.0,27.55326483492445,1
25.6,94.841389,1283.0,21.242603631151898,1
25.600306,94.613222,1264.0,22.07341542334565,1
25.601,94.31,1905.0,18.370345512861498,1
25.601028,94.829722,1480.0,23.021526638116164,1
25.602,94.427,838.0,20.532771786488425,1
25.602208,94.823292,1264.0,27.432940772267944,1
25.602511,94.891208,1020.0,40.14558013326291,1
25.603,94.426,841.0,20.307500221928045,1
25.604389,94.839583,1339.0,40.62857634325013,1
25.604444,94.76,1804.0,32.57012547147069,1
25.604611,94.768083,1747.0,36.733505603395045,1
25.605,94.051,2528.0,52.58967310996107,1
25.605061,94.772156,1631.0,30.133843411422752,1
25.605458,94.839083,1316.0,32.53469816945699,1
25.6055,94.800833,1123.0,33.05825736162378,1
25.607,94.321,1847.0,24.15404655313558,1
25.607778,94.837944,1330.0,41.53094871022609,1
25.608,94.146,1524.0,20.250651404968387,1
25.609472,94.806111,1176.0,44.616941502248935,1
25.61,94.139,1528.0,19.47122063449069,1
25.610083,94.591889,1027.0,17.01197993242201,1
25.61092,94.20064,1244.0,38.31642449920507,1
25.611028,94.747167,1933.0,12.04828213833979,1
25.612,94.209,975.0,35.113638216485604,1
25.61275,94.21517,979.0,23.021526638116164,1
25.613,94.745889,1968.0,28.553305000609424,1
25.613472,94.583333,953.0,25.5133092609215,1
25.614,94.496,753.0,53.336732700438525,1
25.614,94.493,824.0,39.190532590075605,1
25.614,94.319,1844.0,29.88589573021274,1
25.615,93.944,1723.0,25.8493248967401,1
25.616,94.484,901.0,32.53469816945699,1
25.617,94.113,1711.0,27.944207405422546,1
25.617,93.941,1699.0,12.260147486012336,1
25.618,94.468,981.0,34.417388710441564,1
25.618,94.209,839.0,16.428860704621638,1
25.619,94.206,965.0,32.57012547147068,1
25.62,94.485,1106.0,26.113233272206745,1
25.62,94.332,1800.0,21.31357434104547,1
25.620269,94.801031,687.0,36.491988188351336,1
25.62067,94.21483,1030.0,30.528995003826,1
25.621,94.212,937.0,37.53490600791177,1
25.621,94.335,1806.0,24.862123938667224,1
25.62153,94.19439,1044.0,25.486125594093767,1
25.622,94.206,985.0,37.63877548007402,1
25.622,94.212,915.0,20.699546585586496,1
25.623,94.113,1653.0,25.486125594093767,1
25.623,94.354,1825.0,18.43494882292201,1
25.623,94.336,1829.0,35.27938801183364,1
25.623364,94.819272,638.0,30.56899459462348,1
25.624,94.206,1003.0,14.959246786437893,1
25.624,94.361,1835.0,19.188418756936425,1
25.624,94.348,1786.0,29.802413569555988,1
25.624639,94.503278,894.0,30.82665955230447,1
25.625,94.335,1932.0,25.15631913369421,1
25.625,94.345,1859.0,22.22435314380804,1
25.626833,94.847053,441.0,22.765646640754472,1
25.628,94.211,940.0,17.03574212804197,1
25.629,94.273,1734.0,23.76524510807156,1
25.629,94.274,1769.0,23.021526638116164,1
25.629,93.855,1354.0,29.260073022738787,1
25.62978,94.19514,936.0,23.81059263950923,1
25.63,94.014,1880.0,21.86985930890943,1
25.63,94.25,1026.0,29.83376877992044,1
25.63,94.259,1213.0,28.037600489728423,1
25.631,94.203,987.0,22.765646640754472,1
25.631,94.174,1114.0,18.130932944052347,1
25.631,94.257,1146.0,34.090063875331914,1
25.631,93.999,2083.0,33.590600231227405,1
25.631122,94.748497,1997.0,18.520635899770767,1
25.631833,94.750139,2056.0,42.62323504099259,1
25.632,94.257,1138.0,25.376933525152303,1
25.632,94.25,1095.0,23.3822424378352,1
25.632,94.215,827.0,29.85463927845754,1
25.633944,94.733056,1937.0,19.31028740874557,1
25.634,94.255,1080.0,29.63417437185607,1
25.635,94.253,1058.0,30.20546681961666,1
25.635,94.217,880.0,31.6607510966366,1
25.635,94.252,1096.0,18.54197796399724,1
25.63669,94.21986,892.0,33.70658681677467,1
25.6375,94.757556,2096.0,37.53490600791177,1
25.63861,94.115,1320.0,16.723558006484023,1
25.640056,94.765278,2116.0,40.72974809403222,1
25.640389,94.732444,1835.0,32.96351159099253,1
25.641,94.730878,1762.0,38.90056504199712,1
25.642,94.201,1034.0,14.03624346792648,1
25.645,94.034,1587.0,25.88918455713453,1
25.645,93.992,2043.0,16.91651608571675,1
25.646,94.033,1564.0,14.621143938770764,1
25.646,94.177,1019.0,17.456590925928477,1
25.646,93.843,761.0,18.43494882292201,1
25.646,94.479,1352.0,32.490306531189724,1
25.646,94.378,1453.0,19.31028740874557,1
25.646389,94.766389,2011.0,30.973505797181858,1
25.647,94.378,1475.0,23.428692808745406,1
25.647,94.361,1705.0,41.18463738471524,1
25.647,94.481,1375.0,32.9548711795407,1
25.648,94.124,1279.0,11.348119585994183,1
25.649,94.121,1231.0,23.11642191920837,1
25.649,94.441,1499.0,43.57077227020226,1
25.649428,94.737028,1797.0,32.31153323742385,1
25.65,94.03,1510.0,21.611596098722195,1
25.65,94.122,1241.0,38.07907632899583,1
25.650111,94.510556,1214.0,35.98342760298727,1
25.650556,94.5095,1255.0,35.80301842021218,1
25.65072,94.03294,1703.0,36.28203936315455,1
25.651,94.119,1311.0,16.428860704621638,1
25.651,94.289,1785.0,31.7353754997287,1
25.651,94.097,1605.0,21.86985930890943,1
25.651,94.121,1252.0,25.955401413885543,1
25.651,94.12,1276.0,26.360054096082703,1
25.651,94.514833,1211.0,39.612764584574585,1
25.651528,94.52225,1128.0,49.3088444642106,1
25.652,94.121,1288.0,27.17735741799749,1
25.652,94.288,1816.0,33.69006752597979,1
25.652,94.122,1249.0,31.051293565952417,1
25.652,94.154,1127.0,15.36952380130432,1
25.652,94.03,1593.0,29.260073022738787,1
25.652361,94.735889,1715.0,29.54940859650112,1
25.652639,94.7705,1945.0,37.671095800679176,1
25.65275,94.032,1675.0,18.94158858012096,1
25.653,94.123,1277.0,24.46133251877165,1
25.653,94.121,1325.0,31.24417585118817,1
25.653361,94.734333,1614.0,30.05160649070701,1
25.654,94.122,1354.0,31.205779114725832,1
25.654,94.438,1554.0,39.33061616878252,1
25.655,94.234,1216.0,26.269553396535294,1
25.655,94.438,1571.0,29.63417437185607,1
25.65653,94.09061,1575.0,28.88836980568737,1
25.657,94.439,1523.0,19.188418756936425,1
25.657,94.102,1474.0,16.723558006484023,1
25.657361,94.750278,1706.0,22.140679470491683,1
25.65747,94.08611,1581.0,17.29444852858009,1
25.65778,94.05683,1514.0,36.14763896908836,1
25.659,94.112,1376.0,7.825525624597575,1
25.659,94.089,1526.0,10.21937711459359,1
25.659,94.107,1406.0,25.5133092609215,1
25.65967,94.09297,1479.0,13.421509132977462,1
25.65975,94.747083,1714.0,30.24625565345472,1
25.66,94.096,1468.0,14.535165207979569,1
25.660194,94.7535,1673.0,15.845167180271268,1
25.660583,94.755389,1673.0,35.113638216485604,1
25.66083,94.10278,1483.0,3.8140748342903534,1
25.661,94.054,1364.0,40.55896658324713,1
25.661,94.055,1444.0,26.57777862373484,1
25.661,94.388,1308.0,15.288517970232029,1
25.662,94.453,1481.0,31.77256152831432,1
25.662,94.096,1434.0,16.453666886955713,1
25.662,94.108,1391.0,10.759583898850556,1
25.662222,94.719444,1364.0,25.14243049054343,1
25.66264,94.11353,1380.0,14.302914425322813,1
25.663,94.097,1422.0,18.370345512861498,1
25.663,94.113,1381.0,9.73677691573277,1
25.665,94.104,1401.0,11.795709540896548,1
25.665,94.216,809.0,19.47122063449069,1
25.665,94.247,1479.0,24.16881343581011,1
25.665,94.096,1395.0,25.197913740371355,1
25.665,94.215,808.0,24.591248866909307,1
25.665,94.214,848.0,20.80971857959822,1
25.666,94.244,1319.0,34.49623729009093,1
25.666,94.258,1576.0,23.021526638116164,1
25.666,94.09,1360.0,9.870926939134982,1
25.666,94.098,1446.0,18.64821573021375,1
25.66667,94.10972,1425.0,14.15548761586253,1
25.667,94.035,1555.0,30.25643716352927,1
25.667,94.253,1560.0,27.360321545332805,1
25.667,94.254,1564.0,32.78110200943605,1
25.667,94.211,809.0,18.370345512861498,1
25.667,94.051,1408.0,34.472622749576175,1
25.667,94.21,811.0,27.17735741799749,1
25.667,94.718944,1292.0,23.428692808745403,1
25.668,94.464,1374.0,26.628589703310887,1
25.668,94.107,1409.0,17.66231893216494,1
25.668,94.051,1394.0,44.53498207460834,1
25.66806,94.05525,1301.0,9.64622531297678,1
25.668417,94.543194,665.0,27.613098503754813,1
25.669,94.091,1326.0,18.96231828867539,1
25.669,94.114,1348.0,12.53638838286113,1
25.669,94.218,760.0,13.069151942759,1
25.669,94.104,1429.0,20.307500221928045,1
25.669,94.192,985.0,17.5484006137923,1
25.669,94.051,1402.0,38.09794465951107,1
25.66917,94.10722,1452.0,16.2287367059342,1
25.66969,94.06267,1445.0,35.889866740432154,1
25.66977,94.11269,1357.0,14.03624346792648,1
25.67,94.113,1350.0,13.03657849691309,1
25.67,94.109,1465.0,6.91817481667161,1
25.67,94.211,797.0,23.428692808745403,1
25.67,94.062,1459.0,27.62503917921715,1
25.67,94.397,1389.0,31.51991437453672,1
25.67,94.382,1639.0,32.63194030642942,1
25.6702,94.456,1424.0,34.21858270764895,1
25.671,94.21,836.0,17.387333467314576,1
25.671,94.14,1300.0,21.31357434104547,1
25.671,94.217,796.0,19.31028740874557,1
25.671,94.209,858.0,13.03657849691309,1
25.6715,94.06942,1551.0,22.61986494804043,1
25.672,94.218,849.0,24.591248866909307,1
25.672,94.111,1378.0,7.653048720543413,1
25.672,94.101,1325.0,17.93200256558677,1
25.672,94.106,1412.0,17.775317038209,1
25.67222,94.11083,1382.0,14.763132623631552,1
25.673,94.239,1143.0,23.4904160686416,1
25.673,94.077,1424.0,27.078936947526696,1
25.673,94.101,1285.0,16.453666886955713,1
25.673292,94.7597,1522.0,13.262676008304846,1
25.673472,94.716222,1204.0,15.845167180271268,1
25.674,94.081,1342.0,3.931095784160226,1
25.674944,94.762694,1652.0,20.532771786488425,1
25.675,94.075,1399.0,12.260147486012336,1
25.675,94.397,1420.0,34.62941016850345,1
25.67661,94.02364,1435.0,27.613098503754813,1
25.677,94.104,1358.0,13.262676008304846,1
25.677,94.241,1003.0,24.15404655313558,1
25.677,94.08,1285.0,11.499465999742789,1
25.677,94.081,1300.0,11.976725812374069,1
25.677,94.0202,1540.0,15.92277945817654,1
25.678,94.101,1273.0,22.684823831912844,1
25.678,94.109,1435.0,17.594079543115168,1
25.678,94.122,1433.0,11.386165083355712,1
25.679,94.458,1552.0,15.92277945817654,1
25.679,94.108,1411.0,15.92277945817654,1
25.679,94.096,1255.0,21.55942138371082,1
25.68,94.117,1500.0,2.1342998941463125,1
25.68,94.287,1682.0,15.06995574963759,1
25.680167,94.837944,927.0,19.82702865340817,1
25.68044,94.07336,1259.0,15.179705807856672,1
25.680917,94.792014,2309.0,36.16893488396254,1
25.681,94.285,1671.0,26.20460176321736,1
25.681,94.387,1468.0,28.08409936669116,1
25.68176111,94.06811944,1161.0,26.126317264569018,1
25.682,94.131,1323.0,12.260147486012336,1
25.682,94.094,1224.0,18.94158858012096,1
25.682,94.12,1454.0,24.16881343581011,1
25.682,94.096,1288.0,17.01197993242201,1
25.682333,94.760111,1598.0,26.74234155739631,1
25.683,94.099,1349.0,18.62703081108459,1
25.683,94.038,1095.0,18.130932944052347,1
25.683,94.119,1465.0,16.527811501531776,1
25.68375,94.12436,1357.0,18.96231828867539,1
25.684,94.119,1444.0,16.253917058152773,1
25.684,94.246,1029.0,23.628423517864423,1
25.685,94.12,1397.0,25.363232718381973,1
25.685,94.059,1219.0,20.99158237694124,1
25.68525,94.12347,1313.0,21.260377126997216,1
25.686,94.119,1431.0,12.260147486012336,1
25.686,94.043,1003.0,13.326469949385988,1
25.68625,94.043194,997.0,19.68967329725292,1
25.68667,94.06361,1064.0,12.364552990274646,1
25.687,94.12,1404.0,18.19662752273151,1
25.687,94.062,1078.0,20.846265656650555,1
25.68703,94.12442,1265.0,14.506372352544124,1
25.68772,94.14044,1309.0,23.397741000263863,1
25.688,94.137,1324.0,26.00818191569552,1
25.688,94.12,1422.0,10.176527410054078,1
25.688,93.907,916.0,19.31028740874557,1
25.688,94.121,1380.0,21.95499883223757,1
25.688667,94.097333,1382.0,11.904688112848122,1
25.691,94.121,1396.0,7.653048720543413,1
25.692,94.11,1415.0,24.16881343581011,1
25.692,94.068,1014.0,36.31722195558744,1
25.692,94.065,932.0,13.134022306396323,1
25.692,94.444,1302.0,16.453666886955713,1
25.692222,94.584722,985.0,31.24417585118817,1
25.693,94.043,1059.0,20.82800310374709,1
25.694,94.107,1423.0,15.288517970232029,1
25.694,94.103,1341.0,11.461836902818336,1
25.695,94.108,1385.0,15.36952380130432,1
25.695,94.077,1173.0,17.775317038209,1
25.695,94.459,1561.0,26.880307851328983,1
25.695,94.349,1866.0,33.89536963300801,1
25.69506,94.11203,1288.0,16.72355800648402,1
25.69583,94.10833,1368.0,23.132182561931256,1
25.696,94.318,1511.0,31.51991437453672,1
25.696,94.32,1573.0,26.57777862373484,1
25.696,94.08,1191.0,12.604382648379184,1
25.696,94.104,1338.0,19.12710170142385,1
25.696,94.461,1527.0,34.41738871044157,1
25.696,93.924,971.0,20.21263223645209,1
25.696,94.079,1189.0,11.348119585994183,1
25.696,94.426,1800.0,48.75342639460345,1
25.697,94.464,1494.0,23.674161365449702,1
25.697,94.105,1350.0,22.29097037475897,1
25.697,93.916,825.0,30.05160649070701,1
25.6975,94.43,1812.0,21.95499883223757,1
25.698,94.085,1246.0,21.80140948635181,1
25.699,94.427,1774.0,45.3031370999722,1
25.69925,94.761833,1353.0,38.29781579971788,1
25.699556,94.775583,1419.0,35.6572246337806,1
25.700278,94.767222,1352.0,35.06054243271615,1
25.700506,94.775633,1418.0,47.30412119685582,1
25.700692,94.775594,1418.0,47.30412119685582,1
25.700944,94.775361,1366.0,41.696199941770345,1
25.701,94.089,1350.0,23.628423517864427,1
25.70106,94.14167,1189.0,13.326469949385988,1
25.703,94.338,1810.0,27.62503917921715,1
25.703,94.137,1346.0,21.6115960987222,1
25.704,94.118,1104.0,17.775317038209,1
25.706,94.466,1362.0,29.205932247399417,1
25.706,94.468,1263.0,23.428692808745406,1
25.707,94.466,1353.0,21.80140948635181,1
25.708,94.386,2072.0,40.41337530810542,1
25.71,93.74,380.0,17.752790161946685,1
25.71092,94.09306,1414.0,14.959246786437893,1
25.711,94.069,1171.0,17.66231893216494,1
25.711278,94.579944,1109.0,37.00513608621634,1
25.712,93.949,1243.0,32.78110200943605,1
25.71281,94.09194,1446.0,22.61986494804043,1
25.713,94.06,1041.0,27.79130564477921,1
25.713,94.309,1467.0,45.01590665809471,1
25.715956,94.810833,1324.0,24.634322367669885,1
25.719,94.105,1293.0,18.96231828867539,1
25.71906,94.10883,1317.0,16.601549599020238,1
25.72,94.109,1343.0,11.904688112848122,1
25.721861,94.780667,1496.0,24.591248866909307,1
25.723,93.778,471.0,25.8493248967401,1
25.724,93.777,411.0,23.97577371272972,1
25.726,94.435,1125.0,27.565248984490395,1
25.726,93.773,343.0,13.421509132977462,1
25.72628,94.10003,1223.0,12.364552990274646,1
25.72739,94.10103,1234.0,16.723558006484023,1
25.728,94.098,1301.0,25.688903331931808,1
25.728,94.112,1285.0,20.307500221928045,1
25.72894,94.0855,1425.0,23.069045509039658,1
25.728964,94.795497,1459.0,29.54940859650111,1
25.729,94.083,1362.0,24.15404655313558,1
25.729639,94.795675,1402.0,33.89536963300801,1
25.731,94.087,1448.0,24.16881343581011,1
25.733444,94.780361,1576.0,44.63327765256181,1
25.7345,94.777417,1600.0,35.59853666783391,1
25.736,94.012,986.0,12.225122675735754,1
25.736,94.329,1669.0,23.93089341141916,1
25.737289,94.787844,1238.0,19.451200005616776,1
25.74,93.775,359.0,10.43076019506472,1
25.742,94.245,678.0,15.06995574963759,1
25.742178,94.842917,554.0,38.32262251890178,1
25.743,94.242,804.0,24.862123938667224,1
25.743,93.798,354.0,22.61986494804043,1
25.744,94.242,831.0,18.96231828867539,1
25.744,94.337,1581.0,23.628423517864423,1
25.74467,94.08672,1421.0,20.846265656650555,1
25.745,93.782,291.0,9.368915578454835,1
25.745,93.784,305.0,17.93200256558677,1
25.745,94.338,1590.0,25.03089023333195,1
25.746,94.078,1156.0,3.931095784160226,1
25.747,94.075,1155.0,12.772578169490426,1
25.747892,94.633072,1779.0,27.79130564477921,1
25.748,94.077,1181.0,21.55942138371082,1
25.749,94.078,1231.0,7.416536974278209,1
25.750583,94.180833,738.0,30.61885839795703,1
25.750617,94.237358,944.0,30.508958866202807,1
25.750922,94.178869,730.0,25.267001648248183,1
25.750944,94.199444,986.0,27.372447043216635,1
25.750978,94.483064,742.0,24.748625315195834,1
25.751456,94.850217,1081.0,27.79130564477921,1
25.751567,94.48315,755.0,32.6759519939448,1
25.751694,94.316361,1268.0,32.03054267172445,1
25.7517,93.73449,308.0,21.869859308909422,1
25.752806,94.213306,1060.0,22.61986494804043,1
25.755206,94.179975,755.0,31.51991437453672,1
25.755936,94.846033,1089.0,31.205779114725832,1
25.756417,94.476083,765.0,33.10114358966526,1
25.756444,94.245333,776.0,29.63417437185607,1
25.756583,94.363694,1699.0,31.809663934881115,1
25.756889,94.478472,796.0,36.2114423338008,1
25.756972,94.476694,772.0,40.99804999183514,1
25.757139,94.246194,807.0,20.99158237694124,1
25.757639,94.223583,1057.0,20.439317573258247,1
25.7578,94.7058,658.0,21.86985930890943,1
25.758944,94.078028,1189.0,26.880307851329,1
25.759556,94.026056,714.0,20.43931757325825,1
25.76,93.96,785.0,15.042369244334244,1
25.76,93.94,752.0,34.907876215342675,1
25.760111,94.366528,1715.0,31.51991437453672,1
25.760583,94.064583,1022.0,6.654425046006596,1
25.761278,94.072194,1127.0,18.96231828867539,1
25.761278,94.032417,596.0,18.45641864524321,1
25.761464,94.217103,735.0,30.01033418769176,1
25.763833,94.479889,885.0,37.29868767505919,1
25.764292,94.714094,701.0,24.475819581509896,1
25.767,94.229778,1097.0,25.23940182067892,1
25.767167,94.078556,1290.0,17.01197993242201,1
25.767683,94.709381,653.0,18.62703081108459,1
25.767692,94.185106,953.0,22.40687120493745,1
25.769417,94.037639,721.0,23.021526638116164,1
25.77,93.9,565.0,17.775317038209,1
25.77,93.82,267.0,21.869859308909422,1
25.77,93.81,269.0,18.370345512861498,1
25.77,93.98,542.0,0.9548412538721888,1
25.770917,94.357322,1449.0,32.91160083273797,1
25.771028,94.076167,1309.0,18.96231828867539,1
25.773306,94.084861,1351.0,19.68967329725292,1
25.773583,94.086833,1357.0,24.691575152551952,1
25.779111,94.115583,1330.0,17.775317038209,1
25.779944,94.116556,1347.0,22.684823831912844,1
25.78,93.8,252.0,30.266612409654883,1
25.78180556,93.80180556,259.0,27.372447043216628,1
25.781919,94.171169,1469.0,35.80301842021218,1
25.783278,94.388306,1816.0,21.242603631151898,1
25.783939,94.856411,739.0,32.53469816945699,1
25.784961,94.789617,884.0,37.56093713903626,1
25.786061,94.931447,1790.0,24.748625315195834,1
25.786311,94.796825,920.0,27.372447043216628,1
25.786425,94.796303,920.0,27.565248984490395,1
25.786433,94.519583,1364.0,33.05825736162379,1
25.786594,94.922778,1850.0,25.03089023333195,1
25.786692,94.829933,878.0,34.21057985417024,1
25.786861,94.446,1096.0,29.54940859650112,1
25.787211,94.834275,864.0,31.74467986659196,1
25.788378,94.96105,1977.0,15.845167180271268,1
25.788389,94.434111,1132.0,27.62503917921715,1
25.78875,94.234111,644.0,25.23940182067892,1
25.788847,94.856314,621.0,8.984876931685683,1
25.788911,94.855664,617.0,24.862123938667224,1
25.789856,94.95825,1880.0,14.959246786437893,1
25.789861,94.850694,725.0,32.74612665551688,1
25.789933,94.849811,705.0,33.490525189983416,1
25.79,93.78,242.0,19.630414815023528,1
25.792131,94.95655,1747.0,20.80971857959822,1
25.793333,94.958014,1770.0,19.188418756936425,1
25.794083,94.415944,1455.0,31.74467986659196,1
25.796056,94.4315,1109.0,33.169529390014134,1
25.797781,94.770447,588.0,23.11642191920837,1
25.8,93.83,539.0,12.604382648379184,1
25.8,93.81,340.0,18.174763056324142,1
25.8,94.0,574.0,18.64821573021375,1
25.8,93.8,226.0,6.721369339369457,1
25.801608,94.935386,2174.0,25.8493248967401,1
25.802361,94.430556,1153.0,27.90904811068605,1
25.803806,94.065556,1255.0,27.79130564477921,1
25.804908,94.932467,2122.0,30.051606490707,1
25.804972,94.241086,1019.0,16.253917058152773,1
25.806861,94.237333,1084.0,31.311156133255537,1
25.808722,94.138278,1432.0,29.421439641486938,1
25.809861,94.428972,1218.0,22.86208914423492,1
25.810964,94.527417,1318.0,35.47311285748566,1
25.813064,94.971453,1761.0,27.32389130134654,1
25.813294,94.968222,1691.0,30.051606490707,1
25.814272,94.968933,1696.0,33.69006752597979,1
25.814525,94.806114,998.0,18.64821573021375,1
25.814625,94.971819,1788.0,20.66264400478191,1
25.814822,94.950353,2074.0,30.24625565345472,1
25.814897,94.970297,1693.0,36.51283284150458,1
25.817164,94.975969,1842.0,28.176705590951745,1
25.817194,94.280058,842.0,33.10114358966526,1
25.818947,94.8075,742.0,27.505240762859906,1
25.820367,94.820367,908.0,27.33604368814356,1
25.820664,94.912642,1697.0,34.21858270764895,1
25.820689,94.767353,571.0,1.3502244696996155,1
25.821589,94.708056,1386.0,35.80301842021218,1
25.824278,94.147472,1402.0,27.33604368814356,1
25.826778,94.047833,978.0,18.94158858012096,1
25.827011,94.733178,1266.0,16.91651608571675,1
25.827028,94.078139,784.0,30.58895816397544,1
25.827106,94.907639,1719.0,42.22469219190813,1
25.827397,94.907311,1727.0,40.35910045666124,1
25.827608,94.783028,703.0,31.993934384330498,1
25.828558,94.239531,734.0,29.54940859650112,1
25.828703,94.726789,1385.0,27.79130564477921,1
25.828736,94.728314,1366.0,33.64040940514667,1
25.828928,94.898075,1687.0,38.32881810145589,1
25.829,94.075278,778.0,26.217612768234883,1
25.829728,94.792592,636.0,37.671095800679176,1
25.83025,94.076639,826.0,23.021526638116164,1
25.832333,94.073306,754.0,31.434832006995155,1
25.832806,94.06175,747.0,25.14243049054343,1
25.833028,94.050056,845.0,20.43931757325825,1
25.833644,94.518333,816.0,20.80971857959822,1
25.834436,94.795519,597.0,29.421439641486938,1
25.835778,94.429778,1750.0,31.809663934881115,1
25.836419,94.526964,858.0,12.638224684699054,1
25.838592,94.788669,580.0,21.04572088407584,1
25.838681,94.788925,568.0,25.8493248967401,1
25.839361,94.430583,1749.0,33.89536963300801,1
25.839583,94.007194,1215.0,28.79968165255028,1
25.839667,94.149222,1444.0,37.05891248302156,1
25.839722,94.011167,1180.0,27.55326483492445,1
25.839722,94.050333,918.0,14.592550602033429,1
25.839778,94.150333,1420.0,27.565248984490395,1
25.84,93.98,510.0,18.87922133905067,1
25.840139,94.006528,1275.0,27.613098503754813,1
25.840167,94.115194,1133.0,22.22435314380804,1
25.840361,94.152167,1399.0,19.29004621918873,1
25.841667,94.436472,1747.0,35.88986674043215,1
25.842358,94.702953,1814.0,29.260073022738787,1
25.842531,94.787211,552.0,17.66231893216494,1
25.842742,94.503003,1570.0,22.98976777360885,1
25.842897,94.786861,554.0,22.140679470491683,1
25.843222,94.053139,949.0,22.684823831912844,1
25.843528,94.011806,1111.0,38.81071405226977,1
25.844694,94.195833,1345.0,14.763132623631552,1
25.844972,94.328611,904.0,28.89942242619857,1
25.84575,94.055083,951.0,20.80971857959822,1
25.845861,94.19025,1416.0,20.097992628721148,1
25.847444,94.056361,951.0,19.451200005616776,1
25.848194,94.916169,1510.0,31.809663934881115,1
25.848958,94.755311,976.0,19.68967329725292,1
25.849611,94.156806,1492.0,21.680889149080844,1
25.849806,94.057083,964.0,20.699546585586496,1
25.849947,94.916697,1526.0,41.77567556138229,1
25.850458,94.530347,923.0,29.802413569555988,1
25.850667,94.154667,1433.0,21.47206914335925,1
25.851617,94.528211,913.0,23.93089341141916,1
25.851889,94.005056,901.0,33.03247176064103,1
25.854278,94.432472,1777.0,37.410672491183874,1
25.854417,94.15525,1405.0,22.61986494804043,1
25.854528,94.15725,1479.0,26.880307851329,1
25.85475,94.002778,722.0,25.675463214971884,1
25.857789,94.523589,874.0,37.410672491183874,1
25.859444,94.160139,1474.0,26.269553396535294,1
25.86,93.99,399.0,12.225122675735753,1
25.860611,94.0555,922.0,19.370844026969944,1
25.861553,94.820553,922.0,35.03012380867594,1
25.862222,94.450333,1667.0,39.10233716664201,1
25.864158,94.047264,863.0,26.628589703310887,1
25.865472,94.049944,944.0,35.181649870682044,1
25.865722,94.048806,962.0,28.037600489728423,1
25.866722,94.372639,745.0,28.08409936669116,1
25.867083,94.614828,1786.0,41.394387744693525,1
25.867778,94.168056,1471.0,24.15404655313558,1
25.869194,94.324889,593.0,21.419418908984124,1
25.872444,94.950069,1825.0,10.999158271052185,1
25.875639,94.0395,1047.0,31.24417585118817,1
25.876778,94.462028,1796.0,20.607120971804857,1
25.877111,94.34325,840.0,21.680889149080844,1
25.878183,94.946942,1897.0,34.74601766541864,1
25.878525,94.947372,1839.0,37.351484577447394,1
25.878861,94.221333,1420.0,38.876655136344326,1
25.878917,94.223889,1426.0,41.348592607565855,1
25.87975,94.358722,573.0,20.07880037349212,1
25.879889,94.035417,1124.0,42.58573381691834,1
25.879925,94.632275,1943.0,22.07341542334565,1
25.880069,94.628103,1913.0,36.2114423338008,1
25.880083,94.234167,1399.0,34.44108336670712,1
25.880533,94.035325,1099.0,35.63524161504921,1
25.880861,94.300667,1027.0,32.05794564123819,1
25.880908,94.653542,1910.0,37.07903201684691,1
25.881489,94.962525,1937.0,19.82702865340817,1
25.881639,94.212861,1401.0,33.32236342654518,1
25.881797,94.654425,1907.0,39.190532590075605,1
25.881917,94.035694,1102.0,34.44108336670712,1
25.883108,94.919106,1252.0,24.46133251877165,1
25.884003,94.792711,972.0,25.363232718381973,1
25.884206,94.026203,620.0,30.24625565345472,1
25.885208,94.244494,1324.0,23.81059263950923,1
25.886089,94.542711,1491.0,31.57639333699781,1
25.88667,94.78639,1176.0,4.044691235386269,1
25.887303,94.788144,1142.0,24.2864614630402,1
25.887525,94.797508,899.0,34.907876215342675,1
25.887917,94.795558,880.0,30.205466819616653,1
25.889056,94.278361,1262.0,33.22063240830351,1
25.889361,94.200583,1416.0,33.764273391292186,1
25.889897,94.811111,694.0,24.359555875506427,1
25.89125,94.202306,1379.0,16.051123667414398,1
25.892028,94.274528,1310.0,30.973505797181858,1
25.893042,94.45835,1637.0,35.73757406617853,1
25.893797,94.821944,559.0,19.188418756936425,1
25.895111,94.650258,2055.0,22.684823831912844,1
25.896244,94.758128,1558.0,36.505887632648864,1
25.896389,94.203556,1380.0,31.46324153737256,1
25.896511,94.646325,2016.0,23.132182561931256,1
25.898825,94.629367,1904.0,25.197913740371355,1
25.899767,94.640067,2176.0,41.77567556138229,1
25.899894,94.624047,1825.0,40.91962585655176,1
25.9,94.78917,1047.0,24.15404655313558,1
25.901125,94.82785,630.0,29.205932247399417,1
25.901611,94.393694,737.0,22.373844274024943,1
25.905433,94.097386,661.0,27.90904811068605,1
25.905494,94.769017,1387.0,30.337664384844903,1
25.905561,94.768481,1416.0,49.808238503469134,1
25.905953,94.427414,1128.0,22.42335855928612,1
25.906472,94.428039,1129.0,33.05825736162379,1
25.90665,94.428758,1101.0,27.029504599267472,1
25.907167,94.041583,1036.0,28.98757825007264,1
25.907417,94.429519,1101.0,28.176705590951745,1
25.909153,94.477497,1910.0,36.2114423338008,1
25.910583,94.206417,1315.0,33.573963453775406,1
25.910917,94.416361,1352.0,31.6607510966366,1
25.911931,94.793292,1066.0,21.611596098722195,1
25.914247,94.841489,932.0,28.49679392207442,1
25.915092,94.844003,987.0,40.326443341825765,1
25.915344,94.828308,667.0,27.40876997825205,1
25.915444,94.119639,1162.0,32.34744349944203,1
25.915925,94.824992,857.0,23.428692808745406,1
25.917361,94.452556,1631.0,43.491519345092,1
25.91775,94.415028,1100.0,32.754877470959904,1
25.918194,94.409611,1034.0,35.181649870682044,1
25.919689,94.839167,624.0,38.5746628389258,1
25.920367,94.641739,1878.0,36.1972856606515,1
25.920811,94.838889,679.0,59.36578772064964,1
25.922767,94.565056,1953.0,25.91570359318582,1
25.9255,94.760419,1874.0,6.853224835121291,1
25.929733,94.072478,511.0,46.16089318197516,1
25.930611,94.112139,763.0,8.530765609948133,1
25.930722,94.048417,706.0,24.74862531519583,1
25.931167,94.048889,721.0,28.25731168850377,1
25.934647,94.787967,899.0,33.56563872420533,1
25.935694,94.111472,707.0,24.904481044556743,1
25.936056,94.216444,1173.0,25.79602649449995,1
25.9365,94.047694,666.0,25.5133092609215,1
25.938447,94.7843,926.0,35.80301842021218,1
25.939139,94.649311,1989.0,31.50104503484435,1
25.940053,94.797197,1097.0,35.02251023762291,1
25.940317,94.650583,2009.0,36.67862167977997,1
25.940703,94.750969,1970.0,39.9290614388517,1
25.940872,94.586361,1799.0,24.46133251877165,1
25.941056,94.651019,2024.0,37.07903201684691,1
25.941525,94.652408,2005.0,35.63524161504921,1
25.942111,94.04625,650.0,26.437229357181263,1
25.943944,94.026556,525.0,35.339242872470656,1
25.944008,94.789414,1217.0,26.842795672040804,1
25.944361,94.023222,509.0,31.205779114725832,1
25.944475,94.7888,1219.0,18.77467605427877,1
25.945639,94.016417,437.0,11.461836902818336,1
25.947583,94.023861,503.0,27.79130564477921,1
25.948222,94.014361,390.0,25.688903331931808,1
25.948833,94.025667,485.0,17.387333467314576,1
25.948886,94.706133,1800.0,13.421509132977462,1
25.949278,94.025528,484.0,17.66231893216494,1
25.950944,94.019611,473.0,31.051293565952417,1
25.951139,94.024194,496.0,25.03089023333195,1
25.951583,94.023667,494.0,18.434948822922014,1
25.952722,94.430278,1297.0,36.28203936315455,1
25.952861,94.021028,474.0,27.613098503754813,1
25.954389,94.022778,498.0,8.104435709194412,1
25.9545,94.040083,640.0,24.16881343581011,1
25.954636,94.607456,1541.0,35.98342760298727,1
25.955769,94.605419,1604.0,34.97675368176345,1
25.956083,94.719475,1872.0,32.6759519939448,1
25.957472,94.036278,660.0,15.179705807856672,1
25.958047,94.597519,1734.0,23.674161365449702,1
25.961917,94.216194,1241.0,20.99158237694124,1
25.962494,94.818667,1130.0,28.4627941894252,1
25.962689,94.816972,1153.0,35.6572246337806,1
25.963,94.614097,1485.0,23.021526638116164,1
25.964283,94.619592,1428.0,23.75010057347409,1
25.9645,94.632583,1216.0,28.222814437179903,1
25.964631,94.574406,1940.0,6.853224835121291,1
25.965083,94.426806,1101.0,36.16893488396254,1
25.965394,94.571428,1896.0,37.19921925289739,1
25.965944,94.216972,1239.0,19.370844026969944,1
25.966581,94.565806,1840.0,24.46133251877165,1
25.966742,94.502006,1775.0,28.176705590951745,1
25.96675,94.031917,883.0,21.6115960987222,1
25.966861,94.2215,1269.0,23.75010057347409,1
25.968006,94.574256,1890.0,38.48905350894504,1
25.968233,94.684364,1866.0,26.360054096082703,1
25.969225,94.634053,1209.0,28.257311688503773,1
25.969628,94.634169,1212.0,29.195082782485805,1
25.970083,94.213639,1459.0,35.795759914707084,1
25.970169,94.503803,1776.0,20.66264400478191,1
25.970531,94.574903,1847.0,28.176705590951745,1
25.970917,94.214028,1467.0,26.20460176321736,1
25.971456,94.818392,1141.0,24.634322367669885,1
25.971569,94.511647,1583.0,35.32429987761792,1
25.971736,94.576933,1839.0,35.03012380867594,1
25.97175,94.504619,1793.0,26.56505117707799,1
25.972325,94.509267,1697.0,33.32236342654518,1
25.972636,94.511444,1634.0,25.91570359318582,1
25.976625,94.579939,1806.0,43.40739703986622,1
25.977569,94.322217,1083.0,35.80301842021218,1
25.978975,94.512064,1647.0,17.66231893216494,1
25.979897,94.152281,451.0,35.27938801183364,1
25.980008,94.580747,1760.0,34.784701829203186,1
25.981228,94.572292,1639.0,29.802413569555988,1
25.984456,94.031639,764.0,30.58895816397544,1
25.985317,94.021903,773.0,35.63524161504921,1
25.9899,94.5679,1548.0,35.45087793804301,1
25.990158,94.508392,1772.0,23.021526638116164,1
25.990339,94.507711,1754.0,20.307500221928045,1
25.993164,94.034803,652.0,31.002719133873992,1
25.993981,94.474467,1568.0,34.44108336670712,1
25.995333,94.031361,581.0,35.88986674043215,1
25.998183,94.5975,1905.0,16.601549599020238,1
25.998217,94.504756,1784.0,24.38870074689113,1
25.99875,94.026203,465.0,39.260731733474245,1
25.998778,94.264853,1118.0,7.653048720543413,1
25.999744,94.030058,633.0,37.48271544856494,1
26.002139,94.253972,1148.0,18.174763056324142,1
26.002188,94.623681,2022.0,1.9091524329963765,1
26.0034,93.9855,506.0,23.628423517864427,1
26.0037,93.9862,514.0,14.066164922222868,1
26.0038,93.9873,531.0,14.959246786437893,1
26.0039,93.9807,467.0,15.92277945817654,1
26.0043,93.9803,472.0,20.532771786488425,1
26.0044,93.9789,448.0,18.64821573021375,1
26.0045,93.9828,487.0,21.971970836813973,1
26.004528,94.039583,494.0,46.650791883091465,1
26.0046,93.9814,473.0,6.091478002079769,1
26.0049,93.9901,552.0,23.628423517864423,1
26.0049,93.9914,567.0,18.96231828867539,1
26.0051,93.9795,462.0,28.485468456722128,1
26.0052,93.9927,585.0,23.4904160686416,1
26.0054,93.9794,446.0,37.038767555809535,1
26.005917,94.039667,489.0,55.471214959051046,1
26.006028,94.003194,748.0,7.2338446967252255,1
26.0073,93.9983,657.0,31.809663934881115,1
26.0074,93.9988,698.0,34.62941016850345,1
26.0075,94.021444,443.0,23.428692808745406,1
26.008333,94.032333,429.0,30.10305246289624,1
26.011075,94.523236,1835.0,16.796238729882134,1
26.011389,94.022722,446.0,27.238572082130062,1
26.012139,94.523667,1811.0,7.416536974278209,1
26.012889,94.044222,522.0,21.31357434104547,1
26.013556,94.255139,1229.0,24.8479801794304,1
26.013722,94.009083,701.0,18.434948822922014,1
26.013806,94.530111,1691.0,16.723558006484023,1
26.016333,94.254306,1246.0,30.37812888097552,1
26.016528,94.171056,1175.0,22.09025870405004,1
26.017,94.254306,1246.0,28.485468456722128,1
26.017472,94.254389,1258.0,27.62503917921715,1
26.020603,94.50632,1425.0,34.784701829203186,1
26.021083,94.040361,302.0,33.83814426542724,1
26.022278,94.257556,1314.0,27.79130564477921,1
26.0225,94.004444,720.0,14.959246786437893,1
26.026389,94.331722,1086.0,17.387333467314576,1
26.027111,94.847806,731.0,43.65396627844831,1
26.028806,94.638389,2004.0,23.76524510807156,1
26.02883,94.863993,911.0,25.5133092609215,1
26.031742,94.547354,1555.0,38.148150275360486,1
26.031786,94.634392,2039.0,31.39687644298045,1
26.0325,94.256,1425.0,27.372447043216628,1
26.032992,94.633639,2034.0,31.44430728239367,1
26.033098,94.542753,1614.0,39.33061616878252,1
26.033361,94.257111,1434.0,31.670097621922785,1
26.033528,94.257306,1421.0,32.91160083273797,1
26.034806,94.519889,1860.0,46.583375450596094,1
26.034833,94.458,925.0,3.4389123953782974,1
26.037139,94.258306,1436.0,17.66231893216494,1
26.037381,94.037386,280.0,31.24417585118817,1
26.037847,94.635525,2024.0,26.67924362098057,1
26.03853,94.58648,1191.0,22.489134862284537,1
26.0415,94.522444,1787.0,36.87668681517018,1
26.041525,94.523238,1791.0,34.417388710441564,1
26.041611,95.075806,1486.0,21.971970836813973,1
26.041658,94.5241,1784.0,27.62503917921715,1
26.045083,95.054833,1213.0,25.07280797783953,1
26.046444,94.526194,1743.0,38.93040115948257,1
26.049285,94.635198,1963.0,38.17319333803387,1
26.053164,94.045167,396.0,31.966424730373205,1
26.053519,94.044361,393.0,25.675463214971884,1
26.053667,94.307917,1013.0,25.688903331931808,1
26.055011,94.044322,434.0,20.99158237694124,1
26.056167,94.3065,978.0,31.24417585118817,1
26.059222,94.2445,1445.0,21.419418908984124,1
26.05925,94.244472,1445.0,21.419418908984124,1
26.05925,94.251972,1474.0,31.002719133873985,1
26.064111,95.03975,1658.0,22.81394173961772,1
26.065972,94.270389,1639.0,18.370345512861498,1
26.066583,95.033361,1690.0,48.58862325731728,1
26.067194,94.317611,1068.0,10.555380466061171,1
26.067889,94.224889,1073.0,28.632096976803734,1
26.068028,94.317833,1067.0,14.03624346792648,1
26.068111,95.025972,1817.0,40.3862618378815,1
26.069278,95.023806,1877.0,38.37211908620569,1
26.069722,94.223444,1048.0,30.89535018031049,1
26.069917,94.411639,916.0,30.528995003826,1
26.070306,94.280586,1481.0,20.82800310374709,1
26.070806,94.408028,909.0,12.772578169490426,1
26.07256,93.928,130.0,1.3502244696996155,1
26.073167,95.0785,2068.0,33.2376314445189,1
26.073194,94.482139,1254.0,43.206221081578526,1
26.073778,94.482194,1244.0,40.3862618378815,1
26.074,95.083833,1982.0,31.119058788415003,1
26.074417,94.423667,916.0,36.82229258372596,1
26.075722,94.481611,1222.0,23.11642191920837,1
26.076583,94.433611,966.0,20.136303428248134,1
26.07675,94.558611,1826.0,20.99158237694124,1
26.077122,94.559107,1835.0,30.347789794448904,1
26.077167,94.542306,1690.0,11.348119585994183,1
26.080917,94.481697,1176.0,35.301859507438905,1
26.081472,95.02625,1839.0,8.47871314708616,1
26.082972,94.267528,1511.0,13.421509132977462,1
26.084444,94.09,739.0,32.35640884426763,1
26.084806,94.263083,1391.0,23.273326481355983,1
26.085333,94.49025,1498.0,21.80140948635181,1
26.085389,94.258,1295.0,29.665849859262984,1
26.085528,94.257556,1296.0,25.253207609369632,1
26.085597,94.559075,1895.0,29.70798969171313,1
26.086444,94.564667,1865.0,27.029504599267472,1
26.087917,94.098056,736.0,27.62503917921715,1
26.088361,94.264222,1459.0,28.98757825007264,1
26.0885,94.263944,1453.0,28.89942242619857,1
26.08875,94.202444,1029.0,31.57639333699781,1
26.089806,94.349306,1035.0,25.07280797783953,1
26.090056,94.256167,1312.0,22.81394173961772,1
26.0905,94.204583,1092.0,41.25658564257651,1
26.090556,94.349083,1028.0,16.723558006484023,1
26.091528,94.100806,701.0,27.613098503754813,1
26.091861,94.101333,704.0,29.686933196903503,1
26.093083,95.036278,1735.0,24.591248866909307,1
26.093972,94.217417,1117.0,24.475819581509896,1
26.094083,95.043389,1742.0,37.50230700018765,1
26.094333,94.493639,1515.0,25.253207609369632,1
26.094778,94.259278,1393.0,16.051123667414398,1
26.096722,94.253694,1346.0,11.309932474020217,1
26.096778,94.252611,1355.0,11.976725812374069,1
26.098056,94.105472,691.0,32.54356214739029,1
26.101583,94.253222,1311.0,5.128711509483252,1
26.101907,94.537237,1567.0,31.051293565952417,1
26.10325,95.060361,2025.0,42.99770029709786,1
26.103667,94.363139,735.0,22.61986494804043,1
26.104528,94.353833,826.0,26.126317264569018,1
26.104944,94.3375,1309.0,13.515781057664528,1
26.105583,94.257778,1382.0,19.61060912917093,1
26.10694722,94.25328889,1374.0,7.416536974278209,1
26.107333,94.339139,1268.0,38.88263603672812,1
26.109167,94.116167,659.0,39.260731733474245,1
26.110135,94.870921,1906.0,20.307500221928045,1
26.111278,94.257194,1413.0,27.5172599283964,1
26.111389,94.119028,669.0,16.453666886955713,1
26.111529,94.634066,1196.0,30.89535018031049,1
26.112194,94.259111,1383.0,14.066164922222868,1
26.1125,94.347556,933.0,43.0478321430526,1
26.112611,95.039028,1784.0,33.296989754761654,1
26.112806,95.051944,1958.0,34.75376186272035,1
26.114222,94.254417,1298.0,21.869859308909422,1
26.114833,94.399222,493.0,23.88588673441924,1
26.114861,95.052417,1891.0,38.83472475633398,1
26.114866,94.63475,1179.0,19.68967329725292,1
26.116361,94.323778,1138.0,6.654425046006596,1
26.117194,94.336972,1037.0,44.62919535007549,1
26.117583,95.049806,1968.0,32.754877470959904,1
26.119,94.637639,1199.0,35.339242872470656,1
26.122167,94.131528,624.0,34.090063875331914,1
26.122694,95.076861,1616.0,26.360054096082703,1
26.122864,94.638388,1206.0,17.752790161946685,1
26.124083,94.294694,1233.0,33.3982497427651,1
26.125556,94.134639,612.0,37.05891248302156,1
26.127222,94.306444,1160.0,28.360372759879684,1
26.1295,94.136111,580.0,26.93019100092878,1
26.129722,94.019194,257.0,37.45655576127969,1
26.130417,94.138889,574.0,24.16881343581011,1
26.131917,94.323611,942.0,38.37211908620569,1
26.132333,95.01675,1561.0,21.86985930890943,1
26.13379,94.632141,1236.0,17.01197993242201,1
26.134639,94.049278,541.0,11.904688112848122,1
26.134722,94.631639,1246.0,25.915703593185818,1
26.135361,94.502167,1358.0,23.069045509039658,1
26.13961,94.634561,1355.0,22.22435314380804,1
26.1434,94.633527,1394.0,29.665849859262984,1
26.143722,94.151111,557.0,32.53469816945699,1
26.143985,94.579865,1666.0,30.56899459462348,1
26.14425,94.246194,1196.0,26.539566558618308,1
26.148727,94.626957,1516.0,27.62503917921715,1
26.150343,94.603363,1736.0,25.955401413885543,1
26.150578,94.602548,1713.0,29.421439641486938,1
26.152278,94.241056,948.0,34.21858270764895,1
26.153306,94.240611,927.0,28.49679392207442,1
26.153418,94.590819,1801.0,22.07341542334565,1
26.154917,94.250194,1010.0,35.63524161504921,1
26.154944,94.614503,1756.0,21.242603631151898,1
26.155083,94.250361,1010.0,35.63524161504921,1
26.156333,94.593611,1795.0,37.29868767505919,1
26.156611,94.621778,1751.0,38.70825624807791,1
26.159667,94.4995,1106.0,35.36163154658333,1
26.160139,94.499806,1111.0,35.86819845525075,1
26.160167,94.873417,2117.0,21.835672195716143,1
26.161639,94.6215,1693.0,31.58578773967389,1
26.161955,94.594693,1806.0,27.505240762859906,1
26.163778,95.056722,1380.0,30.41849461159642,1
26.165417,95.020444,1065.0,19.31028740874557,1
26.165972,95.021667,1095.0,27.62503917921715,1
26.166905,94.876367,2171.0,25.03089023333195,1
26.167861,95.026694,1142.0,29.260073022738787,1
26.168556,95.04825,1118.0,26.43722935718126,1
26.169111,95.041361,957.0,33.862693945765855,1
26.169389,94.24675,776.0,32.53469816945699,1
26.172472,95.048583,1030.0,29.020515817031367,1
26.173917,95.025556,873.0,23.88588673441924,1
26.174028,95.029722,894.0,28.485468456722128,1
26.174472,95.027972,884.0,18.19662752273151,1
26.17562,94.888105,2206.0,48.35630994084587,1
26.175722,95.030222,826.0,27.078936947526696,1
26.175889,95.030472,837.0,28.553305000609424,1
26.176111,95.023639,850.0,32.490306531189724,1
26.176278,95.009889,1073.0,20.699546585586496,1
26.178,94.41275,960.0,24.22774531795417,1
26.178472,94.41275,958.0,28.79968165255028,1
26.1785,94.411778,992.0,18.520635899770767,1
26.178889,94.638139,1613.0,29.205932247399417,1
26.179,94.182611,639.0,19.31028740874557,1
26.179226,94.557166,1703.0,15.896959679954522,1
26.180639,94.101028,578.0,36.97817981978636,1
26.180944,94.249472,660.0,25.91570359318582,1
26.18096,94.81309,2019.0,34.730518200788445,1
26.182056,94.409639,930.0,18.64821573021375,1
26.182216,94.891382,2176.0,46.07263150206079,1
26.182283,94.586087,1813.0,35.80301842021218,1
26.182583,94.263361,1033.0,13.326469949385988,1
26.182611,94.264861,1058.0,11.648634944412734,1
26.183504,94.812894,1984.0,39.60705736237804,1
26.183889,94.265472,1080.0,11.795709540896548,1
26.184028,94.431361,767.0,12.364552990274646,1
26.185479,94.577522,1752.0,30.82665955230447,1
26.185491,94.814241,2049.0,17.842681707487124,1
26.188227,94.812988,1960.0,32.6759519939448,1
26.18971,94.549818,1555.0,29.24925904290538,1
26.190598,94.549514,1534.0,31.50104503484435,1
26.190833,94.813722,1970.0,39.260731733474245,1
26.191278,94.484833,1088.0,16.796238729882134,1
26.191306,94.569611,1708.0,12.604382648379184,1
26.191463,94.549524,1529.0,28.25731168850377,1
26.191611,94.284361,992.0,7.653048720543413,1
26.192556,94.484472,1080.0,23.021526638116164,1
26.19257,94.558955,1595.0,29.346331162468683,1
26.192667,94.282194,1010.0,4.262693045214654,1
26.192972,94.283222,1006.0,6.0172848640320336,1
26.193,94.292972,902.0,6.853224835121291,1
26.193056,94.2465,510.0,15.99993592924168,1
26.193278,94.295222,915.0,12.260147486012336,1
26.194204,94.554867,1552.0,21.81855031431221,1
26.194406,95.020358,1271.0,12.604382648379184,1
26.195917,94.486528,1073.0,17.29444852858009,1
26.196222,95.020722,1349.0,19.51118046928032,1
26.196306,94.485694,1085.0,21.95499883223757,1
26.196333,95.019417,1353.0,21.135527342306386,1
26.197444,94.856955,1993.0,34.730518200788445,1
26.197944,95.015972,1441.0,19.370844026969944,1
26.198528,94.487528,1012.0,16.723558006484023,1
26.200056,94.81905,1873.0,36.36634852599243,1
26.202167,95.017889,1492.0,17.01197993242201,1
26.202972,94.213417,464.0,37.84449625941184,1
26.204028,94.238389,424.0,24.242444512172103,1
26.204472,94.214861,602.0,16.72355800648402,1
26.205135,94.811625,1799.0,26.00818191569552,1
26.205889,94.221583,560.0,33.33081260166977,1
26.206111,94.223333,515.0,35.121209164599065,1
26.206528,94.223333,555.0,35.36163154658333,1
26.206778,94.215,665.0,40.91962585655176,1
26.207833,95.001083,1562.0,28.25731168850377,1
26.208417,94.204389,640.0,31.670097621922785,1
26.209389,94.116411,527.0,41.70117944887398,1
26.2095,94.232083,404.0,21.242603631151898,1
26.210043,94.683989,1811.0,31.24417585118817,1
26.210306,94.810333,1776.0,32.54356214739029,1
26.211028,94.241389,354.0,27.17735741799749,1
26.212028,95.000417,1596.0,29.58124669955053,1
26.212222,94.234,379.0,17.456590925928477,1
26.212861,94.235889,348.0,13.326469949385988,1
26.212972,94.116583,616.0,23.444146119861458,1
26.213111,94.208917,605.0,31.74467986659196,1
26.213389,94.235778,352.0,17.93200256558677,1
26.213889,94.211111,585.0,32.63194030642942,1
26.214389,94.236694,348.0,17.224372940700082,1
26.21475,95.010667,1568.0,32.63194030642942,1
26.214972,94.812056,1752.0,33.98489250343522,1
26.215889,94.212083,578.0,28.98757825007264,1
26.216456,94.681866,1798.0,39.46369096261305,1
26.216583,94.240556,296.0,25.267001648248183,1
26.216778,95.006139,1596.0,21.33126583595921,1
26.216861,95.002889,1600.0,22.09025870405004,1
26.219417,94.477028,935.0,13.824682316158707,1
26.220028,95.034417,1308.0,43.24667654838039,1
26.220449,94.898329,2035.0,18.96231828867539,1
26.220506,94.550504,1374.0,39.87305161235626,1
26.221083,95.030139,1371.0,25.91570359318582,1
26.22125,94.478056,920.0,13.915808695897177,1
26.222306,94.214056,575.0,16.723558006484023,1
26.222492,94.167267,326.0,5.128711509483252,1
26.223,95.033417,1343.0,29.24925904290538,1
26.223528,95.03275,1341.0,25.79602649449995,1
26.226028,95.043389,1316.0,24.932657538079724,1
26.226778,94.801583,1628.0,35.83201983789954,1
26.226972,94.211806,532.0,26.437229357181263,1
26.227896,94.55032,1216.0,27.62503917921715,1
26.229389,95.051694,1293.0,25.07280797783953,1
26.229861,95.0515,1313.0,25.14243049054343,1
26.230083,94.198,601.0,33.698329255184774,1
26.231028,94.217083,453.0,15.503408837548552,1
26.231694,94.941056,1540.0,22.29097037475897,1
26.232556,94.472889,982.0,5.128711509483252,1
26.232694,94.473083,980.0,12.364552990274646,1
26.232722,94.130806,578.0,16.228736705934203,1
26.232861,94.472361,979.0,15.609525869125669,1
26.232944,94.130639,577.0,24.242444512172103,1
26.233444,94.795278,1674.0,33.10114358966526,1
26.233861,94.4725,986.0,13.134022306396323,1
26.234722,94.21525,418.0,22.07341542334565,1
26.234778,94.782333,1668.0,21.95499883223757,1
26.235278,94.215556,415.0,17.775317038209,1
26.235639,94.213417,388.0,18.174763056324142,1
26.235678,94.942004,1521.0,32.57012547147068,1
26.235736,94.805011,1379.0,30.49893168631072,1
26.236111,94.212639,394.0,23.75010057347409,1
26.236111,94.809694,1497.0,29.50686221733105,1
26.236336,94.212222,390.0,20.21263223645209,1
26.23675,94.209639,378.0,31.434832006995155,1
26.237,94.212611,396.0,10.046788047511114,1
26.237861,94.205028,345.0,28.98757825007264,1
26.238694,94.203944,339.0,20.155422119735228,1
26.239056,95.058194,1205.0,30.01033418769176,1
26.239167,94.200611,318.0,14.592550602033429,1
26.239167,94.071111,237.0,28.89942242619857,1
26.23925,94.202222,335.0,19.31028740874557,1
26.239444,95.0655,1168.0,21.04572088407583,1
26.240556,95.065694,1172.0,30.85613335195628,1
26.24075,95.056722,1252.0,23.567234622032583,1
26.24139,94.82056,1413.0,23.674161365449702,1
26.242944,95.048417,1266.0,4.763641690726178,1
26.24325,95.073167,1135.0,31.138369345567487,1
26.247056,94.479694,1008.0,18.434948822922014,1
26.249,94.819778,1387.0,27.505240762859906,1
26.251111,94.808889,1216.0,29.927479327463576,1
26.251778,95.072111,1080.0,20.097992628721148,1
26.253611,94.616639,1594.0,38.148150275360486,1
26.256833,95.096639,1285.0,12.260147486012336,1
26.257028,95.099528,1328.0,12.604382648379184,1
26.258889,94.8175,1354.0,18.62703081108459,1
26.259083,95.085972,1038.0,23.273326481355983,1
26.26,94.15,471.0,11.648634944412734,1
26.260333,95.104806,1345.0,55.89417503844993,1
26.260556,94.813333,1276.0,31.809663934881115,1
26.260556,94.809444,1106.0,25.15631913369421,1
26.261111,94.809444,1114.0,23.19506859014077,1
26.26175,95.103444,1294.0,28.82189836411544,1
26.262889,95.084667,1094.0,27.62503917921715,1
26.263889,94.812222,1188.0,39.9290614388517,1
26.264444,94.815556,1278.0,13.640311227766055,1
26.27,94.14,467.0,6.721369339369457,1
26.27028,94.75,1446.0,24.15404655313558,1
26.271389,94.453972,1205.0,11.348119585994183,1
26.272028,94.585056,951.0,18.62703081108459,1
26.272361,94.58425,947.0,26.334247846853145,1
26.273333,94.83,973.0,26.126317264569018,1
26.275,94.770278,1954.0,41.88919279184651,1
26.275167,94.770472,1948.0,39.52119635864218,1
26.276306,94.58375,852.0,23.567234622032583,1
26.27647222,94.13175,480.0,26.74234155739631,1
26.276667,94.8275,916.0,16.796238729882134,1
26.28,94.13,475.0,11.499465999742789,1
26.282667,94.475667,1253.0,6.0172848640320336,1
26.286222,94.364167,740.0,33.83814426542724,1
26.29,94.11,317.0,17.93200256558677,1
26.2905,94.393222,1077.0,16.2287367059342,1
26.293056,94.839167,814.0,33.46541063428238,1
26.29325,94.251806,954.0,24.16881343581011,1
26.295278,94.835556,902.0,28.79968165255028,1
26.299889,94.249667,1094.0,18.77467605427877,1
26.3,94.11,303.0,11.648634944412734,1
26.300556,94.844722,935.0,33.10114358966526,1
26.301639,94.588361,609.0,34.21858270764895,1
26.301694,94.616694,1040.0,23.628423517864423,1
26.30175,94.50675,1234.0,11.499465999742789,1
26.302778,94.505528,1194.0,23.97577371272972,1
26.303472,94.617528,1047.0,13.824682316158707,1
26.305833,94.875833,1004.0,26.126317264569018,1
26.311944,94.877778,1169.0,25.5133092609215,1
26.316056,94.403972,968.0,20.07880037349212,1
26.317778,94.849722,962.0,23.56723462203258,1
26.318806,94.453611,1070.0,26.91773442777563,1
26.320639,94.398806,925.0,37.404106919305896,1
26.320861,94.559278,1056.0,11.499465999742789,1
26.325861,94.52275,1287.0,24.748625315195834,1
26.326111,94.866111,720.0,14.273571375658683,1
26.326389,94.858056,922.0,22.8781056322946,1
26.326944,94.896667,1040.0,8.582483688827132,1
26.327167,94.508056,1189.0,16.723558006484023,1
26.3275,94.917222,974.0,30.508958866202807,1
26.327972,94.527389,1337.0,30.58895816397544,1
26.33,94.279833,836.0,28.280269845499703,1
26.330556,94.875833,657.0,30.49893168631072,1
26.331028,94.279167,879.0,18.130932944052347,1
26.331333,94.280389,864.0,44.53498207460834,1
26.333833,94.284333,823.0,23.021526638116164,1
26.336111,94.866944,818.0,15.042369244334244,1
26.336667,94.9275,1138.0,24.242444512172103,1
26.337778,94.929167,1182.0,25.8493248967401,1
26.34417,94.83333,1746.0,10.678414922779544,1
26.359722,94.935556,1280.0,35.45087793804301,1
26.360556,94.933056,1361.0,10.999158271052185,1
26.36083,94.84,2004.0,21.6115960987222,1
26.367056,94.472861,942.0,16.527811501531776,1
26.371611,94.709194,1295.0,31.6607510966366,1
26.371667,94.943333,1156.0,42.33965034186064,1
26.37175,95.000806,1379.0,36.62354905164433,1
26.372667,94.71375,1313.0,12.260147486012336,1
26.373056,94.941389,1142.0,32.667159071642764,1
26.375278,94.936389,1288.0,14.15548761586253,1
26.376,94.463389,860.0,20.21263223645209,1
26.37639,94.84056,1881.0,36.00494166156304,1
26.3765,95.011139,1403.0,20.097992628721148,1
26.378222,95.009,1396.0,23.11642191920837,1
26.379167,94.44625,894.0,18.262020066776483,1
26.379361,95.003444,1387.0,23.75010057347409,1
26.382806,94.66425,504.0,7.594643368591445,1
26.38778,94.82583,1648.0,21.04572088407583,1
26.389028,94.434889,626.0,19.630414815023528,1
26.389028,94.434556,647.0,27.565248984490395,1
26.389556,94.616667,1359.0,21.971970836813973,1
26.389722,94.920556,800.0,28.89942242619857,1
26.390417,94.617556,1361.0,10.43076019506472,1
26.390833,94.437417,641.0,25.5133092609215,1
26.39094,94.94406,547.0,22.61986494804043,1
26.390972,94.438111,659.0,24.591248866909307,1
26.391361,94.620083,1329.0,9.508656426564368,1
26.3925,94.918611,781.0,32.427956428323874,1
26.393889,94.919444,769.0,17.775317038209,1
26.394222,94.553472,1021.0,11.348119585994183,1
26.39425,94.444333,708.0,27.238572082130062,1
26.395139,94.451194,748.0,26.67924362098057,1
26.395389,94.454528,842.0,30.051606490707,1
26.395944,94.460056,824.0,30.051606490707,1
26.39936,94.94553,645.0,27.432940772267944,1
26.404167,94.870278,911.0,25.915703593185818,1
26.40653,94.95814,661.0,23.397741000263863,1
26.40908,94.96308,695.0,26.61590170730996,1
26.41,94.37,529.0,37.81892671564865,1
26.410556,94.961944,657.0,25.88918455713453,1
26.412694,94.641333,1086.0,28.222814437179903,1
26.413056,95.048278,1651.0,33.89536963300801,1
26.415417,95.053667,1627.0,34.6605872943073,1
26.417222,94.960833,759.0,23.4904160686416,1
26.4175,94.960278,782.0,21.33126583595921,1
26.418333,94.967778,724.0,38.88263603672812,1
26.418333,94.968056,716.0,36.733505603395045,1
26.418611,94.966111,738.0,24.094842552110705,1
26.41931,94.97369,686.0,15.36952380130432,1
26.42,94.38,646.0,25.5133092609215,1
26.420167,95.053833,1599.0,25.88918455713453,1
26.420556,94.973056,692.0,25.688903331931808,1
26.421389,94.975,687.0,21.55942138371082,1
26.421667,95.011306,1621.0,26.00818191569552,1
26.424167,94.863889,637.0,25.486125594093767,1
26.424472,94.67,1318.0,15.81919394750014,1
26.425222,95.021694,1596.0,26.96750407359889,1
26.42575,94.669417,1319.0,5.128711509483252,1
26.426417,94.668444,1313.0,25.486125594093767,1
26.426944,94.669,1307.0,21.33126583595921,1
26.427222,95.052389,1578.0,35.121209164599065,1
26.428,94.668611,1317.0,15.288517970232029,1
26.4285,95.0185,1663.0,19.370844026969944,1
26.429361,94.623,1310.0,17.387333467314576,1
26.43,94.38,415.0,14.535165207979569,1
26.431,94.669944,1416.0,22.373844274024943,1
26.431639,95.048417,1564.0,22.98976777360885,1
26.433889,94.864444,762.0,25.915703593185818,1
26.434722,94.863056,790.0,31.002719133873985,1
26.435278,94.863333,761.0,19.188418756936425,1
26.435556,94.863056,768.0,14.959246786437893,1
26.439389,95.031806,1643.0,13.515781057664528,1
26.439528,95.032278,1637.0,12.604382648379184,1
26.441056,95.046111,1617.0,33.70658681677467,1
26.46,94.852222,829.0,32.05794564123819,1
26.461667,94.855,866.0,17.842681707487124,1
26.463333,94.8575,804.0,26.43722935718126,1
26.468611,94.806389,1147.0,22.636129876883253,1
26.471889,94.454667,896.0,28.85516751374433,1
26.475333,94.454833,1093.0,15.042369244334246,1
26.479167,94.543806,537.0,15.179705807856672,1
26.486389,94.448389,879.0,37.671095800679176,1
26.488056,94.821389,1329.0,27.078936947526696,1
26.49,94.37,261.0,20.250651404968387,1
26.49,94.36,204.0,11.348119585994183,1
26.490833,94.82,1279.0,21.6115960987222,1
26.491389,94.824444,1213.0,25.23940182067892,1
26.494722,94.824722,1216.0,27.613098503754813,1
26.5,94.43,443.0,4.763641690726177,1
26.504917,94.662417,979.0,20.250651404968387,1
26.506111,94.794167,1147.0,37.84449625941184,1
26.506389,94.796111,1152.0,27.238572082130062,1
26.506389,94.787222,1039.0,22.07341542334565,1
26.510833,94.836944,1134.0,23.3822424378352,1
26.516111,94.785833,977.0,37.50230700018765,1
26.529444,94.837778,1041.0,23.4904160686416,1
26.535556,94.788056,1025.0,22.684823831912844,1
26.54,94.44,495.0,23.132182561931256,1
26.541389,94.946389,1175.0,32.667159071642764,1
26.542778,94.944167,1205.0,35.27938801183364,1
26.545,94.941389,1221.0,34.75376186272035,1
26.547167,95.092167,1428.0,30.80698111710518,1
26.548056,95.0905,1415.0,19.74869565807571,1
26.55,94.44,532.0,28.08409936669116,1
26.550472,95.101889,1452.0,35.32429987761792,1
26.550528,95.099583,1426.0,35.88986674043215,1
26.55075,95.098083,1416.0,37.81892671564865,1
26.551111,94.79,1016.0,32.13988228321215,1
26.552222,94.788611,1063.0,43.17467886248351,1
26.555,94.9525,1131.0,27.62503917921715,1
26.556,94.680167,644.0,13.069151942759,1
26.556111,94.783333,1167.0,30.418494611596422,1
26.556861,94.680944,645.0,17.29444852858009,1
26.5585,95.097417,1425.0,28.30319610038818,1
26.561861,94.686611,638.0,13.421509132977462,1
26.562222,94.773056,1174.0,33.64040940514667,1
26.563667,95.090139,1382.0,43.54880045295975,1
26.571222,95.096361,1407.0,26.93019100092878,1
26.571417,95.0985,1414.0,33.26309702272514,1
26.5715,95.097639,1419.0,32.427956428323874,1
26.572889,95.098944,1427.0,25.5133092609215,1
26.57625,95.095842,1438.0,30.051606490707,1
26.576417,95.092972,1422.0,34.44108336670712,1
26.576806,95.096889,1485.0,25.14243049054343,1
26.57725,95.095694,1484.0,36.97817981978636,1
26.577389,95.096306,1489.0,35.63524161504921,1
26.578028,95.028278,475.0,27.40876997825205,1
26.580667,95.093056,1444.0,32.490306531189724,1
26.582861,95.020306,523.0,11.499465999742789,1
26.588056,94.549111,699.0,17.571258778322424,1
26.588806,95.017667,558.0,15.179705807856672,1
26.59,94.983056,593.0,15.81919394750014,1
26.590556,94.764167,970.0,37.29207573526101,1
26.592167,95.012111,547.0,6.91817481667161,1
26.596389,94.990833,578.0,18.96231828867539,1
26.6,94.49,600.0,13.262676008304846,1
26.608167,94.645139,633.0,26.61590170730996,1
26.61,94.5,508.0,26.539566558618308,1
26.62,94.5,483.0,31.58578773967389,1
26.62125,95.12575,1137.0,15.609525869125669,1
26.625556,94.970833,356.0,23.674161365449702,1
26.62625,95.120139,1049.0,20.532771786488425,1
26.635667,94.703611,700.0,20.699546585586496,1
26.637222,94.981389,339.0,14.03624346792648,1
26.638861,95.123333,1172.0,11.348119585994183,1
26.639167,94.989444,432.0,22.42335855928612,1
26.639472,95.075083,910.0,33.64040940514667,1
26.641111,94.990278,510.0,24.094842552110705,1
26.641861,95.07475,886.0,35.45087793804301,1
26.642694,95.075306,876.0,39.94582490429605,1
26.6435,95.075444,886.0,23.97577371272972,1
26.644083,95.075167,891.0,38.32262251890178,1
26.646917,95.074944,873.0,36.15474073941196,1
26.650333,95.125194,919.0,14.763132623631552,1
26.651389,95.12525,897.0,13.421509132977462,1
26.6575,95.012028,875.0,22.684823831912844,1
26.66325,94.617083,427.0,21.611596098722195,1
26.666778,95.200833,1056.0,21.135527342306386,1
26.666917,95.203583,1080.0,21.938008256074177,1
26.66725,94.614028,520.0,32.53469816945699,1
26.673278,94.743833,885.0,19.451200005616776,1
26.673639,94.744139,893.0,21.260377126997216,1
26.674139,94.74625,907.0,19.31028740874557,1
26.674306,94.746306,917.0,15.042369244334244,1
26.678833,95.19475,908.0,21.80140948635181,1
26.68,94.534661,501.0,24.242444512172103,1
26.680722,94.639306,184.0,29.51750907883067,1
26.684139,94.639083,162.0,27.17735741799749,1
26.686961,94.544,455.0,22.636129876883253,1
26.688831,94.546019,461.0,21.135527342306386,1
26.693167,95.17475,700.0,16.723558006484023,1
26.694917,95.07275,714.0,28.08409936669116,1
26.695194,94.636194,160.0,17.387333467314576,1
26.697111,95.077083,700.0,24.16881343581011,1
26.697833,94.635056,155.0,24.475819581509896,1
26.698583,94.635167,151.0,16.796238729882134,1
26.699056,95.079417,754.0,41.65131033076985,1
26.70069,94.64383,376.0,24.16881343581011,1
26.701222,94.635083,140.0,14.273571375658683,1
26.7015,95.079361,742.0,47.63763994627416,1
26.703194,94.633917,135.0,17.224372940700082,1
26.706028,95.078361,640.0,19.370844026969944,1
26.706194,95.110333,1017.0,13.069151942759,1
26.706389,94.631167,139.0,13.326469949385988,1
26.70675,94.70475,756.0,25.79602649449995,1
26.70744,94.70858,758.0,14.03624346792648,1
26.710611,95.020278,689.0,19.370844026969944,1
26.711222,95.074222,500.0,23.628423517864427,1
26.71125,95.016722,727.0,18.64821573021375,1
26.711639,95.014944,726.0,26.113233272206745,1
26.712306,95.012583,757.0,30.205466819616653,1
26.7175,95.03125,628.0,31.244175851188185,1
26.718556,95.033222,591.0,15.99993592924168,1
26.719056,94.657528,214.0,10.176527410054078,1
26.719417,94.660667,211.0,15.845167180271268,1
26.722722,95.043361,512.0,16.72355800648402,1
26.723,95.029139,720.0,15.99993592924168,1
26.724278,95.042833,521.0,15.92277945817654,1
26.724639,95.031528,675.0,13.515781057664528,1
26.724833,95.025861,693.0,26.360054096082703,1
26.725083,95.023861,674.0,31.7353754997287,1
26.725444,95.022,644.0,26.56505117707799,1
26.726667,95.027278,678.0,12.772578169490426,1
26.727722,95.033056,687.0,22.636129876883253,1
26.727889,95.040389,575.0,17.775317038209,1
26.728167,95.029889,706.0,30.77741947322608,1
26.728556,95.031944,685.0,24.38870074689113,1
26.728556,95.032306,682.0,28.280269845499703,1
26.72875,95.031194,678.0,24.242444512172103,1
26.729972,95.018778,578.0,23.81059263950923,1
26.730222,95.02025,654.0,33.05825736162379,1
26.731944,95.018361,574.0,29.08619467351647,1
26.732306,95.055722,949.0,28.553305000609424,1
26.747806,95.062,821.0,30.68841605381868,1
26.749444,94.999444,663.0,4.857533338413092,1
26.749722,94.827222,621.0,9.73677691573277,1
26.749972,95.064389,843.0,29.63417437185607,1
26.750028,95.064417,843.0,29.63417437185607,1
26.758056,95.11175,926.0,34.54336392970912,1
26.758306,94.955806,1016.0,37.58043252806343,1
26.758306,95.112889,944.0,17.775317038209,1
26.759167,95.110972,918.0,21.31357434104547,1
26.759389,95.108944,898.0,20.307500221928045,1
26.760194,95.107778,899.0,16.527811501531776,1
26.767972,95.087028,1013.0,16.91651608571675,1
26.768667,95.086222,993.0,28.07248693585296,1
26.768833,95.086194,992.0,26.43722935718126,1
26.773583,95.077389,997.0,15.288517970232029,1
26.773611,95.077611,997.0,15.288517970232029,1
26.775667,95.072917,1023.0,19.370844026969944,1
26.775889,95.072694,1020.0,22.684823831912844,1
26.775944,95.072583,1008.0,17.456590925928477,1
26.777056,95.069361,1005.0,28.360372759879684,1
26.777056,95.020361,632.0,22.140679470491683,1
26.778444,95.069083,981.0,32.35640884426763,1
26.782472,95.009028,792.0,32.63194030642942,1
26.784222,95.069944,931.0,18.87922133905067,1
26.784694,95.072222,889.0,31.24417585118817,1
26.784806,95.070833,907.0,14.506372352544124,1
26.785222,95.070556,914.0,19.12710170142385,1
26.7855,95.071861,865.0,21.611596098722195,1
26.785722,95.071889,863.0,21.6115960987222,1
26.786972,95.071222,876.0,38.04757894764742,1
26.787,95.070083,885.0,37.53490600791177,1
26.78725,95.068972,852.0,45.53495829376141,1
26.787333,95.068917,852.0,45.53495829376141,1
26.78825,95.068361,825.0,16.428860704621638,1
26.788611,95.068194,819.0,16.723558006484023,1
26.794056,95.072861,730.0,6.721369339369457,1
26.794472,95.072722,725.0,11.648634944412734,1
26.804028,95.003722,696.0,18.130932944052347,1
26.812389,95.076444,580.0,15.042369244334244,1
26.813917,95.075667,573.0,16.228736705934203,1
26.816056,95.074639,554.0,11.348119585994183,1
26.817417,95.072694,547.0,20.250651404968387,1
26.81775,95.072917,553.0,17.775317038209,1
26.818167,95.072417,538.0,20.250651404968387,1
26.818889,95.072222,526.0,19.787913812706314,1
26.820528,95.078722,455.0,13.421509132977462,1
26.820806,95.077889,478.0,23.021526638116164,1
26.821722,95.078389,443.0,20.80971857959822,1
26.822139,95.078944,428.0,9.462322208025617,1
26.824278,95.077,398.0,22.86208914423492,1
26.824694,95.076889,386.0,27.79130564477921,1
26.825,95.076778,395.0,21.33126583595921,1
26.826194,95.075917,373.0,6.379370208442804,1
26.831417,95.077917,279.0,6.091478002079769,1
26.831778,95.078028,281.0,5.788832299437198,1
26.831889,95.077944,280.0,8.582483688827132,1
26.833889,95.080972,277.0,17.083143246452856,1
26.834,95.079806,294.0,10.555380466061171,1
26.834194,95.081639,280.0,4.262693045214654,1
26.834556,95.081111,289.0,10.759583898850556,1
26.834778,95.080639,294.0,17.224372940700082,1
26.834972,95.080528,287.0,18.434948822922014,1
26.835417,95.080444,279.0,11.795709540896548,1
26.8365,95.081306,281.0,9.870926939134982,1
26.840694,95.080333,290.0,24.46133251877165,1
26.841139,95.079694,280.0,21.95499883223757,1
26.841222,95.079556,271.0,18.64821573021375,1
26.841667,95.079333,284.0,9.321835749415005,1
26.84325,95.080306,273.0,14.24415761739711,1
26.844028,95.080972,280.0,7.653048720543413,1
26.84425,95.080278,270.0,13.421509132977462,1
26.844389,95.077667,260.0,20.250651404968387,1
26.845278,95.077167,246.0,15.179705807856672,1
26.845472,95.077639,254.0,25.267001648248183,1
26.846139,95.077861,246.0,15.042369244334246,1
25.7802266,93.936165,907.0,14.066164922222868,1
25.7746019,93.9148756,669.0,25.88918455713453,1
25.8817748,94.1887571,1411.0,28.485468456722128,1
25.8816564,94.1902346,1399.0,28.176705590951745,1
26.4231373,94.3822611,526.0,35.06054243271615,1
25.623067,94.114196,1593.0,26.74234155739631,1
26.4527822,94.375268,258.0,12.53638838286113,1
26.4219453,94.3854377,798.0,45.48889556927054,1
26.4242282,94.3924136,853.0,37.99705220207771,1
26.42608,94.398916,865.0,48.75342639460345,1
26.017317,94.531348,1815.0,23.021526638116164,1
25.6125,94.1272,1424.0,15.36952380130432,1
26.247414,94.819895,1311.0,35.59853666783391,1
26.111335,94.257114,1413.0,27.5172599283964,1
26.08945,94.264217,1473.0,14.506372352544124,1
25.71711111,94.08561111,1361.0,17.5484006137923,1
25.712031,94.089791,1446.0,22.489134862284537,1
25.7491204,94.0804548,1262.0,24.591248866909307,1
25.7179491,94.0917724,1349.0,26.56505117707799,1
25.770055,93.937873,791.0,26.43722935718126,1
25.771451,93.907041,631.0,14.302914425322813,1
25.660913,94.053659,1346.0,36.0407347065913,1
25.770064,93.937891,791.0,26.43722935718126,1
25.771977,93.905846,614.0,8.049466975528398,1
25.650352,94.026955,1497.0,29.686933196903503,1
25.552707,94.161461,1408.0,35.50271196509591,1
25.611096,94.216757,999.0,28.08409936669116,1
25.617949,94.207166,907.0,35.121209164599065,1
25.620164,94.207204,910.0,20.99158237694124,1
25.627333,94.211735,939.0,27.990970091758022,1
25.64501,94.032825,1592.0,30.02066192256465,1
25.645074,94.032741,1592.0,30.02066192256465,1
25.645633,94.008403,1859.0,14.24415761739711,1
25.618175,93.919236,1667.0,9.321835749415005,1
25.618222,93.918397,1665.0,18.64821573021375,1
25.611284,93.912865,1661.0,33.56563872420532,1
25.609085,93.90642,1620.0,21.242603631151898,1
25.605559,93.898552,1577.0,29.51750907883067,1
25.602682,93.896846,1564.0,31.215386668546028,1
25.598454,93.897602,1552.0,17.01197993242201,1
25.77457,94.075897,1348.0,24.634322367669885,1
25.875167,94.042953,1063.0,35.264389682754654,1
25.882916,94.036198,1108.0,23.76524510807156,1
25.884392,94.040381,1094.0,27.238572082130062,1
25.891043,94.041031,1087.0,36.2114423338008,1
25.895838,94.044886,1045.0,24.74862531519583,1
25.903907,94.041235,970.0,43.81463192771418,1
25.455672,93.737492,1548.0,23.132182561931256,1
25.459292,93.737054,1525.0,37.97806296315605,1
25.469296,93.728636,1519.0,35.301859507438905,1
25.471854,93.726986,1530.0,43.24667654838039,1
25.472566,93.727307,1531.0,36.733505603395045,1
25.56335,93.737232,1247.0,24.691575152551952,1
25.569543,93.736,1209.0,42.552842640583854,1
25.568534,93.726285,1116.0,35.71570019685384,1
25.576594,93.78377,1476.0,27.89731165603317,1
25.569569,93.788068,1528.0,16.228736705934203,1
25.578244,93.804478,1566.0,30.508958866202807,1
25.576992,93.809083,1574.0,32.63194030642942,1
25.576671,93.815779,1612.0,34.21858270764896,1
25.595898,93.829722,1595.0,18.174763056324142,1
25.591228,93.851831,1738.0,22.86208914423492,1
25.590458,93.851498,1733.0,33.83814426542724,1
25.514327,93.666041,1116.0,23.021526638116164,1
25.493958,93.657962,1228.0,11.904688112848122,1
25.493218,93.657921,1237.0,13.069151942759,1
25.646219,94.0334861,1596.0,34.21858270764895,1
25.7439067,94.0824993,1262.0,28.91046765839842,1
25.76305,94.078305,1243.0,15.896959679954522,1
25.7641421,94.0777917,1255.0,19.31028740874557,1
25.7641457,94.0781772,1244.0,21.81855031431221,1
25.67776,94.1390317,1311.0,29.51750907883067,1
25.6712978,94.1388109,1267.0,17.775317038209,1
25.6625403,94.1437783,1204.0,15.42324502154344,1
25.65575291,94.1505873,1152.0,12.04828213833979,1
25.8549806,94.1569166,1460.0,18.54197796399724,1
25.72508611,94.07130278,1009.0,6.0172848640320336,1
25.71775556,94.07246667,1136.0,23.628423517864427,1
25.66754722,94.08075278,1523.0,17.594079543115168,1
25.60054167,93.92484444,1844.0,19.188418756936425,1
25.60711616,93.92787222,1928.0,8.582483688827132,1
25.60688056,93.92055833,1718.0,33.927980154144706,1
25.61061111,93.92184722,1681.0,36.815480279408405,1
25.61285278,93.92066111,1684.0,24.8479801794304,1
25.77309444,93.91229167,661.0,18.96231828867539,1
25.77308611,93.91128889,650.0,21.81855031431221,1
25.77178333,93.90760556,627.0,24.16881343581011,1
25.6721,94.231075,938.0,28.176705590951745,1
25.67186944,94.23065278,928.0,23.97577371272972,1
25.67291111,94.23135278,968.0,24.359555875506427,1
25.66874167,94.22856389,890.0,15.42324502154344,1
25.67009167,94.22525278,874.0,22.668609279892426,1
25.66883889,94.21054444,784.0,27.990970091758022,1
25.65852222,94.12213056,1269.0,21.18915910142139,1
25.65253889,94.11867222,1364.0,21.31357434104547,1
25.65137778,94.12166667,1234.0,31.12871688801731,1
25.77368056,94.03548611,613.0,31.57639333699781,1
25.77601111,94.03071389,581.0,25.016893478100023,1
25.79148889,94.01525556,548.0,23.75010057347409,1
25.79835556,94.00099444,501.0,18.174763056324142,1
25.79595,93.99585278,506.0,31.7353754997287,1
25.795875,93.99373611,502.0,22.684823831912844,1
25.79464167,93.99172222,524.0,33.02386755579665,1
25.80414722,93.98611389,502.0,23.97577371272972,1
25.60902222,94.12846944,1559.0,23.76524510807156,1
25.52246944,94.19153333,1197.0,12.604382648379184,1
25.87653333,94.13359167,1227.0,22.373844274024943,1
25.75056944,94.08058889,1263.0,19.68967329725292,1
25.85442778,94.15844444,1532.0,32.490306531189724,1
25.857991,94.159346,1489.0,41.46029301668304,1
25.472137,94.151037,1550.0,17.083143246452856,1
25.481594,94.141694,1699.0,18.130932944052347,1
25.52036,94.1311201,1723.0,16.228736705934203,1
25.52164,94.13426,1729.0,21.680889149080844,1
25.52426,94.1365,1723.0,19.370844026969944,1
25.525094,94.135798,1716.0,14.066164922222868,1
25.538422,94.136039,1693.0,21.31357434104547,1
25.5651,94.1390034,1669.0,19.74869565807571,1
25.6032619,94.1122188,1620.0,30.133843411422752,1
25.62154,94.1122,1728.0,25.486125594093767,1
25.6291966,94.10177,1495.0,32.401162502089626,1
25.6387,94.10979,1475.0,24.591248866909307,1
25.648759,94.10616,1558.0,17.66231893216494,1
25.6609,94.0536,1346.0,36.0407347065913,1
26.45278,94.37526,258.0,12.53638838286113,1
26.423137,94.382261,526.0,35.06054243271615,1
26.42186,94.3852,767.0,42.97485685199571,1
26.425346,94.387013,776.0,23.76524510807156,1
26.383648,94.440751,994.0,12.638224684699054,1
26.384347,94.443397,955.0,19.29004621918873,1
26.387181,94.444132,936.0,23.674161365449702,1
26.379798,94.450751,896.0,19.370844026969944,1
25.72075,94.50163889,1152.0,28.037600489728423,1
25.66772222,94.08908333,1338.0,17.456590925928477,1
25.69172222,94.10319444,1355.0,14.931417178137552,1
25.68077778,94.10619444,1409.0,18.87922133905067,1
25.68616667,94.04130556,998.0,21.835672195716143,1
25.69422222,94.04538889,998.0,17.29444852858009,1
25.70247222,94.04666667,1000.0,17.842681707487124,1
25.70497778,94.044275,986.0,27.79130564477921,1
25.70994444,94.04122222,995.0,3.016961309815993,1
25.71316667,94.03863889,981.0,21.869859308909422,1
25.72088889,94.04036111,965.0,22.86208914423492,1
25.72516111,94.03246944,976.0,15.179705807856672,1
25.73277778,94.02216667,1037.0,24.2864614630402,1
25.73433333,94.01708333,983.0,10.21937711459359,1
25.73683333,94.00586111,963.0,7.653048720543413,1
26.09660278,94.368725,635.0,20.82800310374709,1
26.09686389,94.36771667,636.0,21.260377126997213,1
26.73052778,94.83911111,301.0,23.021526638116164,1
25.68866667,94.09733333,1382.0,11.904688112848122,1
26.00197222,94.18366667,1328.0,11.499465999742789,1
26.22633333,94.81302778,1676.0,14.506372352544124,1
26.22480556,94.81236111,1750.0,18.96231828867539,1
26.26336111,94.81563889,1298.0,15.845167180271268,1
26.18302778,94.81619444,1949.0,13.421509132977462,1
26.28908333,94.61005556,983.0,18.96231828867539,1
25.68002778,94.07266667,1265.0,19.47122063449069,1
25.67005556,94.113,1350.0,13.03657849691309,1
25.68436111,94.20497222,919.0,29.54940859650112,1
25.68133333,94.20877778,818.0,12.04828213833979,1
25.67275,94.21136111,792.0,12.225122675735754,1
25.66666667,94.19602778,1079.0,17.224372940700082,1
25.687815,94.0474583,1026.0,21.869859308909422,1
26.36245,94.562862,1409.0,4.262693045214654,1
26.015488,94.535665,1639.0,34.34609740006152,1
26.074645,94.423373,933.0,36.733505603395045,1
26.098268,94.392683,575.0,17.5484006137923,1
26.109352,94.387308,352.0,11.648634944412734,1
26.1085,94.386342,372.0,29.50686221733105,1
26.084065,94.398745,765.0,7.825525624597575,1
26.003224,94.611549,2066.0,34.999648077881965,1
26.038755,94.63616,1999.0,27.226347381898258,1
26.037575,94.589138,1234.0,33.46541063428238,1
26.036262,94.591057,1301.0,32.98940559251087,1
25.552544,93.732253,1262.0,20.99158237694124,1
25.89751,94.463135,1887.0,30.051606490707,1
25.916527,94.461248,1769.0,34.74601766541864,1
25.924744,94.454833,1637.0,21.680889149080844,1
25.85973,94.425459,1776.0,37.00513608621634,1
25.840229,94.435067,1758.0,21.611596098722195,1
25.924954,94.458712,1679.0,40.91962585655175,1
25.914367,94.458981,1645.0,40.499818214844055,1
25.856018,94.427396,1762.0,34.090063875331914,1
25.84021,94.435083,1758.0,21.611596098722195,1
25.871453,94.450788,1633.0,32.11261530059655,1
25.860335,94.450277,1681.0,28.037600489728423,1
25.822859,94.397974,1821.0,21.04572088407584,1
25.824038,94.397945,1859.0,34.60598807399335,1
25.80344,94.399158,1803.0,24.15404655313558,1
25.926408,94.469758,1757.0,42.74910864769488,1
25.809925,94.398172,1804.0,29.08619467351647,1
25.811395,94.401171,1818.0,49.82502704918824,1
25.814013,94.402921,1848.0,42.99770029709786,1
25.824828,94.397388,1840.0,44.714681750739786,1
25.840342,94.435119,1758.0,21.611596098722195,1
25.60512,93.706701,544.0,12.604382648379184,1
25.568372,93.733314,1186.0,26.269553396535294,1
25.566242,93.716698,992.0,21.55942138371082,1
25.675017,94.229397,957.0,21.04572088407584,1
25.655776,94.233288,1186.0,33.02386755579665,1
25.65119,94.234544,1207.0,35.74485877621931,1
25.671439,94.225017,861.0,23.397741000263863,1
26.114159,94.338471,990.0,31.311156133255537,1
26.114227,94.338333,990.0,31.311156133255537,1
25.840228,94.15148,1418.0,30.05160649070701,1
25.875007,94.17886,1461.0,31.91126736185209,1
26.507639,94.688222,422.0,12.604382648379184,1
26.509718,94.68195,494.0,20.07880037349212,1
26.526817,94.675462,698.0,26.767512858834905,1
25.570159,94.253552,1854.0,27.55326483492445,1
27.08275,88.434778,340.0,24.15404655313558,1
27.084222,88.446083,274.0,41.50070806498084,1
27.084722,88.443833,278.0,28.257311688503773,1
27.087667,88.416528,276.0,36.699225200489884,1
27.090083,88.413139,293.0,23.628423517864427,1
27.090944,88.406833,290.0,25.5133092609215,1
27.093278,88.457444,302.0,23.4904160686416,1
27.096444,88.433375,887.0,30.85613335195628,1
27.097833,88.3785,291.0,33.02386755579665,1
27.098417,88.400167,684.0,23.428692808745406,1
27.101083,88.3615,345.0,50.19714643182018,1
27.101083,88.400417,788.0,21.47206914335925,1
27.101111,88.403333,805.0,29.63417437185607,1
27.101194,88.394611,629.0,31.119058788415003,1
27.102,88.458667,433.0,25.34952033151192,1
27.1025,88.400778,848.0,30.20546681961666,1
27.102639,88.394639,643.0,29.85463927845754,1
27.102944,88.404667,922.0,26.57777862373484,1
27.103111,88.402722,913.0,25.197913740371355,1
27.105972,88.444556,780.0,26.113233272206745,1
27.106694,88.449389,777.0,27.755818170578,1
27.106944,88.43375,856.0,36.232654007001685,1
27.107417,88.363139,488.0,25.8493248967401,1
27.110583,88.340472,324.0,44.04599038315498,1
27.1205,88.152722,1233.0,24.38870074689113,1
27.121444,88.153417,1291.0,29.260073022738787,1
27.1215,88.142222,1245.0,37.81892671564865,1
27.121611,88.237,473.0,39.260731733474245,1
27.121611,88.145528,1127.0,32.38327563166962,1
27.121917,88.139472,1256.0,36.62354905164433,1
27.122,88.139889,1291.0,31.215386668546028,1
27.122472,88.227611,463.0,28.07248693585296,1
27.122611,88.343389,897.0,30.10305246289624,1
27.123833,88.225333,463.0,41.46029301668304,1
27.123889,88.319778,408.0,29.205932247399417,1
27.124556,88.139778,1376.0,32.9548711795407,1
27.124778,88.445083,637.0,39.04326226960053,1
27.125528,88.384556,1330.0,21.33126583595921,1
27.125861,88.14275,1528.0,21.04572088407584,1
27.126306,88.378667,1128.0,46.76360121865687,1
27.126444,88.340444,1052.0,28.280269845499703,1
27.126472,88.31675,354.0,39.10233716664201,1
27.127194,88.308306,331.0,36.15474073941196,1
27.12825,88.292194,373.0,38.9542291648888,1
27.128333,88.148833,1542.0,41.13303653516923,1
27.128694,88.442778,646.0,33.32236342654518,1
27.128694,88.141639,1566.0,34.37782091784768,1
27.128972,88.262111,408.0,33.46541063428238,1
27.129,88.441361,643.0,18.64821573021375,1
27.129861,88.266222,396.0,49.47072922002541,1
27.130056,88.412944,1731.0,24.359555875506427,1
27.130444,88.340222,1170.0,27.62503917921715,1
27.131444,88.386,1547.0,33.296989754761654,1
27.131528,88.384417,1610.0,25.8493248967401,1
27.133556,88.39475,1665.0,27.62503917921715,1
27.133583,88.404583,1820.0,37.76766348645775,1
27.133722,88.390833,1644.0,39.04326226960053,1
27.133806,88.342778,1199.0,25.14243049054343,1
27.134306,88.370528,1116.0,28.08409936669116,1
27.134389,88.40425,1809.0,23.021526638116164,1
27.135833,88.391111,1807.0,32.667159071642764,1
27.137667,88.342694,1215.0,41.02410199989886,1
27.137694,88.401556,1849.0,47.42177953109313,1
27.139944,88.368167,1187.0,32.10351627298505,1
27.140889,88.368222,1244.0,37.07903201684691,1
27.141,88.211194,676.0,27.944207405422546,1
27.141944,88.180222,836.0,25.91570359318582,1
27.142028,88.172139,781.0,34.49623729009093,1
27.143556,88.373083,1272.0,20.532771786488425,1
27.144056,88.127361,2315.0,22.636129876883253,1
27.144167,88.311083,1160.0,37.08573289536603,1
27.145056,88.370778,1265.0,34.21057985417024,1
27.145444,88.305694,1135.0,21.18915910142139,1
27.149722,88.348333,1408.0,43.47384935093249,1
27.149889,88.096861,2297.0,25.14243049054343,1
27.149972,88.184222,1082.0,28.280269845499703,1
27.150778,88.4385,1197.0,33.993006686150665,1
27.151028,88.309889,1211.0,22.8781056322946,1
27.152722,88.190833,1053.0,15.179705807856672,1
27.152861,88.390361,1229.0,33.46541063428238,1
27.153083,88.412056,1581.0,37.79331583229016,1
27.153306,88.3135,1225.0,28.40597188009524,1
27.153444,88.095639,2280.0,29.260073022738787,1
27.153528,88.494389,1099.0,32.772365143142935,1
27.15425,88.500333,998.0,30.25643716352927,1
27.1545,88.275667,755.0,30.85613335195628,1
27.154722,88.443056,1375.0,33.862693945765855,1
27.154889,88.493194,1104.0,36.65799162261549,1
27.155028,88.319556,1397.0,31.24417585118817,1
27.155306,88.390278,1198.0,41.49566207886726,1
27.15625,88.430722,1453.0,37.14591448999934,1
27.156806,88.5225,601.0,37.14591448999934,1
27.156944,88.230778,1485.0,27.990970091758022,1
27.157056,88.512778,738.0,22.61986494804043,1
27.157361,88.171667,1463.0,24.242444512172103,1
27.157694,88.306806,854.0,26.00818191569552,1
27.157694,88.522194,598.0,31.24417585118817,1
27.157694,88.092833,2250.0,18.130932944052347,1
27.157806,88.230306,1494.0,21.31357434104547,1
27.157861,88.090194,2181.0,23.021526638116164,1
27.158,88.347972,1390.0,34.15444974731139,1
27.158056,88.141528,2021.0,32.53469816945699,1
27.158111,88.491722,1102.0,31.51991437453672,1
27.158111,88.512472,805.0,27.017123217850244,1
27.158139,88.344806,1361.0,32.10351627298505,1
27.158222,88.34325,1335.0,44.29881487544896,1
27.158222,88.100361,2426.0,26.880307851328983,1
27.158361,88.521833,596.0,35.65722463378061,1
27.158417,88.420139,1594.0,27.372447043216628,1
27.158583,88.466306,1190.0,33.590600231227405,1
27.158944,88.427111,1586.0,39.190532590075605,1
27.158972,88.514611,817.0,28.485468456722128,1
27.158972,88.090944,2192.0,33.69006752597979,1
27.159194,88.444361,1312.0,36.69922520048988,1
27.159361,88.09225,2228.0,26.20460176321736,1
27.159472,88.300028,640.0,24.242444512172103,1
27.159639,88.318889,1342.0,25.267001648248183,1
27.159972,88.379083,1256.0,28.485468456722128,1
27.160056,88.423028,1553.0,41.53094871022609,1
27.160056,88.091806,2177.0,37.7869066377512,1
27.160194,88.415056,1552.0,28.98757825007264,1
27.160444,88.512472,908.0,22.09025870405004,1
27.160722,88.505889,1051.0,27.372447043216628,1
27.161,88.094306,2159.0,26.437229357181263,1
27.161306,88.512944,895.0,26.91773442777563,1
27.161444,88.410556,1569.0,33.296989754761654,1
27.161917,88.509639,1023.0,23.75010057347409,1
27.162111,88.491444,1129.0,22.684823831912844,1
27.162194,88.510611,1001.0,27.89731165603317,1
27.16275,88.383306,1539.0,31.51991437453672,1
27.162778,88.413222,1549.0,28.11888767128317,1
27.162781,88.484864,1160.0,26.217612768234883,1
27.163472,88.143083,2073.0,16.051123667414398,1
27.163556,88.458833,1478.0,31.698105479809307,1
27.16375,88.406417,1563.0,18.520635899770767,1
27.163861,88.462306,1512.0,18.370345512861498,1
27.163861,88.52,561.0,30.58895816397544,1
27.163861,88.141361,2149.0,19.630414815023528,1
27.164472,88.213889,1415.0,41.18463738471523,1
27.1645,88.228444,1421.0,28.98757825007264,1
27.164528,88.348472,1099.0,26.113233272206745,1
27.165,88.444444,1380.0,31.993934384330498,1
27.165278,88.348528,1088.0,29.85463927845754,1
27.165333,88.162028,1217.0,17.66231893216494,1
27.165528,88.496556,1252.0,30.528995003826,1
27.165586,88.488511,1243.0,28.485468456722128,1
27.165833,88.436667,1535.0,39.44639778779632,1
27.166278,88.144333,2039.0,36.14763896908836,1
27.166528,88.401333,1517.0,20.99158237694124,1
27.166611,88.417528,1799.0,26.113233272206745,1
27.167611,88.348889,1102.0,29.54940859650112,1
27.167972,88.224778,1459.0,32.03054267172445,1
27.168167,88.384556,1526.0,35.32429987761792,1
27.169028,88.486333,1237.0,36.31722195558744,1
27.169472,88.363778,1532.0,37.45655576127969,1
27.169583,88.462361,1659.0,25.197913740371355,1
27.170833,88.086361,2364.0,17.775317038209,1
27.171083,88.245417,1132.0,30.49893168631072,1
27.171139,88.354611,1235.0,19.370844026969944,1
27.171639,88.159333,1401.0,18.305448954250743,1
27.171833,88.160861,1356.0,27.238572082130062,1
27.172083,88.090333,2327.0,16.91651608571675,1
27.172228,88.372,1663.0,23.132182561931256,1
27.172333,88.381444,1600.0,33.33081260166977,1
27.172444,88.386972,1771.0,45.39244912064032,1
27.172444,88.089528,2340.0,34.49623729009093,1
27.173861,88.092111,2334.0,14.931417178137552,1
27.173917,88.38525,1727.0,54.012102908863056,1
27.174389,88.452028,1538.0,30.49893168631072,1
27.175,88.385028,1755.0,17.594079543115168,1
27.175778,88.402417,1942.0,29.118936488427924,1
27.176,88.429556,1623.0,36.232654007001685,1
27.176944,88.402056,1926.0,32.9548711795407,1
27.177056,88.402611,1970.0,34.846405699136405,1
27.177167,88.369611,1574.0,25.955401413885543,1
27.178111,88.430556,1624.0,30.37812888097552,1
27.178889,88.533097,370.0,42.09430109320842,1
27.179278,88.190972,1969.0,18.87922133905067,1
27.179639,88.519778,332.0,43.01138946691588,1
27.180417,88.51025,394.0,38.32262251890178,1
27.180528,88.518611,327.0,41.90884788180327,1
27.181167,88.192028,1956.0,21.95499883223757,1
27.181222,88.309528,452.0,42.2822816266301,1
27.18175,88.395778,1881.0,43.9179111866117,1
27.182111,88.508,415.0,50.46338608537458,1
27.185944,88.197944,1744.0,28.88836980568737,1
27.185972,88.205833,1694.0,27.32389130134654,1
27.186361,88.320417,458.0,32.667159071642764,1
27.186611,88.206278,1671.0,27.33604368814356,1
27.18815,88.562083,443.0,32.11261530059655,1
27.188528,88.501194,394.0,31.138369345567487,1
27.189222,88.391056,1883.0,28.25731168850377,1
27.189261,88.595686,443.0,29.421439641486938,1
27.19,88.564472,573.0,36.59594159662962,1
27.190067,88.596483,458.0,37.00513608621634,1
27.190833,88.596889,467.0,44.91219635533748,1
27.191639,88.325861,479.0,31.809663934881115,1
27.191917,88.2885,1272.0,26.00818191569552,1
27.192989,88.603083,484.0,29.88589573021274,1
27.193794,88.650528,1131.0,33.22063240830351,1
27.194333,88.388889,1761.0,27.565248984490395,1
27.195083,88.631992,575.0,28.82189836411544,1
27.195511,88.6342,563.0,29.260073022738787,1
27.195703,88.625444,555.0,45.0039783210455,1
27.195722,88.387472,1697.0,28.85516751374433,1
27.197111,88.208722,1862.0,33.573963453775406,1
27.197417,88.4905,388.0,45.0,1
27.198856,88.638725,588.0,26.539566558618308,1
27.198928,88.66095,1045.0,39.85620904397488,1
27.199028,88.350417,1158.0,36.36634852599243,1
27.199722,88.641633,625.0,45.99865416897659,1
27.200389,88.3545,1112.0,38.88263603672812,1
27.200861,88.340861,995.0,21.55942138371082,1
27.201278,88.665381,1008.0,29.260073022738787,1
27.20175,88.268194,1138.0,32.11261530059655,1
27.201875,88.667278,988.0,36.05502968442895,1
27.202417,88.391583,1655.0,25.5133092609215,1
27.202433,88.656708,747.0,42.41580120815348,1
27.203167,88.588667,1279.0,34.999648077881965,1
27.203194,88.600278,980.0,31.809663934881115,1
27.203869,88.658333,729.0,22.09025870405004,1
27.204556,88.647222,662.0,48.41865463865596,1
27.204694,88.32375,448.0,27.5172599283964,1
27.205,88.591722,1217.0,43.46058289733608,1
27.205,88.442122,1299.0,30.68841605381868,1
27.205047,88.689053,745.0,5.788832299437198,1
27.206611,88.442814,1315.0,35.88986674043215,1
27.206653,88.679953,749.0,35.181649870682044,1
27.206917,88.323278,455.0,25.14243049054343,1
27.207039,88.446667,1321.0,40.89864449779443,1
27.207264,88.672817,739.0,28.82189836411544,1
27.207606,88.676047,725.0,31.57639333699781,1
27.20825,88.387667,1604.0,24.15404655313558,1
27.2115,88.58775,1416.0,41.24632815095766,1
27.212222,88.587889,1399.0,36.87668681517018,1
27.212583,88.399333,2019.0,37.99072498917101,1
27.21275,88.391444,1555.0,41.02410199989886,1
27.213556,88.321833,472.0,28.98757825007264,1
27.214222,88.608361,807.0,16.72355800648402,1
27.214639,88.392417,1548.0,31.01244544880732,1
27.214806,88.588083,1446.0,25.253207609369632,1
27.215056,88.393306,1562.0,35.795759914707084,1
27.21525,88.402278,2026.0,21.6115960987222,1
27.216361,88.199667,1946.0,37.61935164481234,1
27.216639,88.392361,1566.0,33.927980154144706,1
27.216722,88.274639,1265.0,30.25643716352927,1
27.217278,88.236944,1170.0,19.451200005616776,1
27.217667,88.233472,1203.0,29.917093225401345,1
27.217667,88.234639,1196.0,30.10305246289624,1
27.218278,88.232472,1241.0,41.50070806498084,1
27.21875,88.233694,1284.0,32.31153323742385,1
27.219444,88.391111,1577.0,26.113233272206745,1
27.219444,88.234361,1286.0,23.021526638116164,1
27.2195,88.210222,1797.0,28.4627941894252,1
27.219917,88.276306,1540.0,36.491988188351336,1
27.220306,88.261861,1608.0,35.88986674043215,1
27.220472,88.281028,1432.0,30.528995003826,1
27.22075,88.699833,1137.0,46.42598860676971,1
27.220778,88.279917,1517.0,42.59980784178263,1
27.220806,88.237361,1297.0,22.61986494804043,1
27.220861,88.657111,1166.0,43.3896255946841,1
27.220889,88.652278,1004.0,21.47206914335925,1
27.220917,88.385083,1582.0,35.88986674043215,1
27.220972,88.397639,2033.0,31.80039615270397,1
27.221444,88.376167,1632.0,41.46029301668304,1
27.2215,88.370667,1791.0,30.01033418769176,1
27.221778,88.390861,1589.0,18.520635899770767,1
27.222917,88.281972,1506.0,23.628423517864423,1
27.223833,88.491833,362.0,31.57639333699781,1
27.224778,88.372083,2029.0,39.260731733474245,1
27.225083,88.373333,2001.0,29.205932247399417,1
27.225556,88.240333,1572.0,28.485468456722128,1
27.22575,88.49325,379.0,43.77571318439088,1
27.226556,88.308861,658.0,41.71610812239341,1
27.2275,88.220278,1774.0,35.88986674043215,1
27.227528,88.219639,1785.0,35.03012380867594,1
27.228556,88.493889,357.0,25.8493248967401,1
27.229417,88.378444,2042.0,37.35807189461179,1
27.22975,88.619361,1196.0,33.69006752597979,1
27.230583,88.306056,715.0,36.62354905164433,1
27.232639,88.378417,2123.0,24.15404655313558,1
27.233194,88.246361,1538.0,23.674161365449702,1
27.233389,88.5015,390.0,22.07341542334565,1
27.233417,88.634806,1493.0,33.44025753518539,1
27.233667,88.348389,1908.0,32.06706985148497,1
27.235694,88.6025,1217.0,33.490525189983416,1
27.23575,88.602389,1233.0,31.966424730373205,1
27.23575,88.506472,429.0,40.48903942786149,1
27.23575,88.507972,390.0,23.88588673441924,1
27.235778,88.506306,429.0,40.48903942786149,1
27.235861,88.433167,1207.0,24.46133251877165,1
27.235917,88.645167,1436.0,47.06917211016504,1
27.236361,88.50875,420.0,27.5172599283964,1
27.236583,88.509611,426.0,32.78110200943605,1
27.236889,88.235917,1569.0,42.03111377419729,1
27.237694,88.598806,1212.0,17.66231893216494,1
27.23772,88.51384,434.0,36.62354905164433,1
27.237889,88.346444,1582.0,23.56723462203258,1
27.237917,88.30475,852.0,29.260073022738787,1
27.238111,88.601528,1216.0,8.47871314708616,1
27.23924,88.48416,378.0,32.754877470959904,1
27.239972,88.332778,1298.0,18.64821573021375,1
27.240028,88.486472,380.0,38.44607343064101,1
27.240194,88.486278,399.0,35.71570019685384,1
27.240389,88.234028,1623.0,26.628589703310887,1
27.240556,88.48025,384.0,40.36997076821638,1
27.240639,88.306056,963.0,41.4754613018093,1
27.240861,88.486278,424.0,34.815583037866574,1
27.241333,88.233972,1651.0,45.508106539373166,1
27.24144,88.60681,1379.0,21.47206914335925,1
27.242139,88.327389,1317.0,29.205932247399417,1
27.242917,88.354417,1610.0,37.08573289536603,1
27.243806,88.2725,1626.0,26.628589703310887,1
27.244056,88.348056,1568.0,45.63805572739084,1
27.244472,88.350472,1598.0,53.02652691285858,1
27.245028,88.524389,467.0,37.88914385520827,1
27.245028,88.226861,1745.0,21.04572088407584,1
27.245139,88.524444,481.0,31.50104503484436,1
27.245972,88.185278,1727.0,23.021526638116164,1
27.246056,88.62575,1457.0,30.24625565345472,1
27.246194,88.625694,1452.0,28.08409936669116,1
27.246944,88.184833,1639.0,36.83590849508688,1
27.247111,88.225222,1664.0,34.907876215342675,1
27.248583,88.117444,2009.0,34.62941016850345,1
27.248833,88.117194,2019.0,29.421439641486938,1
27.25,88.301889,536.0,36.28203936315455,1
27.250556,88.53325,500.0,31.434832006995155,1
27.250889,88.715444,1225.0,35.63524161504921,1
27.250972,88.659833,1423.0,23.75010057347409,1
27.251417,88.3845,2054.0,16.527811501531776,1
27.251639,88.531361,523.0,14.066164922222868,1
27.251722,88.182972,1438.0,26.56505117707799,1
27.252139,88.176944,1288.0,32.11261530059655,1
27.252167,88.272778,1477.0,18.64821573021375,1
27.252667,88.694194,1456.0,29.260073022738787,1
27.253528,88.786111,3140.0,23.273326481355983,1
27.253889,88.210028,1406.0,35.45087793804301,1
27.254222,88.3005,566.0,24.38870074689113,1
27.254389,88.145306,1478.0,22.684823831912844,1
27.25475,88.711,1033.0,50.93630379203112,1
27.254778,88.542444,635.0,40.51058943733277,1
27.254917,88.390889,1800.0,30.85613335195628,1
27.255167,88.396944,1591.0,25.15631913369421,1
27.255278,88.543611,621.0,43.745371274016456,1
27.255389,88.388944,1863.0,26.539566558618308,1
27.255861,88.156139,1535.0,34.472622749576175,1
27.256,88.706167,1161.0,28.30319610038818,1
27.256556,88.148722,1569.0,33.89536963300801,1
27.25675,88.148611,1569.0,33.89536963300801,1
27.25677,88.55359,698.0,37.86364636173037,1
27.257083,88.65975,1642.0,23.97577371272972,1
27.257083,88.696583,1401.0,21.33126583595921,1
27.257139,88.697556,1390.0,25.635076100950123,1
27.257194,88.305444,661.0,31.434832006995155,1
27.257361,88.165333,1502.0,28.30319610038818,1
27.257417,88.418889,859.0,34.35403406736099,1
27.257972,88.548861,641.0,40.07374412075692,1
27.258222,88.704778,1216.0,10.999158271052185,1
27.258306,88.245306,1142.0,32.38327563166962,1
27.258389,88.246611,1141.0,31.244175851188185,1
27.258556,88.147028,1548.0,25.79602649449995,1
27.258778,88.202639,1256.0,29.08619467351647,1
27.258889,88.145611,1531.0,29.85463927845754,1
27.259306,88.423028,828.0,37.53490600791177,1
27.259694,88.550417,643.0,31.670097621922785,1
27.259722,88.248972,1125.0,22.489134862284537,1
27.259833,88.711722,1109.0,43.60147763828204,1
27.26,88.381361,1540.0,32.38327563166962,1
27.260167,88.171889,1312.0,38.70825624807791,1
27.260194,88.302417,582.0,34.49623729009093,1
27.260861,88.233278,1170.0,27.432940772267944,1
27.2615,88.788778,3366.0,46.061559688462445,1
27.26175,88.2945,597.0,34.815583037866574,1
27.261778,88.197194,1368.0,41.50070806498084,1
27.262056,88.4305,637.0,30.17480904438851,1
27.262583,88.562389,655.0,26.628589703310887,1
27.263194,88.377139,1576.0,30.10305246289624,1
27.263278,88.786667,3372.0,44.58421357738302,1
27.264361,88.558389,636.0,33.797146076019644,1
27.264694,88.792667,3589.0,42.73982112121029,1
27.26525,88.789556,3567.0,30.41849461159642,1
27.265389,88.788278,3521.0,31.57639333699781,1
27.265944,88.534556,1166.0,36.42929126949838,1
27.268944,88.2875,587.0,48.24335574069361,1
27.269556,88.137861,1523.0,30.85613335195628,1
27.269778,88.144278,1478.0,37.24571514151944,1
27.269861,88.178139,1312.0,41.74095647676569,1
27.269917,88.077111,2042.0,33.797146076019644,1
27.27,88.179944,1328.0,35.81027366254364,1
27.270056,88.430139,479.0,36.89703704231115,1
27.270056,88.174444,1337.0,28.07248693585296,1
27.270667,88.142056,1461.0,38.04757894764742,1
27.27075,88.167417,1366.0,28.665750219765908,1
27.271583,88.430389,505.0,33.32236342654518,1
27.272056,88.394139,1021.0,31.993934384330498,1
27.273083,88.389528,1224.0,40.58577698788522,1
27.27325,88.303417,1307.0,40.19511744351121,1
27.273861,88.398722,960.0,37.11250830386473,1
27.2755,88.308056,1571.0,38.48905350894504,1
27.27575,88.084972,2074.0,44.41945180067744,1
27.275917,88.254278,1100.0,20.846265656650555,1
27.276167,88.398722,894.0,30.61885839795703,1
27.279889,88.436472,571.0,40.77214745945523,1
27.279972,88.804278,3691.0,37.05891248302156,1
27.279972,88.186917,1737.0,30.82665955230447,1
27.280667,88.190861,1564.0,42.325328773309415,1
27.280889,88.084333,2381.0,28.4627941894252,1
27.281028,88.227667,1290.0,23.428692808745403,1
27.281444,88.187833,1746.0,33.3982497427651,1
27.281611,88.229556,1283.0,40.41337530810542,1
27.282,88.415028,1380.0,46.12050877888997,1
27.282444,88.598917,828.0,16.051123667414398,1
27.282667,88.108278,1611.0,16.69924423399362,1
27.282917,88.189556,1752.0,34.99964807788197,1
27.283194,88.106667,1591.0,30.61885839795703,1
27.283444,88.192639,1686.0,25.915703593185818,1
27.283639,88.189944,1748.0,37.61287174736844,1
27.28408,88.54611,1530.0,25.91570359318582,1
27.284139,88.264889,1049.0,33.89536963300801,1
27.28425,88.370056,1939.0,32.57012547147068,1
27.284528,88.195583,1725.0,36.26089278326507,1
27.28475,88.106194,1610.0,12.604382648379184,1
27.285,88.197583,1770.0,26.67924362098057,1
27.287194,88.369444,1949.0,30.56899459462348,1
27.287361,88.102611,1710.0,41.53094871022609,1
27.288167,88.102778,1751.0,40.70318870066343,1
27.288444,88.102667,1771.0,41.49566207886726,1
27.288667,88.816111,3768.0,18.434948822922014,1
27.289861,88.084389,2079.0,30.49893168631072,1
27.292583,88.820417,3786.0,6.853224835121291,1
27.292944,88.589417,851.0,11.499465999742789,1
27.293417,88.294917,744.0,48.652955246094514,1
27.293556,88.642056,1454.0,33.821757317608586,1
27.294889,88.079944,2067.0,27.565248984490395,1
27.29525,88.102694,1952.0,14.763132623631552,1
27.295444,88.094583,2097.0,41.169175500993006,1
27.296028,88.10175,2001.0,17.083143246452856,1
27.297139,88.388472,1511.0,23.76524510807156,1
27.29975,88.419778,1330.0,26.360054096082703,1
27.301972,88.218778,1798.0,36.43626970061044,1
27.302861,88.373944,1777.0,34.46474362464782,1
27.303083,88.433167,890.0,29.020515817031367,1
27.304028,88.178806,1610.0,20.307500221928045,1
27.30675,88.199083,1632.0,31.993934384330498,1
27.306806,88.375194,1607.0,38.69010577379569,1
27.306861,88.368444,1954.0,25.955401413885543,1
27.311667,88.418611,1229.0,24.862123938667224,1
27.313722,88.189917,1294.0,43.81463192771418,1
27.313917,88.557583,1275.0,24.862123938667224,1
27.3145,88.8365,4088.0,28.25731168850377,1
27.314694,88.417917,1210.0,24.15404655313558,1
27.315028,88.558139,1237.0,18.62703081108459,1
27.315028,88.558611,1233.0,26.842795672040804,1
27.315083,88.506056,1476.0,17.842681707487124,1
27.315778,88.178944,1518.0,23.76524510807156,1
27.316,88.559889,1255.0,21.971970836813973,1
27.316583,88.178917,1559.0,30.82665955230447,1
27.316944,88.560056,1271.0,21.135527342306386,1
27.317083,88.178556,1587.0,37.16592466590954,1
27.317417,88.182861,1390.0,25.363232718381973,1
27.31892,88.16222,1427.0,15.179705807856672,1
27.320111,88.177833,1696.0,23.3822424378352,1
27.320611,88.219611,1199.0,34.017325088918376,1
27.324944,88.213861,1597.0,43.64086172944834,1
27.326444,88.219,1289.0,30.25643716352927,1
27.329361,88.649278,1390.0,19.630414815023528,1
27.329472,88.648917,1400.0,27.79130564477921,1
27.3305,88.215639,1504.0,28.553305000609424,1
27.33075,88.216333,1456.0,37.79331583229016,1
27.330778,88.49225,873.0,25.88918455713453,1
27.330917,88.450528,1119.0,23.56723462203258,1
27.33325,88.213583,1394.0,27.360321545332805,1
27.333333,88.212972,1405.0,41.95297820065328,1
27.335,88.206722,1453.0,28.632096976803734,1
27.337194,88.621833,1779.0,15.793169048263966,1
27.339806,88.227361,1192.0,27.90904811068605,1
27.340917,88.628389,1983.0,24.46133251877165,1
27.341444,88.626194,1977.0,30.418494611596422,1
27.342,88.223722,1229.0,32.754877470959904,1
27.345028,88.246639,1675.0,34.46474362464782,1
27.347278,88.196833,1827.0,27.32389130134654,1
27.348722,88.600556,1259.0,29.927479327463576,1
27.351194,88.272417,1520.0,32.53469816945699,1
27.3515,88.273028,1529.0,28.08409936669116,1
27.358583,88.840194,3835.0,42.75375023557236,1
27.361583,88.839306,3836.0,28.360372759879684,1
27.364583,88.787333,3863.0,24.748625315195834,1
27.364722,88.834917,3862.0,33.66525729241905,1
27.365056,88.655167,2337.0,35.59118566547325,1
27.366944,88.449806,1694.0,26.880307851329,1
27.367111,88.776028,3909.0,21.6115960987222,1
27.368194,88.711167,3167.0,18.305448954250743,1
27.368278,88.711278,3182.0,15.845167180271268,1
27.368917,88.794611,3894.0,33.26309702272514,1
27.369306,88.691583,2802.0,31.138369345567487,1
27.369333,88.714917,3201.0,17.035742128041974,1
27.369778,88.456833,1507.0,27.62503917921715,1
27.370083,88.67925,2569.0,42.2006310918857,1
27.370472,88.686417,2752.0,39.70379580424368,1
27.37075,88.679444,2632.0,30.508958866202807,1
27.370861,88.683167,2720.0,32.91160083273797,1
27.370972,88.710111,3154.0,40.40795643964196,1
27.371472,88.709722,3133.0,36.505887632648864,1
27.371806,88.677167,2572.0,26.20460176321736,1
27.372278,88.688944,2990.0,28.98757825007264,1
27.372333,88.617556,1894.0,31.051293565952417,1
27.372806,88.739139,3487.0,30.508958866202807,1
27.373083,88.720028,3269.0,25.955401413885543,1
27.373472,88.721944,3264.0,37.08573289536603,1
27.373472,88.731722,3393.0,23.069045509039658,1
27.374583,88.542444,1809.0,39.260731733474245,1
27.374583,88.542333,1836.0,38.88263603672812,1
27.37475,88.782889,3896.0,30.85613335195628,1
27.375028,88.728278,3380.0,31.06099134268408,1
27.375139,88.542833,1818.0,46.04308726111928,1
27.375139,88.708028,3159.0,35.889866740432154,1
27.375194,88.54275,1818.0,46.04308726111928,1
27.375806,88.625278,1850.0,30.297100641022165,1
27.375833,88.726722,3335.0,28.632096976803734,1
27.376222,88.799667,3938.0,35.65722463378061,1
27.376306,88.629583,1818.0,36.491988188351336,1
27.376861,88.766167,3786.0,26.56505117707799,1
27.378306,88.770083,3824.0,20.001783914715944,1
27.378417,88.697222,3062.0,42.99770029709786,1
27.378444,88.541667,1767.0,31.205779114725832,1
27.378611,88.631083,1816.0,47.640934368153054,1
27.378667,88.699611,3088.0,50.43674179651427,1
27.379639,88.315361,1516.0,35.339242872470656,1
27.380806,88.726,3597.0,35.83201983789954,1
27.380861,88.812361,3965.0,38.44607343064101,1
27.381278,88.632611,1763.0,35.27938801183364,1
27.381306,88.690444,3090.0,32.63194030642942,1
27.381556,88.691806,3097.0,39.260731733474245,1
27.381917,88.640333,1689.0,38.39064026848265,1
27.383361,88.702611,3164.0,33.821757317608586,1
27.383611,88.305806,1632.0,49.64199026958608,1
27.38375,88.808694,3951.0,44.44842104525551,1
27.383806,88.633083,1751.0,10.046788047511114,1
27.384444,88.639611,1635.0,40.36453657309736,1
27.389222,88.310972,1429.0,42.05058435733242,1
27.393139,88.310139,1537.0,25.376933525152303,1
27.394,88.62525,1577.0,41.455233544405125,1
27.395028,88.307389,1620.0,40.19511744351121,1
27.395444,88.623583,1618.0,26.880307851329,1
27.3955,88.623556,1618.0,26.880307851329,1
27.3955,88.306889,1646.0,38.54414157288248,1
27.395556,88.517528,739.0,29.50686221733105,1
27.395639,88.621667,1592.0,34.37782091784768,1
27.397083,88.519167,765.0,34.090063875331914,1
27.397389,88.356139,1602.0,34.25055493497398,1
27.398083,88.614583,1628.0,43.81031273645806,1
27.399806,88.329139,1941.0,27.372447043216635,1
27.400278,88.356861,1566.0,15.042369244334244,1
27.40825,88.571167,1662.0,29.686933196903503,1
27.409667,88.543722,1517.0,39.37703221498191,1
27.4097,88.54371,1517.0,39.37703221498191,1
27.409861,88.543722,1517.0,39.37703221498191,1
27.411306,88.516611,608.0,55.3527419111529,1
27.412111,88.627083,1402.0,24.15404655313558,1
27.412111,88.626944,1402.0,24.15404655313558,1
27.417306,88.622361,1381.0,24.16881343581011,1
27.417389,88.621222,1406.0,51.60324679491103,1
27.417444,88.621083,1406.0,51.60324679491103,1
27.417778,88.623389,1396.0,32.401162502089626,1
27.417972,88.623361,1396.0,31.809663934881115,1
27.418,88.623333,1396.0,31.809663934881115,1
27.418472,88.616083,1385.0,22.61986494804043,1
27.418667,88.616778,1403.0,26.61590170730996,1
27.420028,88.515944,650.0,49.44484608854498,1
27.426,88.514,669.0,30.85613335195628,1
27.426361,88.583028,1658.0,27.90904811068605,1
27.429556,88.611667,1525.0,25.8493248967401,1
27.433083,88.514528,721.0,37.97806296315605,1
27.435944,88.515167,775.0,45.47735649954213,1
27.436556,88.526639,1284.0,22.684823831912844,1
27.437444,88.613972,1574.0,27.17735741799749,1
27.437889,88.601694,1788.0,20.80971857959822,1
27.438139,88.527028,1280.0,26.74234155739631,1
27.438389,88.514389,776.0,26.91773442777563,1
27.438778,88.527444,1291.0,28.485468456722128,1
27.441056,88.513694,802.0,39.24321155180508,1
27.448306,88.519667,875.0,40.14558013326291,1
27.461694,88.523472,930.0,33.33081260166977,1
27.4795,88.528472,884.0,29.24925904290538,1
27.480472,88.531194,1010.0,42.52930443177325,1
27.481083,88.530667,1031.0,27.505240762859906,1
27.482583,88.52875,940.0,38.72034490930262,1
27.482583,88.529528,967.0,17.224372940700082,1
27.48603,88.53269,1059.0,22.42335855928612,1
27.502,88.5375,1231.0,20.307500221928045,1
27.5091,88.53848,1233.0,21.971970836813973,1
27.514972,88.565472,1395.0,24.634322367669885,1
27.5152,88.56456,1393.0,28.30319610038818,1
27.516444,88.587361,1460.0,18.64821573021375,1
27.517278,88.539667,1317.0,35.59118566547325,1
27.517306,88.542889,1321.0,33.89536963300801,1
27.527194,88.603222,1490.0,38.659808254090095,1
27.527333,88.590778,1510.0,41.90884788180327,1
27.527722,88.607972,1529.0,49.038498861928375,1
27.527917,88.60225,1473.0,42.52459232805973,1
27.528722,88.600833,1491.0,43.82326648237429,1
27.529639,88.598139,1464.0,26.126317264569018,1
27.531667,88.606333,1458.0,30.297100641022165,1
27.533722,88.609278,1429.0,58.73354826471108,1
27.535056,88.610194,1417.0,29.63417437185607,1
27.535333,88.497972,911.0,44.14764869887604,1
27.5435,88.628306,1289.0,39.6583469636901,1
27.54375,88.58475,1599.0,38.3782952345034,1
27.545694,88.636,1376.0,32.401162502089626,1
27.545861,88.585194,1690.0,44.28627766987951,1
27.546333,88.586472,1770.0,33.05825736162379,1
27.547111,88.602667,1718.0,36.65110902894253,1
27.548417,88.641944,1345.0,42.03111377419729,1
27.549194,88.583556,1811.0,42.74910864769488,1
27.549306,88.644889,1308.0,24.22774531795417,1
27.550917,88.646056,1363.0,41.394387744693525,1
27.552528,88.653528,1406.0,47.31424584210774,1
27.552861,88.622306,1739.0,30.80698111710518,1
27.553556,88.581222,1837.0,26.113233272206745,1
27.553583,88.577194,1873.0,47.51518386149412,1
27.554889,88.654444,1459.0,43.06601987632945,1
27.55525,88.647556,1730.0,34.75376186272035,1
27.575444,88.651417,1619.0,36.16893488396254,1
27.609056,88.652028,1663.0,29.51750907883067,1
27.611333,88.655222,1673.0,42.2822816266301,1
27.613444,88.656528,1759.0,29.260073022738787,1
27.61775,88.623639,1738.0,15.179705807856672,1
27.619722,88.618861,1779.0,34.99964807788197,1
27.621806,88.618694,1798.0,36.26089278326507,1
27.628083,88.685306,2036.0,42.6279160619024,1
27.629361,88.695194,2095.0,38.229395338185824,1
27.6295,88.692778,2073.0,47.06917211016504,1
27.629944,88.619833,1882.0,42.05058435733242,1
27.637167,88.712028,2255.0,25.23940182067892,1
27.638694,88.711694,2280.0,15.179705807856672,1
27.641139,88.612,1881.0,15.609525869125669,1
27.652861,88.607,1953.0,41.02410199989886,1
27.662444,88.602556,2072.0,25.07280797783953,1
27.675778,88.733417,2603.0,28.89942242619857,1
27.676722,88.597194,2197.0,32.47251629973426,1
27.686389,88.73875,2658.0,32.34744349944203,1
27.697139,88.57025,2337.0,41.09162949850341,1
27.700444,88.566083,2392.0,24.74862531519583,1
27.701333,88.565083,2390.0,38.37211908620569,1
27.703917,88.562306,2420.0,28.08409936669116,1
27.704028,88.56175,2450.0,28.25731168850377,1
27.704306,88.560694,2529.0,31.670097621922785,1
27.713944,88.557361,2610.0,37.16592466590954,1
27.723611,88.550472,2714.0,26.880307851328983,1
27.724222,88.552861,2684.0,33.89536963300801,1
27.726083,88.54975,2702.0,35.63524161504921,1
27.728472,88.551667,2665.0,33.10114358966526,1
27.735278,88.54925,2733.0,40.12351235567568,1
27.74075,88.54525,2762.0,22.765646640754472,1
27.740944,88.545361,2762.0,22.765646640754472,1
27.745194,88.544278,2806.0,27.79130564477921,1
27.749111,88.542972,2813.0,35.86819845525075,1
27.18822222,88.56238889,468.0,24.748625315195834,1
27.179,88.53313889,370.0,42.09430109320842,1
27.46166,88.52341,930.0,33.33081260166977,1
27.33208,88.50902,1534.0,22.8781056322946,1
27.53533333,88.49797222,911.0,44.14764869887604,1
27.31583333,88.60666667,1453.0,28.553305000609424,1
27.37027778,88.67361111,2508.0,14.24415761739711,1
27.39305556,88.63527778,1570.0,39.260731733474245,1
27.28081944,88.57090278,1250.0,34.846405699136405,1
27.25941667,88.55038889,641.0,37.48271544856494,1
27.36473056,88.23727778,2017.0,34.21858270764896,1
27.33825,88.60911111,1579.0,22.81394173961772,1
27.27352778,88.57783333,937.0,33.05825736162379,1
27.38107778,88.64063333,1706.0,27.79130564477921,1
27.39866667,88.62358333,1742.0,27.360321545332805,1
27.39838889,88.62566667,1758.0,22.42335855928612,1
27.25352778,88.60377778,1062.0,20.307500221928045,1
27.5401,88.56929167,1966.0,52.869481963296,1
27.55314167,88.62179722,1734.0,36.31722195558744,1
27.54975833,88.57530833,1888.0,27.613098503754813,1
27.54810833,88.60807778,1762.0,44.2360201883268,1
27.55236944,88.58208333,1842.0,27.226347381898258,1
27.36388889,88.62083333,1702.0,27.238572082130062,1
27.23166667,88.5025,390.0,26.00818191569552,1
27.27458333,88.55002778,1171.0,31.966424730373205,1
27.25858333,88.46166667,581.0,32.427956428323874,1
27.33941667,88.60990556,1646.0,22.373844274024943,1
27.3699335,88.4859279,807.0,31.698105479809307,1
27.28955556,88.37748333,1496.0,19.12710170142385,1
27.25333333,88.53194444,539.0,27.432940772267944,1
27.35861111,88.62027778,1685.0,37.56093713903626,1
27.2533846,88.5489504,665.0,34.85410224097107,1
27.28666667,88.55347222,1695.0,51.05628837978884,1
27.24722222,88.60666667,1281.0,22.765646640754472,1
27.17054167,88.38358056,1528.0,33.764273391292186,1
27.26066667,88.53383333,955.0,27.990970091758022,1
27.31663889,88.45861111,524.0,11.648634944412734,1
27.23444444,88.49083333,361.0,31.89284050209588,1
27.33972222,88.62055556,1861.0,27.432940772267944,1
27.37055556,88.61611111,1894.0,9.870926939134982,1
27.39472222,88.62361111,1585.0,17.224372940700082,1
27.3250091,88.4704442,493.0,25.79602649449995,1
27.25252778,88.52777778,682.0,33.83814426542724,1
27.35805556,88.62111111,1734.0,21.47206914335925,1
27.61936111,88.66131389,1848.0,46.512056219175385,1
27.25061389,88.46280278,528.0,46.753064203465925,1
27.69920278,88.56659722,2449.0,38.51968181497392,1
27.32888889,88.60777778,1445.0,28.30319610038818,1
27.68445278,88.7379,2674.0,52.358372215443104,1
27.22122778,88.735475,1263.0,28.40597188009524,1
27.38155556,88.63883333,1696.0,27.62503917921715,1
27.12344167,88.24483889,460.0,41.62130964323344,1
27.19558889,88.62802778,584.0,44.03323301127651,1
27.236,88.75722222,1649.0,11.499465999742789,1
27.20258333,88.65547222,721.0,43.745371274016456,1
27.28577778,88.5535,1571.0,64.57997127754341,1
27.51473889,88.57758889,1415.0,12.260147486012336,1
27.16993889,88.51481944,473.0,28.553305000609424,1
27.25225,88.60811111,1136.0,37.61935164481234,1
27.24777778,88.5975,1253.0,17.083143246452856,1
27.47888889,88.52861111,877.0,31.138369345567487,1
27.28847,88.30139,1135.0,35.59853666783391,1
27.2535,88.54141667,601.0,26.360054096082703,1
27.30140833,88.3916,1803.0,47.00376600875936,1
27.14871944,88.28128889,382.0,34.49623729009093,1
27.11955556,88.32275,357.0,27.505240762859906,1
27.190191,88.325507,522.0,50.49794124616321,1
27.32633333,88.59544444,1014.0,23.273326481355983,1
27.11236111,88.32455556,370.0,41.4754613018093,1
27.37211111,88.61671944,1872.0,25.197913740371355,1
27.28119444,88.58952778,985.0,28.280269845499703,1
27.24883333,88.60191667,1145.0,15.609525869125669,1
27.21391667,88.60833333,813.0,23.93089341141916,1
27.2536,88.6043,1067.0,13.915808695897177,1
27.39336667,88.52236944,1043.0,31.01244544880732,1
27.25066667,88.53144444,494.0,15.845167180271268,1
27.26352778,88.19047222,1048.0,30.77741947322608,1
27.24297222,88.47055556,494.0,32.74612665551688,1
27.19950556,88.32696111,509.0,39.42908536453976,1
27.238515,88.48812389,398.0,30.82665955230447,1
27.13689,88.276598,337.0,52.3125034740189,1
27.09725,88.3825,282.0,43.89215978617888,1
27.17748333,88.52165833,320.0,29.50686221733105,1
27.10570556,88.35308056,489.0,24.242444512172103,1
27.36552778,88.61596667,1672.0,38.17319333803386,1
27.54308333,88.62675,1364.0,26.767512858834905,1
27.40251944,88.51868056,574.0,36.38035713820488,1
27.27872778,88.12502778,1840.0,25.14243049054343,1
27.2525,88.4606,550.0,34.21858270764895,1
27.248882,88.476747,461.0,26.577778623734844,1
27.4432,88.6087,1570.0,29.63417437185607,1
27.327977,88.152281,1578.0,13.640311227766055,1
27.372611,88.541022,1848.0,33.44025753518539,1
27.33787,88.609377,1578.0,24.862123938667224,1
27.29166667,88.22,1666.0,45.7479603589092,1
27.28777778,88.23277778,1409.0,19.68967329725292,1
27.26063889,88.71438889,1294.0,37.50230700018765,1
27.26616667,88.72697222,1914.0,29.538782259558097,1
27.26544444,88.72252778,1677.0,7.2338446967252255,1
27.37441667,88.54505556,1631.0,32.754877470959904,1
27.36977778,88.54466667,1735.0,32.754877470959904,1
27.59027778,88.65394444,1677.0,23.021526638116164,1
27.57502778,88.65402778,1483.0,39.10233716664201,1
27.56111111,88.65452778,1412.0,25.5133092609215,1
27.52838889,88.59972222,1557.0,38.66587243862988,1
27.56941667,88.65272222,1482.0,17.083143246452856,1
27.51491667,88.56313889,1416.0,28.485468456722128,1
27.51444444,88.56777778,1463.0,17.775317038209,1
27.25102,88.460004,422.0,55.4694557555737,1
23.653556,92.035139,282.0,3.931095784160226,1
23.663361,92.015111,313.0,20.307500221928045,1
23.678056,92.038028,195.0,26.437229357181263,1
23.679,92.039278,179.0,25.23940182067892,1
23.687417,92.054528,182.0,24.932657538079724,1
23.691167,92.055444,244.0,23.428692808745406,1
23.692222,92.015833,244.0,19.82702865340817,1
23.693,92.054472,253.0,22.61986494804043,1
23.693,92.014361,246.0,17.594079543115168,1
23.694139,92.013278,213.0,27.613098503754813,1
23.697694,92.071194,230.0,15.42324502154344,1
23.69925,92.044694,108.0,17.083143246452856,1
23.727194,92.242722,196.0,25.197913740371355,1
23.793444,92.125833,189.0,21.135527342306386,1
23.793444,91.552056,144.0,15.179705807856672,1
23.794253,91.553533,145.0,8.935631425418535,1
23.797306,92.120417,174.0,2.698950908923438,1
23.805528,92.120417,146.0,20.80971857959822,1
23.821,92.094417,118.0,15.845167180271268,1
23.824722,92.260722,847.0,28.98757825007264,1
23.828278,92.023389,114.0,9.73677691573277,1
23.85417,91.34361,16.0,3.016961309815993,1
23.882833,92.241583,196.0,12.260147486012336,1
23.890278,92.272528,759.0,17.93200256558677,1
23.891083,92.288361,288.0,26.00818191569552,1
23.89125,92.288056,304.0,25.5133092609215,1
23.892694,92.272667,753.0,23.397741000263863,1
23.894667,92.287972,323.0,17.66231893216494,1
23.896194,92.296667,156.0,11.386165083355712,1
23.896806,92.283361,382.0,23.628423517864427,1
23.897556,92.282889,405.0,31.670097621922785,1
23.899944,92.279222,501.0,21.260377126997213,1
23.906917,92.271944,732.0,24.634322367669885,1
23.914472,92.27125,733.0,29.58124669955053,1
23.927194,92.275389,687.0,29.686933196903503,1
23.953333,92.233139,127.0,6.853224835121291,1
23.980333,91.475278,82.0,11.648634944412734,1
24.003417,91.45425,66.0,17.01197993242201,1
24.012306,91.451778,67.0,8.984876931685683,1
24.028194,92.091861,152.0,17.66231893216494,1
24.031139,92.2535,132.0,3.931095784160226,1
24.0335,92.100694,107.0,18.19662752273151,1
24.039139,92.106944,136.0,7.416536974278209,1
24.048556,92.314306,92.0,14.959246786437893,1
24.063194,92.28225,432.0,27.565248984490395,1
24.066639,92.277417,561.0,35.02251023762291,1
24.068472,92.290833,269.0,28.4627941894252,1
24.069444,92.287167,299.0,30.77741947322608,1
24.069556,92.291361,271.0,32.57012547147069,1
24.070611,92.290944,276.0,19.370844026969944,1
24.071167,92.291694,247.0,27.078936947526696,1
24.106444,92.276389,559.0,14.15548761586253,1
24.107028,92.276667,564.0,21.680889149080844,1
24.129083,92.277667,443.0,8.984876931685683,1
24.133306,92.27775,401.0,29.802413569555988,1
24.134722,92.277639,376.0,28.98757825007264,1
24.139861,92.319167,109.0,12.772578169490426,1
24.141694,92.322306,100.0,8.582483688827132,1
24.142722,92.273583,315.0,18.64821573021375,1
24.165583,92.268389,190.0,11.461836902818336,1
24.212361,92.258111,80.0,9.870926939134982,1
24.228111,92.287417,64.0,6.091478002079769,1
24.240194,92.247861,144.0,30.266612409654883,1
24.325444,94.232583,413.0,35.65722463378061,1
24.781694,93.776056,991.0,18.87922133905067,1
24.791306,93.735667,1119.0,23.88588673441924,1
23.993632,91.858355,80.0,20.80971857959822,1
23.9,91.75622222,201.0,28.485468456722128,1
23.89569444,91.76525,247.0,20.097992628721148,1
23.88888889,91.78888889,146.0,19.74869565807571,1
23.912,91.83852778,82.0,2.1342998941463125,1
24.17072222,91.76697222,79.0,8.935631425418535,1
24.16966667,91.76686111,78.0,13.326469949385988,1
23.22966667,91.49532222,51.0,12.53638838286113,1
23.25229444,91.48825,30.0,9.462322208025617,1
24.384311,92.126028,49.0,11.461836902818336,1
24.477126,92.205369,32.0,6.853224835121291,1
24.48556,92.212277,35.0,11.348119585994183,1
24.489749,92.170312,60.0,7.653048720543413,1
24.320111,92.216955,70.0,8.582483688827132,1
24.314206,92.225824,87.0,8.735690934280582,1
24.309993,92.22714,86.0,3.4389123953782974,1
24.352076,92.225188,64.0,17.035742128041974,1
24.033017,92.26034,199.0,22.668609279892426,1
24.24263,92.212137,75.0,17.387333467314576,1
24.209473,92.27134,135.0,8.582483688827132,1
23.91951111,91.87873333,106.0,4.857533338413092,1
23.802772,91.272189,19.0,5.788832299437198,1
27.15925,88.639556,742.0,25.07280797783953,1
27.15925,88.63955556,742.0,25.07280797783953,1
27.032817,94.935577,101.0,1.3502244696996155,0
25.743297,90.067652,128.0,9.83200384668315,0
26.041219,94.121612,351.0,16.759947048256898,0
26.374799,90.084598,43.0,1.6876048941769748,0
27.194172,95.587488,750.0,8.056359672969409,0
27.431934,95.599793,147.0,2.5695028228896355,0
26.094646,91.570769,49.0,2.4563945664087456,0
24.685733,93.988125,775.0,1.3502244696996155,0
23.51677,91.492242,21.0,1.7210061534334908,0
26.524303,94.10423,92.0,1.9091524329963765,0
27.092383,93.247974,907.0,32.79419861003179,0
27.780143,95.935616,144.0,3.372286683433898,0
24.917529,94.173825,1044.0,20.186438039091524,0
23.917409,93.289509,1303.0,14.273571375658683,0
23.590627,91.766922,117.0,6.721369339369457,0
27.364125,88.12026,2559.0,36.042522272818985,0
25.981229,94.420794,712.0,23.3822424378352,0
26.763859,90.520639,136.0,1.391763426244203,0
23.284557,92.718124,455.0,21.829253707465693,0
26.748714,90.817881,218.0,2.6350263783644494,0
28.199078,96.272814,3166.0,26.842795672040804,0
27.664261,88.662968,3981.0,36.81973830955626,0
26.077811,92.480254,270.0,5.150652185902698,0
27.433433,93.08202,990.0,36.14941470551866,0
25.835268,92.13072,963.0,14.794858563459922,0
26.367597,91.190527,42.0,1.96786377642228,0
25.454824,91.99421,1578.0,8.077000600578957,0
27.007719,94.866056,101.0,1.2171181316034885,0
24.036345,91.978257,52.0,2.0248682972773406,0
22.320763,93.1857,509.0,26.808333957253367,0
23.548682,92.577633,806.0,39.2212836038685,0
25.123555,92.289667,536.0,29.939155901858676,0
27.346714,93.236868,1847.0,26.00982855671433,0
27.569235,93.109273,926.0,28.35466400077033,0
27.021627,93.605998,380.0,45.74654461475576,0
26.601448,93.601148,97.0,1.6876048941769748,0
26.332703,91.953283,55.0,1.2171181316034885,0
28.557346,96.292952,3165.0,17.69065401563772,0
27.234816,95.850005,1030.0,22.75959931811348,0
29.00634,94.24856,3448.0,23.88025197506953,0
26.491933,90.572559,55.0,2.052775101535614,0
23.926758,93.974527,885.0,32.74284389876187,0
24.022309,91.994183,74.0,8.063246165697251,0
26.091935,94.980321,890.0,38.23952161547351,0
28.417608,95.496331,1824.0,39.07356605812686,0
28.593956,95.345865,3067.0,40.83355025056818,0
26.611081,91.832509,69.0,2.7199233149201807,0
29.286876,96.140114,4119.0,12.814236200163856,0
28.573497,95.634044,1938.0,30.955221205041557,0
27.483356,88.245337,4519.0,9.787315661021411,0
28.442906,95.553795,1923.0,32.86930225673704,0
28.401733,96.211192,2288.0,44.00608643147668,0
24.236878,92.339442,112.0,5.258953144814,0
24.947982,94.042622,794.0,2.5695028228896355,0
25.788962,93.711037,171.0,3.631393549323058,0
26.279388,91.633386,54.0,3.016961309815993,0
27.354403,93.074085,950.0,18.491238668119102,0
26.987128,94.987081,109.0,1.0675202709770988,0
24.425095,94.256541,964.0,19.59573743353876,0
24.165113,91.795123,56.0,5.759620519825523,0
26.063764,90.84143,40.0,2.7818863802117484,0
26.304951,92.053523,52.0,4.168739961832943,0
25.439498,94.166934,1261.0,21.726194396251515,0
24.462635,93.962333,806.0,12.334204111082284,0
27.593036,95.705975,154.0,3.1996013002506887,0
25.515872,90.31399,985.0,7.746973739247727,0
26.679596,91.908311,84.0,1.5095270002735288,0
23.776244,92.659756,465.0,13.96111323664312,0
27.735336,95.071822,112.0,0.0,0
22.317978,92.881427,535.0,24.88508115884724,0
25.738953,94.773913,1592.0,10.779771619960355,0
27.536722,96.446595,666.0,3.109633021988153,0
23.890691,92.474539,692.0,7.014428612980272,0
26.739021,90.336525,185.0,5.427642598914455,0
24.006635,93.904121,1682.0,30.025823372710825,0
22.98143,93.090068,904.0,25.13721917646905,0
26.023681,91.843996,112.0,18.009697068630487,0
23.496656,91.920844,121.0,6.0637651384102655,0
27.174481,93.503008,1726.0,14.524375749408206,0
27.701834,96.066097,244.0,2.052775101535614,0
29.115468,96.035224,3063.0,18.926021867372565,0
27.565774,91.951368,2492.0,46.05648219056142,0
26.480063,93.146284,169.0,10.024987862075742,0
26.187602,91.716345,53.0,3.1818128120974354,0
28.201025,95.081649,1342.0,26.762796183610217,0
27.819527,94.124053,1216.0,38.24341460687454,0
27.616329,94.139194,2109.0,22.928052513731263,0
23.580421,93.313964,952.0,11.583636009094745,0
27.711644,94.587697,582.0,26.682404295840968,0
29.200439,95.714225,3801.0,34.41145966051805,0
26.660608,94.504497,316.0,11.671751367544037,0
24.508114,92.768649,260.0,14.752539390568929,0
28.128826,95.998822,1023.0,20.425249359005747,0
28.176814,93.987191,674.0,14.203597427432593,0
25.578797,93.071461,274.0,19.295109135877045,0
27.441675,92.106978,2362.0,19.909807565810038,0
26.53334,92.380854,58.0,1.5095270002735288,0
27.359255,88.817142,4049.0,10.698770358091483,0
27.645917,92.605239,1887.0,20.648782326696494,0
26.801045,94.50445,105.0,2.7199233149201807,0
25.501754,93.479283,407.0,2.7199233149201807,0
25.142342,93.003298,694.0,13.824682316158707,0
27.676208,93.049756,1146.0,26.88811210043463,0
27.393199,92.564072,1665.0,22.5096334326684,0
24.004481,93.033503,1135.0,23.84263602379236,0
25.254967,92.424928,704.0,24.54265305833281,0
24.226678,93.303342,1098.0,29.661893739510848,0
25.33057,92.924809,535.0,20.99158237694124,0
26.528066,93.850339,98.0,1.817522018719848,0
29.071516,94.969589,1714.0,41.8627407939744,0
24.13203,93.594492,962.0,14.663910850320782,0
25.357037,94.620812,1782.0,28.09860341401633,0
28.893309,94.474138,4015.0,36.141422348079566,0
28.966742,94.227826,3202.0,3.1818128120974354,0
26.038366,92.008878,225.0,1.0675202709770988,0
28.77666,94.100464,4208.0,16.46605279144296,0
26.223839,95.052957,1240.0,14.907015718609198,0
27.206171,94.486294,96.0,1.6876048941769748,0
22.545437,92.654286,358.0,27.42388088699965,0
27.631649,88.390532,2866.0,34.34312015369677,0
26.84324,92.435305,129.0,2.4563945664087456,0
26.717371,93.514761,75.0,1.391763426244203,0
22.626721,92.634832,89.0,7.594643368591445,0
28.39526,94.311965,3497.0,17.842681707487124,0
24.307067,92.287952,45.0,1.6876048941769748,0
25.812843,91.811806,617.0,22.75354966987249,0
25.050103,93.113018,801.0,30.61885839795703,0
26.646808,95.123325,988.0,26.068997192066927,0
27.195005,92.13087,3112.0,26.064074661084863,0
25.769763,94.748808,678.0,28.89113365401821,0
24.826872,93.194535,47.0,3.843668167321381,0
28.442627,96.278495,2660.0,13.964880910609391,0
28.115419,92.785353,4701.0,29.39063279226727,0
23.058355,92.615228,500.0,16.8595168388382,0
24.53741,93.075293,84.0,8.811234328732239,0
26.029844,93.200667,110.0,1.96786377642228,0
24.361706,92.292828,41.0,0.6752059787394532,0
23.697809,93.387552,1411.0,14.233109137789889,0
27.24752,95.012981,109.0,3.389067065438376,0
28.11691,94.251382,1390.0,51.57676150790064,0
28.485324,93.560361,4839.0,9.015509788449524,0
25.378838,92.956569,435.0,16.23188685787168,0
28.350347,94.121163,2026.0,28.454283303155208,0
28.40737,96.024822,1607.0,32.80074300019695,0
27.655228,94.768681,120.0,1.012750369636371,0
28.739126,94.536335,3495.0,34.33914964618987,0
27.931742,88.444673,4951.0,29.784095541431437,0
27.904468,93.332375,926.0,6.423150913734816,0
26.36205,91.260844,42.0,1.3502244696996155,0
25.133349,94.018716,1036.0,3.7692440164074177,0
23.725228,92.55476,901.0,22.47682283321852,0
26.266021,93.388728,1251.0,30.2526198317206,0
26.199169,90.592602,29.0,0.0,0
27.544349,94.459234,122.0,4.763641690726178,0
24.591575,93.719086,1071.0,12.194383223416786,0
26.612809,93.996899,99.0,2.5695028228896355,0
27.36568,94.3837,96.0,0.4774537773095774,0
28.249287,94.20901,956.0,23.04134354177199,0
24.26504,94.088298,1216.0,22.361441170119782,0
26.301859,92.156319,59.0,1.7210061534334908,0
27.558576,95.593779,134.0,1.0675202709770988,0
27.995292,97.105214,3810.0,47.24660675818882,0
27.003684,92.287577,1208.0,26.246849689869403,0
26.339385,94.332715,406.0,2.385944030388813,0
29.01659,95.743519,2181.0,34.21858270764896,0
28.784007,95.757037,2887.0,25.30143548054804,0
25.647487,90.873531,645.0,8.246892638951962,0
27.532844,94.315281,116.0,1.012750369636371,0
25.011482,92.61247,53.0,3.035723707408927,0
25.2769,91.495523,517.0,22.556678646299897,0
26.769448,94.242732,98.0,0.7548944975654582,0
27.698543,88.657306,3857.0,8.767251443500896,0
27.885391,88.152027,6672.0,23.88964213675081,0
25.899311,94.9849,1827.0,27.63100627025136,0
28.464858,95.375108,2079.0,44.89667509911437,0
25.387225,92.914268,486.0,23.653214487235275,0
24.962574,92.515032,18.0,0.7548944975654582,0
25.629758,94.462036,1109.0,31.764434242777654,0
26.066919,93.96361,137.0,0.9548412538721888,0
25.35466,92.999866,484.0,0.0,0
28.358079,94.609455,1146.0,33.27369602543111,0
27.727182,94.131316,1214.0,55.62409754445401,0
25.35303,91.19848,942.0,9.142972736785136,0
23.088786,91.530973,22.0,1.5095270002735288,0
26.166487,93.525435,785.0,9.51443116720917,0
28.473221,95.065427,1315.0,38.80545680273016,0
24.586496,93.656526,857.0,23.021526638116164,0
28.015113,93.409196,1466.0,28.661547312801563,0
29.274387,95.957268,3838.0,29.01091580590408,0
28.182485,96.746249,2387.0,20.88727638387147,0
25.595085,94.234929,1261.0,21.25371448094992,0
23.995868,92.167797,109.0,8.16580964839238,0
24.071726,92.053763,181.0,4.5823147648922165,0
25.602393,94.390486,1290.0,22.384172683758795,0
26.450504,91.728031,57.0,2.1342998941463125,0
27.561999,88.084997,5653.0,5.269658122688171,0
25.704968,94.627239,1024.0,29.95471185588949,0
28.007428,95.846332,176.0,8.001043010589031,0
28.4282,96.671779,3617.0,37.64847849035989,0
26.255393,93.424793,1108.0,28.2530034750777,0
25.083566,94.682023,1227.0,27.41028169409525,0
28.20179,93.823058,1766.0,12.55768130730836,0
25.883333,93.548054,194.0,1.5095270002735288,0
28.103371,94.850106,486.0,18.232085761299903,0
27.66135,93.675222,1987.0,30.75891656616658,0
27.658805,95.104549,112.0,0.4774537773095774,0
26.721236,93.318873,70.0,1.4320961841646465,0
28.444282,93.883189,2674.0,24.863891037796268,0
25.341102,90.930341,454.0,15.649096780194936,0
25.422365,92.779056,649.0,17.485346583773303,0
27.899187,93.223219,2582.0,26.95818375771802,0
26.845708,95.625059,2180.0,25.256657219795606,0
25.51958,91.034865,841.0,39.52406605121237,0
23.238702,92.755377,781.0,17.41334553404802,0
25.234568,90.341263,112.0,11.999138465478149,0
25.874193,92.143145,695.0,6.729688843059036,0
26.439673,91.193174,43.0,1.0675202709770988,0
26.8116,95.431511,1940.0,18.24570006242776,0
26.88128,94.815837,104.0,1.5095270002735288,0
26.325683,91.146123,40.0,0.3376147110174216,0
27.196735,97.109225,3199.0,24.77174442072964,0
26.418265,91.696958,56.0,2.698950908923438,0
26.983274,95.656728,1269.0,24.8373642231443,0
27.49999,95.805014,150.0,2.6350263783644494,0
25.901627,94.455615,1460.0,40.778100455043855,0
25.126557,94.08533,907.0,23.91965362035784,0
28.59055,95.86293,1170.0,40.90979443541725,0
23.161097,91.553711,81.0,11.583636009094745,0
27.743251,95.827445,138.0,2.8821812090202448,0
24.084381,92.18805,74.0,10.024987862075742,0
24.269066,93.032338,222.0,30.67105405407576,0
24.060628,92.352384,117.0,10.759583898850556,0
25.909653,91.602148,412.0,8.077000600578957,0
28.087888,97.095798,3861.0,38.11835994667712,0
26.765494,90.362503,163.0,2.263636058426967,0
25.335187,90.099614,94.0,9.898627976311248,0
28.255603,96.762621,4034.0,45.29631863432991,0
27.895897,94.122329,1282.0,30.308519253426013,0
27.178613,95.812559,328.0,1.817522018719848,0
25.911999,94.848749,1066.0,33.957477357459055,0
26.56704,92.04742,70.0,0.6752059787394532,0
25.758141,92.957588,109.0,1.817522018719848,0
25.478233,91.682817,1744.0,18.78516461876021,0
26.668243,94.902391,672.0,10.48288165556538,0
27.472989,95.26488,118.0,1.0675202709770988,0
28.062432,93.145169,3203.0,16.067079210634994,0
27.173475,92.380049,2362.0,18.188432287233457,0
28.047296,93.951005,1200.0,33.50097823942329,0
27.781577,88.605512,3911.0,27.142055418765164,0
24.148461,92.314778,118.0,6.18293016594826,0
23.846456,93.117127,579.0,29.14753247032426,0
27.534105,96.374007,532.0,7.917305155246911,0
27.969406,92.893818,3824.0,22.73538675151149,0
28.128904,93.675733,905.0,30.49893168631072,0
24.357447,93.140099,290.0,28.64612749644701,0
26.475314,90.893566,46.0,1.5095270002735288,0
29.110645,94.399175,2536.0,35.16089877335206,0
27.799074,88.644363,4825.0,36.41270532798108,0
26.493927,93.344752,404.0,9.20898742169279,0
29.080798,94.395899,2817.0,55.599339840138896,0
25.924706,93.407521,169.0,2.3619913818349927,0
26.828574,91.754077,237.0,8.380191745041826,0
25.695798,94.928091,1854.0,36.7899082723093,0
26.167137,91.650232,46.0,2.160788974078258,0
22.862997,92.629891,152.0,14.073633716023297,0
27.297049,96.015616,341.0,16.931476365156406,0
26.545506,93.198124,194.0,5.759620519825523,0
27.728701,92.954168,1662.0,20.782250463123127,0
27.058477,92.242346,2146.0,39.03808257396001,0
26.75507,95.347244,1030.0,25.670420306808527,0
28.306459,96.425141,2840.0,13.91959061491351,0
26.719421,90.368163,135.0,2.5695028228896355,0
25.954946,90.859054,57.0,3.945476393479333,0
23.209178,92.736803,686.0,27.372447043216628,0
27.363455,94.204793,94.0,0.4774537773095774,0
28.280843,93.700979,2163.0,30.258981562005783,0
28.150692,93.31066,1451.0,33.1737940577547,0
26.280767,94.042359,125.0,1.0675202709770988,0
27.712102,94.133321,1694.0,36.76087717499856,0
26.749028,91.928483,122.0,4.787290497376919,0
26.660018,92.694171,65.0,0.7548944975654582,0
25.584469,92.144872,1047.0,13.142105387504266,0
26.505709,89.930263,59.0,2.9018215173024653,0
28.418171,94.914224,1012.0,36.25560178915802,0
26.166975,91.495619,46.0,0.0,0
25.450669,91.012201,431.0,24.27913368416974,0
26.571313,91.623557,61.0,1.4320961841646465,0
24.293503,93.442916,1027.0,29.90150183345332,0
25.693659,92.851036,148.0,2.160788974078258,0
25.481633,94.162746,1354.0,20.738657385574744,0
27.688755,94.851318,118.0,1.9091524329963765,0
23.404997,93.373301,1007.0,15.359426015518492,0
27.692874,92.752618,2641.0,39.727886428017456,0
27.621838,96.838979,3719.0,12.776750912510217,0
25.771649,89.883588,28.0,1.0675202709770988,0
22.280988,92.713346,427.0,24.23693389272071,0
25.379293,92.465794,1071.0,3.016961309815993,0
25.819688,93.711523,162.0,1.012750369636371,0
26.553934,91.095396,51.0,6.423150913734816,0
27.27395,93.016627,1358.0,30.8622671178205,0
27.398763,95.502277,139.0,3.054369995163865,0
27.781363,95.372071,121.0,1.6876048941769748,0
27.36923,93.442421,1926.0,27.554763330999997,0
26.604114,93.925524,94.0,2.6350263783644494,0
24.301313,92.952114,947.0,15.874325631883014,0
27.365651,95.269472,121.0,1.96786377642228,0
27.157852,94.059801,88.0,2.5695028228896355,0
26.140148,90.329751,27.0,0.0,0
27.926187,96.789643,798.0,11.471257006629076,0
24.797583,94.372963,1110.0,24.43413404727132,0
28.099073,97.226394,4591.0,26.25982709963758,0
27.995504,96.986194,2058.0,30.258981562005783,0
23.870013,92.170917,106.0,5.479268333625944,0
23.460785,92.515947,907.0,11.981212095058318,0
26.356472,93.800044,235.0,7.718201376243395,0
26.741152,93.004422,70.0,1.012750369636371,0
25.967546,93.409509,169.0,4.072588647671146,0
28.989327,94.810046,1462.0,38.06727216792498,0
25.668253,91.744305,999.0,5.258953144814,0
25.657179,93.119663,326.0,12.106073141102074,0
28.345037,96.835331,4114.0,40.95954184281254,0
23.39112,92.411991,330.0,23.021526638116164,0
23.876191,92.326387,173.0,19.295109135877045,0
28.691101,96.060592,1650.0,24.8373642231443,0
29.120018,95.09807,2421.0,21.04797249248752,0
25.721962,91.823477,754.0,15.70167123678081,0
26.498775,95.041461,1825.0,18.232085761299903,0
26.073528,91.921515,60.0,1.0675202709770988,0
25.985348,92.438382,600.0,22.441886093428515,0
27.236518,92.212015,2598.0,17.083143246452856,0
26.25014,92.764196,71.0,3.109633021988153,0
22.814851,92.903836,408.0,29.433478888833008,0
26.328755,89.943222,51.0,2.1342998941463125,0
25.377863,92.837151,673.0,2.8821812090202448,0
27.383379,95.597792,190.0,3.016961309815993,0
26.292357,95.023315,2036.0,31.558764409033664,0
27.727252,91.855912,4408.0,24.80902082819981,0
25.103645,94.083976,920.0,27.31781173736662,0
28.764287,96.187254,2808.0,31.284874832376456,0
25.998764,94.233555,872.0,10.999158271052185,0
24.557324,94.155921,1478.0,22.249367941393537,0
27.417833,92.98375,1043.0,15.543304781484048,0
26.037485,94.343611,913.0,14.277243114666131,0
28.136574,93.012808,4353.0,15.483414558201002,0
28.59111,95.213667,2193.0,28.7829994896477,0
27.232907,93.631847,1081.0,29.06979941178212,0
27.513283,88.469917,2335.0,22.441886093428515,0
23.703655,91.793853,125.0,3.3384705437643523,0
27.001453,93.633096,330.0,3.4389123953782974,0
28.800489,96.282139,2484.0,48.31092848812786,0
25.155112,93.897021,2486.0,24.214872463290742,0
28.824297,95.587083,2590.0,30.35917347518287,0
28.880628,94.091732,4372.0,25.45378578114081,0
28.514827,93.680139,2206.0,34.19656541152528,0
26.145897,94.82121,1061.0,22.56484603228612,0
26.48871,90.292845,53.0,0.6752059787394532,0
27.776485,93.202189,1544.0,9.520202144985053,0
25.956241,91.590767,550.0,27.41028169409525,0
23.908528,91.389574,43.0,5.951584521749746,0
25.682503,92.833097,189.0,3.035723707408927,0
26.173549,91.903509,241.0,7.917305155246911,0
25.082694,93.456602,753.0,35.34110977787737,0
26.866559,92.706048,96.0,1.96786377642228,0
29.213892,95.73576,4175.0,25.352949515010675,0
25.632217,94.044622,2152.0,31.440754691242105,0
26.770238,93.108724,81.0,3.109633021988153,0
29.053438,95.971765,3589.0,17.528368921801512,0
27.692383,94.293935,449.0,29.076632747398463,0
26.589811,91.520629,68.0,2.1342998941463125,0
26.579907,94.280203,116.0,0.4774537773095774,0
25.611587,92.554724,807.0,23.738732727210387,0
28.007183,94.348622,1475.0,30.561502037856208,0
26.192194,91.829219,142.0,7.85388550431469,0
28.321009,94.442709,2071.0,25.589520372366223,0
28.398918,94.157817,3065.0,52.00453067075316,0
26.09962,91.577628,50.0,1.391763426244203,0
28.39697,93.331704,2579.0,36.61406435179938,0
28.619691,96.173121,2843.0,30.10818826996884,0
27.601437,93.530803,2617.0,27.745453237202632,0
25.70896,94.819878,1142.0,20.155422119735228,0
24.617842,92.624281,34.0,4.679912393493258,0
26.912195,94.401847,92.0,0.7548944975654582,0
27.306829,95.514501,206.0,2.263636058426967,0
26.710719,94.702499,605.0,27.41481600801581,0
25.010942,93.227201,196.0,12.958842095998698,0
22.984937,91.591428,16.0,7.085726953533678,0
25.651245,90.843136,587.0,12.106073141102073,0
25.58432,91.970932,1410.0,14.763132623631552,0
26.643985,90.330418,88.0,3.5204050825976285,0
27.991445,93.842489,666.0,27.35122154973727,0
28.408621,95.678262,1196.0,35.470335162866704,0
26.274054,92.628078,61.0,0.3376147110174216,0
26.046394,93.5796,701.0,9.8764738609297,0
26.080035,94.420815,877.0,18.329819733358647,0
27.92808,95.711071,136.0,2.385944030388813,0
25.697749,91.858494,834.0,7.062044068464845,0
27.322843,94.204136,90.0,0.0,0
25.75276,91.780126,665.0,8.104435709194412,0
27.890932,93.122904,2332.0,26.553906538270432,0
26.742926,93.059551,80.0,0.4774537773095774,0
27.727117,88.81121,3706.0,1.012750369636371,0
24.611803,94.194159,1525.0,34.94713390310787,0
27.604661,91.768964,3786.0,21.55942138371082,0
25.844464,92.812977,88.0,5.710593137499643,0
26.269208,93.469532,780.0,17.62255313386367,0
24.536232,92.716993,61.0,8.56312820868944,0
25.523595,92.552109,909.0,1.817522018719848,0
27.183816,92.131339,2924.0,25.25493250635702,0
24.866382,93.579376,536.0,34.61867922481203,0
28.026465,95.084616,1570.0,29.047913733133623,0
25.383522,91.076774,606.0,11.927252133664076,0
26.749912,92.973151,73.0,1.7210061534334908,0
26.54069,93.624195,384.0,18.86358755562412,0
24.558488,93.530508,1420.0,35.03488047791647,0
27.253243,95.661931,193.0,6.0637651384102655,0
26.564593,90.808481,54.0,1.2171181316034885,0
25.087668,92.814374,120.0,1.6876048941769748,0
26.796207,94.530993,103.0,3.016961309815993,0
22.995898,92.615243,216.0,30.651189418587016,0
25.334231,90.969562,389.0,1.817522018719848,0
29.193728,95.675822,3849.0,23.630331886271225,0
25.665137,92.763735,325.0,4.822542232360713,0
25.068036,94.448867,2179.0,40.28415836910245,0
25.986032,90.596104,290.0,15.90987591526664,0
27.704279,94.992423,109.0,0.3376147110174216,0
26.051844,94.771152,2120.0,25.0483691617686,0
27.594596,95.815465,149.0,3.389067065438376,0
24.563398,92.24007,36.0,1.012750369636371,0
24.578855,93.539148,1300.0,29.88199190250392,0
26.702213,94.69382,513.0,20.55371948893313,0
25.994762,90.65469,59.0,1.817522018719848,0
29.356734,96.078175,5051.0,12.225122675735754,0
27.853078,97.062932,2641.0,52.50429436066845,0
28.175117,94.699845,429.0,21.62244365822244,0
27.029318,95.170614,114.0,0.0,0
26.285691,92.61352,62.0,3.109633021988153,0
26.708664,92.261309,89.0,1.0675202709770988,0
24.03394,92.85939,401.0,11.043443551421284,0
27.440966,94.900351,106.0,1.012750369636371,0
26.938325,92.322014,368.0,17.562691357484656,0
23.579408,93.036224,617.0,30.332599354404916,0
26.289515,91.187421,44.0,1.0675202709770988,0
25.592648,93.334387,445.0,15.649096780194936,0
22.938726,92.494584,119.0,8.077000600578957,0
27.175039,88.099634,2449.0,23.46922573225269,0
22.00382,92.999409,1096.0,28.218497203955973,0
25.252187,94.122889,1299.0,17.528368921801512,0
26.666912,94.803601,692.0,30.06319579409674,0
28.412038,94.466441,3270.0,39.357467316033386,0
26.377118,95.085746,2228.0,22.65440780520033,0
26.455643,93.214573,766.0,17.109734569428905,0
27.802493,93.72405,1206.0,35.27938801183364,0
28.321197,94.503197,1891.0,23.994436724543963,0
24.210225,94.201714,594.0,13.16632060042364,0
25.774659,92.879466,108.0,2.1342998941463125,0
25.915875,93.595607,209.0,11.08264483156831,0
25.710888,93.921251,690.0,29.21270954886209,0
24.028236,93.803522,1389.0,28.960080041115702,0
25.788072,90.925631,543.0,29.784095541431437,0
24.880649,93.054702,43.0,3.70861682982072,0
28.220609,93.975056,1922.0,26.348768874453803,0
27.433639,94.58028,98.0,3.4389123953782974,0
26.522056,92.274283,63.0,2.160788974078258,0
27.219461,94.666997,95.0,2.7818863802117484,0
27.832728,92.928878,3174.0,79.28836758708908,0
27.300919,88.612764,1144.0,14.397796297014605,0
24.650299,92.291448,29.0,3.1818128120974354,0
26.206372,92.708948,62.0,7.832625705078162,0
23.86002,91.468804,48.0,2.1342998941463125,0
22.271465,92.795573,299.0,13.585991207888908,0
24.822308,92.447185,18.0,0.3376147110174216,0
27.514222,96.603956,910.0,14.624713477272469,0
25.718353,91.516939,1008.0,38.36748538486154,0
24.064655,92.38448,644.0,18.02629047070246,0
26.183197,89.898754,42.0,1.817522018719848,0
26.626554,90.869251,55.0,4.222687118252763,0
26.393051,92.373505,57.0,1.6876048941769748,0
27.754656,92.650201,2099.0,57.06874478113076,0
28.541755,95.904802,2310.0,32.081885930437224,0
28.32958,94.191359,1406.0,18.27288969553102,0
23.732467,92.992887,864.0,13.456950139244556,0
22.390804,92.637681,86.0,3.372286683433898,0
24.74338,94.600688,348.0,8.767251443500896,0
25.213681,93.350167,1062.0,26.297079837592264,0
27.213636,95.540462,574.0,31.89744914744901,0
25.973358,91.833779,445.0,28.713308565785912,0
28.15935,94.461635,1806.0,33.65801388639844,0
25.80429,91.356515,296.0,27.097435772987733,0
25.343264,91.813847,699.0,49.41674836196757,0
29.33475,95.818301,4560.0,31.543470762039785,0
26.683601,91.511596,84.0,3.016961309815993,0
26.322555,94.072735,124.0,3.016961309815993,0
26.687039,92.955281,71.0,3.631393549323058,0
27.921979,95.553165,128.0,0.7548944975654582,0
26.03803,91.388188,49.0,0.9548412538721888,0
24.862961,92.735112,20.0,2.7818863802117484,0
28.84325,95.685873,3100.0,34.21858270764895,0
28.301094,95.901495,1864.0,35.41096381499547,0
27.190313,95.591163,896.0,25.542142151256705,0
29.071279,94.597999,3659.0,25.91570359318582,0
26.177945,93.310551,639.0,15.99993592924168,0
25.631019,90.917605,761.0,11.405135172235026,0
25.902042,90.069259,28.0,0.4774537773095774,0
28.854699,94.75195,430.0,45.24654254201433,0
27.76785,96.634757,2282.0,37.05975130350664,0
28.417359,95.96973,1188.0,24.69336102907524,0
27.899373,96.930587,1128.0,45.07935713682623,0
28.930443,94.532191,2007.0,43.84590794011956,0
27.275651,88.846406,3428.0,46.75350340560108,0
28.612912,94.020258,2462.0,18.38382861198566,0
23.936004,92.210905,67.0,4.393377408433921,0
26.049366,91.572444,52.0,0.7548944975654582,0
26.057059,94.893405,1324.0,20.738657385574744,0
26.558273,93.596554,350.0,9.298200036904948,0
27.433757,94.799898,99.0,0.0,0
28.260707,93.387291,2776.0,33.66215336793683,0
24.156792,92.032069,37.0,0.9548412538721888,0
26.457206,94.235696,260.0,25.376933525152303,0
26.914966,92.610118,117.0,0.3376147110174216,0
25.294903,91.484916,573.0,24.05215408756328,0
25.440023,90.487462,650.0,30.41093353819057,0
27.601292,88.591777,3484.0,38.86842766653836,0
26.014935,91.244165,46.0,1.6876048941769748,0
28.267801,93.216502,3246.0,29.981899620167887,0
27.315838,96.498947,1429.0,18.264738251186536,0
27.039105,95.537017,534.0,11.009016379683205,0
28.21746,93.908612,2304.0,41.68249782308229,0
25.097864,92.92471,501.0,20.406471284033348,0
27.647518,93.539245,2374.0,20.107579528626577,0
25.971168,90.701766,54.0,2.1342998941463125,0
25.594506,91.613157,1655.0,11.653262308925733,0
27.16047,93.734035,333.0,18.264738251186536,0
28.870159,95.022801,1600.0,20.95991260433892,0
25.63992,90.647749,325.0,7.371307019051221,0
26.798426,91.930231,167.0,1.0675202709770988,0
27.516322,95.75811,147.0,1.3502244696996155,0
28.466424,95.151998,1435.0,27.68609956643004,0
22.960928,92.776494,465.0,36.66143181097579,0
28.557816,96.014989,2616.0,33.50829140859331,0
28.239049,95.842344,1187.0,28.884223166147564,0
25.37523,90.357681,190.0,12.68038349181982,0
26.722075,92.760805,73.0,2.7818863802117484,0
26.410757,91.51373,54.0,1.9091524329963765,0
24.5723,93.529338,1178.0,31.792282570357223,0
27.124265,95.052989,106.0,0.3376147110174216,0
27.040311,94.098068,82.0,2.052775101535614,0
27.812533,88.200835,5768.0,2.7199233149201807,0
25.12957,94.054454,970.0,31.23698325765622,0
25.452366,90.381262,1048.0,48.52436607423929,0
28.143727,94.378358,1955.0,33.239755086314034,0
26.924866,92.82085,93.0,0.7548944975654582,0
26.523694,94.097713,90.0,1.0675202709770988,0
28.423546,94.034284,1334.0,20.80971857959822,0
28.00163,96.469898,2266.0,40.90979443541725,0
27.063345,94.22169,90.0,2.052775101535614,0
26.872524,94.792801,100.0,1.012750369636371,0
27.268901,88.34435,2255.0,17.367068064949923,0
23.369323,93.389854,717.0,5.128711509483252,0
27.847102,93.038204,2506.0,24.793055768073742,0
28.536458,95.91481,1839.0,35.41096381499547,0
27.681692,95.611221,135.0,0.7548944975654582,0
26.225318,91.858966,48.0,2.5695028228896355,0
27.686591,92.614633,2817.0,52.69535580023869,0
24.975942,93.967472,1135.0,38.232511808357785,0
24.482556,93.618546,992.0,22.489134862284537,0
23.358116,91.389493,73.0,2.1342998941463125,0
23.659094,91.804441,119.0,2.4563945664087456,0
26.378013,94.913067,606.0,10.647801946937111,0
22.3057,93.039128,1115.0,39.07651938101343,0
25.076654,94.496369,1158.0,17.390226107566324,0
26.058836,91.586932,52.0,3.1818128120974354,0
23.09246,92.471925,191.0,5.322852793549542,0
26.683705,94.547529,371.0,22.02700214625758,0
25.877189,90.484623,80.0,9.462322208025617,0
23.503125,92.678346,448.0,24.978339816373097,0
28.22592,96.537516,1256.0,10.92491063265941,0
25.234239,91.373291,405.0,9.462322208025618,0
28.551365,93.857669,3247.0,5.051152528017926,0
26.385972,91.923227,52.0,2.698950908923438,0
27.045564,95.554074,580.0,4.822542232360713,0
28.250788,94.446681,2507.0,36.83080388647226,0
27.04207,94.635671,94.0,1.3502244696996155,0
24.486059,94.309247,682.0,14.481123401789077,0
27.212541,92.929797,604.0,24.094842552110705,0
24.836585,94.369892,1545.0,35.45087793804301,0
28.351143,95.99196,1858.0,34.078971944854835,0
23.752969,92.6341,189.0,11.179986107668157,0
23.708628,91.803363,139.0,5.427642598914455,0
26.857264,92.687922,104.0,0.7548944975654582,0
24.232416,93.831903,1142.0,22.441886093428515,0
23.496783,92.790994,534.0,27.22787596691276,0
29.092325,94.32457,4093.0,29.421439641486938,0
25.360263,90.107888,97.0,5.788832299437198,0
26.604281,93.278066,75.0,1.2171181316034885,0
26.885819,92.460056,157.0,0.3376147110174216,0
27.22395,92.919286,676.0,38.97356273272396,0
22.305585,92.998056,1343.0,23.444146119861458,0
28.252892,96.804758,3989.0,42.99598826055445,0
25.765706,92.552165,676.0,10.014068499821953,0
27.437675,93.45107,2087.0,18.777298908490536,0
28.583127,93.657803,2756.0,39.19785976034994,0
24.834975,92.751252,21.0,3.471741285563965,0
28.417645,94.606774,1100.0,14.222050628593289,0
28.980617,94.704353,2659.0,19.593257362113764,0
24.126914,93.87986,1008.0,15.639215353862252,0
26.23461,92.52808,63.0,2.385944030388813,0
25.08194,94.283987,1094.0,16.11800792223731,0
28.272258,95.04272,1180.0,29.661893739510848,0
27.137393,95.902995,903.0,27.470636668430664,0
28.448757,94.963979,1848.0,32.28679943874549,0
26.16411,94.991431,1296.0,21.602912557948024,0
28.912679,94.258947,3050.0,39.36036737143226,0
26.61033,90.37508,77.0,0.3376147110174216,0
28.488468,95.353467,3068.0,61.947112332279474,0
28.799802,95.814645,1889.0,17.439308927371652,0
26.814061,94.636243,101.0,1.6876048941769748,0
26.053815,95.110771,1844.0,15.100918952502711,0
27.781248,93.68451,1395.0,27.57872072907237,0
24.778799,92.842782,28.0,6.281942803729766,0
26.128949,92.040547,56.0,4.114075330927888,0
26.921364,93.799401,79.0,5.385977098599754,0
26.249954,92.623788,66.0,1.3502244696996155,0
25.0703,92.760936,352.0,23.198990682657424,0
22.632013,93.060773,1228.0,31.671265565493904,0
29.323957,95.755468,4756.0,47.09147686780061,0
26.614619,93.781469,86.0,3.109633021988153,0
24.068584,93.090868,309.0,26.644435887199457,0
28.127157,96.579404,2094.0,27.554763330999997,0
28.44958,95.284442,1589.0,18.64027503545114,0
27.228818,93.067525,1235.0,20.15781024083281,0
24.436499,92.329308,55.0,1.817522018719848,0
23.65328,93.417302,986.0,15.51006672197381,0
25.198946,93.93673,1688.0,8.118116632592285,0
26.767328,93.040077,72.0,3.016961309815993,0
27.629329,93.825165,1904.0,19.694600815138024,0
27.214813,93.517378,1050.0,21.96560850853191,0
25.954869,92.468084,468.0,4.5823147648922165,0
28.81999,94.379231,3143.0,41.466614981585565,0
27.428869,95.485942,145.0,0.7548944975654582,0
26.117443,93.215772,271.0,10.111883288785483,0
25.982596,93.621225,175.0,2.3619913818349927,0
28.740046,95.046742,2142.0,41.97010509034428,0
25.797464,94.084453,1105.0,10.246059403967996,0
28.347505,96.023974,2338.0,35.63524161504921,0
26.076765,92.348485,156.0,8.063246165697251,0
24.429993,92.592197,54.0,4.5823147648922165,0
26.578576,92.248658,75.0,4.520227592644634,0
26.336449,90.885854,38.0,0.0,0
24.683183,93.32884,713.0,32.860612153430644,0
23.26287,93.198358,872.0,34.11927018081244,0
28.275296,93.714974,2650.0,27.798689254445293,0
23.921119,93.075645,606.0,40.32099374186543,0
22.174804,92.780094,239.0,27.745453237202632,0
24.989044,93.482431,897.0,10.759583898850556,0
26.03014,93.197627,105.0,3.1996013002506887,0
25.781353,92.380785,798.0,26.47888107199723,0
25.719304,91.742336,826.0,8.582483688827132,0
28.321873,94.241884,2536.0,43.844830570829245,0
24.640302,92.557537,25.0,0.9548412538721888,0
25.609989,90.069355,122.0,3.945476393479333,0
25.361644,92.427535,1067.0,9.719867702432296,0
28.183888,92.913531,3802.0,42.72413525062311,0
23.248417,93.12953,1132.0,20.60943850306615,0
24.689229,94.157249,867.0,19.875777892472534,0
28.227703,94.154064,412.0,26.74234155739631,0
24.772255,92.869255,23.0,6.0637651384102655,0
25.568356,92.589105,749.0,19.193516920934957,0
25.716818,93.692256,287.0,21.99315979629213,0
27.360617,95.637813,148.0,1.4320961841646465,0
25.543554,92.53886,930.0,18.94418141135364,0
26.181677,93.646631,436.0,5.808222980428714,0
27.355286,88.187371,1901.0,20.74554883393,0
24.073293,94.233109,202.0,8.219958742497676,0
27.920247,93.660555,1309.0,41.00847613866502,0
26.38481,92.275207,59.0,0.7548944975654582,0
28.690545,95.791504,2435.0,41.45270317446775,0
26.826098,95.296551,1068.0,28.08409936669116,0
24.727466,92.919842,25.0,2.7818863802117484,0
27.519703,93.549716,1585.0,41.63631743255716,0
27.183397,95.171231,116.0,0.0,0
23.68991,92.497729,457.0,29.88589573021274,0
27.116109,94.165435,82.0,0.4774537773095774,0
26.116251,91.492543,44.0,4.532714210582481,0
28.374683,94.929102,491.0,42.0578793241077,0
27.56802,94.209963,384.0,44.73698743575359,0
27.202993,92.210576,2674.0,44.08048555844183,0
27.186029,93.188059,2067.0,16.850495113189584,0
25.861079,93.783955,162.0,2.7818863802117484,0
26.436563,94.701828,412.0,28.745402913114425,0
28.113005,96.902595,4239.0,24.55166335676786,0
25.243703,94.031432,1361.0,36.86989764584402,0
23.683574,92.861271,942.0,31.505764391925428,0
26.350825,91.7269,54.0,1.4320961841646465,0
27.486073,92.879406,1260.0,26.360054096082703,0
29.140146,95.560442,3228.0,31.29802070979815,0
28.059711,96.248289,1591.0,28.114543144738665,0
27.164463,93.416659,1602.0,23.691279259823578,0
27.640714,95.250458,120.0,2.160788974078258,0
26.356442,92.343364,57.0,1.0675202709770988,0
28.119372,94.345473,1006.0,28.86209016226331,0
24.600733,92.492222,50.0,5.479268333625944,0
26.932908,94.365347,88.0,3.054369995163865,0
27.691671,93.782652,1737.0,24.38870074689113,0
22.258108,93.102493,1313.0,37.49741137589274,0
26.611126,92.54615,62.0,2.052775101535614,0
26.279969,90.100129,45.0,3.3384705437643523,0
27.955271,88.521355,5283.0,25.996650770804457,0
26.009809,92.508811,242.0,16.11800792223731,0
24.903117,92.735882,21.0,0.0,0
27.126975,92.337255,2669.0,12.958842095998698,0
24.389242,93.474137,975.0,28.773260442528187,0
23.724727,93.169137,850.0,26.720284908726104,0
26.554053,92.443244,55.0,0.3376147110174216,0
25.693737,91.452225,1084.0,23.41709294979364,0
27.36291,92.872489,1482.0,30.49893168631072,0
26.21351,93.296751,648.0,15.042369244334244,0
28.064759,88.576708,5484.0,28.700732912898086,0
26.680324,92.492071,76.0,1.7210061534334908,0
24.458634,92.241221,25.0,1.817522018719848,0
26.157182,91.405579,46.0,3.389067065438376,0
29.188366,96.166086,3700.0,27.638462093497584,0
26.274168,89.88265,36.0,4.431819877885358,0
25.608872,94.340725,1325.0,27.887035396482677,0
28.635331,94.936094,1279.0,39.469451083486256,0
26.690945,91.183972,52.0,2.5695028228896355,0
28.328788,93.386048,4309.0,31.42653667864794,0
23.981428,94.072352,597.0,14.043730788347142,0
26.357144,91.426286,48.0,1.3502244696996155,0
26.92236,94.853803,102.0,3.016961309815993,0
28.604015,94.168129,2059.0,6.526986519680234,0
26.654875,90.68374,108.0,2.160788974078258,0
23.990205,93.094128,519.0,18.5046085105615,0
26.689245,93.629961,78.0,2.7818863802117484,0
26.184535,93.989692,118.0,4.380487094158032,0
26.75307,92.93315,81.0,3.931095784160226,0
27.996196,93.085517,2744.0,8.111279210562941,0
24.144548,92.058667,99.0,15.543304781484048,0
24.910907,93.281859,297.0,13.709786427291844,0
28.017774,96.566417,1989.0,45.86825078796896,0
28.027059,94.996264,801.0,35.842881944700835,0
26.589014,93.999483,95.0,1.4320961841646465,0
26.626827,90.570546,78.0,1.2171181316034885,0
23.386461,92.431977,716.0,26.360054096082703,0
28.090593,95.923276,516.0,6.423150913734816,0
27.742484,92.344438,4944.0,10.606834346352132,0
27.068512,92.457159,1763.0,36.31722195558744,0
26.745482,90.393615,136.0,2.052775101535614,0
27.836402,88.407093,5188.0,18.097971328519403,0
26.427078,92.480145,65.0,1.6876048941769748,0
27.896541,94.605212,1073.0,40.16279863581755,0
28.002349,95.125716,872.0,23.22837545005452,0
24.635575,94.491671,773.0,27.7158031444104,0
25.232624,92.574446,1254.0,22.315878731951145,0
24.792686,94.010137,933.0,25.376933525152303,0
27.780269,96.067011,181.0,1.817522018719848,0
25.996177,94.200624,1160.0,20.09079841920037,0
25.88414,91.654964,376.0,7.917305155246911,0
26.090335,92.689575,61.0,3.646970455272818,0
24.367898,93.775247,1048.0,18.00416160591338,0
22.441866,92.930712,327.0,13.59376654330582,0
22.68325,92.575087,421.0,33.92085215846511,0
28.233953,93.380169,2772.0,33.169529390014134,0
25.897323,94.197163,1704.0,21.1936199425887,0
26.500391,91.456266,55.0,1.391763426244203,0
25.638312,89.974588,37.0,7.746973739247727,0
28.138701,94.672009,386.0,27.644424321631288,0
23.365901,93.010246,856.0,19.31534334540923,0
23.812207,92.958834,1403.0,24.02983657211801,0
25.392328,91.37739,1550.0,13.994979876087651,0
28.584092,94.265986,2866.0,18.682574951711565,0
26.518902,94.835898,1076.0,31.104561045934723,0
23.550043,93.30621,1607.0,20.572315320153606,0
28.910136,95.210421,3537.0,16.46605279144296,0
25.83552,93.612839,203.0,9.015509788449524,0
27.130802,95.739031,382.0,3.3214321859461395,0
26.106857,90.606485,38.0,0.3376147110174216,0
26.32129,91.463118,50.0,4.072588647671146,0
27.466057,96.640939,591.0,21.771367303486564,0
27.907363,94.814397,649.0,29.508193449952163,0
26.276712,94.494915,927.0,16.714445457116103,0
27.741773,88.538037,3284.0,36.86055782866677,0
26.472906,94.148825,98.0,2.7199233149201807,0
26.41895,92.201376,51.0,2.4563945664087456,0
23.611435,92.757073,736.0,25.80436587734,0
27.763776,92.729752,3678.0,36.51456867399333,0
25.611637,93.270032,437.0,12.94240871762464,0
27.476607,93.80305,1272.0,16.705326771659678,0
25.127567,94.327138,1858.0,27.78096302752848,0
28.357864,95.135457,1399.0,31.12871688801731,0
28.112292,96.179094,864.0,40.6885613659083,0
27.161478,88.141432,2070.0,22.63816180874169,0
23.47383,93.069887,815.0,24.851517280914507,0
23.886676,92.931327,1460.0,24.426873343832085,0
27.433377,92.553052,2338.0,24.750404884789177,0
28.444548,94.217648,3621.0,24.007487888376225,0
24.450454,92.989135,323.0,31.33501199170921,0
23.121647,91.710512,52.0,3.372286683433898,0
28.641124,96.272394,3134.0,37.99467979393001,0
24.048753,93.229075,953.0,26.23873357052716,0
26.64768,93.769693,83.0,0.6752059787394532,0
23.496076,93.109635,802.0,15.46672895722096,0
28.431795,95.533771,1335.0,39.79218063496647,0
22.957937,92.936399,697.0,25.135481698962018,0
27.411973,96.281427,760.0,20.357067134725927,0
28.563831,95.207853,1175.0,33.4926163333653,0
28.963593,96.41766,4060.0,40.23490701224109,0
26.207554,90.520991,36.0,4.222687118252763,0
24.643807,94.474072,535.0,18.94418141135364,0
25.526904,94.481248,1233.0,19.008852363818,0
26.491044,92.734467,66.0,1.5095270002735288,0
27.693888,88.315308,5876.0,46.16913932790742,0
27.527023,91.895179,2755.0,43.61571187903563,0
24.385174,92.618072,110.0,14.656793243901692,0
23.797312,92.313512,180.0,16.48461023921887,0
26.542169,90.953745,40.0,5.258953144814,0
26.408967,94.991949,1550.0,32.97754257468644,0
24.917373,92.88843,29.0,4.100293712915969,0
26.137245,94.923346,1960.0,32.38327563166962,0
26.686242,92.864214,73.0,2.4563945664087456,0
24.232086,91.754131,73.0,5.759620519825523,0
26.554432,91.983715,71.0,2.385944030388813,0
27.378613,92.258549,2115.0,22.83201427000805,0
27.30326,93.561631,1662.0,23.507732628040284,0
25.361943,89.910607,74.0,10.555380466061171,0
27.934321,96.540171,2143.0,15.980689173942812,0
25.88224,91.424205,62.0,3.016961309815993,0
28.80557,95.234413,2258.0,18.547308529750712,0
26.903604,93.328272,125.0,0.3376147110174216,0
24.269446,91.956637,55.0,6.173847782643145,0
25.520204,93.54797,499.0,13.266673433270926,0
26.604342,93.157652,75.0,0.4774537773095774,0
28.150814,93.253604,2032.0,39.35384148704364,0
26.539045,94.330362,210.0,10.030442717931756,0
26.417721,94.51295,890.0,13.12188701384177,0
26.297286,92.292764,60.0,2.3859440303888126,0
26.082834,92.029417,215.0,10.555380466061171,0
25.888479,92.966925,83.0,1.6876048941769748,0
26.5463,94.553522,252.0,16.054316318325498,0
27.122788,92.559037,1012.0,34.468683663334545,0
26.522148,90.712055,47.0,2.263636058426967,0
25.894085,90.987503,72.0,1.7210061534334908,0
26.695342,92.89786,72.0,2.263636058426967,0
23.294005,92.642152,541.0,8.406583585732115,0
27.2728,93.74109,1182.0,16.285325663124585,0
26.737832,93.280554,66.0,2.1342998941463125,0
25.753339,90.905567,604.0,6.9262490820727045,0
26.575949,94.822069,573.0,22.228525063117385,0
28.834998,94.333957,2714.0,25.17192963205833,0
26.660293,92.538662,76.0,0.7548944975654582,0
27.528663,91.903724,2341.0,18.800883222254644,0
23.507404,93.049958,738.0,33.89536963300801,0
27.957269,94.456356,457.0,6.466625310264721,0
28.279908,93.901888,2785.0,33.15352701001595,0
24.871879,93.379882,173.0,17.65096881191823,0
28.446892,93.607471,3871.0,37.22912503611522,0
27.247808,95.077234,114.0,2.385944030388813,0
25.680825,91.902939,1020.0,10.176527410054078,0
25.341045,90.246303,126.0,21.260377126997213,0
27.793618,95.391248,126.0,0.4774537773095774,0
23.371555,92.713125,355.0,24.141114359485854,0
27.452323,96.695039,884.0,18.58722489121147,0
27.776631,92.93473,1360.0,31.65373772742779,0
28.99952,95.740898,1938.0,26.74234155739631,0
25.871159,94.721302,1549.0,17.29444852858009,0
26.412593,94.471012,474.0,26.82087387239509,0
24.291741,94.207156,564.0,16.7265941611426,0
24.289198,93.44172,1112.0,32.583391071251725,0
25.259835,91.01252,361.0,14.15548761586253,0
25.808813,93.868366,370.0,26.443644220164742,0
24.489357,93.777349,771.0,3.016961309815993,0
27.02376,92.437512,921.0,34.45883177982796,0
26.401068,93.616209,299.0,22.392430503096087,0
27.2034,95.872843,464.0,9.58343649791412,0
24.291439,93.806044,976.0,23.674161365449702,0
27.305249,95.696748,131.0,3.3214321859461395,0
25.954998,94.318891,955.0,31.02823851193866,0
22.931919,92.390131,64.0,14.663910850320782,0
28.861534,95.65359,2815.0,41.78186699642179,0
25.368724,92.41439,1130.0,5.226703690794332,0
27.285059,94.446811,95.0,2.7818863802117484,0
23.683749,92.387322,334.0,9.39236065800289,0
27.876315,94.265405,877.0,31.912418357302126,0
25.411302,91.316074,1483.0,13.346333865774348,0
27.903802,94.117542,1004.0,20.95991260433892,0
24.956547,93.020441,132.0,16.738731980922584,0
26.612686,91.898919,75.0,1.3502244696996155,0
25.602374,93.410026,250.0,13.154219364771198,0
25.423846,93.579,1240.0,27.39969676370518,0
28.126509,93.23047,1604.0,25.99005788234673,0
27.745099,95.665019,132.0,1.9091524329963765,0
25.660059,91.574309,1405.0,21.837811101082977,0
28.617488,95.692909,1904.0,35.8401671035135,0
26.289498,91.678389,52.0,0.6752059787394532,0
26.231887,90.988529,43.0,1.2171181316034885,0
26.070898,91.483235,54.0,2.7199233149201807,0
27.233418,88.511758,502.0,26.869375659896804,0
28.455065,96.108548,3742.0,25.99005788234673,0
26.92586,93.136756,182.0,1.7210061534334908,0
23.356617,92.476391,333.0,10.052230095483228,0
27.368772,88.159994,3352.0,19.24186109596217,0
25.226868,92.587599,809.0,14.073633716023297,0
25.069729,94.049778,905.0,24.98360255030264,0
25.14385,93.694311,652.0,42.09430109320842,0
25.327042,93.201914,364.0,18.45641864524321,0
23.338286,91.35242,54.0,6.173847782643145,0
26.289551,93.695662,402.0,20.655714751806983,0
25.031967,92.728866,625.0,33.19190654322504,0
24.701822,93.146603,173.0,10.969525488214687,0
27.136658,92.539013,1865.0,41.87997062734337,0
29.168005,94.9846,716.0,19.868475685293085,0
25.471439,92.831654,499.0,14.907015718609198,0
27.947394,97.042338,3115.0,41.35941782375059,0
27.580145,96.687779,2388.0,24.18540993336029,0
26.182441,94.846276,1780.0,32.51029758588871,0
28.027715,97.32232,4686.0,35.009177890477666,0
24.098588,93.881264,1064.0,12.709800424919228,0
26.738368,92.150319,103.0,2.7199233149201807,0
26.773637,91.256238,130.0,3.054369995163865,0
23.032424,92.473742,148.0,19.632888661818416,0
29.178177,94.390553,4497.0,37.04296651263543,0
28.399945,96.642445,3715.0,31.181735757915717,0
27.758703,91.689398,3526.0,21.18246540153732,0
27.466415,95.054209,112.0,1.391763426244203,0
28.199258,94.337049,2874.0,22.81795965049028,0
28.227628,94.184794,532.0,26.950412781516047,0
28.712583,94.182812,2897.0,26.630175011834265,0
25.454304,90.393831,1137.0,42.77346082638949,0
25.640692,92.153984,976.0,9.136946117762886,0
23.826005,93.383293,945.0,29.47087836702284,0
25.221769,92.624996,1440.0,9.20898742169279,0
27.8173,95.94687,146.0,2.0248682972773406,0
26.698464,91.778337,96.0,2.160788974078258,0
26.815267,95.217941,1229.0,27.951522826640524,0
23.377512,91.623687,71.0,5.095619550423829,0
28.68672,94.554018,2221.0,29.93915590185868,0
24.643806,93.940488,777.0,1.7210061534334908,0
25.621959,93.586354,305.0,10.724155213227172,0
25.958423,90.905176,57.0,2.8821812090202448,0
27.868788,88.539275,4000.0,37.04296651263543,0
26.962201,95.599562,1614.0,39.37848048910267,0
27.043191,92.321272,1475.0,37.79091268812133,0
25.486395,94.158717,1494.0,12.958842095998698,0
28.094728,93.568465,1503.0,16.30726771871584,0
27.691548,95.467935,121.0,1.012750369636371,0
24.46501,93.587668,945.0,22.7535496698725,0
25.241363,93.214677,516.0,12.709800424919228,0
27.792649,93.769628,1232.0,24.92033636796569,0
27.754275,95.602459,128.0,1.4320961841646465,0
25.876743,94.027055,824.0,18.28917861575216,0
24.0204,94.210379,225.0,5.641219812715514,0
23.267036,92.47208,792.0,15.288517970232029,0
24.085409,94.074388,690.0,24.978339816373094,0
27.647748,95.581231,132.0,0.7548944975654582,0
27.512349,88.41954,2316.0,29.465540760441435,0
26.400695,94.793928,1449.0,21.072718295480197,0
25.484669,90.086686,48.0,1.6876048941769748,0
24.855052,92.289503,19.0,3.109633021988153,0
27.882097,93.686851,2451.0,31.87900683454692,0
26.542344,94.009885,104.0,1.6876048941769748,0
27.480454,94.874911,102.0,1.5095270002735288,0
28.651814,93.459649,4085.0,21.271475106637943,0
27.7245,92.436732,5109.0,38.91996498677513,0
26.143161,90.273276,34.0,1.4320961841646465,0
27.447396,88.129115,3628.0,9.191033686643834,0
27.56405,96.077284,200.0,1.4320961841646465,0
28.519181,95.268017,2496.0,44.21345245371122,0
25.434287,91.494493,1597.0,17.29444852858009,0
28.4152,93.966671,2556.0,51.10826861817423,0
23.97045,92.016053,64.0,6.603755221333418,0
27.868136,95.480881,126.0,3.3214321859461395,0
26.599581,91.449092,66.0,1.817522018719848,0
23.95215,91.328021,15.0,3.372286683433898,0
25.903804,92.583139,431.0,14.724246751696764,0
25.950261,94.388813,687.0,20.347638404920296,0
26.613262,90.759782,73.0,1.3502244696996155,0
29.054772,95.53188,3712.0,56.442378651293,0
29.020985,95.61547,3005.0,31.14439926931655,0
26.660862,92.90709,68.0,3.016961309815993,0
22.933665,93.102126,1122.0,17.97922516743013,0
25.280489,91.27151,623.0,25.584450735534,0
24.133968,94.07273,1423.0,20.36884474380089,0
25.038394,94.072613,1040.0,30.298369765118693,0
26.802161,91.234775,160.0,3.1996013002506887,0
26.405592,91.079796,44.0,1.817522018719848,0
28.276161,94.563243,858.0,23.49811464620528,0
24.228535,92.197992,85.0,5.808222980428714,0
25.371301,91.331868,1464.0,9.304114994285008,0
28.256772,97.161019,4175.0,37.266428509576265,0
26.954973,94.5256,96.0,3.843668167321381,0
26.173267,89.746704,33.0,2.7199233149201807,0
23.163734,93.087383,780.0,17.329353473832693,0
25.698605,91.815446,854.0,14.277243114666136,0
24.121252,92.46736,88.0,9.421579043017086,0
27.126496,92.168373,2067.0,17.18920118358791,0
28.71467,94.890166,1460.0,27.798689254445293,0
26.330891,94.041033,107.0,0.7548944975654582,0
25.292516,93.073711,269.0,9.10674910038814,0
23.403453,92.823423,694.0,16.753888986635726,0
26.493799,90.999435,44.0,2.6350263783644494,0
24.082292,91.517155,50.0,1.4320961841646465,0
27.988503,97.343306,3789.0,29.561355069386384,0
25.511934,89.965617,62.0,14.938380345292416,0
26.123043,91.908998,76.0,3.7692440164074177,0
27.623934,94.689055,130.0,1.6876048941769748,0
26.108391,91.601181,53.0,2.160788974078258,0
25.427935,93.26989,253.0,4.679912393493258,0
28.658316,94.158543,3154.0,6.526986519680234,0
25.641932,91.933841,1167.0,7.952308641158609,0
26.313087,95.021069,1932.0,36.7899082723093,0
28.475131,93.329052,4046.0,22.70911433198824,0
25.522678,93.915849,2103.0,13.314535277602488,0
26.269421,92.830364,137.0,17.766873696173704,0
27.708215,92.842967,3405.0,19.496208222897444,0
26.031968,95.087465,2066.0,31.027024196613823,0
28.162626,96.21379,2832.0,37.24073992338538,0
27.120473,94.45589,93.0,1.012750369636371,0
24.74731,92.883429,19.0,1.2171181316034885,0
24.501204,92.570656,33.0,2.160788974078258,0
28.197201,93.778905,1578.0,30.25898156200578,0
25.944542,92.953765,82.0,1.5095270002735288,0
27.631934,93.193104,2077.0,28.97795908090145,0
28.636038,95.692957,2002.0,31.244175851188174,0
27.686744,93.630566,1066.0,19.59573743353876,0
27.639666,95.294877,128.0,1.7210061534334908,0
27.618715,94.288021,459.0,28.14493082207299,0
28.864613,95.367059,3906.0,36.57866275995881,0
27.42307,92.718578,2094.0,33.66732624853926,0
26.231578,90.2856,38.0,2.263636058426967,0
25.734567,90.024197,65.0,4.822542232360713,0
25.248924,93.552842,1466.0,28.037600489728423,0
26.132964,94.6372,1189.0,3.843668167321381,0
24.288175,93.656332,998.0,20.14108539023383,0
24.126988,93.219454,797.0,17.18920118358791,0
27.051118,92.483962,1824.0,46.22170888330377,0
22.731553,92.634104,572.0,19.809928581927807,0
26.896213,92.130328,331.0,15.520047118467968,0
26.384519,91.778426,58.0,2.4563945664087456,0
26.319505,94.719576,1099.0,27.78096302752848,0
24.952175,94.064708,911.0,27.19727721314564,0
26.479407,92.485368,60.0,2.3619913818349927,0
25.586589,91.81433,1595.0,17.447952614184835,0
26.669102,92.686986,67.0,2.052775101535614,0
27.716716,95.077888,113.0,0.4774537773095774,0
25.629619,94.236382,989.0,21.18246540153732,0
25.39937,91.550108,1533.0,27.24009953036473,0
25.63887,94.649687,849.0,25.41113501633212,0
22.763238,92.594683,197.0,18.62703081108459,0
26.90773,94.357944,88.0,3.7692440164074177,0
26.246441,94.455236,780.0,1.4320961841646465,0
24.885566,92.775457,23.0,2.263636058426967,0
24.594907,93.811913,768.0,0.0,0
26.399378,94.104676,99.0,2.3619913818349927,0
28.023431,93.394518,1716.0,34.77407285385961,0
25.723829,91.170616,981.0,11.08264483156831,0
24.67446,93.792061,775.0,4.072588647671146,0
25.680052,92.110895,879.0,22.80188185077045,0
27.864055,95.977751,160.0,0.3376147110174216,0
27.969689,88.644706,5142.0,13.83230277374978,0
23.518517,92.480123,585.0,25.51670402283305,0
26.843445,95.491908,1912.0,23.85957416726988,0
26.003635,92.081935,404.0,15.503408837548552,0
25.350996,93.887345,2680.0,7.363740476577823,0
27.233249,88.187213,1998.0,25.915703593185818,0
27.728359,93.788248,1809.0,22.149067082891257,0
26.20058,92.089587,55.0,2.1342998941463125,0
25.870592,93.904215,179.0,5.322852793549541,0
25.216735,90.835093,289.0,6.926249082072704,0
24.994549,93.664255,1311.0,5.479268333625944,0
26.153231,92.375695,60.0,1.0675202709770988,0
26.808715,92.112227,140.0,0.6752059787394532,0
26.897135,95.566044,1226.0,26.477281042311844,0
28.717683,96.164236,2515.0,33.490525189983416,0
27.390561,96.878589,1782.0,34.078971944854835,0
28.961226,94.916862,932.0,26.16713727633245,0
28.178878,92.919028,3579.0,35.547930894164075,0
24.874772,93.505328,379.0,6.620689796446781,0
23.853922,92.143649,301.0,22.8781056322946,0
25.630433,93.553786,307.0,20.250651404968387,0
29.189862,94.430459,4273.0,12.888835435012426,0
28.991607,96.279504,3167.0,29.32750061118656,0
24.267566,93.208286,491.0,29.0492824374209,0
28.394613,96.162179,2700.0,50.73855608404799,0
27.710461,96.279821,342.0,3.1996013002506887,0
28.13535,96.1574,846.0,68.60784969580604,0
28.538464,94.756165,2631.0,28.994445658830443,0
28.144404,95.723063,199.0,1.6876048941769748,0
25.750666,94.578459,1127.0,31.08521091464772,0
26.471509,91.31998,48.0,2.7199233149201807,0
27.492545,95.659015,148.0,1.4320961841646465,0
27.893178,93.936157,916.0,39.12884815194797,0
24.301081,93.918672,1021.0,17.089056882966332,0
27.683532,95.820642,146.0,2.433138796850444,0
27.472877,92.509237,1360.0,20.451031062849548,0
27.957219,95.784424,145.0,0.6752059787394532,0
25.167927,91.782286,60.0,11.395654497719995,0
27.009567,92.277442,1387.0,25.59796625507007,0
22.919908,92.657791,631.0,22.850066084228267,0
25.08836,94.378288,1513.0,13.994979876087651,0
27.109228,94.527145,89.0,0.0,0
27.271793,94.718093,101.0,1.3502244696996155,0
27.571239,93.636051,1242.0,25.530275981014736,0
24.216682,93.837466,1056.0,18.62703081108459,0
25.93196,90.995294,62.0,3.054369995163865,0
28.222698,96.206612,3625.0,38.758062037662405,0
28.910814,95.042294,1078.0,36.53104972071567,0
27.671499,93.774235,1394.0,9.629144775956853,0
27.947371,94.192446,512.0,19.603175151704185,0
25.650226,92.573481,845.0,16.23188685787168,0
28.464093,95.96369,3264.0,34.657666974428025,0
26.331763,93.51803,645.0,10.601701230793774,0
25.07397,93.37806,432.0,16.48461023921887,0
27.721844,88.734628,3529.0,29.44550937696498,0
28.618287,94.375654,1453.0,34.8319648531769,0
24.906525,94.410727,1315.0,16.444369946673778,0
25.357219,94.212374,1499.0,16.21928176965065,0
29.145365,94.91535,2277.0,56.09588139679537,0
23.530767,93.362742,1352.0,14.907015718609202,0
26.862467,95.086807,307.0,22.904097758623656,0
26.177555,92.491134,60.0,3.631393549323058,0
27.633318,91.989434,3569.0,27.135908187759505,0
23.627575,92.369727,261.0,14.054953065884908,0
26.678047,92.668641,70.0,0.7548944975654582,0
24.127844,92.944599,313.0,26.13285532972954,0
23.058439,92.502148,141.0,27.909048110686054,0
23.846957,93.356348,684.0,24.77885133126535,0
22.797508,92.744995,435.0,25.937218580253923,0
26.359316,90.810386,51.0,3.1996013002506887,0
26.984353,92.289571,1010.0,29.288426111381536,0
26.486086,95.034829,2142.0,28.17959117310977,0
27.146509,92.497528,2208.0,18.44837123129231,0
29.20859,96.179359,4235.0,35.73484145237118,0
25.603068,93.670414,388.0,1.5095270002735288,0
24.912752,94.501479,1388.0,18.695768272361335,0
26.829922,94.109756,85.0,2.4563945664087456,0
26.651703,92.108989,84.0,2.8821812090202448,0
25.427738,90.84113,256.0,5.479268333625944,0
29.194013,94.617151,3295.0,20.347638404920296,0
28.215431,93.3653,2037.0,23.39193081255129,0
27.30671,93.938541,287.0,34.92799566298539,0
26.424273,94.941284,1001.0,17.78094311313834,0
24.128382,93.223107,697.0,19.36328809080433,0
25.598391,92.595074,734.0,4.679912393493258,0
26.542097,93.568435,453.0,1.391763426244203,0
28.086367,94.392193,1627.0,18.286465087500847,0
27.315723,92.598881,1042.0,36.1022913664102,0
25.116007,92.978733,322.0,6.629140282386492,0
25.663774,92.461976,840.0,4.822542232360713,0
23.686826,91.244691,36.0,3.4389123953782974,0
26.47139,91.200561,42.0,2.1342998941463125,0
29.163431,94.699754,2733.0,22.848061348463908,0
27.930456,94.917842,500.0,34.15444974731139,0
28.295904,95.530481,658.0,39.97999396579879,0
24.065786,93.858001,1303.0,28.264489545044988,0
26.960245,95.055745,109.0,1.7210061534334908,0
25.818798,94.499996,1137.0,33.003414486361216,0
27.256378,94.305877,91.0,1.0675202709770988,0
27.826475,93.752058,1520.0,22.662524505739437,0
28.138454,96.918272,3905.0,51.90252168932999,0
28.494123,93.933993,3604.0,19.59573743353876,0
25.262863,90.758453,137.0,19.74133069999896,0
27.453158,92.768046,1304.0,17.097922562599933,0
25.740794,91.220933,910.0,6.466625310264721,0
26.908465,95.149169,255.0,14.592550602033429,0
28.732255,94.042472,3991.0,29.093021235566887,0
26.90986,94.718408,96.0,1.6876048941769748,0
24.165634,92.898542,408.0,26.47087935835388,0
24.230347,93.216582,632.0,40.59247227012556,0
28.782827,94.994108,1147.0,51.621783571217854,0
25.298017,94.595501,2027.0,38.84821462384236,0
26.037334,89.940703,27.0,2.3619913818349927,0
26.847211,95.423188,789.0,25.816033842711853,0
28.620599,94.568953,2515.0,36.15562824036822,0
27.509604,94.828669,100.0,3.945476393479333,0
25.863565,93.19943,154.0,12.913592996362771,0
27.935168,88.274525,5113.0,8.842508257902008,0
27.407681,95.289852,122.0,1.012750369636371,0
24.607773,93.906387,772.0,1.817522018719848,0
28.001312,97.252622,4424.0,46.17646516763125,0
26.422086,93.025546,494.0,8.111279210562941,0
27.319968,95.389794,121.0,1.391763426244203,0
27.316179,94.333589,94.0,1.2171181316034885,0
23.803705,92.897492,413.0,28.183918600004585,0
26.322895,91.094278,47.0,1.3502244696996155,0
25.297829,92.48938,1038.0,7.896224746479509,0
25.900591,91.483906,120.0,17.29444852858009,0
25.845572,93.542115,282.0,8.280429976643655,0
23.924574,91.72351,115.0,11.56032367563233,0
25.126676,92.70159,1281.0,6.990494340294632,0
25.50247,90.011292,120.0,3.843668167321381,0
29.04502,95.029819,1933.0,28.48121940324988,0
25.015275,93.667713,1443.0,14.481123401789077,0
25.59707,90.863148,617.0,13.94980312049591,0
28.631002,96.418814,3051.0,17.687823087123586,0
22.860668,92.607268,141.0,21.315786893450447,0
26.252829,91.937774,45.0,0.0,0
26.498555,94.781053,926.0,26.38099172022729,0
25.326167,92.345392,1132.0,8.697657668757381,0
25.022865,94.259029,1084.0,46.2020755086206,0
27.478451,96.37924,1144.0,8.614640366537119,0
28.457126,94.084312,1989.0,48.20430784743667,0
26.24482,94.660492,1371.0,22.866094792802045,0
27.263858,95.496674,187.0,8.716696336468738,0
23.388225,93.270564,939.0,17.605475947467195,0
26.281401,93.828499,132.0,1.0675202709770988,0
27.861101,88.190694,6231.0,31.63502082639892,0
24.388147,93.788748,993.0,26.348768874453803,0
26.35044,95.082814,2093.0,23.259659228223583,0
27.602457,92.646617,2684.0,35.09943315911282,0
25.58387,91.83908,1159.0,34.39563830979855,0
23.699149,91.843003,164.0,2.5695028228896355,0
26.114717,90.327842,27.0,0.0,0
25.129161,93.06547,1066.0,39.37703221498191,0
28.257947,93.632626,2745.0,15.678696056854935,0
26.343893,93.955434,104.0,1.0675202709770988,0
22.282353,92.809707,293.0,7.85388550431469,0
26.17774,94.961069,1850.0,19.0346404786535,0
24.043217,93.243549,736.0,34.912668820456496,0
26.534195,92.073023,70.0,2.263636058426967,0
24.518681,94.424466,463.0,19.78056829771728,0
23.790873,92.268137,533.0,23.525030346517163,0
26.451924,92.334705,62.0,1.2171181316034885,0
27.146802,88.161562,1002.0,27.96175896435461,0
25.049466,94.336152,1527.0,10.052230095483228,0
26.825086,95.413446,1583.0,14.203597427432593,0
24.596645,94.331823,910.0,26.419575500613536,0
28.167479,95.652934,223.0,4.393377408433921,0
23.27353,91.377412,58.0,3.016961309815993,0
27.185824,95.231644,118.0,0.3376147110174216,0
24.221733,93.77904,1332.0,17.825870781046216,0
24.671938,92.654412,44.0,14.780768081886675,0
25.657923,93.362214,283.0,12.233889443092778,0
26.905923,93.199424,122.0,4.222687118252763,0
27.075596,93.330297,789.0,31.45496047222081,0
26.229079,90.452948,33.0,5.006282271664123,0
25.876691,90.155333,91.0,5.150652185902698,0
25.950908,94.52679,1128.0,31.5998693266394,0
26.155421,90.389933,36.0,3.4389123953782974,0
24.660443,92.39851,39.0,6.0172848640320336,0
28.591455,95.147565,1453.0,15.80618797245988,0
25.31813,91.961152,303.0,26.23873357052716,0
27.489976,88.250842,4473.0,47.31593255705558,0
26.653494,93.582456,79.0,0.3376147110174216,0
27.778259,96.882212,3553.0,41.96399058278576,0
27.690575,93.836607,1179.0,33.44445239980459,0
26.297047,93.890963,123.0,3.109633021988153,0
24.208883,92.166614,89.0,3.109633021988153,0
26.148964,94.38182,540.0,20.29804034743402,0
26.452392,90.203716,47.0,2.3859440303888126,0
27.881115,88.647288,5459.0,35.83201983789954,0
26.253981,89.832418,34.0,0.7548944975654582,0
23.769983,92.192051,185.0,15.81919394750014,0
25.220192,90.942176,168.0,17.528368921801512,0
27.044866,93.525198,357.0,10.224719622276762,0
28.402553,95.863448,1739.0,26.56505117707799,0
27.168902,94.290594,85.0,1.5095270002735288,0
26.293105,91.125286,40.0,1.9091524329963765,0
26.635604,90.177037,85.0,0.9548412538721888,0
27.701368,93.518115,1606.0,25.8493248967401,0
27.349938,96.335425,1118.0,9.651911596193768,0
26.113193,91.206808,44.0,2.052775101535614,0
28.7935,95.935893,1594.0,34.52178114261242,0
26.913978,95.621974,1648.0,28.661547312801563,0
27.882404,93.046037,1628.0,31.7830050163129,0
28.509039,95.491533,2544.0,56.01634712689161,0
29.228011,96.016937,4592.0,13.6170618313427,0
27.594315,92.793589,1746.0,33.21744312756362,0
25.77192,94.076369,1329.0,21.20922266022638,0
25.434072,92.699338,788.0,8.485238201927281,0
27.325954,94.541115,94.0,1.96786377642228,0
23.959507,92.663656,205.0,10.014068499821953,0
26.083443,91.529152,53.0,3.054369995163865,0
25.441492,93.501906,648.0,3.4389123953782974,0
25.146846,93.851265,1732.0,30.19780770178796,0
23.291435,91.606834,54.0,6.629140282386492,0
26.796921,90.210093,235.0,1.012750369636371,0
27.854449,94.063047,2131.0,26.7376176312865,0
27.084293,95.679101,1070.0,21.465497708020624,0
27.507864,95.08516,115.0,1.5095270002735288,0
26.304718,91.826691,50.0,2.052775101535614,0
25.492298,94.172602,1273.0,16.481519112248904,0
27.668464,92.831503,1935.0,26.46447516850192,0
25.822094,92.472319,701.0,12.489399527599762,0
27.641828,95.400937,119.0,0.0,0
26.142859,92.242322,55.0,1.96786377642228,0
26.286315,91.534725,47.0,2.0248682972773406,0
27.800038,91.804225,4716.0,27.68758601868061,0
24.394084,93.066113,434.0,26.849053663953967,0
27.85057,88.230799,5265.0,4.691966863384949,0
26.478183,93.933177,97.0,6.466625310264721,0
28.464586,93.726345,2398.0,27.023315076025792,0
25.962566,91.684532,288.0,16.796238729882134,0
25.338253,93.366094,550.0,10.647801946937111,0
23.345067,92.605573,389.0,6.396919649384459,0
26.483501,92.475532,58.0,3.016961309815993,0
27.094052,92.735881,477.0,27.72322067406976,0
27.488821,93.428305,2167.0,18.71421868208481,0
27.210557,92.301872,2095.0,21.1936199425887,0
28.03591,93.775137,1640.0,36.363720550457394,0
27.458366,96.472507,1136.0,34.3242516278528,0
26.219386,89.736812,31.0,2.7199233149201807,0
26.666936,90.585983,93.0,0.7548944975654582,0
27.376826,94.574339,106.0,1.3502244696996155,0
25.653982,90.05465,96.0,9.20898742169279,0
25.333742,91.077039,389.0,16.419546536130245,0
25.748635,90.388481,216.0,25.14243049054343,0
27.582485,94.54089,123.0,2.263636058426967,0
27.554046,91.595409,3153.0,31.24537431237192,0
25.963795,90.777458,60.0,2.6350263783644494,0
27.037963,95.1905,119.0,1.0675202709770988,0
28.23547,94.562103,1106.0,26.623832856750703,0
28.690853,94.746994,1717.0,31.63853186250763,0
27.713271,95.273419,109.0,5.72043313097531,0
27.937617,96.306319,881.0,41.855350541203975,0
23.366557,93.295958,1295.0,24.71299262486534,0
26.016844,89.95937,29.0,2.6350263783644494,0
27.041856,94.558089,91.0,3.843668167321381,0
26.721651,91.133757,56.0,1.0675202709770988,0
26.519805,91.16251,47.0,2.7199233149201807,0
24.817731,93.512009,418.0,36.42667357554036,0
26.578623,90.198959,70.0,1.5095270002735288,0
27.639001,94.949133,108.0,1.0675202709770988,0
26.783729,90.626877,305.0,3.372286683433898,0
25.99885,90.289609,45.0,1.7210061534334908,0
26.516267,94.776059,1048.0,7.125016348901798,0
28.952776,95.826277,1821.0,30.63378826347757,0
25.313687,90.69481,132.0,10.477682226159006,0
23.986039,93.987366,1360.0,11.009016379683205,0
27.471041,92.762367,1600.0,30.222049417311837,0
28.108302,95.159811,446.0,22.35109772807088,0
28.875408,95.146029,1862.0,18.88442885748116,0
25.353815,92.370915,1159.0,2.698950908923438,0
26.50093,91.538924,58.0,2.385944030388813,0
23.104481,92.423626,206.0,3.3214321859461395,0
27.398922,92.719193,2166.0,18.202088390873595,0
25.624356,91.520104,1256.0,18.695768272361335,0
26.367599,94.038552,106.0,0.6752059787394532,0
23.401783,93.329372,1066.0,21.260377126997216,0
23.861091,92.113779,193.0,23.021526638116164,0
27.375591,96.595856,1648.0,16.344798909472296,0
25.617362,92.802938,273.0,11.004088539379032,0
27.181499,94.484521,96.0,2.052775101535614,0
28.912934,94.131219,3826.0,11.657887631052056,0
27.030756,93.943644,86.0,2.263636058426967,0
26.79676,94.568957,102.0,4.222687118252763,0
25.367871,90.468988,310.0,11.386165083355712,0
26.789715,95.259906,844.0,27.42841145349152,0
23.361106,92.886873,786.0,16.49387935313133,0
27.785345,93.992785,515.0,42.58221323247762,0
28.939261,95.050817,1471.0,7.062044068464845,0
28.084111,97.290929,3866.0,40.748312278444125,0
25.890855,94.558102,1405.0,27.86940402714471,0
27.456848,94.165201,329.0,10.45164277519746,0
26.65756,91.855211,81.0,1.0675202709770988,0
28.475252,93.882246,3217.0,45.199535222412045,0
24.022926,91.563193,53.0,2.5695028228896355,0
26.34756,91.228753,42.0,0.9548412538721888,0
27.003505,92.504835,729.0,16.168741484530738,0
27.39798,94.576824,97.0,1.3502244696996155,0
28.480093,93.670618,2470.0,27.749896150310484,0
26.89868,93.825187,82.0,0.4774537773095774,0
25.049192,92.479475,499.0,25.45378578114081,0
28.055736,97.013816,3321.0,34.99583458614565,0
25.283847,91.072452,346.0,12.625545951830572,0
24.951646,93.716247,1256.0,16.01275149961692,0
28.752512,96.069556,2781.0,36.91228272964731,0
26.244051,92.901137,293.0,9.970261598239336,0
26.90522,95.093331,138.0,6.396919649384459,0
25.524647,90.434186,691.0,15.06995574963759,0
28.502184,94.515497,1865.0,19.610609129170932,0
27.707424,96.77159,2470.0,46.5375055922922,0
26.786623,93.659058,74.0,4.520227592644634,0
26.168847,94.048455,372.0,19.211346516583987,0
28.024341,96.060541,317.0,5.730255777235155,0
28.9934,94.974213,1860.0,29.562681922695614,0
25.991183,91.728491,383.0,13.362200604250484,0
28.240855,96.876029,4064.0,31.65373772742779,0
25.370232,92.711041,815.0,14.931417178137552,0
27.970487,94.267004,415.0,22.737405889726222,0
26.447157,94.620617,728.0,22.491185926634103,0
25.539551,94.65404,1138.0,25.018643735095768,0
28.039176,94.899732,1178.0,15.964628695382078,0
24.888749,92.595151,26.0,2.5695028228896355,0
29.39869,95.988882,4553.0,24.319395133210687,0
24.479357,93.163305,92.0,2.7818863802117484,0
24.070171,92.974368,406.0,20.80971857959822,0
27.998936,93.468266,896.0,29.77230894379481,0
27.28033,96.001023,255.0,11.04835208485498,0
26.27257,94.836742,1038.0,17.562691357484656,0
26.405856,94.123618,104.0,1.012750369636371,0
25.617393,90.276509,503.0,5.520212884789397,0
29.123935,94.479771,3949.0,26.26469097186144,0
24.765052,94.148992,1045.0,28.627885495377168,0
27.925584,94.515594,1084.0,19.333025419312577,0
27.79317,94.202781,1383.0,20.91228418611125,0
25.77636,94.299356,982.0,10.92491063265941,0
27.918197,95.01913,464.0,18.35954987108923,0
25.203698,94.071904,1220.0,23.484639687461456,0
25.977063,93.239611,142.0,5.601182019805608,0
26.3406,92.890295,76.0,2.385944030388813,0
27.886016,94.721977,493.0,26.37455222965262,0
26.037348,91.429998,51.0,2.6350263783644494,0
26.900799,95.371111,442.0,21.80569647219029,0
26.283026,92.194834,55.0,0.0,0
25.873578,94.546678,933.0,41.37468734245809,0
23.519272,93.071805,942.0,25.18752509848418,0
25.973206,94.541168,1104.0,38.07907632899583,0
27.454083,88.675617,2348.0,23.22837545005452,0
28.115109,94.191493,1041.0,23.430625295085942,0
25.098561,93.699153,1128.0,12.646669179823956,0
22.436444,93.167308,778.0,27.422370420775675,0
24.670585,94.030362,786.0,3.7692440164074177,0
25.920945,92.615023,369.0,8.543726239832896,0
28.452948,94.597009,1503.0,24.969564784155807,0
26.51178,93.19714,160.0,12.822549366490056,0
28.334277,93.602067,1623.0,14.273571375658683,0
22.900136,92.495103,159.0,10.373096895258447,0
27.399478,88.509289,1186.0,24.49933326348164,0
26.521082,90.354122,58.0,2.385944030388813,0
27.949243,97.283604,4152.0,38.4291562241357,0
24.015858,92.73357,213.0,14.833525810160392,0
28.066303,96.297874,1109.0,21.908229920876853,0
27.433599,88.75944,4181.0,40.94123271511025,0
27.534871,88.552032,1482.0,27.49471678527194,0
25.649187,93.221747,352.0,14.129503142051032,0
29.181215,96.231743,4030.0,33.35824239704295,0
25.768336,91.998017,1097.0,3.8140748342903534,0
26.578156,91.823992,70.0,2.4563945664087456,0
27.553744,96.575178,891.0,21.086199125980364,0
27.22768,94.72584,97.0,1.6876048941769748,0
29.096187,94.959191,986.0,18.13367629259616,0
28.565336,95.752413,2551.0,36.27146955038729,0
26.524774,92.976877,73.0,1.391763426244203,0
28.577368,94.353221,3048.0,12.489399527599762,0
23.633885,92.933682,746.0,34.03756281454756,0
27.708,93.080361,1703.0,20.572315320153606,0
26.221092,94.95019,1466.0,40.64259387513976,0
26.589159,92.365329,67.0,1.0675202709770988,0
24.617337,92.602312,28.0,2.8821812090202448,0
24.41269,93.798664,771.0,4.0586642321882005,0
22.577813,92.637843,85.0,0.7548944975654582,0
23.096852,92.847217,830.0,11.804833968770469,0
25.163698,90.825779,53.0,15.642509997984074,0
25.205984,91.337667,31.0,3.372286683433898,0
28.720866,95.005637,1767.0,40.92290159011624,0
26.946596,92.517975,171.0,2.698950908923438,0
27.959412,93.183805,1420.0,34.78953088589309,0
28.576133,95.198055,1415.0,28.31750884970987,0
27.715308,92.712623,2309.0,35.2878184753462,0
25.597098,90.733481,364.0,2.160788974078258,0
27.216792,95.626342,289.0,13.519692644101,0
23.303646,92.734554,515.0,18.86358755562412,0
26.579516,92.01982,70.0,2.7818863802117484,0
25.546419,91.172593,1267.0,5.095619550423829,0
26.78577,92.805338,77.0,1.817522018719848,0
24.347133,91.942465,34.0,5.641219812715514,0
27.544995,88.502389,1472.0,26.6047916406615,0
25.492706,90.00504,78.0,13.16632060042364,0
28.427178,93.199265,2765.0,18.64027503545114,0
24.736609,92.983934,31.0,3.5204050825976285,0
24.520658,93.150483,296.0,19.652664558069908,0
23.840523,93.187302,881.0,20.387669768422825,0
28.362937,96.257335,3243.0,26.437229357181263,0
28.795006,94.7556,1333.0,27.135908187759508,0
27.161539,95.48005,218.0,2.9018215173024653,0
28.489504,94.448845,2197.0,31.89744914744901,0
28.556479,94.56191,1259.0,43.43068952684463,0
25.891692,94.665619,1795.0,12.625545951830572,0
26.095476,94.670326,1596.0,27.061961361512484,0
26.774781,95.444619,1021.0,32.46472702366478,0
26.494414,91.27867,46.0,1.5095270002735288,0
26.073833,94.64407,1585.0,22.228525063117385,0
24.383214,93.760608,902.0,22.80188185077045,0
28.487773,94.158653,2472.0,28.08409936669116,0
26.085895,93.975162,139.0,2.6350263783644494,0
26.317588,90.539142,53.0,2.263636058426967,0
27.606278,95.605478,137.0,2.4563945664087456,0
27.430039,92.623482,1762.0,9.719867702432296,0
26.514452,91.718009,61.0,1.391763426244203,0
27.409603,92.964348,1122.0,10.779771619960355,0
27.685662,95.782484,139.0,2.5695028228896355,0
26.176006,92.528602,64.0,2.385944030388813,0
25.789861,90.801841,399.0,15.268186189415482,0
28.132243,96.324536,1467.0,43.8588301766199,0
27.053392,93.649018,268.0,26.718708297175137,0
28.041439,96.781948,2665.0,41.27835984180592,0
27.851987,94.793368,493.0,16.95537875823502,0
25.681186,91.947969,946.0,8.118116632592285,0
25.947393,93.030077,92.0,2.698950908923438,0
25.114774,93.473721,220.0,0.7548944975654582,0
27.159249,93.444697,1737.0,17.038709505535593,0
27.231455,95.046619,106.0,0.9548412538721888,0
28.103837,96.160483,573.0,30.41093353819057,0
29.253864,96.033948,3993.0,47.7205812577904,0
28.491169,95.884714,2034.0,28.846856504924045,0
28.063955,93.362975,1345.0,35.14579037169356,0
27.570225,95.002196,105.0,0.0,0
27.172405,95.357904,130.0,1.2171181316034885,0
28.532558,94.403809,1040.0,32.007672019181086,0
28.182917,93.22171,1747.0,58.15836829781858,0
25.128543,94.680649,2169.0,18.053902977226738,0
28.274694,93.270014,3038.0,16.69924423399362,0
26.770851,90.956491,94.0,4.822542232360713,0
26.01583,90.665236,49.0,0.7548944975654582,0
26.744496,93.198542,83.0,1.012750369636371,0
27.887205,93.3118,1201.0,34.74601766541864,0
23.406716,91.755039,60.0,4.972358392400693,0
27.401501,95.080074,110.0,0.7548944975654582,0
24.815777,93.532113,245.0,24.275468539672204,0
28.352317,93.52443,1406.0,43.12327861897382,0
28.01703,96.326211,622.0,30.378128880975517,0
27.726151,94.162371,1567.0,48.05177096747236,0
27.424324,92.865851,1269.0,31.88016008342817,0
27.766409,96.385226,1436.0,53.75388443926397,0
23.511604,91.656313,56.0,3.5204050825976285,0
23.86687,92.461252,565.0,4.315448959323992,0
28.842351,96.068625,3862.0,36.83590849508688,0
29.105042,95.954264,4168.0,20.107579528626577,0
23.918055,92.768476,616.0,15.359426015518492,0
26.785722,93.846451,81.0,0.6752059787394532,0
26.775318,92.391844,106.0,3.109633021988153,0
25.524023,94.614262,1413.0,27.518761706905163,0
24.349734,94.030727,915.0,5.989218403964244,0
25.177006,91.410568,23.0,6.729688843059036,0
29.109558,96.172216,4302.0,29.96377941050189,0
27.124114,92.482295,2763.0,26.217612768234883,0
24.376421,93.807896,776.0,2.3619913818349927,0
27.484521,94.995413,109.0,0.6752059787394532,0
21.967711,92.907128,99.0,15.483414558201002,0
26.049834,91.962224,364.0,4.691966863384949,0
26.823689,94.586308,95.0,1.3502244696996155,0
26.022596,91.323316,58.0,2.052775101535614,0
27.69797,92.930424,2771.0,38.67344937613533,0
26.024823,93.604651,274.0,8.077000600578957,0
25.232577,94.485097,1282.0,18.946773780002005,0
26.608936,90.675026,80.0,3.372286683433898,0
28.389722,96.709129,3217.0,62.16402396594861,0
28.005468,97.369308,4516.0,28.61664962451376,0
25.035292,93.805527,1608.0,36.2114423338008,0
27.597466,92.678818,1829.0,26.02299570315083,0
26.31435,92.187154,57.0,1.3502244696996155,0
24.808011,92.286109,38.0,4.0586642321882005,0
25.474012,89.850708,22.0,0.4774537773095774,0
27.237037,95.724724,280.0,14.339494473950497,0
23.625366,91.534195,55.0,17.01197993242201,0
28.111543,95.689839,186.0,0.3376147110174216,0
24.461895,93.65216,1819.0,27.699472808055,0
27.970788,95.801169,144.0,2.385944030388813,0
25.231884,92.875028,755.0,6.25509971741467,0
26.692207,92.752633,67.0,1.7210061534334908,0
28.284611,95.385019,1822.0,33.15459432084846,0
26.673039,92.124337,89.0,3.4389123953782974,0
28.868348,94.663945,1464.0,41.7831049784274,0
26.692664,92.277427,90.0,1.5095270002735288,0
23.744164,91.378875,54.0,3.372286683433898,0
23.785802,93.045556,598.0,13.334419590281197,0
27.855766,95.345044,127.0,2.6350263783644494,0
26.901552,95.254448,967.0,15.100918952502711,0
26.744478,93.910603,77.0,3.471741285563965,0
26.424686,92.328392,58.0,0.9548412538721888,0
24.659882,92.658514,59.0,9.427411064372352,0
22.105286,92.628356,193.0,19.35572826671872,0
28.025105,96.550887,2503.0,42.278089875521225,0
26.560985,92.561368,60.0,9.046032026213704,0
23.132055,93.149578,1046.0,21.674406116056463,0
28.913419,94.984701,1598.0,14.140646163552354,0
29.01325,94.853535,1834.0,40.768177507915965,0
25.564328,90.527834,283.0,2.160788974078258,0
24.155071,93.196716,1225.0,32.33959481722726,0
24.949967,92.831593,45.0,2.1342998941463125,0
28.61789,94.47106,3489.0,30.729268773830185,0
27.708263,93.498955,1336.0,35.49993934812905,0
28.080369,95.035299,1418.0,32.6109934357264,0
26.510491,93.868047,95.0,2.385944030388813,0
26.208298,92.048116,59.0,2.433138796850444,0
26.70167,91.527771,86.0,1.2171181316034885,0
24.148694,93.529234,667.0,6.754583602188046,0
24.739408,94.188076,1177.0,12.814236200163856,0
25.442421,91.10389,852.0,11.371914526441127,0
28.703904,95.488031,3612.0,25.9702632075234,0
24.841961,93.29207,983.0,28.91598750701401,0
25.908167,93.66961,175.0,2.1342998941463125,0
28.588126,93.726976,4483.0,25.35809193147473,0
24.085201,93.430947,1180.0,37.80132368153039,0
28.382992,94.063161,916.0,27.42841145349152,0
24.296963,93.243278,400.0,15.241026739985427,0
24.900186,93.768492,1674.0,22.751532603312832,0
25.36118,94.55942,1112.0,28.360372759879684,0
29.21874,95.990331,4434.0,18.94418141135364,0
25.218946,94.47615,1465.0,17.447952614184835,0
28.054731,93.772534,2124.0,35.332707008435875,0
28.621529,95.091284,1525.0,40.39236654050496,0
26.289147,92.971966,302.0,24.585856570338397,0
27.473601,94.211823,160.0,1.2171181316034885,0
25.911044,93.563582,214.0,9.015509788449524,0
27.663402,96.08233,396.0,10.759583898850556,0
25.356967,90.943667,429.0,11.08264483156831,0
27.547036,96.249071,684.0,23.04728376798721,0
25.346573,94.234429,1755.0,16.285325663124585,0
22.340095,92.787131,212.0,22.928052513731263,0
27.449016,94.109742,348.0,21.42820647145751,0
24.152701,91.984901,58.0,6.091478002079769,0
26.410799,91.797865,57.0,0.6752059787394532,0
25.65495,92.990521,187.0,20.67187808013608,0
27.066391,92.088091,2080.0,23.00962454892994,0
26.607764,90.141231,75.0,2.1342998941463125,0
27.46317,93.618014,1035.0,11.09730601209501,0
25.528079,94.597157,1475.0,18.009697068630487,0
28.360314,94.397223,3706.0,23.691279259823578,0
25.614996,93.494354,244.0,3.054369995163865,0
28.226875,97.322774,4274.0,35.02251023762291,0
23.19916,92.950159,502.0,16.796238729882134,0
27.470189,92.267181,2893.0,38.19975812149179,0
24.681647,92.585644,22.0,2.385944030388813,0
28.648426,94.68821,1368.0,36.05681566486784,0
28.389413,95.293316,1466.0,31.15404257237138,0
23.779129,92.692236,558.0,17.562691357484656,0
24.523491,92.901356,78.0,6.795864695099743,0
25.202217,93.768931,1626.0,20.80971857959822,0
25.449502,94.45667,1162.0,13.6170618313427,0
26.939653,93.876358,85.0,4.532714210582481,0
25.178609,90.887227,138.0,18.459100112744974,0
27.7266,94.266772,1628.0,25.682184661491608,0
26.344388,89.86168,46.0,2.5695028228896355,0
24.608969,92.46047,19.0,2.7818863802117484,0
27.049553,93.313382,726.0,31.488059842929356,0
26.291274,91.043825,42.0,1.9091524329963765,0
26.668709,93.339304,76.0,1.2171181316034885,0
24.769525,93.143448,48.0,1.817522018719848,0
27.628546,91.969204,3618.0,13.771202292081655,0
24.215799,93.79564,938.0,18.329819733358647,0
25.794861,90.293338,230.0,10.698770358091483,0
24.147713,93.329052,504.0,12.017034920835403,0
28.524538,95.603109,1700.0,31.27769994171204,0
24.449805,94.12157,911.0,15.951766186006653,0
24.43343,92.538402,107.0,9.321835749415005,0
27.512771,88.584495,1553.0,32.249628968960806,0
27.50442,94.352195,102.0,1.391763426244203,0
23.622408,92.668475,416.0,31.852459831613984,0
28.354037,94.364112,3608.0,33.239755086314034,0
27.116168,92.571184,776.0,48.64875249351705,0
28.113323,97.250232,4015.0,31.160066779905723,0
27.067594,95.736649,1503.0,23.11050762629756,0
26.728001,92.076701,103.0,1.391763426244203,0
26.054311,94.984399,1647.0,23.43835288995592,0
24.122825,92.48849,57.0,12.646669179823956,0
26.965086,92.646473,156.0,11.927252133664076,0
26.186225,92.309163,61.0,1.9091524329963765,0
28.662338,94.076721,2331.0,14.710076334813872,0
27.381762,92.410923,2187.0,9.25668199543862,0
24.565333,92.742749,50.0,5.885129333686067,0
24.879842,94.651242,544.0,22.64628690782382,0
24.773715,94.076956,865.0,18.695768272361335,0
26.899401,92.44707,181.0,7.125016348901798,0
24.978804,93.816946,1462.0,23.397741000263863,0
27.659047,92.490883,4110.0,24.98360255030264,0
28.025154,97.237373,4506.0,15.288517970232029,0
27.628225,96.402081,1158.0,14.938380345292416,0
28.890598,95.915192,2807.0,43.53560155636589,0
25.232736,90.385927,108.0,12.625545951830574,0
26.674706,93.484475,82.0,3.1996013002506887,0
28.662865,95.626872,2285.0,41.00065719710698,0
25.505309,93.374132,417.0,4.787290497376919,0
26.594654,91.322327,61.0,1.3502244696996155,0
27.828215,88.746928,5092.0,4.72794257368475,0
26.466795,90.179853,48.0,1.5095270002735288,0
28.361108,93.421002,2685.0,25.91570359318582,0
28.89529,94.911149,1715.0,37.29868767505919,0
28.54982,94.248066,1709.0,57.52125742284869,0
27.701681,94.621783,350.0,13.378045743109908,0
25.187586,94.125867,1138.0,23.833218174029398,0
27.762181,88.532714,2959.0,35.49716625587208,0
26.098073,94.94923,965.0,27.05732860824776,0
27.702488,88.502481,5051.0,28.09715358325669,0
25.174062,94.549865,1821.0,28.54342951460882,0
28.625569,95.039025,551.0,19.31534334540923,0
28.055757,94.779111,969.0,14.218362225962917,0
25.542702,93.710238,805.0,15.81919394750014,0
26.031471,90.364342,34.0,2.052775101535614,0
27.473227,92.664946,2727.0,30.788511285352257,0
27.811816,96.862277,3392.0,33.69213334921483,0
23.953485,92.964965,584.0,31.220188351035127,0
25.728923,94.57178,1256.0,26.628589703310887,0
26.620189,94.644446,352.0,25.14243049054343,0
25.355018,94.121835,1169.0,14.628281989748366,0
25.668054,93.744305,444.0,4.972358392400693,0
24.557584,93.1032,198.0,21.359971104778165,0
28.884185,96.408628,4096.0,28.9820822675944,0
28.037859,96.54287,1812.0,44.51699124454152,0
27.63905,93.567677,1744.0,24.513786157374398,0
27.474701,94.867469,104.0,1.6876048941769748,0
28.401137,94.385628,2571.0,27.613098503754813,0
26.217036,93.395119,877.0,15.61282805727163,0
23.163367,92.890406,665.0,32.17843344762769,0
27.551611,91.596683,3036.0,29.01640220936345,0
26.025137,90.361839,32.0,1.5095270002735288,0
24.662122,93.798824,768.0,6.423150913734816,0
27.828508,94.209466,1045.0,32.43799291994331,0
25.45042,92.147727,1450.0,1.5095270002735288,0
26.533316,90.611077,60.0,7.393958126885864,0
27.338807,88.406738,2712.0,33.366673111946376,0
27.317674,88.584007,1192.0,23.88025197506953,0
28.393433,94.38956,2858.0,19.50369624652719,0
24.572073,93.658112,529.0,26.87562351871521,0
23.723519,92.816354,289.0,12.416385315606288,0
28.531629,94.046432,3131.0,21.57900758977469,0
26.846767,91.849055,232.0,4.5823147648922165,0
28.021231,93.737634,926.0,40.97848172860279,0
27.816823,92.814104,2058.0,26.427602343109324,0
26.316253,92.789532,61.0,1.3502244696996155,0
23.557122,91.246622,61.0,5.427642598914455,0
25.729303,90.12352,246.0,12.485117908823954,0
26.065991,93.412385,385.0,2.9018215173024653,0
25.259096,92.94244,700.0,28.386037765789645,0
25.370508,91.415007,1483.0,4.380487094158032,0
25.745465,91.321186,804.0,2.6350263783644494,0
25.318931,93.701728,908.0,24.23693389272071,0
26.224857,91.94976,138.0,12.092764221354727,0
27.783518,93.066225,3048.0,14.310239191234691,0
26.340854,91.844166,55.0,3.945476393479333,0
27.754894,93.959409,754.0,25.446969184311797,0
26.113748,90.488216,104.0,8.118116632592285,0
27.53069,96.756034,1552.0,21.702479637244338,0
27.133266,92.067922,1513.0,23.370608576255947,0
28.853512,96.161493,4076.0,25.24112818756747,0
26.131524,91.794343,59.0,0.7548944975654582,0
28.700968,96.448646,3637.0,35.732108376040394,0
26.580737,93.572559,102.0,4.262693045214654,0
25.530696,90.731832,400.0,0.6752059787394532,0
28.836344,95.212748,2117.0,25.865944942192726,0
25.240805,91.578667,915.0,35.842881944700835,0
26.365882,92.794091,75.0,3.389067065438376,0
28.292398,93.463044,4457.0,29.26142427299514,0
24.369403,92.023454,35.0,3.931095784160226,0
25.847001,89.992849,30.0,1.6876048941769748,0
26.572066,93.418952,139.0,14.426843693074732,0
27.621082,95.897431,153.0,0.9548412538721888,0
27.449677,93.381607,2892.0,17.528368921801512,0
28.194353,92.909029,4564.0,41.76700327958529,0
28.297506,94.652159,390.0,12.334204111082284,0
25.193233,92.18999,468.0,25.104175174071397,0
27.910495,88.755607,5022.0,23.85957416726988,0
24.018003,92.778984,537.0,21.880527338520384,0
25.799657,93.940553,955.0,29.933967330901837,0
27.259425,95.316999,115.0,0.9548412538721888,0
27.46075,95.663159,153.0,4.0586642321882005,0
27.580301,96.07009,226.0,3.372286683433898,0
23.509545,93.255376,1072.0,22.30965536562337,0
26.739421,93.501312,71.0,3.372286683433898,0
26.884117,92.564396,118.0,1.0675202709770988,0
22.66654,92.533618,60.0,10.45164277519746,0
24.340096,92.381112,55.0,1.5095270002735288,0
27.762697,94.638027,795.0,36.14941470551866,0
25.040735,92.610847,338.0,28.17959117310977,0
26.248665,91.864792,46.0,1.5095270002735288,0
24.421212,93.777735,777.0,1.7210061534334908,0
27.978925,94.80169,954.0,9.10674910038814,0
27.711222,96.587795,1219.0,26.217612768234883,0
26.868994,93.209849,96.0,1.4320961841646465,0
24.665154,92.887925,25.0,4.5823147648922165,0
23.121197,92.570665,261.0,27.951522826640524,0
26.871586,95.382878,516.0,27.135908187759505,0
27.374594,88.706942,3123.0,33.42031725512858,0
27.905225,94.929957,317.0,17.156881303434954,0
22.116386,92.828764,334.0,13.362200604250484,0
24.131875,92.443761,116.0,8.984876931685683,0
25.577683,93.286013,508.0,7.179645410861981,0
24.902577,92.68474,25.0,0.7548944975654582,0
26.053561,91.516276,53.0,2.3619913818349927,0
26.777833,93.30629,73.0,1.9091524329963765,0
23.821284,92.616836,366.0,9.427411064372352,0
27.381515,92.463637,1968.0,29.060227993139616,0
23.689284,93.33906,1356.0,30.803288801229016,0
24.999579,93.326587,268.0,11.08264483156831,0
27.920847,95.110115,587.0,25.15631913369421,0
24.29577,93.141174,703.0,36.47198661836821,0
24.362162,94.141581,1254.0,26.54275430663689,0
25.811601,94.676093,1071.0,37.53572012676889,0
29.411425,96.084154,3503.0,3.109633021988153,0
24.767418,94.585729,422.0,27.30716708684455,0
27.576895,92.592225,2777.0,40.492408611962745,0
24.94593,93.15524,95.0,7.187414250982758,0
25.217417,90.801959,82.0,24.585856570338397,0
25.872177,94.373536,763.0,14.822992028929937,0
24.736906,93.794624,792.0,1.7210061534334908,0
23.4788,92.931189,846.0,10.744415839592216,0
27.317111,93.784277,1047.0,37.37946186375299,0
23.830844,92.894795,595.0,30.995420639340725,0
28.182088,92.941785,3615.0,26.24522678855696,0
24.431379,93.067311,318.0,26.682404295840968,0
23.641117,93.268715,1492.0,25.9702632075234,0
26.639976,90.886557,67.0,2.7199233149201807,0
23.85726,91.803282,104.0,2.0248682972773406,0
26.902379,93.098197,141.0,0.9548412538721888,0
23.20514,92.462623,276.0,14.222050628593289,0
25.249099,92.82265,1054.0,10.43076019506472,0
24.401684,94.262224,617.0,35.842881944700835,0
22.822802,92.71614,428.0,22.5157777782506,0
24.779636,93.278012,1324.0,8.935631425418535,0
25.510917,91.63653,1637.0,7.2338446967252255,0
25.868456,90.943069,314.0,19.078375781087,0
29.129992,95.929405,2234.0,16.7265941611426,0
28.213673,96.900471,3460.0,25.339228429293662,0
28.26087,94.699402,393.0,21.62244365822244,0
25.628438,93.281215,387.0,16.114830614616515,0
27.098053,95.429049,317.0,28.53213600726159,0
25.21692,93.256955,1267.0,31.52580662322919,0
25.447684,91.449998,1523.0,3.7692440164074177,0
27.422599,94.311078,104.0,3.1818128120974354,0
26.152998,90.021984,50.0,2.263636058426967,0
23.287219,91.607647,39.0,5.875572624808732,0
25.898687,92.168139,670.0,5.989218403964244,0
25.542954,90.59703,268.0,6.201053782439264,0
27.174301,88.42518,1528.0,27.9105145799446,0
26.645767,90.391031,86.0,2.263636058426967,0
28.136313,97.141603,3891.0,56.44943302232448,0
28.920882,96.126761,4371.0,23.767137164218948,0
25.503169,92.621433,720.0,0.9548412538721888,0
27.588883,96.237232,619.0,19.67241406345793,0
28.75644,94.680236,2258.0,27.135908187759505,0
24.013619,92.180532,99.0,0.6752059787394532,0
25.744129,89.880068,27.0,1.2171181316034885,0
26.216059,91.222178,45.0,1.012750369636371,0
26.201128,94.557872,1246.0,21.01416343922592,0
27.252683,88.513714,1225.0,13.59376654330582,0
26.295253,92.617534,61.0,0.7548944975654582,0
26.770362,91.291805,176.0,3.584252301697434,0
26.689086,92.239513,86.0,0.0,0
23.525468,93.069354,937.0,32.212374446006656,0
27.932705,95.635328,131.0,3.054369995163865,0
24.741805,93.528778,341.0,11.727024027980926,0
26.368214,91.564901,49.0,0.6752059787394532,0
27.21787,88.330539,696.0,36.97565033577395,0
28.48253,93.929725,2712.0,38.16145934957146,0
25.453444,90.891496,473.0,11.904688112848122,0
25.213572,93.42673,711.0,23.964565442577435,0
27.683609,96.260695,304.0,4.393377408433921,0
27.971977,95.211501,382.0,5.322852793549541,0
24.534309,92.499636,68.0,7.725405004429305,0
27.108731,92.438124,2359.0,21.908229920876853,0
28.809937,94.581256,2468.0,39.55846108339827,0
28.19668,94.296016,1954.0,28.884223166147564,0
27.68273,94.651237,351.0,20.957647957804443,0
28.698465,95.281417,3036.0,29.93915590185868,0
27.436753,95.718831,164.0,2.6350263783644494,0
26.35345,94.972784,1671.0,30.298369765118693,0
26.519722,90.096381,51.0,1.9091524329963765,0
27.597147,93.752002,2167.0,27.41481600801581,0
24.084653,92.014259,46.0,0.6752059787394532,0
28.218396,94.426711,2136.0,13.362200604250484,0
27.987485,96.120004,260.0,2.385944030388813,0
24.829915,93.414669,314.0,29.18694100835105,0
25.59868,92.286694,1135.0,6.466625310264721,0
26.712347,90.443779,114.0,0.3376147110174216,0
27.978966,93.686851,1777.0,26.26469097186144,0
24.461697,92.463944,35.0,0.7548944975654582,0
24.685956,93.041861,392.0,41.01433771404048,0
24.826013,93.010721,28.0,2.3859440303888126,0
27.416107,95.653441,140.0,1.5095270002735288,0
24.702831,92.61505,19.0,1.2171181316034885,0
23.285131,93.114474,1049.0,23.82756479623918,0
26.726387,91.064061,65.0,1.5095270002735288,0
24.628629,93.61299,682.0,21.837811101082977,0
27.499279,88.356508,3754.0,40.74168479816883,0
25.184462,93.962137,1384.0,18.70367847873935,0
28.223555,95.773169,740.0,10.606834346352132,0
25.880294,94.900011,941.0,8.543726239832896,0
27.578954,96.730797,2746.0,29.614346339829297,0
28.584854,94.149918,1938.0,10.744415839592216,0
25.49918,91.530365,1684.0,15.92277945817654,0
27.797521,95.03333,243.0,38.09873035103551,0
26.448656,90.522783,56.0,4.691966863384949,0
24.414197,93.979553,1015.0,35.73757406617853,0
25.284425,91.268371,768.0,23.015576714911568,0
27.528562,92.3549,3397.0,22.656437373598656,0
24.538729,93.289111,270.0,23.39193081255129,0
25.633431,93.243177,407.0,15.332459668819096,0
27.59411,91.852615,2965.0,18.6508616564494,0
26.449929,91.94346,62.0,1.2171181316034885,0
25.971119,90.999597,61.0,3.646970455272818,0
25.431413,92.664043,816.0,4.0586642321882005,0
25.948833,90.723528,67.0,3.3384705437643523,0
25.432222,91.152636,980.0,38.626413303003226,0
26.597643,93.99501,91.0,2.160788974078258,0
29.055703,94.894936,777.0,23.759567592645983,0
25.491617,93.364131,382.0,8.543726239832896,0
28.589273,94.996626,1326.0,41.47356609668653,0
26.094772,94.161392,516.0,25.6502330242665,0
28.339387,96.129139,1710.0,36.89873172581748,0
23.78424,92.34768,510.0,26.58572825622564,0
22.776599,92.714635,381.0,29.358425201839857,0
24.433066,93.690337,908.0,7.86095868417308,0
28.465474,94.375314,2337.0,18.735276035994968,0
25.96016,94.095337,592.0,16.723558006484023,0
25.789991,94.749008,662.0,14.233109137789889,0
25.165557,94.119219,972.0,15.79642499508292,0
23.781843,92.633432,327.0,6.893893059635488,0
26.216495,94.588607,1026.0,24.851517280914507,0
27.669684,93.600292,1260.0,22.513729930717684,0
25.516989,93.971299,1595.0,29.50153621491294,0
24.159276,92.147286,92.0,6.201053782439264,0
27.171166,95.003844,105.0,1.6876048941769748,0
26.732254,91.624279,103.0,0.7548944975654582,0
26.336937,90.860295,45.0,3.109633021988153,0
26.594512,91.8275,71.0,2.3619913818349927,0
27.880045,95.326106,141.0,2.160788974078258,0
24.623037,94.122667,852.0,0.6752059787394532,0
28.26163,96.532083,1044.0,33.067916533314715,0
27.833483,95.962821,151.0,4.114075330927888,0
23.658741,92.93934,838.0,23.63796307368513,0
25.964548,93.213518,157.0,3.945476393479333,0
28.507264,94.980575,1781.0,38.70825624807791,0
23.806254,93.339652,824.0,31.440754691242105,0
26.837955,94.495892,96.0,1.0675202709770988,0
26.094157,93.73857,153.0,1.012750369636371,0
26.314627,93.51803,715.0,14.907015718609202,0
25.980953,92.376744,579.0,4.380487094158032,0
26.021857,89.867968,25.0,1.3502244696996155,0
25.606893,90.033396,111.0,9.508656426564368,0
26.317962,93.364348,733.0,23.82756479623918,0
27.790649,96.346097,445.0,6.804089732608741,0
25.373768,93.788164,1431.0,34.42232793850156,0
25.64734,93.6654,338.0,1.0675202709770988,0
24.26407,93.288533,934.0,3.584252301697434,0
23.167747,92.435357,127.0,2.433138796850444,0
26.740688,92.178646,105.0,0.4774537773095774,0
23.314689,93.075383,777.0,10.181894327886758,0
27.681198,95.333414,117.0,0.9548412538721888,0
25.716387,90.016687,80.0,7.543150097211877,0
25.931777,91.020662,56.0,6.926249082072704,0
26.237396,93.742227,254.0,16.21928176965065,0
27.853982,95.2169,142.0,2.3619913818349927,0
27.808403,95.427014,122.0,1.0675202709770988,0
27.676458,91.933529,4346.0,30.999070289500416,0
27.240829,88.195451,1922.0,25.59796625507007,0
26.154339,91.073956,40.0,4.763641690726178,0
25.550087,91.072056,984.0,4.691966863384949,0
27.116366,94.211236,86.0,0.3376147110174216,0
26.506044,90.64583,56.0,3.646970455272818,0
24.017538,94.025202,765.0,45.06203532296563,0
27.680705,93.396347,1959.0,42.2006310918857,0
25.936503,90.463239,154.0,18.926021867372565,0
27.293991,95.400242,123.0,2.3859440303888126,0
25.408006,92.414864,1237.0,1.96786377642228,0
25.600321,91.737851,1677.0,10.92491063265941,0
27.886542,95.516598,134.0,0.4774537773095774,0
26.266048,92.637499,60.0,0.7548944975654582,0
27.467321,93.975804,2228.0,13.655785447175504,0
28.30921,95.519538,504.0,16.02875346654702,0
27.713278,95.080685,113.0,1.96786377642228,0
24.023699,92.063474,133.0,6.063765138410265,0
26.835219,94.958753,263.0,10.48288165556538,0
25.911566,91.206735,180.0,13.202548211490392,0
28.112853,94.523033,940.0,25.996650770804457,0
24.398146,94.353373,313.0,33.27369602543111,0
26.947793,92.315471,382.0,27.390618540180743,0
28.297161,93.670733,2707.0,36.48677279072832,0
23.980147,92.000838,63.0,14.656793243901692,0
27.538881,92.185736,3379.0,20.11955452093631,0
26.492073,92.610227,64.0,0.3376147110174216,0
28.235722,96.902745,3437.0,46.51607763274762,0
25.487462,91.675602,1843.0,12.106073141102074,0
24.372947,94.097878,1225.0,33.296989754761654,0
28.460073,95.555159,2084.0,13.585991207888908,0
24.73745,94.225656,1429.0,39.85340016616135,0
26.646084,90.889514,69.0,2.5695028228896355,0
26.444352,91.55669,56.0,2.385944030388813,0
23.130432,92.949552,639.0,47.51850796200055,0
22.951562,93.057871,1135.0,30.729268773830185,0
26.732953,93.683421,77.0,5.128711509483252,0
25.473355,90.939958,549.0,6.990494340294632,0
24.691381,94.182621,1286.0,34.90979342704048,0
27.330962,93.780608,1035.0,32.333986324775005,0
27.574829,92.503826,2269.0,50.44340804941785,0
25.852886,94.295259,1089.0,13.29860327052246,0
28.589802,93.438029,3181.0,41.69184152538975,0
26.245512,91.044318,40.0,1.6876048941769748,0
24.528213,92.560747,30.0,1.0675202709770988,0
28.088627,93.922588,1599.0,33.90556740947305,0
25.342533,93.438352,1424.0,29.076632747398463,0
26.615981,90.031913,88.0,2.263636058426967,0
26.931583,93.172309,208.0,19.85142324911409,0
24.516722,94.292028,861.0,25.352949515010675,0
22.415058,92.89191,1366.0,27.22787596691276,0
26.773875,91.447507,128.0,1.0675202709770988,0
25.382641,90.147435,120.0,17.355474512865367,0
25.22257,90.898591,95.0,18.56861104463105,0
27.459633,88.169502,3609.0,38.71127928679015,0
26.462631,91.339535,48.0,1.817522018719848,0
27.962722,92.948053,2731.0,35.44531443124698,0
23.674186,91.421504,59.0,3.631393549323058,0
28.286177,93.823613,2161.0,37.63877548007402,0
22.964465,92.411835,68.0,6.629140282386492,0
26.122618,90.374969,37.0,2.4563945664087456,0
28.013359,95.199937,404.0,29.24384939923428,0
26.802413,95.404117,1403.0,15.128378509366811,0
23.395334,91.687949,75.0,5.427642598914455,0
29.047064,94.965506,1158.0,23.29088136310349,0
27.664129,94.331749,721.0,27.19727721314564,0
25.485565,93.921017,819.0,16.665741309979975,0
24.188948,94.220666,375.0,17.393118144442386,0
26.342534,92.397937,60.0,0.0,0
27.648136,95.480663,125.0,0.7548944975654582,0
24.668553,93.643712,927.0,9.832003846683149,0
29.189328,95.87787,2258.0,5.759620519825523,0
26.74202,91.976307,106.0,5.237476066812513,0
25.761873,90.378179,320.0,14.624713477272469,0
25.665184,90.294264,637.0,5.006282271664123,0
26.949498,93.568859,114.0,1.391763426244203,0
26.159596,94.672905,1856.0,24.76641218257473,0
26.468095,91.608868,56.0,1.0675202709770988,0
27.9126,93.56189,1825.0,26.539566558618308,0
27.541646,91.713758,1836.0,39.04400208600562,0
26.975386,95.3225,410.0,18.58722489121147,0
27.426858,95.5506,142.0,2.6350263783644494,0
24.362487,93.157051,513.0,18.737906048136225,0
28.297323,95.678205,397.0,2.7199233149201807,0
27.508153,93.806865,1724.0,21.837811101082977,0
26.752494,94.798982,205.0,4.763641690726178,0
25.681866,90.953997,782.0,6.457954637909866,0
27.620375,96.433172,1169.0,28.61664962451376,0
27.635425,93.28121,2986.0,40.41472972667954,0
24.935134,93.072227,61.0,6.853224835121291,0
24.925994,93.021214,58.0,4.763641690726178,0
28.070441,96.999976,1987.0,0.0,0
28.246229,93.76755,2669.0,36.90466170362531,0
26.088517,91.909109,134.0,16.18139460308577,0
25.043149,93.352658,343.0,17.355474512865367,0
28.627592,93.908884,3072.0,20.957647957804443,0
29.32985,94.656143,3661.0,16.051123667414398,0
22.909111,93.072425,888.0,35.18353501801075,0
25.520398,92.782684,502.0,7.416536974278209,0
27.359493,93.691134,1594.0,19.295109135877045,0
26.793994,94.757844,106.0,1.391763426244203,0
26.261861,92.386287,62.0,0.4774537773095774,0
25.222722,92.685662,1102.0,12.638224684699054,0
26.146992,93.27626,303.0,16.11800792223731,0
26.227953,94.770104,1636.0,20.462735458857964,0
27.417098,96.917967,3409.0,36.52151012618015,0
25.633829,94.720689,1657.0,37.80372524729629,0
29.035075,94.632377,3885.0,38.379067082746815,0
25.991956,92.262437,715.0,7.660316591254672,0
24.427602,94.354588,568.0,25.831023238728516,0
28.532499,93.369313,4443.0,19.31028740874557,0
27.067604,93.084995,1419.0,23.55956944141389,0
27.299342,93.742864,1445.0,18.286465087500847,0
27.436815,92.992488,943.0,30.37307623005025,0
27.650856,93.667011,1772.0,10.539890808166064,0
25.665176,94.117124,1279.0,13.597652288351249,0
28.555798,94.661003,1296.0,5.550718212127324,0
23.329069,92.709623,549.0,20.347638404920296,0
23.645713,91.785979,127.0,4.715981714482646,0
22.093574,92.93698,136.0,19.496208222897444,0
29.132638,96.090788,2781.0,10.367837459092083,0
28.64891,93.408115,4318.0,34.92799566298539,0
28.560369,94.652586,797.0,22.30965536562337,0
25.311161,91.667702,1355.0,36.8376096693336,0
28.042854,96.671424,2360.0,48.86367858728718,0
26.933574,92.899157,109.0,0.7548944975654582,0
25.908733,91.025712,61.0,2.3859440303888126,0
25.943263,93.418472,167.0,2.698950908923438,0
26.052053,91.717893,385.0,27.675690641336114,0
26.528309,93.288427,277.0,15.81919394750014,0
27.741331,95.25773,112.0,0.0,0
25.910333,94.582402,1233.0,33.169529390014134,0
26.361284,90.899432,37.0,0.0,0
27.50362,94.037459,1226.0,46.59093169362771,0
22.295319,93.03498,1540.0,22.228525063117385,0
28.515464,95.771504,829.0,18.174763056324142,0
25.883498,94.955026,1483.0,28.738431183880497,0
28.793599,94.585048,1827.0,35.71296387875258,0
27.301576,96.400983,1086.0,28.12178338655737,0
29.348558,95.827059,4844.0,28.271664280037815,0
28.160746,97.291493,4206.0,10.014068499821953,0
28.440493,93.375727,2662.0,52.188377852621386,0
27.483876,96.27243,401.0,14.073633716023297,0
26.6553,93.653889,79.0,3.843668167321381,0
26.929438,92.23439,418.0,14.481123401789077,0
26.738536,90.108419,214.0,2.433138796850444,0
23.319979,92.604854,584.0,16.802277923382565,0
24.082702,93.053479,394.0,29.26142427299514,0
25.687695,93.227295,335.0,20.451031062849548,0
25.237204,93.796695,1636.0,6.388151156051586,0
23.092237,91.690884,36.0,5.385977098599754,0
25.242947,94.198018,1283.0,19.71921385391193,0
25.917908,90.322766,119.0,9.898627976311248,0
23.01898,93.247066,785.0,26.185065798950863,0
25.025091,94.449489,1924.0,25.548918931181756,0
26.595462,93.034807,59.0,1.012750369636371,0
26.174956,91.595953,44.0,0.0,0
27.72517,95.661628,134.0,4.315448959323992,0
26.181933,93.918581,118.0,2.160788974078258,0
24.065871,94.073723,817.0,32.433533012318165,0
25.324224,93.803541,1303.0,38.67344937613533,0
27.07934,95.044607,106.0,2.160788974078258,0
24.537578,93.771198,768.0,0.0,0
24.650383,93.055309,93.0,7.973233172986173,0
27.288596,92.335953,2839.0,5.095619550423829,0
23.648312,93.102724,983.0,25.682184661491608,0
26.597645,94.210368,102.0,0.0,0
24.200222,94.143732,793.0,12.05719326306978,0
27.76944,95.841948,136.0,1.6876048941769748,0
26.092031,90.053929,33.0,2.698950908923438,0
23.297075,92.877132,843.0,15.81919394750014,0
27.162791,92.176597,2408.0,32.89642925170675,0
23.112995,93.308272,1363.0,21.47206914335925,0
27.473972,93.768532,1145.0,19.809928581927807,0
28.173407,93.497077,1940.0,36.080907034405485,0
27.235292,92.478421,1813.0,31.012445448807316,0
26.593225,93.016301,75.0,1.6876048941769748,0
28.740838,94.49838,3369.0,17.78094311313834,0
28.095869,94.481062,531.0,22.991754575465414,0
28.605013,93.340412,4368.0,26.975266961464445,0
26.974148,95.447873,938.0,9.920728647509224,0
29.080333,94.69997,3427.0,41.701801771793086,0
25.318653,90.894884,541.0,3.372286683433898,0
27.657961,95.062733,111.0,0.9548412538721888,0
27.184514,94.328608,87.0,2.160788974078258,0
27.841257,96.036904,160.0,4.520227592644634,0
27.352049,96.876183,1264.0,12.106073141102073,0
25.618932,93.205041,295.0,26.762796183610217,0
24.337899,94.2752,511.0,29.417424610323668,0
22.79442,92.795257,340.0,2.6350263783644494,0
28.007627,95.633887,157.0,1.012750369636371,0
23.099075,91.522393,18.0,1.96786377642228,0
27.801794,95.546481,128.0,2.698950908923438,0
27.856394,96.222799,220.0,2.4563945664087456,0
25.522704,92.988365,225.0,4.072588647671146,0
26.397696,93.984482,110.0,3.843668167321381,0
25.753074,93.667279,196.0,0.0,0
27.474917,95.762802,149.0,0.7548944975654582,0
26.868321,92.999809,95.0,0.9548412538721888,0
26.604939,94.902139,314.0,8.43945063280957,0
27.329415,95.198441,114.0,1.3502244696996155,0
27.541337,88.125129,4391.0,22.58116805648409,0
27.044077,94.414876,89.0,1.817522018719848,0
27.685411,92.709746,1234.0,30.298369765118693,0
26.359472,89.801119,39.0,1.4320961841646465,0
25.414301,92.383076,1213.0,11.994659682683803,0
28.310582,96.693246,3026.0,23.75010057347409,0
26.920475,95.451705,1334.0,22.010090182675167,0
23.068172,91.690694,36.0,1.6876048941769748,0
25.601655,90.15321,408.0,3.109633021988153,0
25.527642,91.05137,942.0,4.787290497376919,0
27.988025,96.880242,3672.0,25.31690687901129,0
27.088194,93.939003,91.0,2.433138796850444,0
28.014382,94.825455,851.0,19.08864740084677,0
27.86147,97.154643,2814.0,24.82851225720684,0
26.284142,93.229605,263.0,8.691301602734168,0
26.401659,90.164372,45.0,1.012750369636371,0
25.475354,92.605334,741.0,1.5095270002735288,0
26.47515,92.627449,66.0,1.3502244696996155,0
25.322822,90.512951,160.0,7.062044068464845,0
27.895152,95.320643,138.0,0.9548412538721888,0
26.704465,90.330376,121.0,1.96786377642228,0
23.039727,92.548604,447.0,18.86880068973455,0
28.142414,93.05395,3974.0,16.30726771871584,0
27.475306,94.906893,108.0,0.3376147110174216,0
27.677593,94.138068,981.0,42.59277249123389,0
26.118908,93.89605,125.0,1.0675202709770988,0
27.648151,93.594811,1326.0,24.55166335676786,0
24.71576,93.20685,127.0,13.640311227766055,0
26.67301,93.183837,73.0,0.3376147110174216,0
24.91682,94.088183,1082.0,18.27288969553102,0
26.218741,93.32945,778.0,25.13721917646905,0
25.888728,93.136687,156.0,6.804089732608741,0
24.920225,94.04579,794.0,3.109633021988153,0
26.137122,94.073427,386.0,19.533610377933154,0
24.370533,92.718103,168.0,21.04572088407583,0
26.984377,95.118812,122.0,2.052775101535614,0
27.701398,88.193346,5453.0,33.766329870041986,0
26.979704,92.639546,272.0,2.6350263783644494,0
26.079523,94.565698,1687.0,33.06040433527305,0
26.325681,89.975514,52.0,3.584252301697434,0
27.221904,88.079568,3094.0,25.8709276511253,0
24.710463,93.479542,674.0,44.3722527214999,0
25.975657,90.012568,36.0,3.389067065438376,0
27.541226,96.615735,1316.0,35.08521565442879,0
26.126421,90.657812,53.0,1.2171181316034885,0
23.143156,92.814889,749.0,24.214872463290742,0
26.51292,89.907353,58.0,0.7548944975654582,0
26.842481,93.68433,76.0,1.2171181316034885,0
24.993231,92.823589,308.0,14.88955708015987,0
27.530385,95.576363,123.0,1.5095270002735288,0
27.563947,93.372599,2639.0,30.461275517775352,0
27.014054,95.842341,1950.0,13.655785447175504,0
28.095181,96.347363,3193.0,27.006281842074504,0
26.206075,93.898191,123.0,4.787290497376919,0
24.27233,92.816955,601.0,41.06634175393084,0
25.699928,91.151481,985.0,19.98488347684215,0
27.358462,94.780194,100.0,0.3376147110174216,0
24.880821,92.316703,21.0,1.0675202709770988,0
28.870038,95.099029,1233.0,22.75354966987249,0
26.431053,92.526253,63.0,1.2171181316034885,0
26.960003,95.485811,857.0,10.176527410054078,0
29.174005,94.862977,3166.0,37.8835697865198,0
27.906297,96.965665,2098.0,37.86364636173037,0
28.954511,96.28756,3056.0,31.211784490588546,0
27.282695,96.250759,779.0,34.6605872943073,0
28.038688,94.495668,795.0,18.329819733358647,0
28.389729,93.306842,3391.0,19.109168969144932,0
27.230353,93.266725,1406.0,23.70837878647085,0
27.325348,95.457238,127.0,2.160788974078258,0
26.009802,94.839009,1019.0,32.96459132297932,0
26.751459,91.027198,91.0,2.433138796850444,0
26.30666,91.838377,52.0,2.6350263783644494,0
28.633801,94.335696,2303.0,11.927252133664076,0
25.009299,94.364394,1380.0,14.882566829789898,0
25.998098,92.249812,396.0,29.640778436590377,0
28.636148,94.40789,2634.0,50.99037340278884,0
26.701662,91.224034,61.0,2.9018215173024653,0
28.345324,95.013815,255.0,10.024987862075742,0
28.146547,95.460191,240.0,0.7548944975654582,0
25.850267,93.126208,161.0,3.646970455272818,0
27.087841,94.966035,101.0,0.4774537773095774,0
28.106474,92.929965,4810.0,28.966958884266845,0
27.596252,91.847748,2903.0,35.66911962606628,0
22.751339,92.755021,404.0,20.366489959327367,0
23.508803,91.657375,62.0,5.875572624808732,0
26.377998,92.040698,50.0,4.679912393493258,0
26.566992,92.509933,55.0,0.0,0
27.212928,88.304128,933.0,26.12141199648494,0
22.67763,93.079399,635.0,35.891671117465485,0
26.607846,94.485477,639.0,14.910504539706803,0
22.145708,92.621508,260.0,21.50051299286269,0
27.325643,94.82096,101.0,3.109633021988153,0
28.980814,95.352621,3234.0,29.125749544053328,0
25.718592,92.190224,793.0,1.6876048941769748,0
27.186584,92.366485,1847.0,34.378811283947016,0
27.194753,93.517876,1295.0,16.228736705934203,0
28.011962,95.304727,156.0,3.931095784160226,0
27.753522,96.523697,2104.0,50.69843988678565,0
27.214045,92.192447,3099.0,17.390226107566324,0
27.161605,92.949275,1085.0,16.419546536130245,0
24.039032,92.464984,70.0,10.759583898850556,0
25.117893,93.251093,474.0,19.109168969144932,0
26.942066,93.374608,124.0,1.391763426244203,0
23.919404,91.521721,123.0,11.471257006629076,0
27.885493,88.640467,5556.0,20.19596849806996,0
23.687919,93.273514,981.0,34.7014168409633,0
27.87111,88.576309,4039.0,24.62356478616361,0
28.416728,96.667729,3265.0,25.5743067157341,0
25.54295,92.47534,1025.0,12.646669179823956,0
26.014587,93.966617,204.0,12.442210235207456,0
23.799449,93.334531,929.0,21.954998832237575,0
28.260078,95.094846,1510.0,25.21348422255498,0
23.635943,91.412728,48.0,11.777437041002203,0
28.945004,94.326277,3554.0,17.14216531267885,0
26.504025,91.685849,60.0,1.0675202709770988,0
27.573998,96.162014,520.0,32.7658094454412,0
28.628646,95.443174,2376.0,32.71217319384876,0
27.625337,94.085482,1813.0,32.331742392927794,0
24.721021,94.041855,780.0,3.1996013002506887,0
25.435877,91.709267,1676.0,1.391763426244203,0
28.842131,95.596814,2504.0,16.453666886955713,0
25.96859,90.865374,57.0,5.641219812715514,0
27.172424,94.484166,92.0,2.8821812090202448,0
26.259821,94.226188,341.0,9.015509788449522,0
24.516986,92.615558,34.0,0.3376147110174216,0
26.691641,92.872401,72.0,3.1818128120974354,0
24.296037,92.83969,153.0,16.041541080351973,0
28.767676,96.527465,3707.0,36.16361354699112,0
24.562918,93.333192,367.0,26.630175011834265,0
25.037246,92.878739,513.0,30.570243024081392,0
27.7223,94.208349,1153.0,35.86819845525075,0
24.660557,94.471492,693.0,15.439986990629263,0
24.356928,93.114732,169.0,3.016961309815993,0
25.680082,94.098984,1318.0,13.771202292081655,0
25.585163,90.321428,729.0,8.848748933297978,0
26.21618,90.557445,29.0,0.0,0
23.04138,93.064276,1283.0,21.74126669291606,0
28.059464,97.098106,4000.0,24.50836784352711,0
26.210643,90.61715,37.0,4.072588647671146,0
25.525142,93.608223,806.0,13.214598833651117,0
23.960101,93.168454,831.0,15.403125863548038,0
28.907132,95.381158,3282.0,27.758778382352286,0
24.026024,93.881669,1325.0,35.15617890951678,0
23.674673,92.052719,184.0,17.981998056475522,0
26.234451,93.824813,132.0,4.315448959323992,0
26.098975,90.519799,70.0,6.182930165948259,0
24.323628,93.217521,622.0,24.77174442072964,0
22.660146,92.583423,350.0,21.01416343922592,0
26.302338,90.912352,36.0,0.0,0
24.850333,93.650004,681.0,28.61664962451376,0
27.301684,88.783151,3440.0,46.10947465489339,0
27.502923,92.172341,4022.0,36.176913590965455,0
26.568871,91.626619,68.0,1.817522018719848,0
26.013547,91.586075,284.0,25.218671059688106,0
27.882404,92.632896,5423.0,22.902099885228424,0
24.363984,92.93762,649.0,12.05273862304095,0
26.573273,92.703516,68.0,0.9548412538721888,0
27.200114,93.661634,876.0,12.106073141102073,0
23.812227,91.820522,117.0,1.6876048941769748,0
25.475056,93.656766,1585.0,10.647801946937111,0
25.63494,91.593674,1503.0,6.423150913734816,0
28.782505,94.820019,819.0,21.42820647145751,0
26.44885,94.07578,93.0,1.0675202709770988,0
28.306224,95.628126,801.0,26.12795202639169,0
24.146281,92.271735,258.0,15.825692089271731,0
25.857334,90.941532,322.0,15.599614256886392,0
27.666204,92.360442,4471.0,10.64269042231061,0
26.757645,90.345691,165.0,3.843668167321381,0
24.9129,94.381453,698.0,27.0310516154598,0
24.979742,93.102446,272.0,6.526986519680234,0
27.346319,93.704535,1650.0,17.387333467314576,0
27.596747,95.056582,111.0,0.7548944975654582,0
25.008189,92.933249,364.0,25.22039963647754,0
25.700937,92.74225,332.0,10.678414922779544,0
24.70582,93.650774,1058.0,29.293821191076745,0
26.488666,90.817857,46.0,3.4389123953782974,0
26.744983,92.106631,114.0,0.3376147110174216,0
27.57864,95.443707,123.0,0.0,0
24.212654,94.113969,1142.0,30.22842291505514,0
25.244109,90.146932,97.0,3.3384705437643523,0
25.449739,92.588299,749.0,9.136946117762886,0
25.069312,92.367607,20.0,3.843668167321381,0
28.884546,96.445004,4047.0,34.180534158075666,0
24.849231,92.384435,21.0,2.4563945664087456,0
25.201635,94.154962,1522.0,7.179645410861981,0
24.610039,93.636092,960.0,28.732851681077435,0
25.530711,92.830699,207.0,10.860111440590474,0
24.59279,92.519513,38.0,4.393377408433921,0
25.861723,90.068177,28.0,0.3376147110174216,0
24.084375,93.857346,1234.0,24.113367317502654,0
27.687121,92.595265,3316.0,38.94008566342802,0
27.805039,88.352218,4727.0,19.47372130090924,0
26.202342,94.862189,2322.0,37.08573289536603,0
25.250396,94.222498,1228.0,29.191012396664323,0
26.2245,89.84068,31.0,0.4774537773095774,0
25.904004,94.263157,857.0,14.481123401789077,0
28.226872,94.289576,2452.0,35.57739351993357,0
27.077235,93.556593,326.0,24.068871827128465,0
27.797424,95.590963,128.0,1.2171181316034885,0
23.988505,92.090986,296.0,20.29804034743402,0
24.671891,93.109405,94.0,6.18293016594826,0
26.535154,90.705289,52.0,2.1342998941463125,0
25.647667,93.092119,206.0,7.179645410861981,0
26.8166,95.608914,2362.0,24.43413404727132,0
28.162139,94.457939,1603.0,35.492543378828444,0
26.244838,91.370688,48.0,6.696346521504578,0
28.122044,93.787694,1191.0,31.7353754997287,0
25.899325,93.797769,153.0,3.372286683433898,0
26.78269,90.456311,153.0,3.843668167321381,0
27.125631,93.71362,130.0,3.945476393479333,0
27.169859,94.263788,90.0,4.315448959323992,0
24.150047,92.796052,767.0,20.425249359005747,0
24.958636,94.64591,517.0,16.506228230622458,0
27.737748,88.702729,4886.0,20.75932234748779,0
26.299574,94.477343,1310.0,15.80618797245988,0
25.501512,89.984306,47.0,7.363740476577823,0
26.894566,92.690212,94.0,1.7210061534334908,0
24.309108,91.982645,35.0,3.372286683433898,0
25.60436,91.921096,1598.0,13.42939420550633,0
27.364596,96.541529,1312.0,23.277229246838036,0
27.293709,93.949145,235.0,1.6876048941769748,0
27.483213,94.204161,166.0,0.7548944975654582,0
25.935311,92.75944,78.0,3.109633021988153,0
26.547585,93.769837,95.0,1.6876048941769748,0
26.057638,94.772346,1906.0,32.70669025808719,0
27.627922,93.077283,1195.0,21.11088313257194,0
26.659105,91.841523,84.0,3.3214321859461395,0
28.931972,96.268231,3640.0,23.784155578580865,0
25.321214,93.567066,955.0,13.362200604250484,0
25.934361,90.506921,81.0,6.671226398049395,0
25.716178,91.930065,1011.0,17.823067005330284,0
27.92035,96.967284,1170.0,31.995079624503205,0
24.244504,94.028878,1651.0,31.03430875051448,0
24.104168,94.228818,267.0,11.333816091683136,0
26.042135,91.101239,42.0,0.6752059787394532,0
26.888002,90.439494,322.0,1.391763426244203,0
25.067624,94.327733,1388.0,26.90682716160217,0
26.06936,93.110442,93.0,5.601182019805608,0
28.359867,96.221104,2054.0,44.89316797446717,0
27.91882,95.332221,146.0,1.3502244696996155,0
23.364695,91.658629,80.0,6.526986519680234,0
27.398695,96.895308,2329.0,24.74862531519583,0
25.869216,91.228276,225.0,13.342363797088236,0
27.635318,91.671767,3736.0,27.726186750640903,0
27.567419,95.283324,121.0,2.698950908923438,0
25.067308,94.110636,834.0,6.893893059635488,0
29.237037,95.885484,3919.0,41.91007547318012,0
26.64333,91.215135,57.0,1.391763426244203,0
23.09178,91.580609,86.0,7.832625705078162,0
28.483853,94.703657,825.0,26.37455222965262,0
26.013861,93.184601,124.0,4.520227592644634,0
28.047894,96.089791,643.0,12.264517683654695,0
26.285212,93.172645,110.0,6.063765138410265,0
24.179344,93.204891,1212.0,20.572315320153606,0
27.601794,96.4289,1591.0,32.36200970737588,0
25.471369,92.496186,1039.0,18.682574951711565,0
26.018814,91.407141,52.0,0.7548944975654582,0
26.386751,90.496734,51.0,3.471741285563965,0
27.916416,93.287839,1193.0,32.81818198165607,0
26.222396,94.108464,479.0,12.334204111082284,0
22.386865,93.15974,933.0,33.425567049364545,0
26.819369,91.962676,194.0,1.391763426244203,0
23.378729,91.824683,164.0,5.095619550423829,0
27.088273,94.886518,99.0,2.263636058426967,0
27.337895,94.140118,100.0,0.4774537773095774,0
28.478557,95.397392,2567.0,34.99583458614565,0
27.060024,94.212194,86.0,0.3376147110174216,0
23.837406,92.124616,112.0,9.520202144985053,0
28.214314,95.357868,557.0,21.64844674283294,0
27.679548,92.460998,3724.0,24.23693389272071,0
29.191313,95.903805,2705.0,43.90182188752165,0
25.555111,90.547095,283.0,4.0586642321882005,0
26.795908,95.354246,594.0,18.946773780002005,0
26.770833,93.199061,81.0,2.0248682972773406,0
23.857725,91.498381,74.0,3.70861682982072,0
24.274705,92.86754,98.0,14.306577356818368,0
26.108432,94.495316,1140.0,28.248694136289817,0
26.672684,93.522871,77.0,0.4774537773095774,0
24.625942,93.325678,579.0,5.226703690794332,0
26.640866,91.583809,72.0,0.7548944975654582,0
25.182375,92.648225,1360.0,13.073217111846771,0
27.130879,93.299541,1174.0,36.49980810743768,0
28.661448,96.376969,3870.0,28.06231934554589,0
26.442967,90.36545,70.0,11.371914526441127,0
29.001386,95.02908,1107.0,19.694600815138024,0
25.522465,90.279842,779.0,26.644435887199457,0
27.423902,95.131628,116.0,1.96786377642228,0
27.928572,97.340108,4025.0,18.122699715761893,0
23.66595,92.7474,470.0,34.74020709678246,0
28.974166,94.558688,2814.0,28.82467335352175,0
26.126603,95.094035,1822.0,17.63108390496476,0
26.595914,92.237575,75.0,3.843668167321381,0
27.401921,88.308364,1933.0,26.064074661084867,0
27.667952,95.124699,115.0,0.6752059787394532,0
28.213784,94.479141,2128.0,37.77568430595466,0
25.210938,91.914063,578.0,4.520227592644634,0
27.311448,94.721487,101.0,0.0,0
25.349691,91.114981,683.0,29.92228709167213,0
26.502857,90.980374,48.0,1.012750369636371,0
27.947988,96.719258,1065.0,47.61125588393508,0
27.935191,93.477844,1730.0,32.27216653674432,0
25.955434,94.940582,925.0,23.985107940837526,0
28.086481,94.709754,985.0,43.929163148088335,0
27.95281,96.245338,397.0,14.054953065884908,0
28.17232,93.172372,1802.0,36.12364733057908,0
27.19896,95.439042,226.0,4.822542232360713,0
26.492241,95.048389,1713.0,38.69918363545329,0
24.101358,93.088762,219.0,10.357309866020204,0
27.71984,92.921515,2306.0,23.370608576255947,0
26.618557,90.728881,76.0,2.433138796850444,0
25.929036,92.861996,75.0,1.5095270002735288,0
26.177137,91.821284,81.0,13.582101615290334,0
27.315706,88.405963,1669.0,13.64418168215864,0
27.859341,93.822737,1339.0,22.02700214625758,0
22.422946,92.97885,751.0,29.13119796737811,0
27.182922,88.628356,708.0,24.52281262777141,0
24.16132,93.831983,1073.0,28.650334328953043,0
27.438105,94.305965,99.0,2.160788974078258,0
25.916135,94.82989,647.0,27.55925800065557,0
28.126614,96.2232,2434.0,20.11955452093631,0
27.642104,95.065509,112.0,0.3376147110174216,0
23.664067,91.803384,125.0,9.748032163491192,0
24.498327,94.364772,322.0,8.104435709194412,0
28.071562,93.424325,728.0,13.915808695897177,0
27.439823,95.269915,123.0,1.6876048941769748,0
26.125124,91.475235,44.0,0.0,0
23.283073,92.721731,480.0,11.583636009094745,0
23.609879,91.722923,158.0,13.862736065994175,0
27.368113,92.959016,1281.0,26.360054096082703,0
26.687936,93.589853,81.0,2.160788974078258,0
27.383986,96.048062,467.0,4.072588647671146,0
25.739768,93.764304,385.0,24.729037079462447,0
25.41485,91.672354,1652.0,4.100293712915969,0
25.00457,92.719039,254.0,12.05719326306978,0
28.442543,93.206612,2346.0,43.8022108108573,0
27.229538,92.451965,1972.0,40.22599759277736,0
27.749043,92.956666,1166.0,58.43411333065743,0
25.99823,90.708754,52.0,1.0675202709770988,0
27.633548,93.5263,2138.0,28.183918600004585,0
29.026435,94.808508,1515.0,44.85654251700833,0
25.747039,93.714417,378.0,21.96560850853191,0
28.391829,94.549645,1404.0,38.1708472381523,0
25.851105,90.775613,86.0,13.893092084630068,0
27.562986,91.840692,2522.0,33.23444546638256,0
24.91651,92.64094,19.0,2.7818863802117484,0
27.160659,88.448127,1242.0,20.80971857959822,0
23.32032,92.797932,712.0,31.00879875148093,0
25.593011,93.389845,240.0,8.710355024840407,0
26.113387,90.870162,39.0,2.9018215173024653,0
27.484061,96.592455,594.0,3.8140748342903534,0
25.006525,92.981545,473.0,24.65581600575764,0
26.439406,91.799397,56.0,0.3376147110174216,0
26.639848,91.967506,77.0,1.6876048941769748,0
28.484418,95.608647,2530.0,24.513786157374398,0
28.188667,94.186352,1287.0,27.31781173736662,0
27.655926,94.045138,2097.0,25.22039963647754,0
27.026865,95.025332,106.0,2.263636058426967,0
28.368686,95.166955,1975.0,20.685718648031223,0
26.732365,93.457887,78.0,1.391763426244203,0
24.155723,93.326846,541.0,11.09730601209501,0
28.618067,95.272383,1290.0,40.41337530810542,0
27.902805,93.36578,845.0,27.48719553451028,0
29.114401,96.067061,2913.0,35.573713626392,0
28.01403,95.901158,211.0,2.7199233149201807,0
25.083639,92.310096,110.0,16.796238729882134,0
26.506242,90.156698,60.0,1.391763426244203,0
26.163227,94.190939,304.0,10.160408198552636,0
27.840924,95.575888,137.0,1.817522018719848,0
27.683099,91.831132,4050.0,12.485117908823954,0
26.251732,93.188414,178.0,7.973233172986173,0
26.684017,91.25287,63.0,3.471741285563965,0
28.026558,93.293513,2478.0,12.688796216696051,0
27.70858,96.306327,390.0,3.8140748342903534,0
28.335282,95.28033,1183.0,13.85893614092294,0
28.205583,96.046401,2691.0,32.80837483092349,0
26.458538,92.843269,68.0,2.3619913818349927,0
28.136306,95.754266,214.0,3.1818128120974354,0
25.276377,93.487808,1689.0,15.80618797245988,0
25.271721,92.668138,1356.0,9.73677691573277,0
24.533095,93.618001,750.0,14.624713477272469,0
27.396234,96.213839,383.0,18.62703081108459,0
28.885165,95.777255,2185.0,28.738431183880497,0
27.793238,88.640234,4443.0,26.522022837937527,0
25.456089,91.784894,1739.0,26.02957529225479,0
23.587243,91.582944,66.0,7.249252620737,0
26.050034,92.409236,649.0,21.80569647219029,0
26.399554,90.899229,39.0,2.4563945664087456,0
24.083122,92.065477,123.0,17.968128165837005,0
28.201598,94.423975,1613.0,44.456687325172815,0
25.960243,91.757137,249.0,19.31028740874557,0
25.700422,94.977365,2297.0,10.759583898850556,0
28.549152,94.01988,2910.0,21.57900758977469,0
27.46818,93.146216,1095.0,15.609525869125669,0
27.443198,92.630884,1819.0,40.405923871204976,0
28.322582,96.253272,3596.0,23.62078775621093,0
27.209014,92.276181,1852.0,35.29811642184922,0
24.403966,93.376466,396.0,26.6047916406615,0
25.377315,91.753103,1667.0,31.08521091464772,0
27.754337,93.564613,1583.0,27.518761706905163,0
25.175887,90.536548,26.0,0.7548944975654582,0
24.113552,93.736912,1098.0,28.02741135506512,0
26.92455,94.87133,112.0,2.4563945664087456,0
27.143501,93.635965,879.0,20.387669768422825,0
24.136608,92.781814,308.0,10.39935064946811,0
26.677719,92.827354,73.0,3.1818128120974354,0
24.074131,94.097042,531.0,24.978339816373094,0
26.04687,92.260105,96.0,12.442210235207456,0
24.008912,93.799158,1108.0,24.863891037796268,0
24.833558,93.015287,34.0,6.466625310264721,0
25.657139,93.434618,245.0,10.197976691639711,0
27.88948,95.060541,378.0,26.661848999984905,0
27.069418,93.014755,805.0,48.15841040902176,0
27.903608,94.426701,403.0,40.85133075681141,0
27.626368,96.170025,502.0,5.550718212127324,0
25.376636,91.132162,563.0,39.281875714160186,0
27.504399,94.437858,113.0,0.4774537773095774,0
27.882008,95.972195,174.0,1.391763426244203,0
27.376912,95.170845,115.0,3.70861682982072,0
27.106105,93.727288,246.0,12.416385315606288,0
27.058432,92.59763,364.0,23.88964213675081,0
26.282222,92.828337,87.0,1.5095270002735288,0
25.584453,92.536047,837.0,21.119849260205303,0
26.319944,94.636779,506.0,2.6350263783644494,0
24.399264,92.277149,107.0,0.7548944975654582,0
28.092761,96.342162,2731.0,40.24038717130336,0
23.732326,92.943161,825.0,16.850495113189584,0
26.781547,94.565709,115.0,1.817522018719848,0
25.376617,91.338811,1429.0,19.026908838399848,0
23.984693,92.505932,656.0,34.44108336670712,0
28.031447,95.618309,160.0,1.817522018719848,0
27.902783,92.773148,4406.0,32.71326956168635,0
25.268007,92.240515,951.0,0.9548412538721888,0
24.482972,92.644101,60.0,15.599614256886392,0
26.014186,94.304268,793.0,19.13222129626394,0
26.367691,91.204164,41.0,2.1342998941463125,0
27.935196,97.079509,3802.0,21.75417412559628,0
28.581578,96.012336,2347.0,32.167104228386144,0
27.972969,88.41538,5273.0,10.246059403967996,0
23.667788,91.514076,78.0,9.748032163491192,0
28.586049,96.260122,3248.0,38.747510381982416,0
27.955589,95.787315,148.0,3.109633021988153,0
26.121028,93.962938,128.0,1.817522018719848,0
24.822971,92.945672,27.0,2.433138796850444,0
25.699866,92.624525,543.0,25.23422161628461,0
29.394173,96.006027,4363.0,35.19860831175928,0
25.319205,90.100061,101.0,12.53638838286113,0
25.259445,94.003517,1233.0,16.970296539403275,0
25.818245,91.455703,316.0,4.532714210582481,0
23.514089,91.479583,22.0,2.4563945664087456,0
28.08386,93.120267,4285.0,5.128711509483252,0
22.595485,92.888229,1068.0,16.316660416077156,0
26.664312,91.426498,80.0,0.4774537773095774,0
24.791678,92.560638,35.0,3.109633021988153,0
29.030481,96.122554,4176.0,35.347642252668074,0
26.595653,91.071597,52.0,2.052775101535614,0
27.776517,92.815345,1931.0,56.695898362864575,0
25.35359,94.308682,1380.0,23.82944947796483,0
23.30714,93.176758,898.0,15.616129405024544,0
27.421184,95.412566,128.0,1.6876048941769748,0
26.567037,93.341273,400.0,13.736694948969422,0
28.574569,94.978099,1685.0,36.53451725792996,0
26.886421,95.527171,1450.0,26.647603284988666,0
26.759311,93.513324,75.0,0.4774537773095774,0
26.084248,90.233423,27.0,0.0,0
27.226766,94.153906,89.0,1.7210061534334908,0
26.287043,90.310969,36.0,2.0248682972773406,0
24.258481,93.238521,408.0,6.729688843059036,0
25.620985,91.940596,1358.0,36.4615411112944,0
27.487499,94.071997,958.0,35.19013130827779,0
27.772098,95.633966,133.0,2.5695028228896355,0
27.396547,93.758078,634.0,19.72167291113565,0
28.416943,95.766567,1608.0,35.08521565442879,0
25.685691,92.96643,130.0,0.6752059787394532,0
26.141846,93.460697,657.0,13.03657849691309,0
28.434734,95.444284,2790.0,20.36884474380089,0
23.244026,93.163648,1133.0,50.77497533578244,0
26.505104,93.222219,190.0,13.6170618313427,0
25.747512,92.88769,99.0,3.631393549323058,0
24.568936,93.360513,482.0,27.16662136086488,0
23.329745,92.847367,744.0,11.56032367563233,0
24.907849,94.004507,900.0,27.68758601868061,0
28.376088,95.670715,1733.0,53.37074054577121,0
28.702367,94.855546,1669.0,32.42460957107069,0
27.432198,95.337445,125.0,0.7548944975654582,0
24.560918,93.529331,1278.0,26.57936885906957,0
26.860137,92.505508,115.0,1.391763426244203,0
23.523619,92.431505,490.0,14.833525810160392,0
25.404552,94.596506,1469.0,29.20050840501194,0
26.908514,92.398192,227.0,2.385944030388813,0
27.381266,92.209599,1908.0,29.438826853068107,0
28.905498,94.232852,3163.0,35.94391041143398,0
28.957214,95.15631,2651.0,29.876785365169766,0
26.628485,89.873186,79.0,4.114075330927888,0
25.187082,93.388363,999.0,32.27216653674432,0
25.975043,91.183266,46.0,2.1342998941463125,0
25.366911,94.219875,1605.0,10.905017436104703,0
28.045502,96.255429,1840.0,19.026908838399848,0
27.080548,95.437246,247.0,9.468127301102086,0
27.212884,93.571837,844.0,38.232511808357785,0
28.259138,94.795537,608.0,38.949764177101216,0
27.525106,88.632934,2241.0,29.814178740496565,0
28.001121,94.171172,966.0,26.18180753144324,0
25.67709,94.541593,941.0,33.797146076019644,0
27.799117,96.360995,797.0,34.62355780343659,0
25.664288,90.182046,313.0,6.466625310264721,0
27.34997,88.590641,1462.0,28.41308537579142,0
27.091137,95.793815,1598.0,32.51251731617001,0
25.675803,91.824637,887.0,9.719867702432294,0
27.035594,92.175017,1353.0,31.820083970374533,0
25.54925,90.325788,750.0,9.094640304149,0
25.207675,90.372809,83.0,16.46605279144296,0
27.940138,95.242841,173.0,5.150652185902698,0
22.231521,92.845943,378.0,11.70863207289246,0
25.829819,93.129742,256.0,25.501422004209,0
26.983861,95.64875,1114.0,35.934015957032045,0
27.357132,88.29888,1894.0,21.4391838686236,0
23.411247,92.369074,100.0,6.620689796446781,0
25.416604,90.329599,338.0,22.75959931811348,0
25.933995,91.407074,60.0,3.1996013002506887,0
23.307692,93.324884,1285.0,16.808314433366295,0
25.914639,93.010534,99.0,3.4389123953782974,0
23.849819,92.049732,124.0,7.782782299981735,0
28.503896,94.320588,2293.0,34.29441470522327,0
28.859782,95.7451,2676.0,29.57329291839993,0
23.853284,92.143657,288.0,27.006281842074504,0
25.888251,93.513046,202.0,9.719867702432294,0
27.204241,95.821315,732.0,36.491988188351336,0
24.277596,92.012869,29.0,2.160788974078258,0
26.375164,91.117637,45.0,0.7548944975654582,0
27.923914,95.110661,526.0,24.995875604843175,0
26.346945,94.170672,131.0,3.035723707408927,0
27.320332,88.65105,1768.0,22.93403552098762,0
28.396669,95.131259,1185.0,38.50896869263104,0
23.968695,93.944789,1795.0,36.03447666205926,0
25.716811,93.751926,329.0,25.20656585568068,0
28.124166,95.816032,301.0,4.0586642321882005,0
26.81703,94.01818,80.0,0.4774537773095774,0
26.382712,89.879883,44.0,1.4320961841646465,0
28.06361,94.453182,1079.0,23.15186130691137,0
26.128523,91.605427,51.0,1.817522018719848,0
26.32662,93.606808,596.0,31.5998693266394,0
28.796675,94.70071,2049.0,35.399807401498194,0
28.109882,92.858993,4259.0,26.47888107199723,0
23.230945,93.09381,1023.0,35.088060152136464,0
27.954638,96.883778,3573.0,14.365035635987493,0
26.241566,95.071457,1136.0,22.311730096566148,0
28.600099,93.610123,2902.0,33.573963453775406,0
25.985229,94.883738,980.0,28.732851681077435,0
28.347602,95.67679,1016.0,39.188333767783945,0
25.801924,91.359411,302.0,23.767137164218948,0
25.754531,92.151904,897.0,5.051152528017926,0
25.501865,92.471091,1140.0,3.471741285563965,0
27.896519,93.562707,1660.0,17.390226107566324,0
25.12707,93.651747,1049.0,5.051152528017926,0
24.448477,93.259611,255.0,23.41709294979364,0
28.598718,94.02868,2258.0,19.481220754681733,0
26.529525,90.673067,61.0,2.3619913818349927,0
23.811394,91.619617,58.0,1.391763426244203,0
26.54442,90.501896,70.0,2.7199233149201807,0
28.152825,95.157224,372.0,31.89744914744901,0
26.023745,91.834892,148.0,18.520635899770767,0
27.880571,93.407037,1316.0,29.95471185588949,0
25.963556,90.099281,27.0,2.385944030388813,0
25.716606,93.020045,126.0,6.0637651384102655,0
28.565354,93.785033,3109.0,25.14243049054343,0
25.137906,93.424709,557.0,38.54414157288248,0
27.394598,95.125632,111.0,0.7548944975654582,0
28.072626,93.649757,900.0,18.74316463666049,0
26.126655,90.404893,33.0,7.085726953533679,0
24.965942,93.344514,213.0,10.905017436104703,0
27.626657,88.606256,2428.0,34.59426437814668,0
27.75305,95.039459,118.0,0.6752059787394532,0
27.60711,93.072093,1378.0,22.73538675151149,0
26.054486,93.939265,133.0,1.96786377642228,0
28.259805,95.413179,993.0,29.802413569555988,0
26.579522,93.144241,72.0,1.0675202709770988,0
27.996637,93.073631,2787.0,63.71010996281813,0
26.595153,91.733334,71.0,4.0586642321882005,0
27.054067,94.803127,97.0,0.7548944975654582,0
24.659271,92.503515,61.0,11.694816974599773,0
24.811097,94.56444,799.0,11.141162071267171,0
28.017239,95.262916,212.0,8.118116632592285,0
24.206337,94.135177,699.0,28.665750219765908,0
27.513426,95.396636,128.0,2.1342998941463125,0
25.213117,93.246118,1271.0,22.72124551965916,0
22.316353,92.689145,178.0,21.818550314312212,0
27.889292,88.147278,6314.0,37.78209804008131,0
27.829189,93.38203,1811.0,28.05505294022374,0
27.834926,96.246151,232.0,0.9548412538721888,0
26.517599,91.15214,46.0,2.160788974078258,0
27.022041,94.543774,88.0,1.012750369636371,0
27.947158,97.067698,3870.0,28.46421224394294,0
25.506932,94.53585,1147.0,12.709800424919228,0
27.688395,91.784178,3980.0,27.632497705086998,0
24.876224,93.777445,1211.0,21.1936199425887,0
25.831457,93.026677,114.0,5.226703690794332,0
24.920908,92.865565,68.0,5.759620519825523,0
28.860275,94.878945,1677.0,6.853224835121291,0
23.655765,92.512587,105.0,6.317550481225067,0
26.370859,91.262288,44.0,1.4320961841646465,0
27.603729,91.639722,2496.0,25.816033842711853,0
23.932351,91.4764,78.0,7.014428612980272,0
24.271287,92.844749,163.0,22.149067082891257,0
29.08983,95.085518,2361.0,34.827148385600786,0
24.239228,92.047404,69.0,16.26020470831196,0
27.733114,92.218609,4203.0,13.6170618313427,0
27.482712,93.791579,1242.0,13.362200604250482,0
28.078162,93.848109,1617.0,29.897601687912424,0
27.691017,95.284173,116.0,0.4774537773095774,0
27.526231,94.042941,1140.0,52.87003079262627,0
22.171123,92.611889,302.0,25.246306185093243,0
23.217306,91.579912,32.0,5.570959980093077,0
26.869922,94.726373,99.0,0.7548944975654582,0
24.852753,93.716035,1055.0,24.96956478415581,0
26.721562,91.10466,63.0,1.6876048941769748,0
25.725882,94.773092,1193.0,33.12254477015194,0
28.436575,96.076498,2344.0,28.57867201833524,0
27.511516,95.418466,128.0,3.109633021988153,0
27.322233,92.850823,1050.0,28.458539294810752,0
25.508604,91.738142,1702.0,16.49387935313133,0
25.157346,90.472015,21.0,3.7692440164074177,0
24.661647,93.042388,295.0,7.746973739247727,0
27.627005,94.463379,267.0,18.777298908490536,0
26.978771,95.537043,1290.0,22.228525063117385,0
26.423647,90.277149,48.0,1.3502244696996155,0
26.915195,92.734604,104.0,1.012750369636371,0
27.474149,96.22968,569.0,15.439986990629263,0
26.352674,92.013071,51.0,0.7548944975654582,0
23.106582,92.848851,670.0,15.100918952502711,0
26.295848,90.968829,42.0,2.160788974078258,0
25.322289,90.590351,34.0,2.7818863802117484,0
26.442168,94.864398,702.0,23.24598017620581,0
28.198897,96.515693,1130.0,52.65352765856416,0
26.398334,94.110454,105.0,2.7199233149201807,0
25.702761,94.212295,924.0,19.51367436634892,0
22.31164,92.850651,292.0,30.673535456259355,0
27.145446,88.165349,1047.0,6.063765138410265,0
25.206062,91.640384,520.0,20.63028032583684,0
26.69174,92.787097,75.0,0.9548412538721888,0
26.140312,94.324557,579.0,10.698770358091483,0
26.102111,90.223643,26.0,0.0,0
22.296502,92.809767,279.0,27.097435772987733,0
25.109502,92.54893,1033.0,48.90197705931382,0
28.383831,95.072862,296.0,21.665757838123444,0
28.202028,93.546459,2335.0,35.79666740644384,0
25.232887,93.542931,1561.0,11.009016379683205,0
25.22067,94.489618,1662.0,28.40027887525534,0
22.053262,92.926879,69.0,6.526986519680234,0
27.661301,95.279021,120.0,4.262693045214654,0
26.066004,92.053602,399.0,29.41206971845314,0
26.210752,93.035014,87.0,1.0675202709770988,0
27.847212,93.717847,1734.0,19.610609129170932,0
26.003545,92.975402,75.0,0.7548944975654582,0
25.853805,93.258129,191.0,1.6876048941769748,0
27.073673,92.986534,903.0,16.11800792223731,0
27.822208,94.036578,1703.0,21.1936199425887,0
28.194347,93.439393,2377.0,28.835768652404315,0
24.465843,92.345856,67.0,10.176527410054078,0
25.378763,92.341956,1245.0,6.317550481225067,0
26.989654,94.649754,91.0,3.035723707408927,0
27.84079,93.67263,1528.0,16.994131174577053,0
26.519943,90.6476,54.0,3.3214321859461395,0
26.362525,91.154634,41.0,1.2171181316034885,0
28.814301,96.300259,2808.0,40.15797939322387,0
25.598433,90.772793,331.0,2.7818863802117484,0
27.285742,95.819543,350.0,11.333816091683136,0
27.466444,88.182123,3354.0,33.05503637475864,0
23.530054,92.330558,144.0,17.562691357484656,0
23.276831,92.430623,166.0,13.94980312049591,0
28.087405,96.898872,3631.0,33.821757317608586,0
27.921942,96.700296,1661.0,16.394677036750892,0
25.563541,91.520074,1726.0,3.372286683433898,0
27.193236,93.299757,1530.0,21.4589234656262,0
28.290705,93.75061,3213.0,39.693155676176936,0
27.538323,96.285881,467.0,29.544096281560357,0
23.442283,93.366065,1089.0,24.13187068397173,0
24.302498,92.056342,47.0,2.160788974078258,0
27.849439,92.751909,4009.0,11.891126739446706,0
24.402733,93.293328,504.0,8.898506676457863,0
26.403641,92.414853,60.0,1.817522018719848,0
28.451489,93.399648,3885.0,44.37225272149991,0
29.159915,94.900149,2774.0,50.19714643182018,0
28.043075,95.577657,166.0,2.433138796850444,0
26.165689,91.319403,50.0,1.817522018719848,0
27.4217,95.379287,126.0,2.0248682972773406,0
25.88375,92.128373,918.0,5.427642598914455,0
24.992785,92.994064,311.0,32.087580878338315,0
26.046702,90.578766,49.0,3.1996013002506887,0
26.063888,89.833749,28.0,2.1342998941463125,0
28.946275,96.388195,3535.0,35.76760233334517,0
26.057934,92.744386,75.0,2.7199233149201807,0
25.292952,91.15205,284.0,2.263636058426967,0
24.02246,92.189318,62.0,8.47871314708616,0
24.592465,93.839503,770.0,0.9548412538721888,0
24.448473,93.096553,565.0,24.82851225720684,0
27.20695,92.650425,1281.0,31.205779114725832,0
26.952914,94.880571,101.0,1.6876048941769748,0
28.634208,93.653502,3901.0,16.335425999817126,0
27.228474,88.519806,1097.0,18.354148990926813,0
28.502051,93.33202,3924.0,7.782782299981735,0
29.214675,96.270801,4487.0,33.239755086314034,0
27.105775,94.166659,82.0,1.817522018719848,0
26.709332,90.452997,113.0,0.6752059787394532,0
27.697246,92.640349,1913.0,40.7595724093528,0
28.295855,94.632063,533.0,24.862123938667224,0
26.084892,92.371332,246.0,36.4615411112944,0
24.695707,93.557604,919.0,41.058552454886296,0
27.133137,88.127064,1727.0,27.24009953036473,0
27.198615,92.773551,496.0,36.934278635907546,0
26.657738,93.114592,81.0,8.111279210562941,0
28.652449,93.797191,4121.0,26.57777862373484,0
26.207848,91.526261,50.0,2.160788974078258,0
26.787667,93.442183,74.0,2.1342998941463125,0
28.143252,96.604515,2025.0,36.72065905137536,0
25.533665,94.753748,1752.0,12.368881699581566,0
27.173946,88.426792,1597.0,18.910438451642744,0
25.544814,90.283846,569.0,16.604613279818164,0
29.137943,94.749307,3158.0,24.793055768073742,0
26.231884,94.237502,636.0,23.1243042038524,0
26.312992,90.72887,41.0,1.7210061534334908,0
24.777133,92.625908,19.0,0.7548944975654582,0
28.17482,93.96179,1100.0,23.82756479623918,0
23.859928,91.579686,95.0,16.316660416077156,0
23.595318,91.702825,131.0,13.994979876087651,0
27.616358,92.304052,4109.0,23.91028108547801,0
28.417617,96.070589,2524.0,42.3068097643884,0
25.127244,93.592476,1618.0,13.012087348940218,0
28.580188,94.320453,2953.0,34.33517817177374,0
28.598543,95.507773,1645.0,25.575997825418,0
22.525086,92.906837,646.0,22.361441170119782,0
25.427299,92.354864,1243.0,1.6876048941769748,0
23.301721,93.189512,1137.0,21.03896406549848,0
27.379686,96.565537,1435.0,24.214872463290742,0
26.196267,94.464837,789.0,2.160788974078258,0
27.75608,92.089684,4091.0,40.22599759277736,0
23.531287,92.742065,798.0,17.456590925928477,0
26.081081,91.503968,52.0,2.3859440303888126,0
25.480567,94.501235,1193.0,20.09079841920037,0
23.718661,91.205416,38.0,8.792413167178566,0
28.023199,93.041427,2883.0,37.03288716020909,0
24.765549,93.159037,57.0,16.067079210634994,0
23.205305,92.84341,586.0,27.820820246061835,0
25.978852,93.794073,134.0,0.3376147110174216,0
28.251888,93.890242,3074.0,37.20088215826085,0
25.607224,90.620277,510.0,5.951584521749746,0
22.765679,92.946694,817.0,40.85462117342279,0
26.473974,91.395609,47.0,1.3502244696996155,0
25.688145,94.751968,1448.0,20.91228418611125,0
25.068639,93.63589,682.0,17.528368921801512,0
26.516683,91.566874,57.0,0.0,0
28.120149,94.986367,1169.0,20.82800310374709,0
24.701239,92.722835,20.0,0.9548412538721888,0
24.713896,93.250139,773.0,19.443685247106973,0
28.272599,95.920449,1919.0,25.011641570269948,0
28.645057,95.092301,1807.0,25.253207609369632,0
24.903113,92.826784,26.0,4.857533338413092,0
26.877239,90.406991,305.0,3.3214321859461395,0
25.187357,92.157748,450.0,18.434948822922014,0
25.353907,91.555675,1626.0,4.5823147648922165,0
27.173754,94.165434,87.0,1.817522018719848,0
28.338193,94.396987,3843.0,13.585991207888908,0
25.650254,93.030362,243.0,7.973233172986173,0
27.508499,93.819054,1559.0,8.077000600578957,0
27.077964,93.660051,170.0,12.338544811627347,0
23.741907,91.197577,35.0,7.804184683040922,0
23.632713,93.009942,573.0,33.65801388639844,0
28.027873,95.676015,164.0,0.7548944975654582,0
28.324564,95.856669,1996.0,31.370731297170074,0
24.993058,92.985249,196.0,11.405135172235026,0
25.45392,91.488613,1600.0,19.632888661818416,0
28.834807,94.853726,840.0,31.46915404222076,0
23.96122,93.311576,962.0,22.35109772807088,0
25.353275,91.122275,507.0,22.09236283290953,0
28.724553,95.270401,3224.0,41.86581899605287,0
23.745724,91.401166,62.0,2.5695028228896355,0
25.493684,91.497298,1572.0,0.7548944975654582,0
24.371634,93.614547,947.0,15.359426015518492,0
25.350783,90.264041,47.0,1.391763426244203,0
29.021607,96.447088,4801.0,27.33148759579469,0
23.59582,93.338421,1574.0,11.471257006629076,0
28.125972,96.850242,4021.0,53.76866143484262,0
27.94203,96.527773,1760.0,23.14989453360643,0
27.047968,94.127275,85.0,5.062306669977521,0
28.080186,94.104882,1661.0,19.026908838399848,0
28.527558,95.501128,2755.0,27.77357146552277,0
25.349022,92.192853,1274.0,3.389067065438376,0
24.952698,93.439322,260.0,40.86317294097783,0
27.683753,88.450787,3437.0,20.307500221928045,0
28.075845,94.595227,1041.0,30.793438591859307,0
28.957414,95.661302,2733.0,35.39236551897403,0
27.150223,97.108878,2046.0,23.43255754631402,0
24.582118,93.863566,770.0,1.5095270002735288,0
28.381804,94.839533,1307.0,31.20217484109817,0
29.212777,94.772621,3769.0,30.613878778886903,0
27.741444,94.028097,700.0,46.54419507602035,0
27.202986,92.173905,2921.0,25.13026814739183,0
25.504922,91.430288,1539.0,15.503408837548552,0
28.671226,94.531555,1863.0,28.577263761514807,0
27.824236,95.82981,137.0,3.109633021988153,0
25.757751,92.024695,873.0,18.434948822922014,0
23.132105,92.765881,552.0,21.57900758977469,0
28.275458,94.275182,1200.0,40.89667601609378,0
27.264254,92.09915,3093.0,21.86985930890943,0
26.717038,92.791187,70.0,4.0586642321882005,0
27.338786,93.333743,2093.0,31.215386668546028,0
27.097755,94.263745,90.0,1.9091524329963765,0
27.888184,96.445473,1046.0,32.11375232594793,0
23.983745,93.009415,598.0,25.011641570269948,0
25.641103,94.439255,1630.0,34.419364581269726,0
24.312622,92.576934,107.0,16.13388303516631,0
29.08798,96.066471,2378.0,60.101844183728296,0
26.855971,95.271168,1151.0,39.07356605812686,0
27.844453,88.551284,3626.0,27.097435772987733,0
27.891182,94.879421,425.0,25.584450735534,0
27.955363,93.358216,3047.0,40.25065721620709,0
25.162024,91.474442,34.0,7.187414250982758,0
26.057627,91.030294,46.0,5.759620519825523,0
23.3313,91.375409,42.0,3.3214321859461395,0
27.598753,93.385447,2436.0,33.51246889744556,0
25.943674,91.805776,385.0,24.007487888376225,0
24.995433,94.097,923.0,17.528368921801512,0
25.877744,93.336762,256.0,1.817522018719848,0
25.581621,92.623774,720.0,12.946519289312022,0
27.019652,94.141823,82.0,1.2171181316034885,0
29.193771,94.549982,3884.0,47.248301801071165,0
25.516007,93.039426,185.0,12.316824087292751,0
24.592296,93.132788,255.0,14.948817884559377,0
28.984059,95.915011,3666.0,28.633500565305702,0
26.733548,95.39777,1248.0,40.778100455043855,0
25.372567,93.305229,316.0,1.2171181316034885,0
26.164049,91.968699,57.0,0.7548944975654582,0
25.215754,94.267292,1366.0,23.525030346517163,0
26.247838,91.781147,61.0,1.817522018719848,0
26.579451,93.324086,243.0,13.121887013841768,0
27.351286,93.592173,2175.0,13.62869225114325,0
23.493162,91.899705,118.0,5.427642598914455,0
26.229181,93.272804,667.0,17.65096881191823,0
24.186802,92.098048,45.0,4.679912393493258,0
28.889055,96.48343,3439.0,65.21017302873587,0
27.606909,93.550094,2150.0,22.850066084228267,0
28.540813,96.293454,4137.0,31.764434242777654,0
25.897346,90.492148,93.0,8.842508257902008,0
26.887441,94.367317,88.0,3.372286683433898,0
23.039606,93.289407,1664.0,32.017967739025586,0
26.496516,91.961774,64.0,0.3376147110174216,0
27.73903,93.024512,1440.0,27.791305644779214,0
26.34725,92.455204,59.0,1.7210061534334908,0
25.197533,90.626983,36.0,6.926249082072704,0
28.133564,93.338443,1587.0,28.99444565883044,0
26.666343,93.486753,75.0,0.3376147110174216,0
29.193828,95.904885,2611.0,66.23065078796266,0
25.178017,93.233191,1593.0,16.775080376991273,0
28.884179,95.590733,2703.0,26.39386309825657,0
24.732051,93.107812,31.0,3.723867216394672,0
25.383288,89.844528,118.0,15.128378509366811,0
25.332435,90.193175,90.0,10.622217433072436,0
25.736369,93.459447,248.0,1.5095270002735288,0
27.968263,94.5283,474.0,26.443644220164742,0
27.289121,94.133275,93.0,1.9091524329963765,0
25.607381,94.241749,1232.0,21.235933252719057,0
28.222029,95.475809,773.0,29.67244128993612,0
27.613759,94.873171,107.0,0.9548412538721888,0
25.465521,90.396681,1217.0,15.649096780194936,0
25.159444,94.313789,1233.0,15.46672895722096,0
27.591272,93.746311,2040.0,37.41231346081317,0
26.31802,90.182267,39.0,1.96786377642228,0
28.081667,95.246842,1099.0,31.912418357302126,0
25.390312,93.090364,285.0,21.611596098722195,0
27.957416,96.910418,2621.0,34.01428726698705,0
27.939417,95.622084,134.0,2.1342998941463125,0
28.068568,88.562168,5741.0,8.327142652905913,0
28.835967,94.801536,711.0,28.201216963012183,0
27.781558,92.36075,5008.0,14.738401087941828,0
27.14032,94.04931,86.0,0.3376147110174216,0
28.42937,93.659441,2945.0,36.934278635907546,0
26.016252,91.394286,51.0,2.7199233149201807,0
24.494923,93.924557,770.0,2.263636058426967,0
24.839602,94.480791,1435.0,36.63475100992616,0
25.756677,90.406867,318.0,4.822542232360713,0
29.068236,94.964027,1573.0,25.411135016332118,0
26.660297,92.576003,68.0,1.391763426244203,0
27.730631,92.25546,4719.0,11.32904382173426,0
28.016024,93.208954,1855.0,30.25643716352927,0
27.945245,94.532431,930.0,17.965352552782274,0
26.363444,91.326236,50.0,5.427642598914455,0
26.441869,91.349153,48.0,2.160788974078258,0
28.693788,94.923802,1714.0,38.590662802973,0
27.572717,96.899122,3370.0,16.041541080351973,0
26.136157,90.360342,34.0,0.6752059787394532,0
27.096033,94.396511,89.0,0.6752059787394532,0
27.509497,96.555298,707.0,20.347638404920296,0
25.272652,90.780118,401.0,18.434948822922014,0
25.842711,92.733327,128.0,2.160788974078258,0
26.305898,92.79322,65.0,4.289153328819018,0
25.759339,91.561263,725.0,19.85873383010241,0
26.546478,91.296521,53.0,0.3376147110174216,0
25.679175,94.422304,2056.0,22.315878731951145,0
26.716438,91.746809,91.0,2.5695028228896355,0
24.322233,93.631356,1311.0,12.604382648379184,0
23.096101,91.384246,29.0,4.315448959323992,0
26.250162,94.161428,386.0,17.390226107566324,0
27.21669,95.132797,109.0,1.0675202709770988,0
25.22052,91.793457,261.0,7.1171765367879605,0
27.36021,92.367353,2349.0,21.95924357266801,0
27.379163,95.783479,143.0,5.885129333686067,0
26.804087,92.84772,78.0,2.385944030388813,0
27.66186,94.166894,1253.0,24.513786157374398,0
27.826135,95.803855,135.0,2.8821812090202448,0
28.588696,94.242521,2369.0,33.92085215846511,0
25.991434,94.698284,1728.0,17.180394194416053,0
26.126491,91.083652,42.0,3.1818128120974354,0
26.743683,92.692196,77.0,4.72794257368475,0
27.77968,92.907967,1768.0,39.202986732656605,0
27.773151,95.052737,122.0,2.052775101535614,0
25.943051,93.762979,143.0,2.052775101535614,0
28.996789,94.900491,425.0,8.077000600578957,0
28.45628,96.114418,4060.0,37.82292467876958,0
26.526406,91.831323,62.0,3.035723707408927,0
27.569387,96.813575,3225.0,36.042522272818985,0
23.395488,93.081505,890.0,29.02188679208434,0
25.924708,90.308624,65.0,11.694816974599773,0
27.714717,95.329293,118.0,6.0637651384102655,0
25.192703,93.032063,544.0,14.854566860458757,0
27.631782,95.745565,140.0,2.160788974078258,0
28.577997,96.374467,3296.0,19.47372130090924,0
28.58364,94.340556,2850.0,34.078971944854835,0
27.561771,91.843147,2432.0,24.863891037796268,0
26.718989,92.765804,72.0,1.9091524329963765,0
29.191064,96.315595,4230.0,17.562691357484656,0
27.58479,96.595526,1885.0,46.37598755438557,0
23.805201,92.288421,167.0,15.19676900939817,0
26.521615,90.133182,55.0,0.4774537773095774,0
27.421331,94.942175,104.0,0.7548944975654582,0
27.691743,94.670254,217.0,24.260799584868057,0
26.674962,91.983995,84.0,1.4320961841646465,0
26.320127,91.492741,48.0,2.698950908923438,0
22.696026,93.071963,700.0,29.08619467351647,0
23.944949,94.16208,384.0,14.581811078563677,0
25.286018,92.403231,820.0,8.077000600578957,0
25.406806,91.864228,1790.0,8.710355024840407,0
22.772924,92.742395,418.0,16.416440373585463,0
24.189598,93.098204,445.0,9.321835749415005,0
23.225577,91.626588,41.0,5.875572624808732,0
26.581588,89.931363,68.0,1.5095270002735288,0
28.646445,93.588527,3373.0,23.251844073281543,0
26.991146,93.674705,146.0,20.850827869025263,0
24.181718,92.189357,89.0,15.483414558201002,0
27.696096,92.479288,3924.0,37.114180275811215,0
26.382325,91.885418,58.0,2.7818863802117484,0
26.596589,92.128583,71.0,1.0675202709770988,0
26.17288,92.566259,62.0,1.0675202709770988,0
26.42013,93.213155,718.0,2.4563945664087456,0
26.237172,93.820066,137.0,2.4563945664087456,0
27.981294,92.797773,4117.0,31.220188351035127,0
28.314332,95.551422,1240.0,37.77728798285175,0
25.389431,90.728862,450.0,10.905017436104703,0
26.316543,91.760036,50.0,0.4774537773095774,0
23.936069,93.029453,777.0,14.310239191234691,0
28.531518,95.5911,2090.0,38.97356273272396,0
29.364989,95.86833,4347.0,9.25668199543862,0
26.469351,90.737348,49.0,3.5204050825976285,0
25.85414,90.387503,176.0,2.7199233149201807,0
26.01048,94.280227,808.0,13.206566483906398,0
26.417988,90.239901,54.0,0.7548944975654582,0
27.872734,97.038109,2594.0,37.51046302410583,0
27.658016,94.782655,120.0,0.4774537773095774,0
26.396685,91.803552,57.0,1.391763426244203,0
26.139181,90.764665,41.0,1.6876048941769748,0
26.014282,92.132363,331.0,7.454009592341948,0
29.394658,95.952714,4245.0,26.22573938607517,0
26.22591,92.073312,53.0,1.9091524329963765,0
25.551364,92.73756,456.0,6.91817481667161,0
26.777234,91.908352,145.0,3.5204050825976285,0
25.22275,93.758726,2068.0,11.768288932020646,0
24.313909,92.502857,54.0,12.207567919707348,0
24.437024,93.737167,793.0,2.385944030388813,0
26.720513,90.037729,191.0,0.0,0
25.248254,94.215826,1260.0,30.89167755260865,0
24.866095,92.528366,26.0,0.0,0
27.093287,93.099766,1176.0,30.621347645231797,0
26.435172,91.07391,45.0,1.96786377642228,0
24.395424,93.660024,1455.0,37.19921925289739,0
25.494536,94.75377,2968.0,37.01523296718523,0
25.426901,93.965778,784.0,19.47622154296677,0
26.046008,93.051709,86.0,1.817522018719848,0
23.226738,93.221597,758.0,27.90464791971911,0
24.237502,93.506548,846.0,25.789351911538603,0
24.546076,94.416634,659.0,14.481123401789077,0
24.252422,92.226011,76.0,6.201053782439264,0
27.694994,92.445788,4810.0,26.644435887199457,0
24.623944,94.015801,782.0,1.012750369636371,0
27.534422,92.98452,551.0,20.55371948893313,0
25.615169,91.146198,1142.0,12.925951545439489,0
23.612639,93.0352,698.0,15.79642499508292,0
27.866807,88.79395,4964.0,17.274046531083112,0
28.852166,94.069207,4065.0,31.274111327369862,0
23.257695,93.041144,685.0,22.159545251940987,0
28.913412,94.225107,3270.0,31.027024196613823,0
25.572275,94.864766,1699.0,33.608258310846004,0
24.141649,92.509244,193.0,26.24522678855696,0
23.163641,91.574205,84.0,8.867442917822803,0
26.27189,93.536675,730.0,17.355474512865367,0
26.527768,91.222202,51.0,3.646970455272818,0
27.887739,93.418743,1062.0,37.678358808520535,0
26.110172,93.015933,78.0,3.7692440164074177,0
26.285796,92.521694,62.0,1.012750369636371,0
23.700745,93.006774,971.0,20.54441298478533,0
25.022642,93.091481,394.0,12.709800424919228,0
28.720461,95.072932,1726.0,22.361441170119782,0
27.39028,94.310634,98.0,4.380487094158032,0
25.236691,93.491347,1394.0,22.902099885228424,0
28.539069,93.286425,4688.0,34.79435850887287,0
28.63684,95.757318,1896.0,37.038767555809535,0
25.852754,91.288706,167.0,13.824682316158707,0
27.52349,96.900076,2732.0,36.93512402800127,0
27.442442,93.500447,1938.0,15.951766186006653,0
28.251203,95.962656,2125.0,36.4928572564929,0
26.751335,93.092847,82.0,0.7548944975654582,0
26.309578,91.097279,40.0,3.054369995163865,0
28.042687,96.711995,3315.0,38.91623609507671,0
27.921669,95.437909,132.0,0.6752059787394532,0
25.675447,89.949889,103.0,16.665741309979975,0
25.878874,91.690008,404.0,7.416536974278209,0
27.404748,88.79258,4404.0,19.533610377933154,0
27.599413,92.738724,1847.0,13.828493153203071,0
24.010434,93.07708,346.0,23.55381813134097,0
26.882237,95.485093,1688.0,28.1492673515536,0
28.289723,96.157605,1775.0,39.48456125615153,0
28.306379,93.397527,3889.0,45.03626127495801,0
24.727685,93.437324,236.0,14.851062468857862,0
25.737557,90.95547,741.0,4.072588647671146,0
27.618669,95.070821,113.0,2.3859440303888126,0
27.576961,92.380581,4048.0,17.156881303434954,0
26.97439,95.239507,514.0,14.203597427432593,0
27.542425,88.20011,4779.0,31.018521490079827,0
29.351244,96.029427,4215.0,28.966958884266845,0
27.942712,95.780505,142.0,2.3619913818349927,0
27.337461,96.055316,215.0,12.40776353895246,0
27.863063,94.566029,1703.0,45.084302376449294,0
24.793221,92.676792,16.0,1.2171181316034885,0
26.452452,92.803395,66.0,3.3384705437643523,0
23.512847,93.355142,1378.0,23.374487477783493,0
26.596183,90.287217,75.0,1.9091524329963765,0
26.656009,94.633286,157.0,6.0172848640320336,0
28.273499,97.192662,3578.0,37.80132368153039,0
26.836858,90.327787,241.0,1.9091524329963765,0
28.11438,96.104095,1525.0,41.314155309190944,0
25.607741,90.26291,548.0,10.309790918800935,0
25.598828,90.268319,430.0,0.7548944975654582,0
25.11465,93.132841,768.0,15.220619174941184,0
25.862844,90.78536,68.0,6.804089732608741,0
23.858299,91.563028,168.0,6.281942803729766,0
27.244265,88.658038,1243.0,24.932657538079724,0
28.09725,93.045518,4468.0,12.604382648379184,0
26.05568,94.303931,891.0,16.481519112248904,0
25.35144,94.371177,950.0,18.394605946907408,0
26.297628,92.983995,342.0,14.434094830851231,0
27.917469,93.577256,1644.0,12.925951545439489,0
23.897737,92.668404,321.0,18.86358755562412,0
28.844629,95.120771,1289.0,17.721756522654722,0
25.359396,93.78114,1163.0,17.083143246452856,0
28.195259,94.657702,762.0,32.51806533253391,0
25.353135,92.627633,858.0,9.39236065800289,0
28.006253,97.110529,3742.0,33.86473809008295,0
27.641358,95.427837,123.0,1.0675202709770988,0
28.117011,95.900757,946.0,34.17150965459309,0
27.702376,95.303971,118.0,0.7548944975654582,0
25.73217,89.970136,26.0,2.9018215173024653,0
22.429267,92.926171,546.0,19.74133069999896,0
26.067072,92.650736,71.0,1.6876048941769748,0
27.565,92.178544,4232.0,19.78056829771728,0
26.493536,94.756862,503.0,23.061135616050905,0
28.512773,95.776302,659.0,38.072781873990834,0
28.671503,96.189796,2294.0,23.56723462203258,0
27.39001,93.75808,634.0,6.466625310264721,0
25.415694,91.359868,1505.0,9.191033686643834,0
27.128905,94.50005,91.0,3.109633021988153,0
23.140881,93.323897,1391.0,17.676493644843124,0
26.034029,95.068892,1639.0,21.6115960987222,0
26.36062,92.389386,60.0,0.4774537773095774,0
25.188381,91.608724,123.0,1.391763426244203,0
23.063727,92.476577,61.0,4.763641690726178,0
27.805979,93.601502,848.0,17.456590925928477,0
23.419587,93.382322,1000.0,30.554006084563262,0
26.571001,92.349704,65.0,2.6350263783644494,0
24.804963,93.093674,66.0,17.097922562599933,0
23.337133,92.671386,299.0,10.698770358091483,0
27.535413,95.283424,121.0,1.3502244696996155,0
29.198123,95.605573,3948.0,26.630175011834265,0
27.65654,95.768292,148.0,1.6876048941769748,0
26.363115,90.030387,54.0,1.6876048941769748,0
28.988197,94.898888,466.0,0.0,0
26.33021,94.878743,742.0,18.122699715761893,0
24.597605,94.04329,782.0,1.0675202709770988,0
28.165179,96.924242,3317.0,48.38128255490089,0
26.004405,91.387983,57.0,3.035723707408927,0
24.985047,93.093267,349.0,44.38263934949217,0
25.972877,93.715187,173.0,6.853224835121291,0
25.54472,91.90063,1842.0,6.423150913734816,0
23.966272,92.714493,580.0,20.7662044192666,0
27.486461,91.807001,3099.0,32.8464809288236,0
28.963894,95.195221,3026.0,38.91996498677513,0
29.032362,95.236994,3397.0,28.46421224394294,0
26.515261,89.907486,60.0,1.391763426244203,0
26.006532,90.178797,29.0,0.9548412538721888,0
23.975188,92.805318,571.0,22.99771348109526,0
27.796286,93.386985,1747.0,32.10351627298505,0
26.664621,95.090662,710.0,10.744415839592216,0
26.319909,94.989098,2075.0,28.475552296795804,0
27.760083,93.012798,1201.0,12.946519289312022,0
27.509306,94.844246,104.0,2.1342998941463125,0
24.861631,93.819774,813.0,3.7692440164074177,0
27.456946,93.105342,703.0,32.312656619027514,0
23.881823,92.524875,69.0,15.609525869125669,0
28.080696,96.67363,2065.0,31.121473842613405,0
29.112924,95.86211,2065.0,48.12150023826162,0
26.119146,94.236942,1299.0,43.03246883180071,0
23.890287,91.484713,75.0,6.926249082072704,0
27.653931,92.724351,1496.0,33.336091126582886,0
27.238682,93.483504,945.0,35.973557385134,0
27.366352,96.296434,597.0,11.102188334009536,0
27.255889,95.627854,176.0,10.48288165556538,0
22.629429,93.07994,1145.0,26.577778623734844,0
25.803381,94.147312,1294.0,21.743418679701104,0
27.712847,93.619426,1310.0,12.909470487562636,0
25.708992,93.002889,142.0,11.653262308925733,0
24.438758,93.198252,327.0,32.367608666295006,0
27.107468,93.172791,1848.0,11.945269066172736,0
28.655063,94.268959,2807.0,33.46122113078387,0
25.87136,93.29129,184.0,1.4320961841646465,0
27.551639,94.812759,104.0,2.052775101535614,0
24.756695,93.016737,36.0,6.281942803729766,0
25.171538,92.691543,1490.0,9.468127301102086,0
28.64717,95.672821,2388.0,32.80837483092349,0
27.613967,96.599244,2408.0,27.993888359268144,0
24.445386,93.859852,769.0,1.6876048941769748,0
26.650667,95.001856,764.0,18.373043149964374,0
23.060653,92.6357,352.0,33.52812500173322,0
26.142012,90.220322,35.0,1.3502244696996155,0
25.636532,91.978014,975.0,18.74316463666049,0
27.636115,96.850755,4068.0,35.16089877335206,0
24.855778,94.626497,786.0,26.630175011834265,0
23.088815,91.774338,33.0,2.0248682972773406,0
25.502089,93.87401,1499.0,33.862693945765855,0
26.749937,93.447561,75.0,1.6876048941769748,0
25.707498,92.809063,158.0,5.051152528017926,0
24.207875,92.556307,215.0,9.898627976311248,0
28.048781,96.135307,672.0,15.483414558201002,0
27.501089,91.953764,2997.0,34.66156061782989,0
23.08669,91.56954,86.0,10.288594753560313,0
27.708008,95.705381,131.0,5.139693807411478,0
23.411842,92.647352,761.0,14.397796297014605,0
25.937775,93.186696,170.0,7.660316591254672,0
28.008115,96.13442,309.0,5.641219812715514,0
25.915488,94.818488,1043.0,22.25977894945414,0
24.039511,94.183911,340.0,14.833525810160392,0
25.91291,95.006109,2387.0,24.600232017293425,0
22.696244,92.681322,238.0,23.104591120404265,0
28.504852,94.874563,1219.0,17.571258778322424,0
22.818888,92.476132,69.0,3.7692440164074177,0
26.378022,95.039616,1082.0,19.47122063449069,0
26.848674,92.398962,150.0,4.972358392400693,0
29.013691,95.162022,2125.0,18.28646508750085,0
26.582313,94.439901,246.0,14.039987708969864,0
22.681508,92.78149,437.0,31.373109839710963,0
28.30245,94.104031,1537.0,50.9702441746883,0
28.122389,93.992337,1814.0,27.990970091758022,0
25.929592,90.112953,39.0,2.7199233149201807,0
28.240135,94.367073,2883.0,34.2235824990441,0
27.321507,95.161017,118.0,4.072588647671146,0
28.55618,94.375067,1898.0,37.33335538533164,0
25.63082,90.374827,557.0,7.667577242751911,0
23.64605,91.197694,18.0,5.150652185902698,0
28.710875,96.127756,2946.0,29.77230894379481,0
27.010518,93.154722,444.0,8.327142652905913,0
26.975848,94.135219,85.0,2.4563945664087456,0
27.685456,93.675841,1455.0,22.47682283321852,0
28.313851,93.196612,3568.0,15.196769009398173,0
24.623081,94.425775,608.0,19.953446056132567,0
27.13362,92.119727,1560.0,38.492119025382095,0
28.543812,95.049292,1002.0,25.07455219584297,0
28.252241,94.929266,777.0,32.863871480635545,0
28.137259,96.422539,1880.0,45.90283204619512,0
28.65908,95.221096,1734.0,33.03247176064103,0
27.169327,94.619202,96.0,1.817522018719848,0
28.455237,93.840708,1730.0,46.84630153422965,0
24.111703,93.444799,1367.0,13.206566483906398,0
27.498601,96.59387,822.0,15.291903460514275,0
28.032183,93.659129,927.0,43.33729752664123,0
24.684952,92.48955,52.0,11.329043821734258,0
24.128586,91.661018,49.0,1.96786377642228,0
28.982168,94.289527,3929.0,27.93835272960235,0
23.89359,92.700101,299.0,30.347789794448904,0
25.647898,92.233562,1044.0,3.372286683433898,0
27.697937,93.580054,1769.0,8.543726239832896,0
22.681058,92.691468,283.0,10.555380466061171,0
28.051816,95.179578,1443.0,30.083778970748103,0
23.649043,92.354074,245.0,14.426843693074732,0
23.095329,91.616061,27.0,4.679912393493258,0
25.263051,91.378703,546.0,21.97409103386415,0
27.378713,92.535455,1273.0,17.86786049808541,0
25.602718,90.047676,125.0,6.201053782439264,0
25.394572,91.061101,526.0,13.154219364771198,0
24.44113,93.301301,554.0,12.299416420588914,0
24.199749,92.864851,109.0,8.056359672969409,0
24.779165,94.148105,1128.0,28.644724980772644,0
25.539191,89.957068,48.0,5.006282271664123,0
25.921349,90.060603,29.0,1.012750369636371,0
28.230913,94.799874,768.0,27.42388088699965,0
24.998847,93.722061,1141.0,3.3214321859461395,0
24.900614,92.931793,30.0,1.7210061534334908,0
27.811543,94.535588,758.0,29.154333752122543,0
28.218482,92.945995,4390.0,6.423150913734816,0
27.525796,93.443137,1356.0,36.102291366410206,0
25.328443,91.036202,357.0,12.94240871762464,0
25.704436,94.938154,1370.0,32.65176013874374,0
28.231071,95.171583,1475.0,37.86524115867093,0
26.506364,92.619509,69.0,1.817522018719848,0
26.294416,92.005985,53.0,3.109633021988153,0
28.87585,95.151809,2212.0,52.44874710656887,0
28.624342,95.330976,3019.0,35.75396004422658,0
29.024645,94.454077,3641.0,27.253840178947065,0
23.624915,91.553855,87.0,11.653262308925733,0
26.175783,90.102006,35.0,1.4320961841646465,0
27.631372,94.98222,109.0,2.052775101535614,0
26.491041,90.070903,50.0,0.0,0
22.594843,93.097268,1303.0,18.053902977226738,0
25.170445,93.306845,1275.0,18.001393061764166,0
26.353112,95.052589,2164.0,14.452204002210555,0
27.37966,88.232257,2073.0,29.30595368733661,0
26.050175,92.765873,68.0,0.9548412538721888,0
28.310627,95.096008,1221.0,31.852459831613984,0
27.320073,88.108495,3181.0,37.247373202381205,0
27.784882,96.511555,2005.0,30.431088723501656,0
26.248037,90.44753,37.0,1.5095270002735288,0
28.75752,95.622911,2374.0,20.186438039091527,0
28.694257,94.761124,1233.0,33.66215336793683,0
26.112282,92.752977,68.0,4.262693045214654,0
27.171619,93.279112,1470.0,23.759567592645983,0
23.168353,91.717228,92.0,4.393377408433921,0
24.550172,93.064229,49.0,2.1342998941463125,0
25.991731,95.030991,1810.0,20.17690151592555,0
27.875423,95.830342,140.0,0.4774537773095774,0
27.594682,95.345484,119.0,1.0675202709770988,0
26.566878,93.762925,102.0,2.8821812090202448,0
25.675998,90.294101,573.0,17.038709505535593,0
25.56092,89.87447,26.0,0.4774537773095774,0
26.420194,91.621498,55.0,1.817522018719848,0
25.564649,90.165813,379.0,21.40622814196707,0
28.374472,96.887914,4049.0,29.308648588977857,0
25.768438,94.289839,745.0,13.96111323664312,0
28.640778,94.604191,1418.0,31.764434242777654,0
25.315927,92.014372,657.0,22.37797645656136,0
25.951695,94.985922,1326.0,8.18615983912048,0
28.412771,94.508904,2643.0,30.337664384844903,0
27.894665,96.771504,2212.0,18.27560580814835,0
27.47876,93.565252,999.0,10.111883288785483,0
25.647589,93.114315,259.0,10.309790918800935,0
26.711821,92.067943,98.0,2.433138796850444,0
24.606395,93.259633,516.0,26.284131994347053,0
26.587372,91.377437,60.0,0.7548944975654582,0
26.948623,94.747006,94.0,3.5204050825976285,0
27.843271,92.745104,3916.0,4.787290497376919,0
25.931817,94.924011,1136.0,24.094842552110705,0
28.524425,95.346083,2426.0,47.09361965530517,0
24.594192,93.025499,585.0,12.47226309643889,0
28.967929,95.493437,3196.0,26.593674030621376,0
27.636647,91.82647,3888.0,15.23762774435772,0
23.3602,93.205868,867.0,26.055867140830543,0
28.568949,95.161264,967.0,23.374487477783493,0
27.907474,96.903047,1406.0,17.713280866330773,0
26.255378,90.714745,38.0,2.052775101535614,0
27.870914,93.596471,1698.0,31.323088369431147,0
26.870444,93.704228,76.0,0.9548412538721888,0
23.913906,91.758475,256.0,16.133883035166313,0
29.186533,95.900754,2837.0,29.798489985377355,0
23.401611,91.408817,62.0,5.520212884789397,0
26.599983,89.899892,74.0,1.0675202709770988,0
24.817356,93.576397,338.0,13.83230277374978,0
28.193719,95.04736,952.0,22.54033110168392,0
25.896572,90.065308,28.0,0.6752059787394532,0
23.657972,93.393618,1099.0,19.30270023544207,0
28.392675,94.207631,2676.0,41.66441692204802,0
25.526953,92.932201,168.0,15.599614256886392,0
26.633765,90.760281,92.0,3.843668167321381,0
25.261827,92.821633,1021.0,6.317550481225067,0
26.572204,92.660105,68.0,3.584252301697434,0
27.931645,95.353278,139.0,4.044691235386269,0
24.865519,92.721856,24.0,2.7199233149201807,0
26.231859,90.414443,31.0,2.7199233149201807,0
27.75539,96.229802,259.0,5.226703690794332,0
23.636338,91.487938,85.0,6.18293016594826,0
27.463621,92.860369,2045.0,9.298200036904948,0
25.709464,91.198216,1207.0,13.089463376910484,0
25.956094,90.083977,27.0,2.7199233149201807,0
27.486929,93.982546,2280.0,25.8709276511253,0
25.368924,90.772338,200.0,19.711834233588025,0
25.379654,90.605077,251.0,14.86507416766643,0
25.337026,93.109621,278.0,2.7199233149201807,0
28.383263,94.139857,3203.0,43.37238901526399,0
25.457301,91.905048,1779.0,4.072588647671146,0
24.85783,94.399419,757.0,27.094354082385102,0
26.105273,90.21056,27.0,1.012750369636371,0
29.2001,95.61866,3244.0,41.37468734245809,0
25.834917,91.516552,493.0,17.136274503575986,0
24.457617,92.872642,107.0,2.8821812090202448,0
26.830465,94.569266,103.0,1.5095270002735288,0
23.530068,92.799062,302.0,22.850066084228267,0
26.791331,91.738321,164.0,3.471741285563965,0
28.797832,96.07446,3990.0,24.20198926725632,0
27.780908,94.051001,816.0,18.661440507023,0
27.743247,93.787177,1597.0,15.503408837548552,0
26.809623,92.262533,118.0,4.168739961832943,0
27.029456,95.156079,112.0,1.012750369636371,0
23.484703,92.437443,392.0,9.20898742169279,0
27.180898,95.656932,396.0,32.285674292260644,0
28.475974,94.532559,2476.0,20.411167997672813,0
25.56435,92.747537,466.0,6.466625310264721,0
27.523443,91.770724,1478.0,36.72836821946153,0
26.162333,94.103068,340.0,17.959799689657103,0
27.696172,95.20371,117.0,2.052775101535614,0
24.961486,93.136251,49.0,2.0248682972773406,0
23.346022,91.685641,89.0,7.085726953533678,0
27.004252,93.80035,90.0,1.3502244696996155,0
25.977748,93.339165,164.0,4.262693045214654,0
26.390548,94.761592,1247.0,29.70009664744668,0
26.943779,94.470174,87.0,1.3502244696996155,0
25.089984,93.751337,1603.0,43.82002912224529,0
27.52802,96.589997,1161.0,16.874539775268598,0
27.188417,95.642987,343.0,26.113233272206745,0
27.161046,95.371188,134.0,0.9548412538721888,0
27.64937,96.131576,471.0,14.938380345292416,0
23.841067,94.127318,263.0,19.08864740084677,0
28.871461,95.273317,3150.0,50.29864295334362,0
28.722783,94.199499,2881.0,33.573963453775406,0
25.802166,89.926165,29.0,2.160788974078258,0
25.835309,93.083196,152.0,8.588925239163549,0
27.737955,94.13475,845.0,43.24667654838039,0
28.28022,95.842284,2431.0,31.51166169188398,0
24.490412,93.459523,614.0,15.70167123678081,0
26.768556,93.323152,77.0,2.8821812090202448,0
24.014256,92.401706,119.0,8.459106004104362,0
26.397908,91.988605,56.0,3.4389123953782974,0
26.723526,92.301711,90.0,2.385944030388813,0
24.453752,94.046789,848.0,14.724246751696764,0
28.12122,92.918681,4887.0,25.067574195417883,0
24.184691,94.19555,678.0,23.273326481355983,0
24.75424,94.19442,1479.0,19.868475685293085,0
25.712267,92.006766,933.0,15.06995574963759,0
25.836735,92.697695,426.0,22.54646342839272,0
27.776101,92.370365,5385.0,30.888004108711907,0
26.206835,93.478542,782.0,16.83544559915647,0
28.751584,96.355007,3673.0,35.92681617394175,0
26.491951,90.424256,62.0,1.391763426244203,0
23.187726,91.649895,63.0,6.379370208442804,0
26.605219,91.873416,72.0,1.5095270002735288,0
28.451164,94.919903,1295.0,22.315878731951145,0
25.814135,91.77084,517.0,28.924263824099626,0
24.20615,92.090563,58.0,11.395654497719995,0
25.892585,90.334826,192.0,21.80998227163216,0
28.677329,95.603094,2823.0,33.10221431149837,0
25.912817,89.89378,30.0,1.391763426244203,0
28.938729,94.577641,2072.0,28.20265767471569,0
27.518176,95.461428,126.0,0.9548412538721888,0
28.358939,94.229254,1774.0,24.104107613054275,0
27.442149,96.197546,327.0,4.114075330927888,0
23.578634,93.314466,998.0,24.863891037796268,0
22.936434,93.122141,577.0,25.25493250635702,0
26.00513,93.572171,275.0,7.085726953533678,0
28.207791,94.070313,1482.0,38.925183943046605,0
23.142446,91.619746,42.0,1.4320961841646465,0
29.013051,95.400276,3255.0,58.82055353079132,0
26.231521,90.194461,37.0,3.3214321859461395,0
25.150789,92.56671,1161.0,26.206228705814937,0
27.963773,93.733809,890.0,40.96738188968084,0
25.958484,91.490743,58.0,2.3859440303888126,0
26.243888,92.958836,129.0,16.601549599020238,0
28.828894,95.198888,1699.0,21.20922266022638,0
27.744351,94.047074,756.0,32.47362875265004,0
22.847032,92.625683,131.0,25.831023238728516,0
24.316334,94.221181,381.0,16.419546536130245,0
25.671897,92.676898,676.0,8.246892638951962,0
26.931529,93.423285,111.0,1.5095270002735288,0
26.621258,91.147664,49.0,3.843668167321381,0
23.520233,92.56483,772.0,22.07341542334565,0
26.078914,92.228992,309.0,7.973233172986173,0
25.281027,92.066343,1030.0,5.989218403964244,0
24.358511,92.434696,49.0,1.391763426244203,0
29.277711,96.034135,4107.0,44.92870055059524,0
24.552382,93.071837,43.0,2.6350263783644494,0
28.019171,94.864589,1090.0,21.683049555760363,0
26.97545,93.832734,82.0,2.5695028228896355,0
25.49825,92.636441,729.0,3.843668167321381,0
27.497287,95.224259,120.0,0.4774537773095774,0
27.158302,93.919102,100.0,0.7548944975654582,0
23.080604,93.093195,1234.0,47.83918443961687,0
26.516397,91.036455,43.0,3.7692440164074177,0
22.342087,92.780569,218.0,19.51367436634892,0
27.357446,88.412528,3100.0,34.03756281454756,0
25.574812,93.700793,600.0,17.653807205632088,0
24.975072,93.596263,816.0,34.00618364641802,0
25.362987,90.788023,260.0,31.315930062176403,0
25.480104,93.658496,1738.0,10.046788047511114,0
28.852841,95.274979,3589.0,20.957647957804443,0
28.132915,95.024193,982.0,34.86371779585994,0
27.427891,93.392227,3044.0,11.981212095058318,0
25.110137,93.432501,582.0,20.96670452547173,0
27.990166,95.463898,136.0,1.391763426244203,0
23.807949,91.842547,136.0,9.8764738609297,0
26.276603,94.622085,1107.0,19.37587916013665,0
26.120862,92.582527,57.0,2.862405226111748,0
25.206078,91.733167,529.0,14.948817884559377,0
28.616268,94.883524,1291.0,38.7150572661946,0
27.515081,88.564166,1418.0,28.62226851555476,0
25.458333,91.500199,1678.0,18.13367629259616,0
27.333164,88.478026,620.0,25.915703593185818,0
22.875929,92.842292,432.0,48.05336880287437,0
26.419783,94.76538,1296.0,8.280429976643655,0
27.675452,95.958331,195.0,0.4774537773095774,0
25.665677,92.649851,758.0,3.843668167321381,0
25.308974,91.989308,434.0,27.68015241505697,0
27.053072,92.16004,1423.0,36.4928572564929,0
22.646643,92.684886,332.0,29.538782259558097,0
25.269032,91.08065,386.0,5.396424351416363,0
27.166004,95.642305,416.0,14.833525810160392,0
27.378877,88.523856,1544.0,17.856675484800242,0
26.271792,92.944929,504.0,2.052775101535614,0
28.319092,96.818117,3970.0,52.08553789281805,0
23.556665,91.815948,100.0,3.471741285563965,0
23.406149,93.217697,1120.0,25.18752509848418,0
26.510322,91.041844,44.0,5.258953144814,0
26.056249,92.336649,202.0,16.30726771871584,0
25.50768,92.508328,996.0,24.62715144491095,0
26.01954,94.884488,941.0,28.46421224394294,0
26.182107,94.051151,280.0,22.30965536562337,0
23.760523,92.07795,168.0,13.597652288351249,0
26.483463,94.500632,409.0,18.48321077857491,0
28.077245,95.185776,1146.0,24.89919247685793,0
26.585869,92.338371,71.0,0.9548412538721888,0
24.147652,92.865521,190.0,10.683507759366371,0
26.490579,94.215228,136.0,10.850104629797377,0
25.224477,92.172698,760.0,10.48288165556538,0
26.623681,94.496147,290.0,12.40776353895246,0
27.874989,95.836782,138.0,2.4563945664087456,0
26.646869,92.078038,82.0,1.391763426244203,0
28.815791,95.336148,3429.0,33.74163505181039,0
25.457945,92.644583,798.0,12.489399527599762,0
24.229688,92.744796,133.0,3.372286683433898,0
26.924898,95.578379,1128.0,14.752539390568929,0
26.799434,93.605786,76.0,1.2171181316034885,0
25.873972,89.975788,18.0,10.622217433072436,0
26.358309,90.057794,47.0,1.5095270002735288,0
27.053075,95.251468,135.0,5.479268333625944,0
28.251588,95.049234,1067.0,16.656589723865856,0
28.277708,94.668566,313.0,1.3502244696996155,0
27.253825,93.640846,1278.0,33.44969447134621,0
26.374886,92.028717,54.0,1.391763426244203,0
24.310656,93.842758,848.0,6.526986519680234,0
27.964045,93.626494,1792.0,35.377471484176,0
26.38392,90.103316,44.0,1.3502244696996155,0
26.838777,93.029107,88.0,2.052775101535614,0
28.790343,94.221714,2438.0,48.991657940824616,0
27.206694,88.165407,2722.0,5.427642598914455,0
28.932691,95.783881,2361.0,16.808314433366295,0
25.733215,92.346887,739.0,19.173113592628148,0
26.778897,92.244948,111.0,0.9548412538721888,0
27.189574,88.477433,745.0,30.68841605381868,0
26.271459,94.812105,1030.0,24.260799584868057,0
26.267093,95.040132,1867.0,32.44133705799606,0
25.818244,94.399528,1684.0,26.12795202639169,0
26.632685,94.467686,154.0,3.471741285563965,0
27.936531,93.345921,2064.0,39.20884406695794,0
27.090649,94.897821,98.0,1.6876048941769748,0
24.030609,91.83227,69.0,2.433138796850444,0
22.691698,92.651816,576.0,19.29510913587704,0
25.935954,91.91286,576.0,3.016961309815993,0
24.168507,92.452307,152.0,8.697657668757381,0
25.92338,89.908581,31.0,1.9091524329963765,0
28.115666,95.87588,843.0,35.37374583378865,0
27.43538,96.165094,277.0,7.85388550431469,0
28.035199,93.861466,1800.0,51.973868323198325,0
25.034785,92.83195,563.0,27.9105145799446,0
25.963948,93.760434,139.0,1.012750369636371,0
27.559692,96.215738,531.0,15.81919394750014,0
28.138923,94.00961,1408.0,27.38759135157418,0
25.588531,92.483526,912.0,12.442210235207456,0
28.120835,95.952366,973.0,40.89930060196152,0
25.604996,93.425707,246.0,2.8821812090202448,0
25.774034,90.824559,574.0,3.372286683433898,0
26.750286,92.696308,81.0,1.7210061534334908,0
27.669275,95.799638,143.0,2.5695028228896355,0
23.974028,93.812398,1436.0,19.07066731571445,0
28.026559,94.129031,714.0,37.19921925289739,0
27.680097,93.657038,1532.0,36.0407347065913,0
26.944677,95.007309,119.0,3.109633021988153,0
25.948266,92.441549,432.0,11.08264483156831,0
26.528303,92.339185,55.0,1.0675202709770988,0
25.804483,90.914874,292.0,22.334533970239395,0
23.951751,92.010963,78.0,9.046032026213704,0
27.38811,92.91926,1785.0,12.659323964606124,0
28.516117,94.041739,2621.0,31.74467986659196,0
28.005777,94.55824,747.0,21.1936199425887,0
26.233958,90.611153,38.0,1.3502244696996155,0
27.485344,92.048585,3889.0,9.427411064372352,0
26.069025,91.402124,47.0,1.4320961841646465,0
27.635225,94.747193,118.0,1.391763426244203,0
27.206624,92.181036,2897.0,30.684697159813556,0
23.308199,91.62167,58.0,13.12188701384177,0
26.886091,93.562007,86.0,0.6752059787394532,0
27.068059,94.049765,83.0,2.052775101535614,0
24.159438,92.71875,161.0,20.3853179274,0
26.627608,90.949155,65.0,1.0675202709770988,0
25.505492,90.081054,49.0,2.052775101535614,0
25.722462,92.2455,828.0,8.327142652905913,0
26.253957,94.398226,1077.0,12.416385315606288,0
28.509563,95.757664,1239.0,34.05979539736006,0
26.663957,94.728728,812.0,24.170658339888423,0
26.990667,92.223982,1616.0,30.81190292243532,0
28.035421,93.203222,2305.0,63.8104599969853,0
24.594746,92.845992,34.0,1.391763426244203,0
26.660195,95.176555,1129.0,28.222814437179903,0
25.033375,92.822849,898.0,24.57866403145928,0
23.075983,91.759337,48.0,9.748032163491192,0
27.06713,93.593239,282.0,7.832625705078162,0
24.451733,93.953816,774.0,1.0675202709770988,0
23.104194,93.152775,830.0,25.25665721979561,0
27.878821,93.343133,1483.0,33.239755086314034,0
24.852314,92.928778,42.0,16.46605279144296,0
27.677927,94.175937,1367.0,39.89618024744353,0
22.94712,92.81361,863.0,6.201053782439264,0
26.82327,95.61195,2344.0,5.427642598914455,0
27.662929,91.659976,3318.0,30.671054054075757,0
26.505973,91.6562,60.0,0.3376147110174216,0
26.927862,94.653268,93.0,3.109633021988153,0
25.357715,93.722911,772.0,14.481123401789077,0
27.312395,88.446827,508.0,26.33586193152337,0
26.562327,92.338863,61.0,1.817522018719848,0
27.832378,96.117989,186.0,6.201053782439264,0
27.507217,92.169818,4044.0,25.5743067157341,0
28.260781,95.212621,334.0,10.92491063265941,0
28.561728,94.199785,2121.0,24.55166335676786,0
27.067783,93.95467,87.0,1.5095270002735288,0
25.889618,94.063545,432.0,3.4389123953782974,0
27.023804,93.820633,90.0,1.4320961841646465,0
25.82776,94.960766,2188.0,32.95054926917401,0
23.514735,92.798167,335.0,11.499465999742789,0
25.578043,90.913052,702.0,3.843668167321381,0
22.501832,93.030494,1471.0,15.38297517411388,0
27.993101,97.163995,3637.0,15.104354647150725,0
24.627996,93.911779,770.0,1.391763426244203,0
23.922398,92.828975,249.0,38.46757814830217,0
28.106789,97.315843,4357.0,15.951766186006653,0
28.069165,96.978392,1517.0,46.2822617735928,0
25.692526,90.067575,41.0,4.72794257368475,0
28.477073,94.234614,3144.0,30.664848918844484,0
26.926303,94.304693,86.0,0.9548412538721888,0
25.771057,90.207565,198.0,9.51443116720917,0
27.765267,97.053155,3172.0,28.06231934554589,0
26.775683,94.23446,93.0,0.9548412538721888,0
27.482028,96.045457,182.0,4.100293712915969,0
25.985547,94.958091,1445.0,20.387669768422825,0
27.938918,93.493594,1772.0,42.6524673060968,0
25.484311,91.624975,1710.0,17.5484006137923,0
26.039923,93.392293,346.0,15.825692089271737,0
28.875751,94.125535,3078.0,52.23008485684332,0
27.514658,92.590935,2428.0,35.35790224961881,0
25.26614,92.004703,605.0,25.07455219584297,0
24.98419,94.258108,1664.0,22.048116262785268,0
26.798242,93.199671,86.0,1.391763426244203,0
27.201029,92.520022,1206.0,15.38297517411388,0
25.324805,92.589029,1216.0,13.278657435202684,0
27.350908,93.572684,1791.0,19.370844026969944,0
26.800343,93.418953,84.0,4.222687118252763,0
25.34491,91.919358,975.0,19.493711369590404,0
28.876814,95.639083,2961.0,22.838033840590064,0
24.404005,93.7868,784.0,1.817522018719848,0
24.017778,93.987939,1035.0,26.899031814363664,0
24.004756,91.80645,98.0,0.7548944975654582,0
28.062788,95.617426,178.0,1.96786377642228,0
22.905167,92.615001,149.0,5.479268333625944,0
26.211832,90.063397,53.0,1.2171181316034885,0
24.460128,93.768679,779.0,2.3859440303888126,0
27.906676,96.080977,189.0,1.4320961841646465,0
28.904211,95.339955,3737.0,45.74607266852494,0
26.07422,90.417165,33.0,2.0248682972773406,0
23.298977,92.535048,1067.0,19.295109135877045,0
25.831375,92.317682,718.0,9.83200384668315,0
24.324361,93.555332,971.0,27.19727721314564,0
25.217171,92.670754,1199.0,9.697272655464085,0
27.993813,94.577358,691.0,14.481123401789077,0
22.389897,92.731871,427.0,11.386165083355712,0
25.973275,94.809755,1657.0,36.67346665575637,0
25.562869,90.163557,344.0,15.42994442228038,0
26.6912,91.890561,88.0,1.391763426244203,0
26.687847,94.323758,117.0,2.5695028228896355,0
25.357867,91.120802,397.0,22.466555410680765,0
28.126096,96.131833,1872.0,33.19190654322504,0
26.560565,94.247302,122.0,0.7548944975654582,0
25.707489,90.872729,450.0,17.274046531083112,0
25.162609,93.741148,617.0,30.55525564611165,0
25.171655,92.82541,1152.0,4.972358392400693,0
26.330227,94.871759,673.0,11.630105013404506,0
25.230859,91.36466,381.0,41.63944218014191,0
26.982555,92.278468,1002.0,44.824355494355615,0
28.464773,93.888647,2530.0,24.74862531519583,0
26.644383,93.184019,61.0,0.3376147110174216,0
23.126921,91.679367,31.0,4.495148566143528,0
28.505171,95.415598,2444.0,28.40739482452716,0
26.603006,92.815052,71.0,8.459106004104362,0
24.198913,91.92819,115.0,4.289153328819018,0
23.815598,91.485595,54.0,3.4389123953782974,0
27.192891,95.993374,933.0,27.644424321631288,0
26.959243,94.777722,94.0,1.391763426244203,0
26.163526,91.190323,43.0,2.7199233149201807,0
27.20599,94.580902,94.0,7.543150097211876,0
27.673948,91.84515,4142.0,14.066164922222868,0
27.568949,96.362162,526.0,25.99005788234673,0
27.621936,96.574208,2156.0,34.319282596071126,0
23.119005,92.475918,115.0,23.187221488773567,0
26.793206,92.314656,110.0,2.052775101535614,0
26.057105,95.015251,1782.0,32.05109916793514,0
25.704584,93.168812,227.0,6.0637651384102655,0
27.846314,88.258008,5352.0,5.006282271664123,0
25.991988,91.70954,333.0,13.362200604250482,0
25.480143,90.795229,251.0,6.466625310264721,0
26.57533,94.018498,96.0,1.391763426244203,0
27.651579,95.082034,113.0,0.7548944975654582,0
25.703694,94.346534,1818.0,27.84439391191528,0
23.420643,92.856152,826.0,34.873327665117856,0
24.796419,92.468047,34.0,8.697657668757381,0
23.189688,92.444983,101.0,16.21928176965065,0
25.567328,91.994526,1350.0,23.39193081255129,0
27.295314,93.219215,1789.0,15.825692089271737,0
26.258713,94.892751,1888.0,22.49938749980349,0
27.574425,95.893094,153.0,4.289153328819018,0
25.745343,93.395635,257.0,1.391763426244203,0
24.824477,94.616378,627.0,9.015509788449524,0
25.403196,90.758534,182.0,9.898627976311248,0
25.337971,93.844648,1909.0,15.042369244334244,0
25.03841,94.33172,1387.0,8.219958742497676,0
26.456204,91.101701,48.0,4.168739961832943,0
27.670406,93.512613,1720.0,28.05505294022374,0
26.951418,92.489238,232.0,7.973233172986173,0
22.695572,93.027337,860.0,24.932657538079724,0
29.127382,94.859425,2766.0,45.56606191861454,0
26.037173,90.3723,32.0,1.0675202709770988,0
26.889787,93.561625,88.0,1.7210061534334908,0
28.361263,96.300812,3918.0,49.73664504238683,0
22.188247,93.128977,1174.0,44.8127706454555,0
28.973264,96.428833,4610.0,30.921035750838698,0
28.925156,95.883739,2759.0,40.46813396606929,0
23.469892,92.670428,591.0,19.85142324911409,0
24.268834,93.492549,988.0,13.585991207888908,0
27.187105,92.567647,1324.0,30.414714507014207,0
25.634203,92.807338,271.0,3.5204050825976285,0
24.094466,93.442054,1725.0,12.260147486012336,0
27.244199,93.114991,1515.0,5.226703690794332,0
25.896498,90.60611,68.0,8.280429976643655,0
25.753293,93.695058,193.0,2.263636058426967,0
25.739613,91.434717,354.0,25.663693996261472,0
28.35014,96.346052,3607.0,19.188418756936425,0
27.662903,91.812109,4329.0,32.06250837762413,0
26.932251,92.490864,173.0,5.570959980093077,0
24.005558,94.15945,385.0,26.417969659276,0
28.539875,95.608239,1278.0,40.05711897530876,0
26.999826,93.648018,302.0,17.159822613054004,0
27.992427,97.302679,4278.0,34.29242363523321,0
26.095953,90.168525,28.0,1.2171181316034885,0
25.974303,90.681232,54.0,3.016961309815993,0
24.633681,92.957112,29.0,2.433138796850444,0
26.421684,93.709033,136.0,2.7199233149201807,0
27.594324,88.379083,1946.0,61.76814149592233,0
26.495769,90.531463,60.0,3.631393549323058,0
27.242275,95.361273,127.0,5.875572624808732,0
26.395743,94.058103,102.0,1.6876048941769748,0
25.623031,91.390746,1668.0,10.046788047511114,0
23.748245,92.37759,220.0,25.20656585568068,0
26.621603,90.833459,54.0,3.1996013002506887,0
28.499523,93.777364,2168.0,35.78577413644265,0
24.106833,94.177095,715.0,26.762796183610217,0
27.959768,93.235945,1118.0,23.21858658494179,0
26.532673,93.234021,169.0,8.697657668757381,0
27.286207,93.269554,2159.0,25.73083227852528,0
26.344071,92.38039,58.0,1.96786377642228,0
27.349094,94.831364,101.0,1.2171181316034885,0
24.034179,93.133113,718.0,29.18694100835105,0
27.483403,93.426235,2553.0,40.61320907975954,0
26.738805,92.053874,105.0,0.4774537773095774,0
24.643994,94.493743,603.0,26.80049163668117,0
25.399682,91.129178,833.0,6.603755221333418,0
25.544277,90.647807,436.0,11.395654497719995,0
26.559296,91.758158,64.0,2.263636058426967,0
28.328629,94.030082,1387.0,45.5694074750436,0
28.720537,95.00585,1743.0,45.07342059162951,0
27.279205,88.764532,2265.0,16.228736705934203,0
24.313149,93.037659,139.0,32.12739051551343,0
23.160377,91.573488,83.0,16.753888986635726,0
27.024968,95.484166,689.0,9.937269293441108,0
26.456293,94.500212,366.0,11.447690637127955,0
27.728205,93.103434,1682.0,26.79421507792808,0
26.486618,91.830091,62.0,5.150652185902698,0
24.213393,92.713664,173.0,26.233861962637395,0
28.121245,95.346982,208.0,2.433138796850444,0
25.623287,93.831236,1019.0,10.246059403967996,0
26.483451,92.592414,65.0,0.7548944975654582,0
25.644513,90.651756,320.0,6.804089732608741,0
24.713082,92.845376,23.0,1.6876048941769748,0
26.300303,94.847427,866.0,28.30605964365266,0
28.702204,93.856184,4143.0,24.111515804807524,0
27.411046,95.341351,124.0,2.052775101535614,0
25.467606,94.131061,1805.0,15.042369244334246,0
25.001424,93.158577,137.0,16.82339398738753,0
27.368938,88.709657,3065.0,34.348081929044824,0
26.057422,92.51013,183.0,4.72794257368475,0
25.536094,93.927163,1812.0,25.71910306033686,0
25.997641,92.583774,74.0,2.7199233149201807,0
24.081039,92.870701,443.0,9.142972736785136,0
25.056406,92.831331,723.0,31.91356927243142,0
27.557811,88.284177,3542.0,30.17480904438851,0
24.473652,92.276013,64.0,8.16580964839238,0
25.719587,94.204536,1164.0,20.70185001577313,0
26.550454,91.585475,61.0,1.5095270002735288,0
26.230745,91.892269,53.0,1.0675202709770988,0
25.882057,89.989358,30.0,2.7818863802117484,0
27.989578,95.669328,161.0,0.4774537773095774,0
25.184327,90.765166,56.0,8.691301602734168,0
28.538939,96.151328,3267.0,8.735690934280582,0
25.261123,90.458149,51.0,6.629140282386492,0
27.26957,93.443567,1553.0,14.549536520794929,0
25.957609,91.086232,57.0,3.372286683433898,0
26.435091,92.639196,69.0,2.263636058426967,0
28.461033,96.259783,3668.0,36.973120451146535,0
28.721141,94.186088,2926.0,29.85724624003213,0
25.653531,90.763947,395.0,6.526986519680234,0
25.394096,94.173831,1334.0,20.441660999453667,0
22.644519,92.991809,929.0,19.74133069999896,0
27.06243,92.268753,2541.0,30.68841605381868,0
27.442506,92.192832,2358.0,28.386037765789645,0
27.231958,93.346081,1064.0,6.671226398049395,0
28.327295,94.319193,3091.0,48.94315600528589,0
28.021063,95.380714,159.0,3.7692440164074177,0
28.269415,95.736833,578.0,7.264626465193748,0
27.359005,96.391443,1321.0,21.42820647145751,0
25.728429,92.881752,112.0,7.572619707513907,0
23.479786,93.118127,910.0,20.357067134725927,0
26.276898,92.25536,56.0,2.160788974078258,0
27.885383,88.22799,5240.0,14.710076334813872,0
24.991582,93.091056,456.0,15.042369244334246,0
26.742603,94.816288,140.0,13.771202292081655,0
24.808845,94.567457,780.0,26.56505117707799,0
23.559231,93.313549,1123.0,27.46310439725756,0
25.516302,91.692695,1806.0,0.9548412538721888,0
27.272007,94.507399,92.0,1.2171181316034885,0
25.883033,90.049783,26.0,2.263636058426967,0
26.74851,92.802588,76.0,1.817522018719848,0
28.213921,94.471493,2507.0,20.411167997672813,0
25.745784,91.017869,538.0,21.908229920876853,0
24.331481,92.866028,153.0,18.329819733358647,0
27.887838,96.36546,804.0,43.70463596904506,0
24.986515,94.189048,1417.0,26.185065798950863,0
27.162379,93.711982,352.0,27.432940772267944,0
25.118946,92.875799,209.0,15.179705807856672,0
26.937209,92.912999,109.0,3.931095784160226,0
27.354307,96.188803,679.0,8.280429976643653,0
26.365743,93.08035,490.0,17.90136233968102,0
25.249419,91.979201,279.0,25.419674139022334,0
23.741858,91.44115,74.0,3.3214321859461395,0
25.999709,94.417119,795.0,28.378912600173926,0
26.49135,93.16434,191.0,12.106073141102073,0
26.15587,92.054551,59.0,0.9548412538721888,0
26.186931,93.04324,80.0,2.433138796850444,0
28.296505,96.144095,2016.0,48.61508280039358,0
27.91078,96.9441,926.0,13.904455774158937,0
26.850493,94.89813,138.0,3.843668167321381,0
28.327776,94.203984,1147.0,37.37452826837425,0
25.304386,94.515074,1144.0,32.6109934357264,0
27.640096,92.427317,4595.0,7.125016348901798,0
27.838118,95.854458,139.0,0.7548944975654582,0
26.324364,94.384558,618.0,8.380191745041826,0
24.771273,92.475125,24.0,4.289153328819018,0
24.167675,92.292023,156.0,5.730255777235155,0
27.384503,93.720878,1380.0,28.27596762384706,0
24.683453,94.424934,672.0,28.845470930234946,0
27.157597,88.212105,1002.0,24.34678834789925,0
23.770691,92.508065,395.0,32.53469816945699,0
26.760683,92.645323,81.0,1.2171181316034885,0
28.785082,94.67582,2558.0,34.369895822693806,0
27.341894,93.281584,2214.0,16.665741309979975,0
28.29714,94.305301,2038.0,37.47781378511902,0
28.85269,96.12988,3651.0,33.65801388639844,0
27.311506,92.784059,450.0,7.506142784255757,0
25.49222,93.374931,409.0,23.292830705929312,0
25.049501,92.762975,627.0,24.578664031459272,0
28.360119,93.96825,848.0,25.159789433981928,0
22.983951,92.66425,128.0,8.280429976643655,0
25.125625,94.19226,1390.0,24.591248866909307,0
25.994442,90.93006,61.0,2.1342998941463125,0
22.907387,92.694377,597.0,14.97660914519633,0
27.468853,94.491258,104.0,4.0586642321882005,0
26.150622,93.55141,1118.0,31.820083970374533,0
28.556127,94.871295,2236.0,18.023526254904876,0
28.785426,95.955957,2397.0,27.72322067406976,0
26.618426,94.43238,173.0,25.43844441156941,0
26.706628,94.651736,422.0,11.371914526441127,0
26.776919,93.030255,73.0,1.817522018719848,0
28.041854,92.823963,3836.0,3.631393549323058,0
25.852855,93.983471,411.0,17.562691357484656,0
27.188665,92.325912,1797.0,43.66542315243808,0
25.386894,90.422962,448.0,3.584252301697434,0
23.536216,93.168355,1168.0,31.699271442972726,0
24.124178,93.82878,859.0,15.042369244334244,0
27.422462,88.282895,2650.0,31.312349744847197,0
25.596289,91.8246,1440.0,10.43076019506472,0
25.542814,92.798038,395.0,6.804089732608741,0
28.039723,93.001873,2944.0,16.184555998670856,0
25.898401,92.077533,710.0,13.214598833651117,0
24.630815,94.26184,1047.0,21.59639669389696,0
27.827684,96.276348,248.0,5.520212884789397,0
25.213669,92.008645,104.0,29.30999587509259,0
27.141419,92.851021,1016.0,22.140679470491683,0
27.202433,88.117553,3086.0,30.06448299334969,0
26.762821,93.185434,82.0,1.3502244696996155,0
27.314484,94.36691,89.0,2.263636058426967,0
26.333153,90.751975,39.0,0.3376147110174216,0
25.554524,93.86406,1020.0,34.89732750522344,0
25.672932,93.683332,297.0,1.817522018719848,0
26.072099,90.798526,48.0,1.7210061534334908,0
26.132299,89.779271,30.0,2.862405226111748,0
25.573894,91.655347,1680.0,0.9548412538721888,0
26.242279,93.490157,830.0,18.097971328519403,0
25.424953,91.298588,1423.0,12.946519289312022,0
26.780161,91.78666,149.0,2.1342998941463125,0
23.526656,91.848461,105.0,3.372286683433898,0
26.261549,94.609169,1680.0,10.373096895258447,0
25.474007,91.429249,1596.0,5.322852793549541,0
28.011638,94.502289,750.0,15.403125863548038,0
27.877874,96.503092,1553.0,33.789960817580415,0
25.977382,93.172989,140.0,5.150652185902698,0
25.168349,93.154747,992.0,26.10832406962671,0
25.207612,92.661131,1262.0,12.625545951830574,0
28.046592,96.103179,721.0,9.191033686643834,0
25.887566,92.456564,535.0,18.779921287170044,0
26.835224,95.28028,651.0,24.71299262486534,0
24.4779,93.625061,1176.0,26.732892343033605,0
24.619496,93.047011,177.0,6.526986519680234,0
27.88886,95.186457,241.0,21.59639669389696,0
27.455148,92.369316,3039.0,23.029456383543423,0
27.648345,95.139448,115.0,1.817522018719848,0
27.185168,93.343811,1514.0,24.650445283609805,0
23.007804,92.618819,322.0,23.833218174029398,0
24.285503,93.298523,475.0,21.777809823956574,0
25.638804,90.116149,271.0,0.7548944975654582,0
27.647932,96.082458,425.0,2.6350263783644494,0
26.089529,90.49589,45.0,5.951584521749746,0
23.621662,91.429224,52.0,2.7199233149201807,0
28.139861,95.515734,243.0,1.817522018719848,0
26.339688,93.895296,117.0,5.961015914468944,0
28.887653,94.268992,2199.0,24.36320187730541,0
23.443688,91.920458,104.0,3.5204050825976285,0
27.678518,94.772671,129.0,1.96786377642228,0
27.667636,95.036091,119.0,3.471741285563965,0
24.468949,93.826266,770.0,2.7818863802117484,0
27.544821,88.705658,3289.0,26.04272651358252,0
26.381627,93.798805,135.0,3.109633021988153,0
29.071912,95.568778,3872.0,32.91701586172606,0
28.169871,95.360233,451.0,13.582101615290334,0
26.124846,93.00418,79.0,0.7548944975654582,0
26.833482,94.193868,86.0,1.6876048941769748,0
25.487607,90.412782,1006.0,5.062306669977521,0
26.503588,92.398243,61.0,1.3502244696996155,0
27.346167,88.613248,1609.0,18.658796522106226,0
26.808525,94.660862,101.0,2.433138796850444,0
25.459903,94.34029,1413.0,31.315930062176403,0
28.02773,97.036353,2770.0,45.344465011530446,0
23.660372,92.744761,435.0,39.47664823524418,0
24.545938,94.061307,795.0,1.5095270002735288,0
26.596698,93.604322,96.0,2.7818863802117484,0
26.552802,92.659663,57.0,0.0,0
27.545156,96.351144,472.0,19.603175151704185,0
25.346183,92.740806,963.0,4.168739961832943,0
23.729247,91.740603,255.0,19.694600815138024,0
27.349862,93.695791,1440.0,25.62327760778085,0
27.053292,94.496594,69.0,8.917089630363527,0
26.075229,90.302186,33.0,1.3502244696996155,0
27.587048,88.46796,3144.0,26.732892343033605,0
24.661875,93.153547,194.0,20.75932234748779,0
23.422544,93.184271,1087.0,18.58722489121147,0
28.574006,94.886063,2167.0,12.979350497927722,0
25.875878,94.330624,790.0,29.75658040269571,0
26.735359,94.81519,452.0,22.41511705373408,0
26.194738,90.245521,34.0,0.3376147110174216,0
27.577593,88.131064,5495.0,34.97388961135889,0
24.244898,93.582269,805.0,23.590208033306137,0
25.568601,92.581871,784.0,6.091478002079769,0
27.814337,94.755088,488.0,12.646669179823956,0
25.204038,92.306059,646.0,9.64622531297678,0
27.919041,95.478985,137.0,0.7548944975654582,0
28.246373,94.322854,1765.0,29.788022541457384,0
25.921894,92.325102,605.0,11.447690637127955,0
27.610622,95.354932,116.0,1.9091524329963765,0
27.949835,93.861511,1035.0,24.53544118605691,0
26.497036,91.428202,49.0,1.7210061534334908,0
25.353186,93.653045,607.0,30.68841605381868,0
23.718618,92.698666,872.0,29.27223030098363,0
27.090435,92.206368,2317.0,19.80014826842025,0
25.065351,92.722257,346.0,28.96145603883933,0
24.956363,93.508412,1517.0,15.874325631883014,0
28.891469,95.807103,1600.0,21.419418908984124,0
24.096178,92.504179,430.0,6.201053782439264,0
27.670452,96.732571,3199.0,11.504160042371817,0
23.481297,92.658458,366.0,26.6047916406615,0
24.759194,94.319568,526.0,9.015509788449524,0
25.993853,90.95653,59.0,3.1818128120974354,0
26.404071,93.327191,633.0,14.920965202252992,0
28.91635,96.495346,3602.0,23.32204212346056,0
26.088369,90.04709,31.0,0.4774537773095774,0
26.480806,92.584967,66.0,1.391763426244203,0
24.962177,94.03524,832.0,17.721756522654722,0
27.260456,95.339737,129.0,3.931095784160226,0
25.571698,94.064877,2620.0,16.874539775268598,0
27.099736,94.995323,102.0,0.3376147110174216,0
22.093735,92.887407,496.0,11.945269066172736,0
25.299229,93.055486,413.0,12.04828213833979,0
26.552081,92.225661,65.0,1.817522018719848,0
27.412721,95.439329,129.0,2.862405226111748,0
28.206342,94.18069,819.0,41.394387744693525,0
24.083866,92.497006,566.0,16.753888986635726,0
26.638329,93.787103,82.0,2.1342998941463125,0
27.889476,96.037287,168.0,3.016961309815993,0
26.101053,94.94778,1120.0,17.02683613640949,0
22.707723,93.037283,871.0,18.370345512861498,0
25.64667,92.079661,906.0,6.423150913734816,0
27.093114,93.952009,89.0,2.4563945664087456,0
27.257589,97.014019,2343.0,35.39236551897403,0
23.770747,91.832555,124.0,5.237476066812513,0
27.609264,95.014309,110.0,0.6752059787394532,0
26.818862,94.69169,102.0,1.012750369636371,0
25.146214,92.70877,1650.0,1.96786377642228,0
23.358862,92.653876,691.0,14.103462835639398,0
25.1129,94.508621,2072.0,18.43494882292201,0
23.955183,92.965333,696.0,33.72721251377584,0
26.471022,90.930947,45.0,1.4320961841646465,0
25.822569,90.793522,180.0,23.75010057347409,0
28.741995,94.544263,3024.0,29.207287929987988,0
26.350196,93.631068,502.0,25.74422675587385,0
24.035641,92.541797,156.0,24.74862531519583,0
26.483856,94.898413,416.0,13.342363797088236,0
28.65297,95.31841,1886.0,59.95755470599998,0
25.108235,92.651802,1041.0,37.04296651263543,0
24.994174,94.655414,658.0,28.08409936669116,0
27.179678,88.363186,1090.0,56.77188414381171,0
26.240707,91.727106,56.0,2.3619913818349927,0
27.383739,95.766055,149.0,0.6752059787394532,0
24.33583,93.228317,237.0,32.367608666295006,0
24.48135,94.230594,966.0,30.378128880975517,0
27.176292,93.53181,2009.0,30.89167755260865,0
25.438186,93.45803,587.0,12.814236200163856,0
28.459309,93.758699,2425.0,57.20704734629106,0
25.408747,94.61734,1710.0,37.21334842151191,0
28.653415,93.991572,3064.0,24.634322367669885,0
22.440833,92.789908,242.0,16.48461023921887,0
25.539072,92.269107,1271.0,7.86095868417308,0
27.471396,94.088286,1240.0,41.27835984180592,0
28.55952,93.809936,4005.0,17.282793933851345,0
26.82295,93.128854,87.0,0.7548944975654582,0
26.968499,94.305089,90.0,2.3859440303888126,0
27.614105,95.612781,135.0,0.3376147110174216,0
25.814029,94.294801,566.0,17.596929516517847,0
24.001871,91.927934,105.0,12.888835435012426,0
26.274647,93.771951,366.0,11.37191452644113,0
25.997646,89.821052,29.0,1.6876048941769748,0
28.692697,94.655535,1208.0,60.307726270829846,0
24.34772,92.406702,55.0,1.2171181316034885,0
26.633114,94.445864,163.0,4.0586642321882005,0
28.146293,92.793185,4739.0,32.53469816945699,0
27.809507,96.489929,1830.0,32.57012547147069,0
26.579783,91.615858,61.0,2.052775101535614,0
28.230002,94.374703,2825.0,27.888503825996008,0
27.836149,95.467445,125.0,1.6876048941769748,0
27.016609,95.588749,1403.0,29.07799907556935,0
23.671541,93.077337,823.0,23.08682830638936,0
28.05059,95.611494,172.0,2.7818863802117484,0
24.827874,93.295637,1011.0,32.80837483092349,0
28.013151,96.81076,3453.0,44.4840356665782,0
28.872629,96.276725,3604.0,27.820820246061835,0
28.454682,95.941971,2490.0,35.474038649735355,0
24.965192,93.75157,1802.0,12.925951545439489,0
26.373122,92.05175,57.0,2.8821812090202448,0
27.214167,88.166511,2467.0,30.9661943875506,0
28.504005,94.051986,3007.0,23.63796307368513,0
25.880601,90.032445,83.0,8.767251443500896,0
29.097865,95.496288,3354.0,18.351447785210315,0
25.555745,91.177712,1252.0,13.79797230914776,0
25.192249,91.382402,65.0,13.709786427291844,0
27.418685,88.732167,3479.0,17.367068064949923,0
26.176938,90.76229,34.0,0.4774537773095774,0
25.213338,94.025509,1287.0,33.85962725015854,0
22.080372,92.873579,252.0,13.721326122250654,0
27.821836,94.082399,1265.0,14.567477216824017,0
27.579879,95.766143,147.0,0.4774537773095774,0
24.202799,92.202188,115.0,5.730255777235155,0
27.882387,92.845747,3793.0,36.134314696635705,0
27.664178,93.927026,1519.0,22.016434325499112,0
26.807985,90.356533,198.0,3.3214321859461395,0
27.650254,93.398576,2545.0,21.393026047204746,0
26.149187,91.840278,62.0,2.8821812090202448,0
26.463729,93.446851,455.0,8.56312820868944,0
28.009778,88.802535,5411.0,2.160788974078258,0
27.269233,96.174154,793.0,29.541439484010905,0
25.884976,92.333456,555.0,9.719867702432296,0
26.438646,92.794117,64.0,0.4774537773095774,0
27.349141,95.036513,121.0,2.052775101535614,0
25.983085,90.199177,31.0,1.0675202709770988,0
25.249516,90.10255,52.0,14.233109137789889,0
25.528225,91.976352,1428.0,21.000618813993764,0
28.729736,95.929602,2975.0,42.80933648328434,0
25.161186,92.35117,317.0,11.7637119046499,0
28.639544,94.359612,1733.0,24.377777615061017,0
24.296866,92.190847,42.0,2.1342998941463125,0
28.824967,96.562049,4295.0,27.41028169409525,0
28.064001,93.703937,1701.0,15.747500365404113,0
25.671349,90.503163,394.0,11.671751367544037,0
24.455817,92.735508,150.0,12.260147486012336,0
28.325333,93.534535,2876.0,34.13234572621558,0
25.399668,92.20616,1344.0,6.054498479394494,0
27.608835,88.270813,3333.0,18.202088390873595,0
25.517252,91.95955,1561.0,38.4045168714115,0
25.290214,90.908884,763.0,54.57031729351152,0
25.486131,90.993157,690.0,11.395654497719995,0
26.78183,95.427181,1137.0,26.880307851328983,0
27.932986,94.954412,488.0,14.920965202252992,0
23.762575,92.77128,620.0,29.39063279226727,0
26.867207,95.537392,1510.0,40.80122898599703,0
23.791426,91.985635,132.0,8.867442917822803,0
28.073148,94.927503,907.0,35.08426737770889,0
27.610543,93.510857,2579.0,21.83994971124597,0
26.212472,93.632498,747.0,11.395654497719995,0
28.213245,94.927371,1213.0,47.38868521390073,0
27.576009,92.73501,2203.0,28.89942242619857,0
26.816149,94.055355,81.0,2.1342998941463125,0
26.974342,92.817165,114.0,2.8821812090202448,0
25.413685,90.650733,900.0,17.367068064949923,0
24.949615,93.498035,1426.0,23.446076727072096,0
27.825099,94.131145,1270.0,22.40687120493745,0
27.218588,94.765031,103.0,3.109633021988153,0
27.060736,95.891659,1264.0,12.50650945509941,0
25.118464,93.870216,1620.0,29.594494506474955,0
26.386201,90.016664,45.0,0.0,0
27.620461,94.423128,419.0,30.61014308018781,0
23.953489,91.527091,148.0,2.385944030388813,0
27.778791,96.808111,2142.0,34.599150277388894,0
24.224819,93.439619,638.0,20.648782326696494,0
27.913,96.343044,1268.0,19.662542604417947,0
29.262757,95.904136,3994.0,42.85319517531308,0
27.45156,95.2078,116.0,2.385944030388813,0
23.89012,91.633236,46.0,0.6752059787394532,0
25.42687,91.49031,1599.0,23.088802938308035,0
29.300941,95.919937,3834.0,56.47298212343632,0
28.264937,95.974532,2389.0,27.590686362179103,0
23.393984,92.451108,282.0,13.378045743109908,0
24.667754,94.039159,789.0,2.1342998941463125,0
29.106735,95.993175,3962.0,30.09406096139528,0
27.300067,88.83912,3990.0,24.426873343832085,0
24.220985,93.783445,1127.0,20.37590688735051,0
27.579295,92.07487,4434.0,33.72412031569735,0
24.508204,93.63341,953.0,23.104591120404265,0
24.818287,94.543606,894.0,18.737906048136225,0
27.133079,94.035429,87.0,1.817522018719848,0
28.263324,95.098058,1651.0,17.14510977096244,0
25.901951,94.614537,1568.0,23.934638252629068,0
28.90192,95.76053,2290.0,29.970253193070143,0
28.229125,95.365114,1149.0,28.264489545044988,0
24.810861,93.356372,259.0,18.77467605427877,0
25.677175,93.948104,1676.0,29.793257091501435,0
27.271516,95.529314,148.0,1.5095270002735288,0
27.660206,92.64001,2084.0,8.917089630363527,0
25.370838,93.194564,697.0,6.25509971741467,0
28.810207,94.226182,2474.0,36.733505603395045,0
22.909511,92.650061,429.0,21.04797249248752,0
27.257071,94.052376,97.0,4.0586642321882005,0
27.895252,88.281939,4860.0,20.664953051436868,0
25.530696,90.836599,580.0,5.759620519825523,0
26.508169,94.523069,399.0,23.74441766331019,0
24.427217,93.506244,990.0,46.62466245292635,0
26.658821,91.668482,83.0,2.1342998941463125,0
26.145998,90.085698,28.0,2.3619913818349927,0
28.286983,96.731152,3559.0,25.5743067157341,0
26.947847,93.550409,117.0,2.7199233149201807,0
26.571473,95.097212,1414.0,31.274111327369877,0
28.388522,94.877341,894.0,42.03111377419729,0
27.942997,92.910547,3718.0,21.50051299286269,0
27.432843,95.206552,119.0,1.5095270002735288,0
24.258318,93.366309,555.0,17.594079543115168,0
27.610703,93.550405,2019.0,24.38870074689113,0
29.142583,94.884868,2354.0,36.25383773744479,0
25.2552,90.206033,70.0,21.66575783812344,0
26.369217,93.284114,544.0,16.738731980922584,0
23.558508,91.855653,104.0,7.653048720543413,0
25.653506,94.876189,1529.0,29.32750061118656,0
25.831445,92.811629,114.0,14.452204002210555,0
28.222014,95.25286,1224.0,49.36290700643989,0
26.933853,94.239527,86.0,1.391763426244203,0
27.335394,96.531436,1539.0,10.052230095483228,0
27.660757,96.4829,2536.0,26.82087387239509,0
25.777901,92.118401,1165.0,12.925951545439489,0
25.967739,91.235297,57.0,2.7199233149201807,0
25.720919,94.020596,1306.0,7.653048720543413,0
24.94456,93.754308,1494.0,45.29778000881304,0
26.091812,91.057624,40.0,0.3376147110174216,0
23.96301,92.521125,184.0,22.278501281930417,0
24.459134,93.416166,436.0,24.16881343581011,0
25.616782,94.592917,1076.0,14.26254952627902,0
25.382044,93.064656,342.0,6.926249082072704,0
28.928181,96.353665,4456.0,25.65191625517833,0
24.372643,92.040872,63.0,4.822542232360713,0
23.875491,92.646996,193.0,20.462735458857964,0
26.554388,90.118244,60.0,2.7199233149201807,0
27.800086,95.227295,122.0,1.391763426244203,0
25.255952,93.759624,1538.0,35.91601046714895,0
28.815069,94.805421,659.0,29.734272666889545,0
25.735481,91.311577,685.0,26.272794209239255,0
23.38254,91.73498,56.0,3.054369995163865,0
27.6492,88.366161,4839.0,13.64418168215864,0
25.517856,91.088958,987.0,16.316660416077156,0
26.014944,90.651675,58.0,1.5095270002735288,0
26.104103,91.599309,55.0,1.6876048941769748,0
25.852759,93.349273,218.0,15.92277945817654,0
26.868808,90.400449,293.0,6.893893059635488,0
25.749284,93.970112,1030.0,23.56148608281846,0
28.491094,96.043537,3414.0,22.75354966987249,0
23.761391,92.135735,175.0,11.461836902818336,0
27.56092,91.774862,2905.0,17.274046531083112,0
25.23201,93.794189,1650.0,8.716696336468738,0
28.949632,96.05726,3467.0,73.40041103181076,0
25.671178,94.59757,720.0,14.592550602033429,0
27.28793,94.506937,97.0,5.710593137499643,0
26.655302,92.190389,81.0,1.2171181316034885,0
27.983491,94.431041,740.0,23.29088136310349,0
28.335492,94.805696,1098.0,14.624713477272469,0
26.879739,94.113373,80.0,4.393377408433921,0
28.419059,93.249225,3213.0,25.411135016332118,0
25.356717,94.344342,1220.0,10.024987862075742,0
25.793293,92.502911,713.0,34.25554494168284,0
26.527158,92.203207,61.0,1.0675202709770988,0
28.195495,95.83544,1041.0,15.268186189415482,0
25.372492,92.758418,937.0,15.609525869125669,0
27.117807,93.394969,931.0,25.07455219584297,0
26.929442,94.067168,88.0,1.7210061534334908,0
25.251249,92.485767,846.0,8.219958742497676,0
24.661745,92.537846,23.0,3.372286683433898,0
26.551593,90.860631,50.0,3.3214321859461395,0
27.271115,94.109934,90.0,3.1818128120974354,0
24.242347,94.015975,1354.0,24.736162827283795,0
25.647521,92.437653,813.0,4.679912393493258,0
28.187058,94.836427,617.0,12.826703654485945,0
26.549594,90.509418,64.0,0.6752059787394532,0
26.40849,89.991236,48.0,0.9548412538721888,0
26.901594,95.708078,1796.0,18.92342579250582,0
25.580747,94.538527,912.0,9.8764738609297,0
25.706617,92.414601,883.0,10.435985108785149,0
25.611162,94.886296,1478.0,34.54042250584795,0
27.583542,95.300091,113.0,1.012750369636371,0
28.236781,95.398885,1481.0,34.15143732408173,0
26.439062,92.58086,62.0,1.391763426244203,0
26.859132,92.727515,94.0,3.931095784160226,0
23.109445,91.795607,91.0,12.338544811627347,0
27.863672,94.931731,476.0,22.295124527309756,0
25.281841,94.010678,1283.0,21.546350076535884,0
25.439692,90.837982,353.0,4.072588647671146,0
26.124226,90.74645,38.0,2.862405226111748,0
26.244149,94.720992,1194.0,26.158981435332173,0
24.30179,92.98525,889.0,14.491950708622538,0
26.07686,90.234162,26.0,0.3376147110174216,0
27.033995,92.197178,1598.0,23.567234622032583,0
23.429731,91.330173,55.0,3.3214321859461395,0
25.907609,91.359364,244.0,15.329084884541668,0
25.620583,91.843243,1269.0,19.80014826842025,0
23.972717,93.072946,182.0,15.42994442228038,0
28.113337,95.540731,217.0,1.96786377642228,0
26.546586,95.093604,1439.0,40.021036288278026,0
25.646541,90.925449,736.0,9.142972736785136,0
26.564608,90.924213,51.0,3.1818128120974354,0
27.412729,94.708048,104.0,5.139693807411478,0
27.724644,91.904601,4497.0,15.436640338110504,0
28.820021,94.256122,2206.0,25.548918931181756,0
26.67301,91.436067,86.0,4.495148566143528,0
28.034355,94.869665,832.0,28.264489545044988,0
27.264935,96.905038,1263.0,19.72167291113565,0
27.686727,92.774469,2046.0,13.262676008304846,0
29.141687,94.331571,3709.0,27.326930240367503,0
27.883385,93.517123,1045.0,13.206566483906398,0
28.006138,93.15025,2310.0,10.111883288785483,0
24.243976,93.828426,858.0,29.50153621491294,0
23.927676,92.256733,226.0,17.109734569428905,0
24.781389,93.926373,779.0,2.160788974078258,0
23.55638,91.512176,47.0,7.804184683040922,0
28.751627,96.002828,3563.0,32.02597107856493,0
23.549298,91.233049,40.0,3.843668167321381,0
27.111463,97.096766,2566.0,35.872715082565435,0
24.204647,92.043665,59.0,6.804089732608741,0
25.67782,90.639398,306.0,1.817522018719848,0
23.41207,91.670725,53.0,0.7548944975654582,0
24.13068,91.724546,115.0,3.646970455272818,0
25.576321,94.229868,1597.0,23.691279259823578,0
26.863531,92.554523,104.0,1.5095270002735288,0
22.254597,92.703097,449.0,28.37463602375791,0
28.303612,93.141281,2784.0,36.232654007001685,0
25.710548,90.830662,513.0,24.426873343832085,0
27.929498,94.16351,651.0,11.690207903932867,0
25.171662,90.425481,54.0,4.289153328819018,0
26.371462,90.8185,41.0,6.201053782439264,0
27.092926,94.761223,96.0,1.0675202709770988,0
26.795551,95.069231,626.0,12.94240871762464,0
26.426858,94.641305,957.0,21.56377602443453,0
26.040374,91.745353,373.0,20.68341276454514,0
25.436176,93.460684,571.0,22.433654341377157,0
26.44325,90.330538,47.0,3.372286683433898,0
24.935149,94.006285,796.0,5.875572624808732,0
26.082321,95.126033,1966.0,35.328036918917455,0
24.700831,92.807034,30.0,3.5204050825976285,0
28.924507,96.142311,3926.0,26.10832406962671,0
23.676947,91.472277,64.0,11.546311187499878,0
24.18308,92.74538,118.0,16.2287367059342,0
26.617825,94.427681,139.0,11.179986107668157,0
23.57822,91.559934,67.0,10.683507759366371,0
26.71738,92.836957,74.0,1.7210061534334908,0
26.20167,94.654148,1446.0,28.20697905496611,0
28.429802,95.608234,1546.0,34.60794120280249,0
25.648671,92.278268,1037.0,8.588925239163549,0
25.705379,91.259284,1077.0,34.9155437050667,0
26.010582,91.698861,411.0,24.19093828315004,0
26.715923,90.191938,188.0,3.1818128120974354,0
24.354051,93.232283,280.0,32.677050778813964,0
23.629159,91.657624,81.0,2.433138796850444,0
28.948314,95.935049,3459.0,26.064074661084863,0
28.277118,93.981901,2406.0,37.590982545821966,0
23.718669,92.453338,373.0,19.193516920934957,0
25.102417,93.466014,498.0,33.70865055645308,0
27.398538,95.802742,143.0,2.052775101535614,0
25.953827,90.653008,67.0,3.3214321859461395,0
28.289628,95.551517,797.0,33.86473809008295,0
28.645627,95.990685,1141.0,59.84488335212279,0
26.302969,91.395394,44.0,1.2171181316034885,0
27.981434,96.376685,838.0,28.9339142910423,0
25.323499,90.895235,530.0,2.8821812090202448,0
25.412002,91.944847,1621.0,7.1171765367879605,0
27.88738,92.82294,4319.0,31.08642096192824,0
24.168034,93.43284,641.0,16.714445457116103,0
27.646271,94.407538,475.0,16.60461327981816,0
26.522227,93.464377,227.0,13.519692644101,0
24.565639,92.979823,51.0,13.206566483906398,0
26.381324,91.574733,56.0,2.4563945664087456,0
27.342352,96.979134,3569.0,27.55925800065557,0
23.584329,91.845164,120.0,9.321835749415005,0
25.373473,92.155229,1323.0,5.808222980428714,0
25.46508,93.616416,1433.0,7.363740476577823,0
28.152033,93.323658,1848.0,17.168642770835042,0
23.322832,92.415893,326.0,15.951766186006656,0
27.650693,95.019787,111.0,0.7548944975654582,0
26.982999,92.186551,1596.0,36.75831307751383,0
28.635064,95.668108,2200.0,42.38312765927275,0
29.104198,95.857277,1897.0,3.1996013002506887,0
25.986613,91.218145,52.0,3.5204050825976285,0
27.79917,91.695358,3382.0,27.951522826640524,0
23.764621,92.767592,831.0,33.17379405775469,0
28.423503,95.396192,1755.0,38.52350616170549,0
25.936767,90.502552,230.0,33.09364658108503,0
27.809287,93.010688,2550.0,40.89667601609378,0
29.098657,96.093432,3013.0,24.75752120048139,0
26.738119,93.188739,79.0,2.0248682972773406,0
29.096842,94.800543,3404.0,34.06686306057424,0
26.920935,95.304217,664.0,16.133883035166313,0
25.492082,93.088125,230.0,9.697272655464085,0
25.582851,92.942773,131.0,5.875572624808732,0
27.971594,88.729488,5287.0,25.76429782575938,0
24.892467,94.278119,715.0,1.391763426244203,0
25.752351,93.106516,183.0,1.7210061534334908,0
24.289774,92.967097,903.0,30.673535456259355,0
26.877664,94.880596,256.0,20.09079841920037,0
27.382464,88.046422,3975.0,28.845470930234946,0
24.179429,92.610133,91.0,15.210403137986306,0
25.690118,90.601499,287.0,11.999138465478149,0
27.809638,94.966131,593.0,29.77230894379481,0
25.306502,94.409848,1249.0,19.59573743353876,0
26.788712,93.040776,71.0,3.109633021988153,0
25.40424,93.849714,1637.0,7.572619707513907,0
28.314659,93.740137,3329.0,30.04387577458915,0
22.935224,92.556445,243.0,20.60016624692669,0
24.577099,93.816477,768.0,0.0,0
24.502354,92.492803,72.0,1.0675202709770988,0
24.739331,93.950037,776.0,1.0675202709770988,0
25.278771,93.693638,527.0,9.280430939864935,0
27.867129,88.194677,5747.0,44.69488186535207,0
28.161902,95.633395,236.0,2.8821812090202448,0
26.044772,92.87366,72.0,2.263636058426967,0
24.518475,93.931534,773.0,2.052775101535614,0
23.180241,92.89021,646.0,23.82756479623918,0
24.480473,92.492198,55.0,11.314713656809744,0
27.681549,93.383385,2022.0,32.86930225673704,0
26.761944,94.097074,82.0,1.0675202709770988,0
29.172503,96.135773,3352.0,38.64539642007791,0
27.366181,93.901637,879.0,25.99005788234673,0
27.200662,88.631035,647.0,24.691575152551952,0
25.536537,92.552139,917.0,4.0586642321882005,0
28.211299,97.121531,3705.0,35.29811642184922,0
26.452539,91.890924,57.0,1.391763426244203,0
27.663302,88.511044,4716.0,48.51510611224626,0
29.274356,95.816532,2849.0,22.991754575465414,0
26.241682,91.09815,41.0,0.7548944975654582,0
28.553822,95.419596,3463.0,47.97645906119647,0
25.866331,93.973553,282.0,11.333816091683136,0
28.217129,94.003983,1962.0,42.38074861212636,0
27.940072,95.415433,128.0,0.0,0
27.522411,96.592939,1033.0,24.75752120048139,0
26.264798,93.302665,485.0,24.23693389272071,0
26.727683,94.622536,155.0,18.74316463666049,0
24.206136,94.074955,1526.0,22.5157777782506,0
25.619384,92.257722,1145.0,2.0248682972773406,0
27.250808,95.927933,540.0,1.96786377642228,0
25.648124,91.77775,984.0,5.730255777235155,0
28.046748,96.946296,2842.0,39.31462864873003,0
26.236613,90.528294,29.0,1.7210061534334908,0
24.241289,93.859227,822.0,17.168642770835042,0
26.26419,90.18572,34.0,0.9548412538721888,0
24.026045,93.534995,1121.0,27.505240762859906,0
27.504257,96.037327,180.0,0.7548944975654582,0
28.450901,94.328278,3521.0,2.4563945664087456,0
27.124559,95.449913,335.0,21.280347710648364,0
24.026479,92.537781,66.0,13.362200604250482,0
25.519761,90.767828,331.0,17.576967469876386,0
26.708011,90.395357,110.0,0.7548944975654582,0
23.376565,93.076732,982.0,32.04539160072092,0
27.273664,88.278718,525.0,5.258953144814,0
25.692881,93.035255,371.0,15.042369244334246,0
29.134974,95.570121,3144.0,14.350447206010989,0
28.094875,96.42923,1683.0,34.39563830979855,0
29.061831,94.358687,3588.0,28.724478891475947,0
28.381095,95.655106,1656.0,38.07907632899583,0
25.829974,92.583959,427.0,3.8140748342903534,0
28.295522,93.524659,3239.0,24.793055768073742,0
27.454724,95.742374,147.0,3.035723707408927,0
28.739085,96.340537,4347.0,21.191389684474625,0
28.399688,94.517584,2092.0,28.509525790324396,0
25.674227,90.964663,825.0,8.582483688827132,0
23.67562,92.075657,270.0,8.219958742497676,0
27.546694,92.060058,4150.0,0.6752059787394532,0
28.507209,94.32341,2283.0,28.462794189425196,0
28.651473,94.189754,2685.0,22.684823831912844,0
24.840617,93.298993,1181.0,11.795709540896548,0
26.964671,95.61434,1348.0,18.13367629259616,0
25.292023,91.960822,1059.0,5.322852793549541,0
27.153465,94.459602,95.0,2.4563945664087456,0
27.548067,92.761369,1219.0,27.05732860824776,0
27.454529,95.103275,112.0,1.2171181316034885,0
27.454118,95.998855,173.0,1.6876048941769748,0
25.594562,93.65169,441.0,7.609288731470621,0
25.70929,92.838998,159.0,2.0248682972773406,0
27.955111,88.372043,5189.0,19.239320641900022,0
23.769384,91.639763,106.0,7.973233172986173,0
25.007839,92.928853,244.0,18.910438451642744,0
27.266287,92.790227,1511.0,31.95265267394044,0
26.424611,91.964932,62.0,2.052775101535614,0
24.813502,94.224586,1029.0,33.52812500173322,0
23.146534,93.053881,1032.0,17.959799689657103,0
25.883656,92.511752,578.0,12.260147486012336,0
27.006703,93.220017,435.0,23.446076727072096,0
27.29789,94.847969,102.0,1.012750369636371,0
24.549117,94.0432,790.0,1.4320961841646465,0
26.068939,90.682615,39.0,4.520227592644634,0
25.558541,90.458474,472.0,12.510782808631909,0
25.816651,91.574376,331.0,14.549536520794929,0
22.699977,92.63199,289.0,14.710076334813872,0
28.119012,95.49147,213.0,2.5695028228896355,0
26.369573,92.138198,52.0,3.3384705437643523,0
27.23456,95.255752,119.0,0.7548944975654582,0
23.760965,92.544447,444.0,21.526722307380663,0
26.133547,92.666825,61.0,1.012750369636371,0
25.556137,90.674302,481.0,8.104435709194412,0
26.379226,91.228279,41.0,1.9091524329963765,0
26.950849,94.779998,106.0,5.875572624808732,0
26.083514,93.522465,885.0,2.0248682972773406,0
25.388769,91.786297,1799.0,4.532714210582481,0
25.539759,92.904653,172.0,15.483414558201002,0
27.753404,92.958457,1343.0,42.779253086391705,0
25.234001,90.625498,72.0,11.405135172235026,0
25.676884,92.825277,189.0,6.804089732608741,0
24.781763,93.705647,1084.0,27.29499332496881,0
26.695182,95.325869,1104.0,25.663693996261472,0
28.582117,96.116157,3819.0,35.565430802303304,0
26.104314,92.597896,60.0,0.3376147110174216,0
26.332936,93.786265,176.0,14.26254952627902,0
23.397815,91.599751,78.0,12.55768130730836,0
28.051213,93.198203,3165.0,18.829656405370876,0
23.82951,93.232666,1431.0,21.092935083028795,0
24.896865,93.128306,47.0,15.128378509366811,0
25.417187,92.350593,1256.0,3.3214321859461395,0
28.243726,96.877271,3985.0,36.75574856920535,0
28.814202,96.204807,3587.0,32.990483623988744,0
26.691133,94.395691,117.0,3.035723707408927,0
28.864527,95.64722,2912.0,3.1818128120974354,0
26.258053,90.348714,45.0,5.759620519825523,0
28.512848,95.419564,2296.0,40.021036288278026,0
27.542003,93.350545,3217.0,28.64612749644701,0
28.070514,95.822502,218.0,3.389067065438376,0
28.314475,94.90894,1407.0,24.44139147294047,0
28.625987,93.645596,3915.0,22.526013004139894,0
27.788141,93.203432,1697.0,18.05666126835963,0
22.774394,92.859909,237.0,12.455100051295563,0
28.373903,96.07675,3415.0,35.63890752897078,0
24.288503,93.967478,889.0,5.710593137499643,0
26.359602,92.194965,59.0,0.4774537773095774,0
28.01098,95.461197,148.0,2.6350263783644494,0
23.540651,92.325041,173.0,10.030442717931756,0
28.994518,96.07662,3772.0,14.397796297014605,0
26.592833,90.508413,71.0,1.5095270002735288,0
24.995907,93.030498,181.0,19.31534334540923,0
26.451423,91.772611,59.0,3.631393549323058,0
26.334253,93.98712,112.0,4.114075330927888,0
23.984256,92.889583,628.0,25.597966255070077,0
25.466193,92.298941,1364.0,6.25509971741467,0
27.699007,96.939899,4385.0,36.78222869387928,0
25.556024,90.098538,46.0,1.2171181316034885,0
24.272637,93.409403,1517.0,5.006282271664123,0
22.772767,92.973998,570.0,22.47682283321852,0
27.651373,93.405759,2778.0,9.015509788449524,0
25.309681,93.576696,792.0,23.11839285872288,0
24.220676,94.235312,586.0,10.43076019506472,0
25.004266,93.32031,306.0,15.251218301460002,0
28.100323,94.401952,1604.0,18.053902977226738,0
26.347712,94.543203,1194.0,29.502867876342275,0
24.22369,93.351148,991.0,19.27991513860172,0
25.667696,90.579121,299.0,10.759583898850556,0
28.932319,94.806819,625.0,37.20670096119459,0
24.566551,93.278129,172.0,33.85553742798295,0
28.455645,93.856984,2224.0,33.3982497427651,0
24.860244,94.205923,1892.0,22.79182488065121,0
28.84439,95.204762,1955.0,47.098760986480016,0
28.147081,96.216333,2487.0,21.568129435647887,0
26.361119,94.569094,1299.0,20.793701549500007,0
23.919154,91.499889,122.0,8.842508257902008,0
27.162731,93.582445,1204.0,27.68015241505697,0
24.654027,94.084045,801.0,7.179645410861981,0
25.518128,94.229978,1559.0,14.434094830851231,0
24.913674,93.098098,45.0,3.054369995163865,0
28.353954,93.693438,3010.0,43.485447681241126,0
26.961493,95.711551,1183.0,32.312656619027514,0
25.810388,93.873458,346.0,11.583636009094745,0
25.793258,94.967499,1941.0,11.804833968770469,0
26.252089,91.541943,56.0,5.730255777235155,0
28.357362,95.720029,1476.0,36.65110902894253,0
23.41995,92.506472,846.0,20.023484965553838,0
26.667285,93.916799,83.0,3.471741285563965,0
26.50005,91.951083,65.0,1.391763426244203,0
25.557685,90.714308,286.0,2.3619913818349927,0
26.51241,93.913925,95.0,2.263636058426967,0
23.656819,93.385367,1266.0,16.067079210634994,0
25.358412,91.794355,1151.0,27.993888359268137,0
25.410201,93.6762,953.0,26.6047916406615,0
28.304396,93.348755,3850.0,24.650445283609805,0
27.971564,97.050354,2385.0,27.9354246115542,0
26.020049,94.625391,1717.0,21.14000384355273,0
25.851534,93.699672,150.0,1.3502244696996155,0
25.700601,91.024974,829.0,1.96786377642228,0
26.409166,94.616045,941.0,13.456950139244556,0
27.164915,94.216009,86.0,0.7548944975654582,0
28.787459,95.259447,2066.0,20.556045219583464,0
25.544266,92.538532,929.0,19.77321914637618,0
24.534224,93.864078,769.0,0.0,0
26.213054,93.833429,128.0,3.646970455272818,0
27.731691,92.615843,2886.0,12.909470487562636,0
29.290939,95.820237,3095.0,16.23188685787168,0
26.187098,91.26734,46.0,1.6876048941769748,0
25.911507,90.065584,26.0,2.263636058426967,0
26.121517,91.441356,50.0,2.160788974078258,0
24.660608,93.117219,64.0,4.715981714482646,0
27.20385,96.921557,1318.0,12.638224684699054,0
26.737759,90.388288,135.0,2.3619913818349927,0
28.250968,97.051432,2175.0,35.65813994416841,0
23.465713,92.916629,967.0,19.416098262857755,0
23.323994,91.292524,15.0,1.817522018719848,0
28.299084,93.814198,2480.0,16.332300234000865,0
24.395345,93.927455,867.0,21.43040257774228,0
25.987218,90.866104,48.0,2.385944030388813,0
27.553029,88.372245,2937.0,24.260799584868057,0
28.54143,94.431064,1635.0,36.258247503868105,0
28.496611,93.710434,2290.0,36.39522791236143,0
27.410496,93.259274,2260.0,12.485117908823954,0
23.926151,92.109982,348.0,5.479268333625944,0
24.123681,93.150638,501.0,11.179986107668157,0
26.096742,94.915926,846.0,40.838820706291465,0
28.006325,93.745167,1043.0,37.60152555834086,0
27.271003,95.875502,333.0,7.431549720212324,0
26.726224,94.103161,87.0,0.7548944975654582,0
29.124625,94.970348,850.0,45.56271557272448,0
27.782353,96.610421,2899.0,41.488721100944495,0
28.222848,94.459457,2540.0,21.395227183926934,0
27.239214,92.364858,2142.0,37.16592466590954,0
23.273392,93.202978,729.0,33.03784710054073,0
25.940242,92.19692,853.0,13.582101615290334,0
28.333642,95.525946,1152.0,47.57654919531657,0
25.273676,93.30984,1061.0,26.206228705814937,0
26.452456,92.194806,63.0,3.054369995163865,0
27.849792,94.410539,413.0,31.179329496657864,0
27.941808,97.313617,3406.0,49.64518012188957,0
26.075468,91.669665,194.0,20.532771786488425,0
28.549251,95.123978,1357.0,26.628589703310887,0
24.769487,93.606727,511.0,16.067079210634994,0
25.19592,90.572055,150.0,23.29867729659865,0
26.288261,92.783939,70.0,0.9548412538721888,0
26.586743,92.865045,72.0,4.903792362690797,0
27.512775,96.496378,517.0,4.431819877885358,0
27.437885,95.041144,106.0,1.817522018719848,0
27.622863,93.391758,3197.0,35.69836234728593,0
27.833922,88.469562,4249.0,25.575997825418,0
27.570685,94.374248,370.0,38.81446815097858,0
26.777004,91.448192,131.0,2.160788974078258,0
25.797289,92.826378,101.0,1.5095270002735288,0
24.91974,93.421232,386.0,8.710355024840405,0
26.572059,93.534087,106.0,3.1996013002506887,0
28.48418,94.211512,2189.0,31.774882874770427,0
28.174042,93.479046,2140.0,18.122699715761893,0
28.189136,95.237533,844.0,37.506385535388326,0
26.540054,89.979851,59.0,0.3376147110174216,0
26.656335,91.108782,55.0,3.4389123953782974,0
26.212435,94.692734,1861.0,27.135908187759508,0
26.247129,94.630731,1118.0,12.106073141102073,0
25.750268,92.046991,982.0,13.824682316158707,0
25.758558,90.966231,660.0,9.39236065800289,0
24.268781,92.495944,45.0,1.96786377642228,0
25.618746,94.378305,1349.0,28.91598750701401,0
26.77106,94.194039,89.0,2.7199233149201807,0
26.334178,90.060828,47.0,1.7210061534334908,0
26.364284,91.855285,58.0,2.9018215173024653,0
23.411862,91.70288,44.0,2.4563945664087456,0
24.299878,92.323438,85.0,8.16580964839238,0
24.431225,94.319845,437.0,15.131806783066482,0
24.137749,92.593216,108.0,12.726575502846693,0
24.26681,91.942676,116.0,20.21263223645209,0
27.907835,96.820828,1691.0,33.825855593836835,0
27.955653,93.310498,2204.0,34.06686306057424,0
27.452158,92.502127,1529.0,25.831023238728516,0
28.282415,95.398313,1405.0,32.71217319384876,0
25.233373,91.066836,360.0,16.604613279818164,0
26.698825,94.181126,93.0,2.385944030388813,0
25.700904,92.042391,882.0,10.160408198552636,0
25.996004,92.593119,84.0,1.3502244696996155,0
27.165134,92.896382,1196.0,22.37797645656136,0
23.322863,93.303025,1043.0,23.492341062623066,0
24.758678,93.316448,426.0,26.055867140830543,0
29.136205,94.792979,3644.0,28.99444565883044,0
23.171201,92.483459,495.0,39.20884406695794,0
27.621416,94.45987,348.0,39.50468533483597,0
28.254875,93.983506,2836.0,52.756168300703806,0
27.834305,96.65958,3117.0,17.282793933851345,0
23.14129,92.528212,380.0,3.016961309815993,0
25.285091,94.144957,1581.0,12.53638838286113,0
25.357027,90.641935,184.0,9.015509788449524,0
25.635227,93.27345,397.0,20.40412237789089,0
28.643096,95.432066,2159.0,41.09422074053228,0
28.191019,94.218902,1293.0,30.17736603061792,0
26.281897,91.973621,47.0,0.3376147110174216,0
24.378765,92.743349,240.0,13.904455774158937,0
25.44543,92.271244,1233.0,9.280430939864935,0
25.663994,90.368192,530.0,2.385944030388813,0
25.462937,91.002467,601.0,5.139693807411478,0
25.70392,93.792003,478.0,22.684823831912844,0
23.107031,93.142745,1054.0,19.563463986717068,0
27.927392,92.923682,4084.0,10.555380466061171,0
27.264196,94.776537,97.0,0.7548944975654582,0
26.024717,94.754749,1503.0,34.54434428629451,0
29.19272,94.498474,3696.0,33.63419153712273,0
26.129294,90.480061,39.0,4.072588647671146,0
27.899078,95.894281,154.0,0.4774537773095774,0
27.388275,92.848325,959.0,32.333986324775005,0
26.823332,92.520264,99.0,0.4774537773095774,0
24.747129,93.163576,80.0,16.394677036750892,0
26.817706,94.586973,98.0,2.263636058426967,0
27.103396,92.46402,2536.0,34.97102503575276,0
27.015804,94.107867,86.0,0.9548412538721888,0
28.41304,94.159857,3488.0,34.11826393583708,0
24.358047,93.644643,1493.0,27.29042583865915,0
27.524232,93.798662,1738.0,11.314713656809744,0
27.862211,96.859746,1821.0,40.052266599643744,0
25.129133,92.187485,21.0,8.118116632592285,0
27.520941,95.077742,116.0,4.114075330927888,0
27.108284,95.264363,121.0,1.3502244696996155,0
25.955662,92.217098,628.0,4.5823147648922165,0
28.717192,95.00205,1558.0,29.195082782485805,0
24.525227,92.99646,496.0,27.264519412325694,0
28.02349,95.220889,355.0,31.052506099322,0
26.445888,92.315958,63.0,4.072588647671146,0
22.533388,92.865008,729.0,21.71973034111031,0
26.547961,90.577465,59.0,3.109633021988153,0
23.531309,92.858399,715.0,26.509251945803687,0
24.071689,91.779775,98.0,15.649096780194936,0
26.286694,93.323063,659.0,17.84828088839682,0
23.772497,91.527065,135.0,2.4563945664087456,0
27.216713,88.545849,1751.0,17.63108390496476,0
26.108663,92.822399,66.0,1.391763426244203,0
25.703596,91.885833,892.0,22.243118000960607,0
27.166381,92.27981,2385.0,41.05335737519572,0
27.156848,94.130543,85.0,0.7548944975654582,0
28.598584,95.150741,1090.0,26.522022837937527,0
28.131122,95.779401,245.0,2.5695028228896355,0
27.34561,96.138773,383.0,20.347638404920296,0
28.855227,94.790686,977.0,31.87900683454692,0
25.38699,92.052507,1445.0,11.319492607131131,0
25.968924,92.703557,66.0,2.6350263783644494,0
26.377919,93.828079,139.0,3.8140748342903534,0
25.409665,93.105165,265.0,10.860111440590474,0
24.146591,92.436587,99.0,8.38679794033457,0
24.159512,92.260626,158.0,6.926249082072704,0
27.147371,93.47636,1342.0,30.09406096139528,0
25.115463,93.690675,650.0,20.648782326696494,0
24.463385,94.190673,1458.0,15.268186189415482,0
28.024181,94.359473,885.0,27.56824365871051,0
26.822097,91.902815,197.0,1.012750369636371,0
25.37613,90.684619,533.0,7.543150097211876,0
27.959266,96.111646,240.0,5.051152528017927,0
25.614715,93.254093,453.0,3.3214321859461395,0
25.783198,93.864963,362.0,17.80061664566053,0
24.775117,92.840456,23.0,0.6752059787394532,0
26.006246,92.931756,72.0,2.052775101535614,0
28.21801,96.710919,1938.0,55.67604238601661,0
24.875996,93.779134,1166.0,25.62327760778085,0
23.116483,92.726729,565.0,34.7014168409633,0
25.948456,94.523906,998.0,5.062306669977521,0
28.069826,94.353123,922.0,19.97521748091228,0
28.848553,95.023199,1868.0,25.757610218736986,0
25.224939,91.599919,509.0,29.69219983443898,0
27.576734,96.749851,2386.0,14.506372352544124,0
22.964948,93.136956,344.0,15.747500365404113,0
27.226414,96.893431,1654.0,36.71637457580036,0
28.195287,93.286407,1881.0,37.18091583547507,0
26.739512,90.097981,227.0,3.945476393479333,0
25.555024,94.632519,1052.0,22.159545251940987,0
28.347368,96.085334,2174.0,43.67142079827721,0
26.789107,92.269999,115.0,2.4563945664087456,0
26.335254,91.36319,45.0,3.471741285563965,0
28.148268,93.991358,1192.0,33.27263643325093,0
27.210868,94.841327,100.0,1.0675202709770988,0
26.296391,90.108016,48.0,0.9548412538721888,0
26.738798,93.500206,76.0,1.0675202709770988,0
27.555329,96.451941,796.0,4.822542232360713,0
27.555201,92.066178,3975.0,23.39193081255129,0
24.591035,93.674176,584.0,12.106073141102073,0
27.128941,92.385897,2590.0,19.23169663439495,0
22.120883,92.601591,404.0,7.572619707513907,0
24.371141,93.231136,320.0,33.573963453775406,0
25.73727,94.793341,1279.0,28.2530034750777,0
26.07721,91.357558,50.0,5.427642598914455,0
25.379637,90.065976,98.0,7.085726953533678,0
25.325583,93.990038,1343.0,7.210668433030249,0
26.516942,91.59368,58.0,2.160788974078258,0
24.710258,94.217177,1508.0,26.246849689869403,0
26.315347,94.562999,977.0,15.79642499508292,0
26.217359,92.662203,68.0,0.6752059787394532,0
24.731049,93.761768,948.0,2.3859440303888126,0
24.850479,94.483012,776.0,10.606834346352132,0
26.692961,93.306213,64.0,0.3376147110174216,0
24.20054,92.17782,83.0,9.970261598239336,0
28.695073,95.907312,1922.0,31.83859224240431,0
26.638205,93.268665,83.0,5.051152528017926,0
27.762384,96.418505,2110.0,22.70506852145308,0
25.707687,94.077931,1187.0,13.934706376086588,0
26.943346,95.434002,1628.0,26.50446029065229,0
24.842912,92.464291,18.0,1.391763426244203,0
25.800009,89.915769,30.0,1.4320961841646465,0
27.081755,94.863292,96.0,1.0675202709770988,0
27.91786,94.066161,1723.0,18.130932944052347,0
28.722224,95.746559,3090.0,24.922097110464204,0
26.216133,90.992165,35.0,0.0,0
24.701218,92.734607,19.0,5.641219812715514,0
28.656865,94.516625,1727.0,36.89364713622583,0
22.468627,92.978573,644.0,9.473928575668808,0
28.478997,94.368057,2446.0,23.007639994882204,0
26.166498,91.702571,205.0,14.203597427432593,0
28.570376,95.160289,964.0,14.222050628593289,0
25.620631,93.897417,1961.0,59.16497653965935,0
27.17636,94.701067,93.0,1.0675202709770988,0
28.727754,94.50607,3889.0,9.520202144985053,0
27.680265,92.770687,2210.0,38.96092425814325,0
27.823204,94.801203,629.0,23.259659228223583,0
25.847782,90.419833,122.0,15.980689173942812,0
23.641599,92.329356,368.0,26.568233966514043,0
27.628893,95.772588,147.0,3.471741285563965,0
27.541973,96.028912,171.0,1.7210061534334908,0
27.622424,96.367674,1232.0,30.61014308018781,0
24.793229,93.401968,567.0,12.485117908823954,0
25.414425,91.762568,1837.0,16.753888986635726,0
29.223975,96.121846,3599.0,24.05215408756328,0
26.490174,91.746359,64.0,3.471741285563965,0
22.007039,92.928028,126.0,27.05732860824776,0
25.634659,93.037091,297.0,12.088324264908154,0
26.094788,94.531525,1460.0,19.08864740084677,0
26.840088,93.869365,75.0,2.5695028228896355,0
28.267293,94.895504,1339.0,31.160066779905723,0
23.009777,92.645753,594.0,30.47509273779484,0
27.151372,93.104987,1062.0,12.30377093525282,0
26.082372,94.460148,933.0,17.062425420209564,0
26.024056,92.03921,257.0,10.373096895258447,0
24.923153,92.609575,19.0,2.433138796850444,0
26.718283,93.301017,72.0,3.389067065438376,0
27.494568,92.874874,1527.0,36.812924917204015,0
25.635966,91.705765,1425.0,5.396424351416363,0
25.382152,90.155519,120.0,14.222050628593289,0
25.799859,90.850453,336.0,4.393377408433921,0
26.034511,92.143056,345.0,8.56312820868944,0
27.293513,94.656027,100.0,7.1171765367879605,0
28.650383,94.621376,913.0,12.625545951830572,0
28.410421,96.636719,3660.0,62.45750982183011,0
23.192245,92.866755,514.0,42.8837043079595,0
24.79299,93.940258,781.0,2.8821812090202448,0
23.883262,91.308491,37.0,6.466625310264721,0
25.708835,94.983024,2455.0,29.734272666889545,0
25.752342,90.332378,333.0,5.520212884789397,0
28.304141,95.333941,2735.0,30.551506678153704,0
25.34233,90.188319,133.0,14.99394764674036,0
28.013107,97.306093,4701.0,48.81583858204151,0
26.695535,94.373304,116.0,2.4563945664087456,0
27.959726,92.925625,3010.0,35.72390637044199,0
23.949876,92.445418,148.0,9.970261598239336,0
29.209354,96.070877,4074.0,65.69825355248601,0
28.244734,93.4734,3316.0,41.69246423333712,0
27.329613,88.288489,1372.0,15.691829697242303,0
24.998475,93.404371,603.0,27.31933183917133,0
22.464092,93.122439,607.0,34.283460811774525,0
25.911387,90.598376,68.0,4.114075330927888,0
29.174002,96.205912,3468.0,56.94985285319851,0
26.232911,92.59054,56.0,1.96786377642228,0
26.277985,94.710499,1185.0,35.94840588382745,0
28.281139,94.561698,793.0,17.274046531083112,0
25.512217,92.102736,1093.0,5.875572624808732,0
27.347027,96.3594,1167.0,23.0611356160509,0
27.833999,93.464267,1399.0,21.64844674283294,0
26.501036,94.896205,328.0,13.202548211490392,0
27.109221,94.765997,100.0,5.139693807411478,0
28.517358,96.063304,3600.0,68.06320812018795,0
29.013715,95.32772,3107.0,23.15186130691137,0
28.361049,94.581925,1224.0,21.86985930890943,0
28.634691,94.00143,2229.0,30.8622671178205,0
27.86425,95.287132,144.0,1.96786377642228,0
28.65268,96.350619,3243.0,31.670097621922785,0
24.643346,92.448195,14.0,1.4320961841646465,0
25.642355,91.823165,1004.0,9.44488394710172,0
25.374448,90.587324,196.0,4.0586642321882005,0
28.230132,97.268113,4226.0,10.698770358091483,0
29.165919,96.146684,2671.0,14.920965202252992,0
26.414324,92.916988,69.0,2.8821812090202448,0
27.37023,88.698426,2518.0,18.64821573021375,0
23.855975,91.785049,97.0,3.843668167321381,0
22.394233,92.758088,604.0,30.720611476635867,0
24.673757,93.432344,307.0,22.6056192976606,0
26.84343,93.150869,95.0,2.1342998941463125,0
28.252638,93.272586,2854.0,17.605475947467195,0
27.41193,95.071821,110.0,0.7548944975654582,0
26.242987,91.830643,117.0,20.3853179274,0
26.564745,93.516888,222.0,9.304114994285008,0
25.040222,94.271643,1094.0,26.57936885906957,0
27.578926,95.833288,157.0,2.6350263783644494,0
22.397394,92.902384,658.0,17.470976189870605,0
27.598124,93.948917,2695.0,46.29225284677329,0
27.595459,95.19167,113.0,0.3376147110174216,0
27.964893,88.356246,5137.0,11.877548072775069,0
27.255597,95.480847,156.0,8.001043010589031,0
28.632844,93.376661,3191.0,31.572869057177765,0
23.99433,92.852209,397.0,26.477281042311844,0
25.21527,94.548022,1757.0,21.880527338520384,0
26.010238,94.804581,1174.0,36.77112945913797,0
28.968257,96.146,3341.0,42.85607607697462,0
25.154133,92.164014,96.0,12.709800424919228,0
24.574295,92.492914,39.0,11.976725812374069,0
28.009423,96.0884,289.0,7.85388550431469,0
27.774691,92.350189,4740.0,43.66378700458582,0
27.544069,92.383447,3597.0,38.18101115300364,0
28.266034,95.519185,1092.0,19.689673297252916,0
23.675124,92.642739,447.0,38.27996182156527,0
24.611379,93.020861,415.0,8.530765609948133,0
27.760054,91.774878,4458.0,23.893396656492648,0
28.145543,94.756868,875.0,18.910438451642744,0
27.316404,94.906227,104.0,0.9548412538721888,0
27.532268,88.332227,4687.0,40.66726026452703,0
26.698338,94.431036,117.0,2.862405226111748,0
28.041276,93.064253,3379.0,57.475147598549626,0
27.705213,91.759619,3634.0,36.47198661836821,0
26.059911,92.589145,63.0,1.0675202709770988,0
27.289937,92.936017,401.0,19.193516920934957,0
27.605099,93.8999,2025.0,24.57866403145928,0
23.614237,93.082802,1113.0,25.38377959254272,0
26.675634,94.717646,254.0,6.379370208442804,0
26.814517,92.245427,129.0,2.8821812090202448,0
24.669382,92.923137,27.0,2.052775101535614,0
26.509686,93.780604,101.0,2.052775101535614,0
23.578376,92.880711,526.0,16.36040582530699,0
24.755714,93.594978,322.0,19.97521748091228,0
27.013951,93.480209,436.0,32.38774917111953,0
27.944719,97.074025,3930.0,35.0472412985805,0
27.064696,95.33892,310.0,6.0637651384102655,0
27.482428,96.256166,458.0,3.5204050825976285,0
26.74079,92.938304,69.0,3.5204050825976285,0
25.484977,92.658206,699.0,5.269658122688171,0
28.177799,96.198649,1912.0,25.7910208138188,0
25.943012,93.436515,145.0,5.885129333686067,0
26.150889,90.330634,27.0,0.0,0
26.573273,91.381258,59.0,1.3502244696996155,0
23.333826,92.973359,1331.0,25.51670402283305,0
26.250586,90.785088,39.0,5.226703690794332,0
26.569125,93.687617,149.0,12.913592996362771,0
26.176239,89.902434,44.0,0.3376147110174216,0
25.21742,91.911292,653.0,3.372286683433898,0
24.709582,94.240418,1435.0,20.307500221928045,0
22.175686,92.624252,197.0,21.271475106637943,0
25.41102,94.186733,1396.0,20.99158237694124,0
28.162683,94.779013,456.0,22.109185631718635,0
25.740564,90.692254,380.0,14.833525810160392,0
27.358674,92.062014,3530.0,31.976746229701007,0
27.567837,94.848958,106.0,0.9548412538721888,0
28.61227,95.239427,1953.0,30.31992998760618,0
24.629829,92.421465,17.0,0.6752059787394532,0
27.862116,95.485399,126.0,1.6876048941769748,0
26.884055,95.261705,770.0,29.36379749222132,0
28.070717,95.074291,1405.0,24.712992624865343,0
28.22712,97.049716,2449.0,44.92470127706058,0
25.656013,90.408927,464.0,14.910504539706803,0
25.255051,90.210271,67.0,10.769682941155354,0
22.368711,93.174204,634.0,25.3169068790113,0
28.652097,95.2601,2787.0,12.364552990274646,0
25.226928,91.131016,476.0,4.114075330927888,0
27.510341,96.415769,547.0,12.713996547077366,0
26.406026,92.172482,49.0,0.0,0
25.289524,90.234526,55.0,8.716696336468738,0
26.598348,92.788864,59.0,1.9091524329963765,0
24.91331,92.744237,22.0,2.6350263783644494,0
25.789571,90.266057,213.0,3.109633021988153,0
26.393064,93.376749,696.0,27.974910378512003,0
29.106976,95.553607,3721.0,35.59118566547325,0
25.916652,91.380809,84.0,17.083143246452856,0
24.866684,94.461394,914.0,20.186438039091524,0
26.620385,90.929716,54.0,1.0675202709770988,0
25.398615,92.160764,1275.0,11.727024027980926,0
26.326431,94.918507,1084.0,31.543470762039785,0
28.572929,94.189193,2017.0,18.800883222254644,0
27.062018,93.413453,726.0,16.83544559915647,0
25.016445,93.194385,221.0,21.6115960987222,0
23.607863,92.911284,488.0,11.850338620094185,0
27.31842,93.124434,1791.0,5.237476066812513,0
27.566962,88.527473,2031.0,33.80945632495554,0
26.216293,90.787412,44.0,1.3502244696996155,0
26.271853,91.171325,44.0,1.96786377642228,0
27.506916,94.328035,107.0,1.3502244696996155,0
28.211485,93.587954,2689.0,22.373844274024943,0
25.94574,93.430707,185.0,0.7548944975654582,0
27.820884,94.737387,647.0,17.18920118358791,0
28.023747,96.093103,295.0,8.001043010589031,0
24.564749,92.920839,68.0,2.4563945664087456,0
24.865058,93.097109,64.0,11.043443551421284,0
27.87793,96.520928,1867.0,18.09247027171656,0
27.364825,94.974921,109.0,1.7210061534334908,0
28.840168,94.119564,2644.0,25.6502330242665,0
29.038419,95.816372,1718.0,10.21937711459359,0
25.630644,92.048241,1030.0,5.570959980093077,0
26.019401,94.058964,235.0,28.71191174376069,0
28.290071,94.400459,2365.0,38.47141518511943,0
27.363535,92.668632,2674.0,11.371914526441127,0
26.116704,93.65298,417.0,17.605475947467195,0
27.216558,94.475445,93.0,3.016961309815993,0
28.573925,95.963503,2336.0,25.816033842711853,0
26.70594,94.629321,123.0,3.5204050825976285,0
24.984731,93.377427,383.0,22.662524505739437,0
25.844983,91.98118,853.0,11.179986107668157,0
24.002779,91.819074,76.0,1.817522018719848,0
22.507318,93.099122,696.0,23.21858658494179,0
23.716799,93.199665,721.0,24.260799584868057,0
28.047728,93.564517,1222.0,43.849678106950535,0
28.176265,94.970653,1238.0,17.93200256558677,0
27.150307,95.793139,457.0,16.82339398738753,0
24.502463,92.305885,35.0,1.3502244696996155,0
26.135747,92.075241,55.0,2.385944030388813,0
26.739146,94.444734,106.0,3.1996013002506887,0
25.605996,94.158997,1253.0,24.094842552110705,0
25.359066,93.843484,1675.0,9.702926731742243,0
24.104903,93.907433,1125.0,15.128378509366811,0
24.148842,92.425081,137.0,14.434094830851231,0
28.639129,94.707412,1600.0,46.88811970919671,0
29.144703,95.595185,3862.0,26.644435887199457,0
27.648854,88.809522,4944.0,17.687823087123586,0
27.725416,91.649845,3918.0,8.380191745041826,0
25.216716,93.089984,345.0,27.83997641829,0
23.972549,92.920304,844.0,23.05717918422093,0
26.691345,93.60093,79.0,7.2338446967252255,0
25.635798,92.690397,654.0,8.710355024840407,0
27.54778,92.910016,1000.0,24.969564784155807,0
26.600843,92.923943,75.0,2.1342998941463125,0
28.552077,93.654583,2361.0,50.38094326737035,0
27.351107,88.836353,3914.0,12.351556609584488,0
24.735665,92.853956,25.0,1.5095270002735288,0
27.906808,94.832794,1026.0,33.83200108362739,0
27.126705,93.126159,1600.0,29.349019491371177,0
26.855538,92.733749,97.0,1.391763426244203,0
27.991008,97.037947,3017.0,32.005383208083494,0
23.07347,93.341155,537.0,33.15459432084846,0
25.42577,91.24428,1301.0,47.727129330800295,0
27.620749,95.272923,119.0,1.391763426244203,0
25.732606,91.137983,893.0,20.186438039091527,0
24.064158,92.258177,125.0,10.48288165556538,0
25.720067,94.61408,1369.0,37.9606361078144,0
25.901577,92.392441,602.0,10.606834346352132,0
23.34412,93.249374,1151.0,13.362200604250482,0
25.498402,92.16156,1360.0,10.046788047511114,0
25.666447,93.14487,194.0,9.232867658932433,0
22.534815,92.717822,600.0,30.31992998760618,0
23.502472,92.455396,230.0,21.18915910142139,0
28.122956,94.442453,902.0,17.97922516743013,0
23.366818,91.395668,51.0,1.817522018719848,0
27.297525,95.921939,392.0,10.48288165556538,0
28.466995,93.566947,4752.0,22.72124551965916,0
26.548381,93.607164,399.0,18.77467605427877,0
24.667614,94.437854,403.0,32.74612665551688,0
26.309795,90.612786,42.0,1.817522018719848,0
26.622819,92.251268,76.0,2.3619913818349927,0
27.89923,95.028083,300.0,13.6170618313427,0
25.675407,93.650372,300.0,3.584252301697434,0
26.024634,94.958343,1461.0,34.52178114261242,0
26.090942,91.358414,47.0,1.7210061534334908,0
25.752577,93.001052,128.0,9.20898742169279,0
28.028483,97.375062,4463.0,20.19596849806996,0
25.696529,93.565842,212.0,4.315448959323992,0
25.374446,90.410669,510.0,12.925951545439489,0
24.121332,92.138916,77.0,8.30048370216806,0
28.736895,94.948115,547.0,38.92518394304661,0
25.40069,92.367836,1281.0,4.0586642321882005,0
25.675671,94.809477,1798.0,22.65440780520033,0
26.794392,95.414747,1379.0,41.64194151302286,0
28.402667,96.73541,4122.0,24.310253666689327,0
25.558205,93.062174,183.0,6.620689796446781,0
27.678977,95.440058,121.0,0.7548944975654582,0
28.714365,95.161369,3899.0,6.201053782439264,0
23.683138,91.324287,29.0,1.4320961841646465,0
24.267704,92.90866,397.0,32.177300876132,0
23.708921,91.667258,76.0,3.931095784160226,0
27.402629,93.268293,2460.0,25.9239819496776,0
25.921449,93.896325,151.0,1.0675202709770988,0
26.646921,93.206002,63.0,1.0675202709770988,0
27.619884,92.709236,1460.0,32.89968148413902,0
25.619163,92.680133,649.0,2.263636058426967,0
25.851004,92.348022,592.0,13.813242495843944,0
24.695329,92.489266,26.0,3.7692440164074177,0
26.422585,90.42676,51.0,5.479268333625944,0
28.37443,95.407031,1786.0,18.57659135735648,0
24.903592,92.943628,49.0,10.357309866020204,0
28.136226,95.713958,194.0,1.817522018719848,0
27.238548,95.772672,671.0,13.250675442783336,0
26.55415,91.597898,66.0,3.109633021988153,0
25.415428,93.392236,438.0,10.052230095483228,0
25.342432,90.185427,104.0,19.333025419312577,0
24.852219,92.796441,29.0,1.7210061534334908,0
28.797432,96.433406,3855.0,25.86926691747284,0
25.469483,93.844911,999.0,41.82081467791243,0
27.606457,94.259694,713.0,19.47122063449069,0
27.435137,95.611508,145.0,2.3859440303888126,0
25.766107,91.211642,828.0,8.380191745041826,0
28.468642,94.478604,1377.0,24.27913368416974,0
25.101681,94.467391,2235.0,22.99771348109526,0
27.009117,92.935835,386.0,22.73538675151149,0
29.081318,95.808007,3361.0,44.8127706454555,0
23.983639,91.873351,91.0,10.698770358091483,0
23.206019,92.676744,1028.0,25.104175174071397,0
25.627751,89.899632,25.0,0.9548412538721888,0
27.698978,96.332027,444.0,5.139693807411478,0
25.284928,91.159441,276.0,6.9262490820727045,0
26.330409,90.449738,40.0,0.3376147110174216,0
25.271147,90.504212,122.0,12.368881699581566,0
27.496242,93.919244,2655.0,44.09690834843296,0
25.276669,90.598204,190.0,9.937269293441108,0
25.66653,90.281041,458.0,11.009016379683205,0
27.051832,94.827507,96.0,2.5695028228896355,0
26.539433,95.044304,654.0,7.062044068464845,0
24.444407,93.875873,768.0,0.0,0
25.944543,91.53376,311.0,26.337475856826448,0
25.956451,89.880428,25.0,5.641219812715514,0
26.461873,90.340613,54.0,2.7199233149201807,0
27.257273,95.63429,186.0,0.0,0
27.494871,88.443719,2469.0,34.02744708503922,0
25.95107,90.178795,32.0,3.471741285563965,0
25.190338,93.950102,1489.0,12.04828213833979,0
24.055818,91.721495,81.0,6.317550481225067,0
25.190356,91.717054,324.0,7.210668433030249,0
25.511362,93.374191,451.0,30.888004108711907,0
27.273742,95.368834,124.0,0.4774537773095774,0
22.278108,92.611399,147.0,12.814236200163856,0
26.710318,92.4849,81.0,1.391763426244203,0
23.923762,92.027465,68.0,6.721369339369457,0
25.500234,94.647387,1907.0,36.43626970061044,0
28.374789,93.559061,1178.0,34.97007006492132,0
27.663691,88.31037,3427.0,17.562691357484656,0
24.454597,92.974489,207.0,31.657244784569063,0
27.059163,94.588951,90.0,2.3619913818349927,0
26.791299,91.433343,152.0,1.391763426244203,0
24.179718,92.909248,476.0,39.11780737746779,0
27.207292,94.331125,91.0,3.646970455272818,0
26.797918,93.06835,75.0,2.3619913818349927,0
27.439605,92.161435,2440.0,22.866094792802045,0
23.417207,92.82815,625.0,3.1996013002506887,0
28.472352,94.389613,2149.0,21.837811101082977,0
25.808904,92.517166,666.0,20.250651404968387,0
24.874845,94.246977,897.0,22.22435314380804,0
28.176229,93.879929,1772.0,44.49846298244427,0
28.720883,94.207201,3077.0,26.477281042311844,0
24.73774,93.900219,774.0,1.5095270002735288,0
27.307863,88.060076,2904.0,36.95286693789239,0
26.624546,93.634966,83.0,0.0,0
23.587798,91.594863,128.0,20.07159692178412,0
28.130256,97.031184,1387.0,42.79372386341867,0
25.252695,90.313827,93.0,17.676493644843124,0
27.993207,95.923731,213.0,10.288594753560313,0
27.823509,96.232997,212.0,8.842508257902008,0
25.933938,91.270475,156.0,24.131870683971734,0
25.277516,92.864953,748.0,5.269658122688171,0
27.572949,92.95172,790.0,41.01433771404048,0
24.404152,94.010689,844.0,14.663910850320782,0
22.730094,92.959536,1040.0,24.66476323347238,0
25.454924,91.444757,1646.0,4.857533338413092,0
25.912714,91.949314,703.0,25.22039963647754,0
27.387423,92.956545,1107.0,20.99158237694124,0
26.268848,92.837661,241.0,18.779921287170044,0
28.355063,94.855293,1114.0,31.43720133561486,0
28.299176,93.846093,1462.0,40.54352934976556,0
25.7166,90.473416,213.0,22.19302812592693,0
28.30174,96.329718,2445.0,11.023785365182016,0
25.781421,94.941434,1723.0,32.6539608690512,0
24.126171,91.840447,50.0,2.6350263783644494,0
24.657734,93.611869,769.0,20.09079841920037,0
28.970409,95.532063,3396.0,29.686933196903503,0
27.297023,92.785841,1200.0,13.421509132977462,0
25.301386,94.25475,1205.0,15.642509997984074,0
25.651518,92.681149,680.0,10.373096895258447,0
28.052837,94.937359,1356.0,30.347789794448904,0
26.426497,90.346675,54.0,1.2171181316034885,0
28.302832,96.679869,3872.0,37.421335768904704,0
26.181941,89.868736,30.0,4.100293712915969,0
26.899545,95.420843,568.0,18.264738251186536,0
23.099315,92.60525,368.0,36.10941316964864,0
23.603242,91.434266,65.0,3.723867216394672,0
28.940106,96.488237,4664.0,16.168741484530738,0
28.798148,95.365815,3627.0,11.461836902818336,0
24.930089,94.400391,1027.0,26.477281042311844,0
25.676174,90.609755,276.0,3.631393549323058,0
28.104691,96.744412,3855.0,30.414714507014207,0
26.122069,91.439186,49.0,1.3502244696996155,0
24.470339,93.864061,771.0,1.0675202709770988,0
28.891209,95.822129,1687.0,13.94980312049591,0
29.151509,95.546133,3240.0,6.926249082072704,0
26.141329,91.99782,53.0,2.1342998941463125,0
27.203324,94.198158,90.0,4.289153328819018,0
26.158241,92.796981,530.0,35.088060152136464,0
27.653199,92.738391,1889.0,45.42386605301651,0
24.728816,92.464903,15.0,1.0675202709770988,0
25.488875,91.11103,984.0,5.989218403964244,0
26.298181,93.894709,122.0,2.263636058426967,0
25.102682,94.294068,1496.0,18.354148990926813,0
26.803505,93.148064,87.0,0.9548412538721888,0
26.434642,93.200202,662.0,13.59376654330582,0
26.234804,90.053509,58.0,2.7818863802117484,0
26.361025,90.29661,53.0,2.433138796850444,0
25.308231,93.281501,638.0,12.814236200163856,0
25.915324,93.793099,145.0,2.160788974078258,0
27.604719,92.898117,999.0,18.232085761299903,0
25.347814,91.887377,1240.0,27.422370420775675,0
27.567396,91.811858,2472.0,32.69571889992479,0
25.797095,90.198768,109.0,3.1996013002506887,0
26.145556,92.365734,65.0,2.4563945664087456,0
27.697237,95.217826,112.0,2.385944030388813,0
23.743382,92.09306,165.0,6.423150913734816,0
26.840948,93.59517,75.0,2.160788974078258,0
27.080982,92.884486,1261.0,27.484186071108013,0
25.278734,93.179504,330.0,15.220619174941184,0
24.28135,93.337548,492.0,33.4926163333653,0
26.935371,92.96149,138.0,1.391763426244203,0
26.529789,91.622357,59.0,0.7548944975654582,0
24.280239,92.121905,74.0,4.822542232360713,0
28.31366,95.147402,792.0,42.89979704321712,0
27.99993,96.837043,3270.0,0.0,0
23.944111,94.081356,1013.0,14.043730788347142,0
25.597408,89.965663,31.0,1.0675202709770988,0
23.970841,93.25782,894.0,35.22119200961522,0
24.203845,92.636844,69.0,8.118116632592285,0
25.713854,91.084266,906.0,24.00748788837622,0
26.336085,91.11172,40.0,0.4774537773095774,0
28.813929,94.465689,4167.0,20.574638191200428,0
26.84487,94.241074,86.0,0.7548944975654582,0
27.89156,94.273903,895.0,14.222050628593289,0
26.166758,92.735323,72.0,4.262693045214654,0
26.844362,95.049697,156.0,7.363740476577823,0
23.627283,91.906338,160.0,11.694816974599773,0
24.706902,92.401382,30.0,9.33362956516774,0
25.371199,92.177504,1299.0,6.795864695099743,0
28.472765,93.301603,4194.0,27.14359186707415,0
25.125863,92.485057,284.0,19.026908838399848,0
25.395395,90.524832,320.0,25.020393802691324,0
27.799012,95.895577,140.0,13.142105387504266,0
24.451829,93.639491,1547.0,18.523305392734876,0
26.36282,91.786221,52.0,1.3502244696996155,0
25.401216,89.903408,51.0,18.87922133905067,0
25.304206,90.668144,127.0,3.7692440164074177,0
25.089782,92.80843,106.0,2.433138796850444,0
25.500316,93.92582,1505.0,20.655714751806983,0
28.276698,95.047022,1160.0,19.116857123396308,0
25.226027,94.453455,1578.0,15.483414558201002,0
25.148078,92.594432,620.0,30.279322670326124,0
29.254008,95.628603,4311.0,18.491238668119102,0
23.668261,93.411542,952.0,0.4774537773095774,0
24.728956,93.931339,777.0,4.393377408433921,0
27.464628,92.992047,1458.0,29.77230894379481,0
29.227509,94.600839,4078.0,30.4499619262742,0
24.173729,92.170776,98.0,1.012750369636371,0
22.181374,92.975952,1288.0,9.427411064372352,0
27.503308,94.443341,119.0,0.3376147110174216,0
28.7579,95.29603,2243.0,17.387333467314576,0
27.803157,92.754205,3058.0,8.159014354942736,0
23.805057,91.44377,37.0,4.393377408433921,0
25.443065,90.85746,460.0,5.72043313097531,0
28.711161,95.717333,2509.0,23.50965552634715,0
25.332999,90.489822,201.0,7.832625705078162,0
26.755021,92.232934,101.0,1.7210061534334908,0
26.624158,94.593395,548.0,31.002719133873992,0
27.057367,93.199557,1208.0,28.41308537579142,0
28.431951,95.579722,2472.0,46.629537767134266,0
25.48249,93.327388,392.0,7.543150097211877,0
24.805019,93.079959,34.0,0.9548412538721888,0
25.654682,93.693154,322.0,2.433138796850444,0
26.783587,91.544997,154.0,0.7548944975654582,0
27.378883,95.689034,179.0,2.5695028228896355,0
26.677451,94.756066,708.0,42.40452205807587,0
29.308783,95.796325,3332.0,22.384172683758795,0
28.355815,94.253807,2545.0,40.511262387791305,0
26.817072,93.069691,79.0,2.0248682972773406,0
26.851093,92.011131,364.0,15.80618797245988,0
28.10207,93.473747,1807.0,44.22027895831317,0
27.660384,91.872861,3999.0,5.128711509483252,0
28.188009,97.2079,4029.0,26.158981435332173,0
27.867715,94.194595,1164.0,19.71921385391193,0
25.797314,93.287111,375.0,21.743418679701104,0
27.505477,96.144878,213.0,5.139693807411478,0
28.070506,93.387305,1036.0,17.93200256558677,0
25.909065,94.280363,829.0,12.81007731882675,0
27.135286,94.294984,88.0,1.0675202709770988,0
27.847085,96.013502,154.0,1.96786377642228,0
27.190569,92.375565,1723.0,41.314155309190944,0
28.779287,94.92409,896.0,14.350447206010989,0
23.462383,92.626666,608.0,23.3822424378352,0
26.415141,91.001099,44.0,2.160788974078258,0
29.247202,95.949239,3230.0,49.423237786901055,0
23.747447,91.475452,70.0,8.984876931685683,0
28.215958,96.730942,2000.0,14.833525810160396,0
27.43852,95.505339,139.0,2.052775101535614,0
28.557425,95.034625,1370.0,33.3824690287381,0
24.672743,92.457705,19.0,0.6752059787394532,0
25.321239,90.476598,140.0,11.795709540896548,0
24.753344,93.720475,1885.0,36.65110902894253,0
29.052951,94.279385,4201.0,20.634907946565825,0
24.249703,94.165992,729.0,28.75097817866279,0
24.746027,93.060877,143.0,3.1818128120974354,0
26.382242,93.694131,927.0,13.250675442783336,0
28.653592,94.564791,1166.0,57.59349827710547,0
26.289487,92.014958,46.0,0.0,0
26.344713,91.962719,54.0,2.4563945664087456,0
27.694766,88.729611,3826.0,13.421509132977462,0
23.571277,92.50947,245.0,22.872101356921007,0
25.533219,94.815501,2103.0,22.13438579590705,0
27.776773,94.362759,1367.0,36.26089278326507,0
22.796009,92.751916,397.0,10.367837459092083,0
24.974719,93.262834,159.0,10.939804462619982,0
26.234213,92.261929,79.0,10.744415839592216,0
25.783394,94.073714,1340.0,20.37590688735051,0
26.819632,95.138293,498.0,31.00879875148093,0
25.664977,94.524321,1398.0,19.116857123396308,0
27.175569,92.739916,790.0,16.55551062724403,0
27.457078,92.858974,2147.0,17.825870781046216,0
27.335016,88.580533,1536.0,22.72124551965916,0
27.574486,92.588382,2587.0,23.691279259823578,0
26.622914,92.467666,71.0,2.3859440303888126,0
26.712676,92.738909,75.0,2.3859440303888126,0
28.553728,95.923496,2745.0,27.57273464849654,0
28.190524,97.051098,2437.0,55.260383228509376,0
26.955365,92.193925,910.0,14.222050628593289,0
28.908414,95.546304,3008.0,22.13438579590705,0
27.36428,94.453415,100.0,1.817522018719848,0
28.911572,95.452029,2356.0,16.738731980922584,0
25.609706,93.963904,2002.0,31.20217484109817,0
26.550593,92.141481,68.0,2.433138796850444,0
27.411579,94.282346,96.0,0.7548944975654582,0
26.198346,93.171402,101.0,2.9018215173024653,0
27.158259,97.050763,1582.0,8.380191745041826,0
26.284343,91.742207,108.0,6.804089732608741,0
28.117236,95.803977,274.0,2.385944030388813,0
25.748817,93.833912,382.0,21.837811101082977,0
25.72705,93.824425,315.0,1.7210061534334908,0
26.505789,91.085835,44.0,1.7210061534334908,0
27.161881,97.004835,1537.0,43.83243510941507,0
28.656388,94.166237,2829.0,23.015576714911568,0
27.716193,96.264357,305.0,1.7210061534334908,0
28.872423,96.254177,4042.0,40.36793317012353,0
28.062686,95.531294,173.0,2.1342998941463125,0
26.845523,94.891111,155.0,13.085403969626222,0
26.915529,93.976807,81.0,2.052775101535614,0
25.968379,93.559065,167.0,0.4774537773095774,0
28.788079,94.026735,4415.0,27.301081332967016,0
28.581425,94.582932,1602.0,28.304627934141028,0
28.068955,94.479192,704.0,25.45378578114081,0
27.318691,95.103436,111.0,0.7548944975654582,0
25.416648,90.67887,611.0,17.14510977096244,0
27.38818,92.095955,2637.0,26.21110856138564,0
27.308341,95.095092,109.0,0.9548412538721888,0
24.341275,93.473403,926.0,32.433533012318165,0
25.149684,93.17588,785.0,37.927313249696354,0
26.471276,92.910631,70.0,1.0675202709770988,0
26.526491,94.203756,107.0,2.7818863802117484,0
27.240908,92.755563,1469.0,44.24702889927062,0
27.725182,91.909838,4532.0,26.185065798950863,0
28.803312,95.644337,3019.0,13.915808695897177,0
26.537522,91.381522,56.0,1.5095270002735288,0
24.473613,93.490031,1158.0,36.22912067045694,0
26.318876,90.777463,42.0,2.3859440303888126,0
25.68707,93.621182,280.0,14.86507416766643,0
28.011091,97.199757,3870.0,15.36952380130432,0
26.496271,91.354061,49.0,1.4320961841646465,0
28.286473,94.612116,1014.0,35.231532366207624,0
28.589327,94.680811,916.0,37.941603069976914,0
26.041603,93.965718,144.0,0.7548944975654582,0
27.903959,88.605773,4770.0,15.639215353862252,0
26.621814,92.960113,58.0,0.0,0
27.585349,94.832252,104.0,0.6752059787394532,0
27.522183,94.355321,112.0,0.9548412538721888,0
29.074531,95.055277,2344.0,9.298200036904948,0
27.640313,91.98982,3338.0,30.099199560774515,0
28.08677,92.694224,5806.0,30.26279742592672,0
27.821308,95.221138,128.0,0.7548944975654582,0
27.323046,96.960119,2686.0,40.95169776430825,0
28.846529,94.381311,3048.0,21.835672195716143,0
25.481597,93.976119,1603.0,30.73297765675388,0
26.505122,90.65905,54.0,2.160788974078258,0
26.939437,94.068432,81.0,2.7199233149201807,0
27.996812,96.198236,421.0,3.1996013002506887,0
26.239024,95.01762,1918.0,20.462735458857964,0
27.289251,95.355148,125.0,1.6876048941769748,0
29.021495,95.142703,1921.0,11.630105013404506,0
27.323429,93.223212,1949.0,19.593257362113764,0
28.135152,96.53134,1133.0,23.11839285872288,0
25.523282,92.62901,720.0,0.0,0
25.375402,90.110598,135.0,11.038532615965034,0
25.526522,90.623198,297.0,11.850338620094185,0
24.341445,93.529793,1351.0,24.16881343581011,0
28.179286,92.804796,5964.0,42.8104923209509,0
27.888259,94.07758,1391.0,31.02823851193866,0
25.692692,94.457274,1579.0,17.528368921801512,0
27.418256,95.334052,122.0,1.5095270002735288,0
24.340792,92.566529,45.0,5.438007905136233,0
27.714152,93.358695,1748.0,27.05732860824776,0
24.388137,93.082367,841.0,21.108640778693708,0
27.360896,94.232449,95.0,1.7210061534334908,0
27.014549,92.224333,1929.0,14.724246751696764,0
25.827638,91.871998,611.0,7.125016348901798,0
28.686304,95.978746,2291.0,60.17095021416864,0
26.882531,92.323773,162.0,2.385944030388813,0
27.651035,88.350857,4853.0,49.44844401958281,0
25.372098,94.381505,975.0,27.33604368814356,0
25.728096,94.579036,1379.0,23.607416355093264,0
28.538207,93.538149,3998.0,37.91539520003223,0
28.694451,94.069534,3652.0,27.253840178947065,0
25.64114,91.462913,1077.0,51.273246764242586,0
28.656948,94.525518,1615.0,24.359555875506427,0
27.163443,88.22841,1439.0,29.594494506474955,0
25.867184,92.557273,652.0,11.891126739446706,0
26.068858,90.444833,41.0,2.385944030388813,0
27.620314,94.398291,413.0,26.054225141170225,0
27.981831,97.249442,4101.0,28.835768652404315,0
26.416458,92.1703,54.0,1.0675202709770988,0
28.965464,94.975201,839.0,31.68177333982852,0
24.066183,92.403486,193.0,18.640275035451136,0
22.732383,92.970155,821.0,21.242603631151898,0
28.006413,96.362848,657.0,30.32879956333259,0
29.221373,95.65046,3714.0,13.008000378136533,0
26.733949,90.436121,124.0,0.7548944975654582,0
25.129757,94.091949,1106.0,32.760344366697694,0
27.571396,96.907444,3374.0,22.83201427000805,0
23.446473,91.44859,36.0,4.0586642321882005,0
26.967914,94.455661,87.0,1.0675202709770988,0
27.324245,93.851717,1214.0,31.993934384330498,0
24.715173,94.039557,780.0,2.385944030388813,0
23.969864,93.030894,1183.0,28.71191174376069,0
28.088914,93.765861,1113.0,37.3358287640657,0
26.118126,89.844066,33.0,1.6876048941769748,0
28.152504,93.588388,1485.0,20.99158237694124,0
27.160494,92.817676,1115.0,9.920728647509224,0
28.531946,93.92135,3481.0,32.18183069514744,0
22.283004,92.673483,150.0,16.13388303516631,0
26.949681,92.685111,173.0,5.051152528017926,0
28.120911,96.395098,2868.0,63.94351461682942,0
28.129678,95.423385,254.0,0.3376147110174216,0
25.570716,92.640612,641.0,5.062306669977521,0
23.930968,93.328292,1162.0,15.23762774435772,0
28.5161,93.354673,3655.0,19.858733830102413,0
27.978277,95.591325,147.0,2.263636058426967,0
26.408116,92.6829,63.0,5.427642598914455,0
28.077979,95.393254,158.0,1.4320961841646465,0
26.326211,91.583034,55.0,3.1996013002506887,0
28.06808,96.044497,566.0,6.762860735059933,0
24.92887,93.311113,205.0,7.825525624597575,0
23.454943,92.495688,742.0,17.390226107566324,0
27.763974,94.457713,530.0,6.893893059635488,0
27.152063,94.408452,92.0,2.263636058426967,0
25.76708,93.978131,654.0,10.683507759366371,0
28.282298,93.870568,2157.0,41.14401636965156,0
28.53158,94.903378,1142.0,41.498816017264325,0
25.650399,94.833831,872.0,28.713308565785912,0
27.968443,96.126591,256.0,4.044691235386269,0
25.414523,91.654702,1715.0,19.59573743353876,0
23.681582,93.205499,1229.0,25.0063879562472,0
27.051417,94.121283,80.0,0.3376147110174216,0
28.954638,95.468311,2615.0,28.30605964365266,0
25.563908,91.960559,1275.0,5.759620519825523,0
27.444556,92.306572,1908.0,28.82883496386852,0
25.625605,91.578487,1490.0,10.14426119696945,0
27.865167,93.363611,2425.0,36.4615411112944,0
22.778416,92.490786,69.0,8.582483688827132,0
26.150275,93.279609,311.0,14.203597427432593,0
28.27156,93.866033,2210.0,29.421439641486938,0
27.524841,96.861473,1876.0,35.78577413644265,0
22.328913,92.87425,440.0,15.80618797245988,0
26.981206,94.501813,94.0,0.3376147110174216,0
27.183504,95.809691,286.0,7.187414250982758,0
25.040525,92.952191,467.0,30.00645962393004,0
27.603921,93.505488,2358.0,33.04214610609459,0
26.780557,93.617033,77.0,1.4320961841646465,0
27.80848,93.847087,1334.0,21.86345496604329,0
27.370593,93.876754,467.0,14.452204002210555,0
22.366662,92.954912,296.0,3.471741285563965,0
25.12498,93.890255,2118.0,29.50153621491294,0
25.820957,94.119182,1174.0,16.416440373585463,0
27.036243,93.859714,90.0,2.1342998941463125,0
22.879574,93.090298,853.0,15.359426015518492,0
26.105196,90.136534,27.0,1.2171181316034885,0
28.745355,96.080969,2994.0,23.691279259823578,0
26.610574,92.209859,75.0,0.6752059787394532,0
26.764947,92.118069,110.0,2.5695028228896355,0
26.29802,90.232276,38.0,0.4774537773095774,0
25.497608,90.048742,181.0,8.588925239163549,0
28.553917,93.417572,3158.0,49.11583196946335,0
23.048002,92.915074,480.0,23.345372577275818,0
25.571086,90.764116,346.0,4.431819877885358,0
24.867454,93.550961,1248.0,24.16881343581011,0
28.734177,96.47223,3949.0,13.16632060042364,0
27.813472,88.264868,5694.0,24.793055768073742,0
25.747753,92.316237,932.0,11.630105013404506,0
27.867984,93.428065,1929.0,22.72124551965916,0
28.840344,96.212634,3409.0,43.87174098858912,0
29.281843,95.73164,4062.0,36.47198661836821,0
25.203898,92.859101,693.0,21.4589234656262,0
28.45554,96.088502,3112.0,21.4391838686236,0
28.083943,95.558176,199.0,4.393377408433921,0
26.389756,90.623607,43.0,1.7210061534334908,0
26.910723,94.870719,117.0,1.6876048941769748,0
26.909528,92.126798,326.0,23.02549200852804,0
28.318998,93.999831,2643.0,42.536958426139904,0
25.731095,91.599367,910.0,10.160408198552636,0
28.762616,96.237697,1963.0,20.462735458857964,0
28.204975,95.532696,403.0,5.062306669977521,0
25.714983,91.534312,1257.0,2.385944030388813,0
25.880025,92.04595,749.0,11.179986107668157,0
25.998114,90.742913,48.0,1.817522018719848,0
22.444792,92.707654,795.0,15.79642499508292,0
25.707282,93.693676,307.0,1.96786377642228,0
26.244508,90.439924,39.0,0.7548944975654582,0
28.220394,96.186301,2832.0,31.747005138760134,0
29.075167,94.765459,2538.0,39.80134377749163,0
24.674793,92.552594,33.0,3.1818128120974354,0
24.879567,94.552587,819.0,34.801114773942054,0
27.498584,94.457568,111.0,1.2171181316034885,0
27.862254,92.633181,5144.0,38.59294718251652,0
25.327598,94.285911,1977.0,12.088324264908154,0
28.955791,95.669926,2547.0,14.426843693074732,0
27.355507,95.687156,151.0,5.258953144814,0
24.905615,92.530788,13.0,5.139693807411478,0
27.489583,92.713873,2388.0,22.656437373598656,0
26.762345,91.22754,78.0,0.7548944975654582,0
24.279476,93.522149,974.0,24.750404884789177,0
28.913347,96.289189,3322.0,37.63634880026285,0
26.630223,90.715164,93.0,0.7548944975654582,0
25.922898,92.895056,74.0,2.385944030388813,0
25.712621,93.589542,204.0,5.095619550423829,0
26.109472,94.469947,895.0,25.937218580253923,0
25.056925,94.520734,1186.0,29.176079067978527,0
26.417291,93.721523,209.0,15.747500365404113,0
27.837614,93.053006,2793.0,22.872101356921007,0
25.900071,90.194762,60.0,4.262693045214654,0
27.963824,88.592379,4814.0,7.085726953533679,0
28.689558,95.728291,2496.0,31.187749878253733,0
24.373792,92.729229,221.0,30.222049417311837,0
24.346694,92.929487,450.0,10.860111440590474,0
25.382834,91.886005,902.0,33.54272388055239,0
25.362994,90.390219,128.0,4.679912393493258,0
26.050744,93.388234,388.0,15.056170008863386,0
25.373935,94.124268,1273.0,23.70837878647085,0
27.298849,95.91794,406.0,14.882566829789898,0
27.287881,93.419234,1855.0,20.3853179274,0
25.431875,90.365632,573.0,27.367901029378203,0
23.000188,93.031149,659.0,25.192720252234967,0
26.328804,93.791121,164.0,2.8821812090202448,0
28.971281,96.103507,3435.0,17.038709505535593,0
25.481182,90.893782,531.0,12.814236200163856,0
25.979046,94.442355,794.0,30.461275517775352,0
26.189087,92.093184,54.0,4.495148566143528,0
28.611346,95.894304,1022.0,36.95286693789239,0
28.331014,96.760008,4299.0,36.439757778863154,0
27.860117,88.55877,4361.0,31.671265565493904,0
28.38268,93.842099,1437.0,30.653673803588863,0
28.44148,94.980086,2245.0,42.70086646530362,0
27.973194,95.305718,153.0,3.3384705437643523,0
26.245846,93.999944,113.0,0.0,0
28.706108,93.971459,2997.0,24.214872463290742,0
28.077488,95.779641,202.0,1.4320961841646465,0
25.138723,91.685001,12.0,1.7210061534334908,0
25.86799,91.328918,164.0,15.825692089271731,0
24.302262,94.058822,1349.0,29.54940859650111,0
24.076027,92.966926,309.0,22.12808957706723,0
28.667964,94.3348,1669.0,35.732108376040394,0
23.367151,92.987295,1294.0,34.29242363523321,0
27.894668,93.323704,1234.0,15.7996801310477,0
25.462595,93.838197,1112.0,33.23444546638256,0
29.004629,94.493642,2121.0,29.927479327463576,0
26.77972,92.474922,98.0,1.2171181316034885,0
24.608719,92.614085,32.0,0.7548944975654582,0
25.280136,92.125747,1002.0,2.7818863802117484,0
23.635189,92.485264,612.0,30.444931177872785,0
26.135103,91.025125,38.0,1.4320961841646465,0
25.422061,90.515288,760.0,22.25977894945414,0
26.225246,93.996615,113.0,0.7548944975654582,0
25.496405,92.11722,1355.0,22.62393276031727,0
28.60284,93.775198,3130.0,46.36695929495294,0
28.196676,93.323386,3134.0,26.98147462867471,0
26.483227,93.681071,254.0,15.822443421774969,0
26.209933,93.647541,609.0,29.710619869594677,0
28.385038,94.650993,1073.0,34.76246967942593,0
24.123316,91.700135,76.0,3.109633021988153,0
28.023712,95.327261,153.0,0.4774537773095774,0
25.427459,93.94917,1040.0,34.61867922481203,0
24.341859,92.714738,301.0,13.934706376086588,0
25.570566,91.016824,802.0,4.495148566143528,0
26.09991,92.519284,114.0,12.523592988487046,0
25.420931,90.917728,410.0,18.77467605427877,0
27.665122,95.428931,123.0,2.5695028228896355,0
23.450459,91.874258,98.0,4.431819877885358,0
28.093416,95.121956,736.0,41.22707666999943,0
22.754533,92.850554,481.0,31.7830050163129,0
26.304433,91.405284,45.0,1.2171181316034885,0
24.913989,93.364721,574.0,26.619074628049795,0
24.719212,93.721817,1766.0,25.548918931181756,0
28.978921,94.282959,3939.0,35.10227516571538,0
27.034109,95.582238,668.0,29.47087836702284,0
28.035943,94.288287,802.0,21.03896406549848,0
25.992718,93.142878,118.0,4.691966863384949,0
25.694168,90.776643,352.0,6.423150913734816,0
26.633966,92.316919,77.0,0.0,0
24.278368,92.766948,172.0,19.47622154296677,0
25.186939,93.295526,842.0,17.968128165837005,0
24.464156,92.988779,373.0,7.543150097211876,0
26.23631,92.028005,54.0,3.389067065438376,0
28.339146,93.328966,3803.0,17.447952614184832,0
24.229196,93.953557,1331.0,21.072718295480197,0
27.340736,93.091431,1510.0,26.61114117316587,0
25.504134,94.701816,1543.0,38.25508781802999,0
23.388302,92.407329,209.0,15.07339984228436,0
28.527004,94.010208,2869.0,25.406009385457278,0
26.070991,92.732858,62.0,1.012750369636371,0
27.555946,95.135623,107.0,0.3376147110174216,0
29.132767,94.549456,4112.0,39.52836959663145,0
27.613908,96.374076,1318.0,32.19088659927004,0
27.933026,94.406416,1036.0,35.15617890951678,0
28.781673,94.122798,4139.0,17.14216531267885,0
25.854576,91.398665,109.0,26.60637925462931,0
29.277927,96.003699,4326.0,44.305601337620985,0
26.347339,92.420407,58.0,0.9548412538721888,0
26.693687,95.392238,2042.0,38.40374626982999,0
28.013846,93.745937,1122.0,15.79642499508292,0
23.56751,91.432374,34.0,2.862405226111748,0
27.049298,94.458612,87.0,3.1996013002506887,0
23.321728,92.571926,354.0,26.6047916406615,0
25.375613,94.245721,2145.0,13.421509132977462,0
24.94177,93.987368,792.0,4.5823147648922165,0
27.127332,93.420431,1760.0,19.603175151704185,0
28.336579,96.839566,3614.0,45.548365140763664,0
23.875542,92.990863,763.0,33.22488381862468,0
25.648905,90.688468,347.0,9.37478274202116,0
26.653938,92.385438,82.0,1.817522018719848,0
28.290145,96.530311,2612.0,42.68921840705873,0
27.454844,94.186517,237.0,2.433138796850444,0
27.412054,93.13861,1314.0,22.25977894945414,0
26.457868,91.534327,54.0,1.96786377642228,0
26.052079,94.572929,1574.0,16.796238729882134,0
22.14002,92.657221,199.0,5.438007905136233,0
27.485541,93.0606,751.0,23.73683729802772,0
25.577517,90.821844,529.0,9.651911596193768,0
29.035621,95.597833,3137.0,25.74590029069077,0
23.425551,91.406067,34.0,10.39935064946811,0
24.054909,93.731018,1131.0,30.92592371819028,0
25.910842,91.017964,65.0,1.0675202709770988,0
23.172908,92.729541,523.0,20.738657385574744,0
23.825305,92.680402,492.0,12.351556609584488,0
25.643821,92.262179,1043.0,4.289153328819018,0
26.148019,94.91081,1387.0,12.455100051295563,0
24.895489,94.126568,841.0,16.03195153188694,0
28.192397,94.21557,1164.0,27.70244316502917,0
25.777778,91.206103,672.0,16.26648939037411,0
26.189979,93.168522,98.0,4.0586642321882005,0
25.154939,90.415294,27.0,5.226703690794332,0
24.678542,93.620125,490.0,21.544170447316425,0
27.307947,92.421796,1958.0,32.6759519939448,0
27.351282,95.551322,204.0,11.91371945044716,0
26.969554,92.344942,590.0,12.021504376221529,0
25.779871,92.107502,1109.0,10.663120448541864,0
23.409417,91.824627,256.0,22.228525063117385,0
27.909343,96.992941,1874.0,33.23444546638256,0
26.026794,93.979058,194.0,14.084828259712214,0
28.118404,95.951259,909.0,40.68456966600896,0
24.486265,93.506693,1384.0,36.73778549772594,0
27.886621,93.354149,1211.0,48.21891474784642,0
24.246155,92.24118,196.0,22.850066084228267,0
27.238042,88.05178,2842.0,16.360405825306987,0
23.671021,91.302593,42.0,2.6350263783644494,0
26.885453,92.152602,177.0,0.7548944975654582,0
26.365695,91.333676,44.0,1.817522018719848,0
25.944691,94.496094,1535.0,19.116857123396308,0
26.121651,92.939491,72.0,2.160788974078258,0
23.254452,92.731709,708.0,45.12133726295228,0
28.651262,94.598248,903.0,23.82944947796483,0
26.95213,92.74109,242.0,9.280430939864935,0
27.70331,92.980611,1938.0,40.05850508824328,0
23.129416,91.682585,34.0,1.3502244696996155,0
23.416963,91.757118,65.0,1.3502244696996155,0
26.273936,90.504777,95.0,19.89037156536882,0
26.211964,90.766959,37.0,0.4774537773095774,0
24.113664,92.506284,516.0,14.794858563459922,0
27.348103,93.222252,1423.0,17.71328086633077,0
26.769274,95.085609,994.0,20.846265656650555,0
23.279903,91.654065,92.0,8.280429976643655,0
25.711334,93.617248,229.0,8.406583585732115,0
23.845494,92.16888,305.0,24.29561648443733,0
26.61943,94.139753,94.0,2.3859440303888126,0
25.671704,92.978764,147.0,4.532714210582481,0
26.756262,92.50957,87.0,2.698950908923438,0
26.382869,94.934732,872.0,16.665741309979975,0
27.584106,91.896836,2227.0,5.601182019805608,0
29.179391,96.097303,4279.0,34.912668820456496,0
26.064207,94.611681,1215.0,33.85553742798295,0
26.489533,91.591378,51.0,1.2171181316034885,0
23.906322,92.762014,624.0,16.83544559915647,0
26.768952,91.699765,123.0,1.817522018719848,0
25.615223,90.107135,309.0,7.973233172986173,0
27.508215,95.937543,164.0,1.5095270002735288,0
26.452742,94.674396,769.0,25.628335153181883,0
24.375939,92.307988,44.0,0.7548944975654582,0
25.227483,92.435655,618.0,6.423150913734816,0
28.695818,96.429514,3558.0,30.099199560774515,0
26.521845,94.614608,380.0,27.41481600801581,0
25.694809,91.208657,1289.0,16.18139460308577,0
26.907721,93.415602,95.0,2.385944030388813,0
25.963707,93.660364,199.0,0.3376147110174216,0
25.47004,92.097333,1242.0,31.9721596942536,0
23.583834,91.480875,71.0,1.5095270002735288,0
28.521993,94.988252,1573.0,40.84672298256123,0
27.716164,93.001578,1330.0,44.484035666578194,0
26.598367,93.959819,101.0,2.4563945664087456,0
27.939682,95.958258,191.0,5.427642598914455,0
24.797548,94.247591,872.0,21.14000384355273,0
28.371721,95.392291,1754.0,44.28314167391131,0
23.749288,91.82219,139.0,4.822542232360713,0
29.05363,95.192341,3476.0,29.75526901551333,0
24.668343,94.421673,427.0,28.76073036769665,0
24.125863,93.190251,1080.0,39.188333767783945,0
26.399713,92.317463,56.0,0.9548412538721888,0
24.383106,92.635284,85.0,7.393958126885864,0
27.595862,92.527373,2996.0,24.13187068397173,0
27.66564,93.301164,2110.0,13.362200604250484,0
23.857605,91.748196,110.0,12.260147486012336,0
23.966051,92.872489,686.0,38.24574994050483,0
24.347418,93.31643,310.0,7.660316591254672,0
23.803889,91.538635,96.0,16.55551062724403,0
25.786697,90.561009,116.0,16.874539775268598,0
25.895484,93.641562,205.0,1.6876048941769748,0
26.47991,91.296215,48.0,3.1818128120974354,0
27.98617,95.798557,153.0,1.7210061534334908,0
25.737638,90.187689,203.0,11.37191452644113,0
24.057615,91.525367,53.0,5.641219812715514,0
24.208061,92.986556,304.0,35.717524151384175,0
26.684832,94.376359,115.0,2.4563945664087456,0
26.104314,92.44212,263.0,8.691301602734168,0
27.382794,94.82649,101.0,1.012750369636371,0
24.735642,93.41012,635.0,17.038709505535593,0
27.592806,93.824408,1573.0,6.721369339369457,0
28.553643,94.149031,2468.0,11.371914526441127,0
24.309955,94.168059,1091.0,25.530275981014736,0
27.338383,92.148734,3229.0,51.45180242168543,0
25.227223,90.662103,196.0,7.746973739247727,0
25.537317,91.088116,995.0,17.856675484800242,0
23.492221,92.780743,635.0,40.78603417913518,0
23.300247,91.530394,26.0,2.263636058426967,0
28.640645,93.575029,3285.0,57.90640860442306,0
29.117626,94.764992,2339.0,19.47372130090924,0
26.480799,90.833967,52.0,0.3376147110174216,0
26.643286,94.829889,619.0,21.014163439225925,0
27.259872,88.644234,1889.0,22.41717783710008,0
24.299918,93.502043,1423.0,20.023484965553838,0
26.336515,90.252078,39.0,6.926249082072704,0
24.690595,92.670453,46.0,1.4320961841646465,0
25.613193,92.429902,904.0,12.709800424919228,0
27.693585,94.475158,992.0,24.750404884789177,0
26.576492,95.049691,794.0,22.54033110168392,0
27.941626,88.274221,5180.0,12.50650945509941,0
27.291603,92.558048,1377.0,16.21928176965065,0
23.60748,91.900456,131.0,2.5695028228896355,0
27.295705,94.757779,100.0,1.6876048941769748,0
25.76388,92.910671,84.0,3.931095784160226,0
27.037661,95.869801,1250.0,20.069194999629435,0
26.322128,93.27362,310.0,2.4563945664087456,0
24.511154,94.021423,785.0,3.054369995163865,0
25.065746,93.53058,929.0,18.523305392734876,0
24.748654,92.813762,23.0,0.4774537773095774,0
25.173596,94.040341,1053.0,36.696651209450216,0
28.304434,93.34723,3925.0,33.4926163333653,0
28.542936,95.154986,1139.0,16.444369946673778,0
26.105223,93.462158,922.0,20.186438039091527,0
26.237848,92.953216,233.0,17.69065401563772,0
22.323486,92.662421,180.0,4.857533338413092,0
26.353308,90.659225,48.0,2.263636058426967,0
23.473816,92.598468,703.0,16.26020470831196,0
25.721127,93.376934,246.0,2.8821812090202448,0
25.452312,92.009896,1543.0,5.237476066812513,0
26.962506,92.939782,336.0,11.485371105544893,0
25.480602,91.28653,1489.0,2.3619913818349927,0
24.595071,94.039722,783.0,1.391763426244203,0
24.887131,92.287462,16.0,0.9548412538721888,0
24.268465,93.727742,1275.0,9.970261598239336,0
27.955191,88.62228,4956.0,7.014428612980272,0
28.247472,96.283631,2835.0,45.199535222412045,0
27.602511,88.185924,4790.0,4.0586642321882005,0
25.881816,90.912763,322.0,1.2171181316034885,0
24.806937,94.543507,827.0,27.798689254445293,0
25.048832,94.274955,1026.0,1.3502244696996155,0
28.032557,93.679898,731.0,30.749039875040545,0
23.659974,91.630964,51.0,7.917305155246911,0
24.046399,93.478878,1163.0,22.872101356921007,0
26.539201,94.441082,450.0,13.05694776697101,0
26.966165,94.753716,98.0,1.7210061534334908,0
26.954512,94.484575,88.0,0.9548412538721888,0
27.506498,94.691375,103.0,2.052775101535614,0
27.837889,95.591426,128.0,0.7548944975654582,0
26.120297,92.725072,68.0,8.691301602734168,0
27.756577,94.602211,970.0,35.934915703877515,0
22.483779,93.105659,960.0,31.35169061480272,0
25.743119,93.646967,193.0,1.5095270002735288,0
28.765548,96.560481,3632.0,10.769682941155354,0
25.264363,93.531416,1452.0,11.630105013404506,0
26.262501,91.900931,49.0,1.0675202709770988,0
27.231794,97.025657,1864.0,29.260073022738787,0
27.271653,94.184262,88.0,1.012750369636371,0
28.070681,93.310053,1782.0,27.390618540180743,0
26.168839,93.302247,532.0,9.421579043017086,0
27.511874,95.668132,139.0,1.6876048941769748,0
25.554417,91.019007,836.0,24.79837920987269,0
26.02158,90.24697,30.0,0.6752059787394532,0
26.324788,94.658849,703.0,8.691301602734168,0
27.518598,94.133724,852.0,33.51768926123237,0
27.634254,95.126611,108.0,0.6752059787394532,0
24.402361,93.294704,491.0,25.5743067157341,0
25.965708,93.004529,79.0,5.322852793549541,0
28.737311,96.495225,3906.0,36.82229258372596,0
26.072761,93.1881,105.0,0.7548944975654582,0
26.299837,94.034325,114.0,1.9091524329963765,0
24.39331,94.210618,888.0,23.039362969872315,0
28.254227,95.584758,387.0,5.226703690794332,0
22.195674,92.610322,182.0,17.097922562599933,0
26.077418,92.014219,245.0,4.857533338413092,0
27.556352,93.019824,1278.0,16.632155145358805,0
25.957368,92.737184,69.0,0.7548944975654582,0
27.966818,97.108433,4210.0,25.996650770804457,0
25.766144,92.668787,421.0,7.832625705078162,0
25.259175,90.434229,31.0,0.4774537773095774,0
25.673995,90.91739,552.0,3.3384705437643523,0
28.113401,93.393733,1635.0,23.799267833265677,0
26.737061,94.219482,99.0,0.7548944975654582,0
27.281378,94.167314,89.0,0.9548412538721888,0
26.288686,95.043852,2061.0,31.58578773967389,0
26.616997,93.320991,77.0,1.391763426244203,0
26.37752,94.953057,656.0,34.54826512264056,0
25.309074,93.109707,463.0,14.129503142051032,0
25.464122,91.948702,1733.0,15.02163983584544,0
28.197011,93.9606,1198.0,49.68799052980178,0
28.670035,95.885591,2006.0,39.42403227637743,0
28.197442,95.35511,862.0,35.63890752897078,0
25.957016,93.183707,153.0,2.5695028228896355,0
23.479303,93.356312,1325.0,21.743418679701104,0
27.08839,93.873439,98.0,0.6752059787394532,0
24.560944,92.448681,19.0,0.9548412538721888,0
26.402268,92.649564,65.0,1.3502244696996155,0
27.684108,93.716361,1761.0,34.27947575354142,0
27.602544,92.745342,1547.0,25.07455219584297,0
25.618728,91.566416,1525.0,14.26254952627902,0
26.415196,92.545044,64.0,1.7210061534334908,0
23.944102,94.060729,1120.0,32.689132570406855,0
26.925127,93.625398,93.0,2.3619913818349927,0
25.057324,93.428821,814.0,24.84267307385036,0
27.193225,96.924306,1272.0,2.4563945664087456,0
25.346322,90.986248,299.0,3.389067065438376,0
26.867215,94.783565,108.0,0.7548944975654582,0
23.818926,92.490039,975.0,27.14359186707415,0
25.771821,92.570364,688.0,22.184664148243595,0
23.811162,92.038839,100.0,16.26020470831196,0
27.558537,93.893374,2207.0,18.06768906469106,0
28.367995,94.481336,2037.0,25.22039963647754,0
26.633707,90.308042,93.0,2.0248682972773406,0
25.932278,92.435381,560.0,13.904455774158937,0
26.033501,89.820798,31.0,2.5695028228896355,0
28.5166,94.378705,1723.0,18.27288969553102,0
27.756803,94.326867,967.0,50.843628331737285,0
27.118015,94.736147,95.0,2.0248682972773406,0
29.109781,95.583855,3579.0,17.02683613640949,0
27.640346,92.426685,4597.0,1.391763426244203,0
27.171029,95.08249,108.0,0.7548944975654582,0
27.187152,92.81065,788.0,26.19483670246512,0
27.692026,96.163,286.0,4.315448959323992,0
26.303301,90.274606,48.0,0.3376147110174216,0
24.006463,92.729536,500.0,20.66495305143687,0
23.175693,93.080705,944.0,15.747500365404113,0
25.927545,93.077095,120.0,7.2338446967252255,0
28.495696,94.289445,2835.0,39.07651938101343,0
27.622167,93.460635,2537.0,21.526722307380663,0
27.311972,92.747824,727.0,19.98488347684215,0
25.887446,91.459387,68.0,3.471741285563965,0
26.644536,90.758915,93.0,1.391763426244203,0
25.882498,94.45381,1542.0,38.7723707937631,0
26.279627,89.994915,57.0,3.843668167321381,0
24.118637,94.132728,837.0,19.37587916013665,0
23.777016,91.740837,185.0,8.767251443500896,0
26.237056,92.708945,62.0,1.391763426244203,0
25.199564,93.95056,1420.0,9.015509788449524,0
27.724478,91.885822,4514.0,4.222687118252763,0
27.585452,88.692656,3231.0,45.29778000881304,0
24.433303,93.026798,111.0,5.749849383709693,0
27.766126,94.885219,414.0,25.45378578114081,0
27.507503,95.038851,111.0,3.372286683433898,0
27.351586,96.557579,1297.0,22.115489497306395,0
26.036749,92.63371,71.0,1.2171181316034885,0
25.48202,91.015338,577.0,17.831476655982783,0
28.324794,96.753949,3892.0,32.11261530059655,0
27.766499,96.443791,2118.0,33.76118818850125,0
24.548106,93.391668,509.0,14.910504539706803,0
28.31552,94.992587,243.0,13.089463376910484,0
27.629245,94.470678,250.0,22.144873841221017,0
24.76122,93.808202,777.0,1.5095270002735288,0
25.285355,92.013662,881.0,40.03075915578156,0
27.958062,93.303973,2109.0,34.06282477031529,0
23.188094,93.205234,869.0,20.9236378024362,0
26.297463,95.097942,1575.0,36.693218577738165,0
28.509701,95.953393,2578.0,33.38352154900421,0
27.484149,88.548595,1669.0,36.505887632648864,0
26.45666,95.06121,1715.0,14.434094830851231,0
26.461489,90.19029,50.0,2.5695028228896355,0
23.083674,91.748428,67.0,3.945476393479333,0
24.060197,92.767404,641.0,28.237197059835257,0
23.873375,91.706609,126.0,10.052230095483228,0
26.394406,93.616236,389.0,21.99315979629213,0
27.489473,95.133401,117.0,0.0,0
26.872223,93.244922,97.0,2.5695028228896355,0
28.374246,94.320774,3549.0,27.83997641829,0
24.458057,94.22414,1495.0,8.811234328732239,0
23.22242,92.398865,152.0,16.11800792223731,0
23.682321,93.393101,1244.0,21.64844674283294,0
24.025025,92.75139,472.0,26.39225472997553,0
25.603376,94.350272,1368.0,43.96500434310841,0
27.716077,94.871089,129.0,2.7818863802117484,0
27.922594,96.014105,182.0,4.972358392400693,0
26.028348,93.260939,154.0,2.7199233149201807,0
25.829113,89.82627,27.0,3.4389123953782974,0
27.04547,95.443638,541.0,8.917089630363527,0
24.062641,93.517587,680.0,12.510782808631909,0
26.311569,90.890184,37.0,0.0,0
25.180385,94.498166,1596.0,17.156881303434954,0
25.877894,91.776157,360.0,11.91371945044716,0
23.954213,91.636002,58.0,7.33339277230879,0
28.556723,93.744929,3814.0,42.54578507886862,0
27.628616,92.854965,2189.0,31.105769677100664,0
28.581443,94.973424,2069.0,40.52807656480464,0
25.867951,91.745593,459.0,27.472142708863853,0
24.541941,93.063246,68.0,3.7692440164074177,0
28.56031,95.877619,1633.0,50.83134977788657,0
25.426135,92.238148,1315.0,17.083143246452856,0
26.368763,90.601806,47.0,4.0586642321882005,0
26.274387,93.80269,140.0,8.380191745041826,0
25.958945,91.932471,492.0,28.14782196842062,0
24.68394,93.682326,880.0,11.499465999742789,0
25.547017,91.174607,1270.0,2.052775101535614,0
26.527825,92.249352,61.0,1.2171181316034885,0
27.759937,94.247948,379.0,42.04693554484103,0
27.552999,92.890179,753.0,7.660316591254672,0
26.642976,90.96196,73.0,3.016961309815993,0
27.309095,92.466326,1748.0,30.72061147663586,0
26.908915,94.448932,91.0,2.1342998941463125,0
26.920351,92.771366,176.0,15.128378509366811,0
27.038316,95.550424,605.0,5.139693807411478,0
24.854113,93.541684,1373.0,22.904097758623656,0
23.302516,92.771843,838.0,19.632888661818416,0
24.437239,93.070105,252.0,28.037600489728423,0
25.530357,91.09282,1004.0,14.851062468857862,0
28.262301,95.252635,766.0,30.25898156200578,0
26.766692,93.297446,73.0,4.114075330927888,0
24.702285,93.032497,67.0,14.833525810160396,0
23.88364,94.108818,544.0,21.072718295480197,0
24.983024,93.883178,907.0,2.052775101535614,0
24.139136,94.011545,1078.0,22.838033840590064,0
24.71266,92.990986,34.0,3.389067065438376,0
25.657981,91.806019,909.0,9.191033686643834,0
22.867663,92.647279,364.0,23.65321448723528,0
28.221231,95.075691,1458.0,30.444931177872785,0
25.884026,93.505197,193.0,6.0172848640320336,0
26.272879,94.697841,1143.0,17.01197993242201,0
28.86162,96.028159,2685.0,50.74669439556815,0
23.406886,92.528744,488.0,40.04325099636187,0
26.689412,91.876412,86.0,0.9548412538721888,0
27.225081,95.874168,242.0,10.683507759366371,0
28.790562,96.564836,4411.0,37.12086641175678,0
27.931376,93.559519,1488.0,19.78056829771728,0
25.669618,94.528821,1196.0,28.713308565785912,0
25.518337,93.983373,1490.0,28.735641668064066,0
24.590082,92.658117,32.0,2.263636058426967,0
27.121865,94.655002,90.0,0.6752059787394532,0
26.225817,92.322671,63.0,7.179645410861981,0
25.791203,90.777126,175.0,22.482980057433945,0
25.605764,93.925988,1884.0,14.043730788347142,0
24.337548,93.413462,1676.0,28.031778898204124,0
25.457597,91.62168,1608.0,19.714294515298057,0
27.07311,94.154394,83.0,1.4320961841646465,0
27.230276,94.687007,96.0,4.262693045214654,0
26.997562,95.466632,547.0,16.21928176965065,0
27.30009,95.678843,141.0,2.862405226111748,0
25.217022,91.621002,123.0,14.663910850320782,0
24.030106,93.980984,958.0,30.25643716352927,0
26.846399,93.908459,75.0,3.3384705437643523,0
25.039762,94.51382,865.0,29.16385084782155,0
23.605182,93.3255,1443.0,15.345949929234184,0
24.692212,94.268684,1207.0,37.53490600791177,0
28.391682,95.593468,1553.0,20.99158237694124,0
28.808324,95.130515,2384.0,44.36809598308936,0
24.172318,93.277504,705.0,23.70647974476465,0
26.94924,94.922435,107.0,0.6752059787394532,0
25.648144,91.758247,976.0,14.851062468857862,0
29.219969,95.884093,3909.0,42.25651373952644,0
25.206426,93.14657,459.0,18.09247027171656,0
26.430761,93.289023,639.0,13.346333865774348,0
24.459158,94.105375,1027.0,21.393026047204746,0
27.669998,92.548749,3237.0,43.33171975024536,0
27.624279,93.534026,2297.0,23.62078775621093,0
24.673687,94.543724,266.0,3.70861682982072,0
22.089759,92.994259,941.0,43.43068952684463,0
27.735149,96.622706,2264.0,37.32593294252776,0
27.520214,92.239316,3730.0,19.59573743353876,0
23.99062,93.261325,843.0,19.632888661818416,0
28.44643,95.197269,1119.0,31.018521490079827,0
27.458577,94.850369,105.0,2.433138796850444,0
26.401171,93.105932,535.0,13.421509132977462,0
27.169628,94.978856,108.0,1.2171181316034885,0
26.768456,91.220503,81.0,1.0675202709770988,0
26.886753,94.786926,100.0,3.646970455272818,0
25.311775,92.056121,402.0,29.70009664744668,0
23.883822,91.979609,94.0,1.96786377642228,0
23.061644,92.766387,924.0,20.14825547074991,0
27.413109,94.455685,99.0,1.817522018719848,0
28.442048,93.332882,3069.0,38.7814011789035,0
23.134345,91.740022,95.0,8.280429976643653,0
28.13826,93.858487,2021.0,38.18257425135251,0
27.391661,96.486505,1536.0,18.9959411552139,0
28.316253,93.641562,2711.0,32.81164453127253,0
28.500396,94.737815,2369.0,31.399251223220567,0
22.666674,92.828154,465.0,7.085726953533678,0
28.33228,93.874728,1027.0,42.11913857362693,0
27.613081,93.368864,2819.0,33.96966754417951,0
26.181182,94.65329,1493.0,20.793701549500007,0
25.49049,90.137892,77.0,17.9597996896571,0
27.804827,95.906758,144.0,1.5095270002735288,0
24.352807,92.618678,40.0,1.0675202709770988,0
25.732987,91.743047,716.0,9.566235322594842,0
26.279544,92.75021,73.0,4.289153328819018,0
24.717047,92.882559,30.0,1.0675202709770988,0
25.931786,92.466565,536.0,8.47871314708616,0
23.416205,91.592917,71.0,8.842508257902008,0
27.120418,92.32234,2940.0,22.662524505739437,0
23.676236,92.430699,819.0,15.747500365404113,0
25.947008,90.403054,70.0,12.260147486012336,0
26.510799,93.775084,105.0,3.054369995163865,0
28.120247,95.862063,520.0,23.84263602379236,0
27.836021,96.520643,2177.0,35.061492096739244,0
28.294938,95.738679,553.0,29.54940859650112,0
26.911204,95.052418,124.0,6.754583602188046,0
26.615772,94.559988,693.0,22.067094489482304,0
27.57254,95.889809,156.0,3.5204050825976285,0
28.626324,94.001887,2501.0,18.779921287170044,0
25.600283,91.97964,1320.0,0.7548944975654582,0
26.089104,90.788088,41.0,10.759583898850556,0
23.798183,92.80001,148.0,18.860980285499235,0
26.138059,92.414382,74.0,1.2171181316034885,0
25.30386,94.051358,1123.0,22.902099885228424,0
27.85426,94.701492,924.0,8.582483688827132,0
26.789359,95.090347,589.0,21.173535912596044,0
26.39141,91.062838,37.0,4.0586642321882005,0
25.295851,90.383663,107.0,16.26648939037411,0
24.531021,92.952707,40.0,5.885129333686067,0
25.938139,91.570086,600.0,37.49333053668788,0
24.922076,93.487557,1045.0,20.22214606536205,0
28.511522,95.835342,993.0,46.2212526054558,0
27.929319,95.139091,292.0,6.91817481667161,0
27.14755,94.480496,89.0,3.054369995163865,0
26.157903,93.538421,894.0,13.94980312049591,0
25.725335,91.476498,1121.0,17.062425420209564,0
25.304677,93.596821,890.0,33.18871167439839,0
27.076242,95.809085,1561.0,22.7111368468225,0
27.303666,96.023249,276.0,4.431819877885358,0
25.508831,94.631055,1523.0,21.8890564811688,0
27.908884,92.950817,3239.0,6.091478002079769,0
27.672631,92.89891,1784.0,22.41717783710008,0
25.210184,92.870361,905.0,3.7692440164074177,0
27.556566,94.757983,103.0,0.7548944975654582,0
26.594063,93.410054,76.0,1.6876048941769748,0
26.735651,90.743913,219.0,6.721369339369457,0
25.660316,92.342479,1020.0,12.416385315606288,0
25.741989,94.35474,1404.0,34.11927018081244,0
27.268383,93.372462,1796.0,21.526722307380663,0
26.693875,93.219824,77.0,2.3859440303888126,0
27.917851,95.627643,130.0,2.7199233149201807,0
27.526934,88.295836,4839.0,35.056743220846,0
26.426614,94.290075,192.0,4.100293712915969,0
27.62026,93.489957,2218.0,29.24384939923428,0
27.202792,88.414155,2241.0,35.231532366207624,0
26.699924,92.198449,92.0,0.7548944975654582,0
23.320236,92.559831,524.0,19.875777892472534,0
28.711906,96.076212,2658.0,17.01197993242201,0
29.154409,94.520008,3859.0,32.317149379423704,0
26.352658,92.304989,58.0,0.7548944975654582,0
27.056494,94.362537,87.0,2.052775101535614,0
23.540619,92.691052,626.0,31.211784490588546,0
27.863051,96.502927,1577.0,21.315786893450447,0
26.3825,94.67601,408.0,1.0675202709770988,0
25.53278,92.433534,1185.0,19.610609129170932,0
27.10073,93.93044,94.0,2.7199233149201807,0
25.56278,93.61817,502.0,19.078375781087,0
25.68445,93.692602,379.0,0.4774537773095774,0
25.511589,94.296666,1992.0,12.925951545439489,0
28.697729,95.473134,3649.0,25.884207429480977,0
25.943965,91.419162,59.0,5.601182019805608,0
28.633985,94.852623,1451.0,45.15089624002761,0
24.349654,92.615038,108.0,16.82339398738753,0
27.555252,95.149903,113.0,0.9548412538721888,0
26.850383,94.485306,93.0,2.4563945664087456,0
25.411377,90.809327,274.0,0.6752059787394532,0
23.899094,91.573994,119.0,6.0637651384102655,0
27.875535,94.570817,1156.0,11.546311187499878,0
28.238017,93.930431,1951.0,26.054225141170225,0
24.86642,94.393649,671.0,25.5133092609215,0
29.202949,96.192017,4546.0,9.719867702432296,0
28.313399,95.625052,670.0,37.339950208121046,0
28.653113,95.205153,2055.0,23.863335760507063,0
27.57412,94.869762,108.0,0.7548944975654582,0
24.686171,93.693582,954.0,20.387669768422825,0
27.700532,96.349114,1029.0,6.344120839226984,0
26.310672,93.61222,800.0,8.811234328732239,0
25.256457,93.127417,474.0,19.211346516583987,0
25.829647,91.401631,462.0,8.710355024840407,0
27.737237,93.509504,1841.0,41.11299406721656,0
28.863375,94.530637,2204.0,29.260073022738787,0
25.56775,91.393772,1634.0,20.802856206079007,0
27.523131,94.528696,114.0,3.1996013002506887,0
23.117927,93.257612,1074.0,21.85491172445446,0
25.629587,91.050251,898.0,16.931476365156406,0
27.718272,94.281554,1023.0,43.31385665828305,0
25.686835,92.967889,131.0,4.903792362690797,0
24.200226,94.11253,1148.0,14.073633716023297,0
28.340768,94.256081,2904.0,44.28627766987951,0
25.043424,92.70168,720.0,22.866094792802045,0
22.713013,92.899881,795.0,31.86169841848211,0
24.973893,92.526324,23.0,4.691966863384949,0
26.02613,94.382617,769.0,27.097435772987733,0
24.348785,94.127496,1078.0,24.47038846217257,0
25.104437,94.408785,1664.0,4.5823147648922165,0
27.988729,93.601351,1642.0,40.324399968067056,0
25.699594,90.45643,341.0,6.620689796446781,0
27.749651,93.007703,1235.0,35.88986674043215,0
25.15186,93.164342,1003.0,26.45165926284944,0
24.865074,93.972289,782.0,2.385944030388813,0
27.537457,92.173828,4151.0,28.724478891475947,0
23.6625,91.851747,154.0,3.631393549323058,0
23.495916,92.570884,1031.0,24.8373642231443,0
27.596127,92.461037,3680.0,36.26089278326507,0
26.361497,91.353319,53.0,3.389067065438376,0
27.520372,93.019385,1142.0,26.762796183610217,0
25.244543,93.245155,820.0,13.266673433270926,0
25.220109,90.191814,43.0,4.822542232360713,0
24.57467,92.982594,42.0,8.063246165697251,0
24.193589,92.246352,161.0,7.832625705078162,0
27.080386,95.039329,104.0,3.1818128120974354,0
24.877425,93.661384,641.0,24.84267307385036,0
23.302909,93.318828,1650.0,29.69219983443898,0
25.533447,92.514187,1043.0,7.393958126885864,0
23.723704,92.556307,896.0,21.76062380611809,0
24.718534,92.290549,60.0,7.085726953533679,0
27.629279,96.733922,3030.0,23.84263602379236,0
26.400099,91.521683,47.0,1.2171181316034885,0
28.324596,94.299558,2325.0,20.186438039091524,0
28.849912,95.335107,3880.0,37.57799691284942,0
24.080276,93.187617,1192.0,19.632888661818416,0
26.209299,91.044199,35.0,0.0,0
23.721764,91.832908,170.0,7.085726953533678,0
26.232228,93.104639,92.0,3.3384705437643523,0
26.155603,92.950893,73.0,1.3502244696996155,0
26.844227,92.437078,128.0,1.2171181316034885,0
27.797209,93.201731,2000.0,30.00258415231565,0
26.365196,90.33945,86.0,27.49471678527194,0
23.591919,92.419907,522.0,29.00405523929883,0
25.81943,94.04022,986.0,18.64821573021375,0
25.231456,90.336707,159.0,3.4389123953782974,0
26.225162,92.708087,62.0,2.052775101535614,0
27.615179,95.447833,129.0,3.109633021988153,0
27.428938,96.423163,798.0,9.191033686643834,0
24.541232,92.870484,49.0,2.6350263783644494,0
26.98775,93.851512,85.0,0.7548944975654582,0
26.335574,91.015697,45.0,4.315448959323992,0
29.144149,95.910369,4139.0,32.42014603617745,0
26.737876,90.62532,155.0,3.109633021988153,0
27.333691,93.216633,1761.0,11.7637119046499,0
28.309422,93.561582,3618.0,41.84117574754283,0
26.986884,93.211482,366.0,37.92493035776031,0
25.664191,90.871592,637.0,6.721369339369457,0
27.695961,94.70403,386.0,16.919509454227438,0
28.009036,94.505138,752.0,22.178388218559995,0
26.656194,91.196601,57.0,1.4320961841646465,0
23.763808,91.660941,95.0,3.109633021988153,0
26.223503,90.121767,49.0,5.641219812715514,0
27.741815,95.666479,136.0,3.646970455272818,0
28.178092,93.336422,2856.0,59.21570774851716,0
25.934,92.986943,92.0,1.6876048941769748,0
25.71699,94.437319,1525.0,15.599614256886392,0
25.318437,93.315396,850.0,14.350447206010989,0
26.74762,95.016223,498.0,2.3619913818349927,0
24.602642,94.206738,999.0,24.43413404727132,0
26.839303,95.051106,164.0,2.385944030388813,0
26.065159,94.944199,789.0,26.47087935835388,0
24.137312,92.566255,100.0,17.14510977096244,0
25.497016,91.394551,1497.0,12.017034920835403,0
28.986693,94.923085,842.0,19.07066731571445,0
25.162048,94.321211,1320.0,23.88588673441924,0
25.226798,91.607171,186.0,20.648782326696494,0
27.070985,93.377039,454.0,26.12795202639169,0
24.256142,93.718306,1127.0,25.14243049054343,0
25.229574,90.287232,100.0,5.520212884789397,0
28.144346,96.431796,2103.0,33.296989754761654,0
28.836062,95.262192,2878.0,18.09247027171656,0
27.683641,88.61981,3644.0,34.41145966051805,0
27.836046,93.991575,833.0,13.362200604250484,0
27.284891,93.941006,265.0,6.696346521504578,0
23.804844,91.785508,113.0,13.089463376910484,0
27.738106,93.722879,1179.0,13.6170618313427,0
28.510033,94.6066,1578.0,32.934331972438066,0
28.470872,94.820906,680.0,19.496208222897444,0
27.483946,93.123728,1557.0,32.7909254377919,0
23.187209,92.673275,531.0,27.26604445073282,0
24.773391,94.474513,595.0,34.14741989500063,0
25.68656,89.993564,53.0,14.833525810160396,0
24.153089,93.903729,905.0,28.544840660015435,0
27.052868,93.678411,321.0,28.845470930234946,0
24.68575,93.178091,339.0,31.670097621922785,0
24.91023,92.718053,17.0,0.3376147110174216,0
28.610848,95.118368,1262.0,35.72664083522243,0
25.689233,91.346292,1107.0,31.35526241524792,0
26.337885,95.021452,1648.0,25.15631913369421,0
25.745227,93.314899,217.0,5.150652185902698,0
25.704689,94.425276,1646.0,14.084828259712214,0
26.452537,93.961688,96.0,2.160788974078258,0
27.498227,95.45337,130.0,3.054369995163865,0
27.946929,95.902035,178.0,3.1818128120974354,0
25.165429,92.572604,805.0,34.276486320934104,0
23.387518,93.159902,1039.0,27.26604445073282,0
28.086841,96.46301,1236.0,22.228525063117385,0
26.012815,91.791012,418.0,23.04728376798721,0
25.78242,94.015652,684.0,18.25386240130491,0
25.483335,92.135436,1439.0,25.799362760193997,0
25.317857,91.86117,668.0,41.27259912026187,0
25.752733,91.168507,753.0,16.850495113189584,0
22.870401,92.794377,1098.0,36.60371100091371,0
24.144354,93.977543,1339.0,22.159545251940987,0
25.385434,94.030246,1212.0,24.53544118605691,0
28.596547,94.852973,1726.0,25.41113501633212,0
23.901549,91.855936,95.0,7.973233172986173,0
29.194537,95.673636,3721.0,32.71326956168635,0
27.926815,94.162042,739.0,16.054316318325498,0
28.615799,94.261328,3219.0,24.65581600575764,0
24.043889,91.75388,266.0,7.832625705078162,0
25.987063,91.992293,446.0,19.89037156536882,0
28.497394,96.178744,3246.0,15.49341556950095,0
25.917526,90.100024,31.0,2.263636058426967,0
28.822103,94.528082,2434.0,45.699271840711766,0
24.689739,94.070532,793.0,1.96786377642228,0
23.897458,92.568665,473.0,38.82422460049922,0
26.749828,92.660506,79.0,1.96786377642228,0
26.765831,92.019431,113.0,1.9091524329963765,0
27.782773,96.874853,4015.0,28.11888767128317,0
28.294554,96.157431,1605.0,23.75010057347409,0
24.910393,94.13784,942.0,17.285708504282233,0
28.59501,94.678242,922.0,23.67606426211324,0
26.775941,93.763472,82.0,5.808222980428714,0
25.088875,93.003795,813.0,17.14510977096244,0
26.096936,90.028037,30.0,3.646970455272818,0
28.960625,95.622313,3792.0,21.18246540153732,0
25.894561,89.854511,31.0,1.817522018719848,0
27.50117,95.960688,168.0,0.9548412538721888,0
28.659265,95.770851,2611.0,22.209742632332187,0
25.879368,92.232095,721.0,28.458539294810752,0
25.926136,93.034688,104.0,1.391763426244203,0
25.950968,92.353947,563.0,13.03657849691309,0
29.009012,96.376559,4810.0,15.951766186006653,0
27.050142,92.275618,2624.0,24.13187068397173,0
27.027342,94.317917,94.0,2.7199233149201807,0
25.747095,94.037002,642.0,11.37191452644113,0
25.360728,93.654118,551.0,17.183330483447964,0
28.187799,93.926924,1096.0,20.775375663823805,0
26.445448,91.876819,60.0,3.1818128120974354,0
25.537731,92.931091,206.0,0.7548944975654582,0
26.819266,94.118632,83.0,1.0675202709770988,0
26.00149,93.127692,110.0,2.3619913818349927,0
27.566988,94.984579,105.0,0.0,0
25.705433,93.53573,185.0,2.433138796850444,0
26.310233,94.34201,495.0,14.549536520794929,0
28.031903,97.283332,4385.0,38.01048912835688,0
23.115312,93.180147,790.0,24.591248866909307,0
26.320739,93.672087,517.0,18.74316463666049,0
27.945148,95.263488,161.0,2.9018215173024653,0
25.192724,92.447919,506.0,2.9018215173024653,0
23.924869,91.410741,49.0,2.862405226111748,0
25.279997,92.202645,694.0,22.49938749980349,0
23.382327,92.697345,648.0,18.871406554124068,0
28.938894,94.426051,4140.0,53.58054651998529,0
27.7232,95.461151,121.0,0.9548412538721888,0
25.4365,90.98205,447.0,9.232867658932433,0
27.315061,93.603561,1926.0,11.485371105544893,0
23.571909,91.927373,133.0,6.629140282386492,0
26.433843,91.865313,59.0,3.372286683433898,0
26.024716,94.16645,847.0,37.24571514151944,0
26.831707,93.948464,82.0,3.3214321859461395,0
24.631726,93.531698,1094.0,29.07799907556935,0
28.352761,94.270324,2851.0,9.0399363742107,0
27.263595,97.040577,3144.0,29.763135779358187,0
28.233323,95.931208,2303.0,19.630414815023528,0
25.225084,91.732658,1044.0,13.6170618313427,0
24.556847,93.630085,909.0,20.441660999453667,0
24.483345,93.915074,769.0,1.5095270002735288,0
24.881996,94.493501,964.0,12.574686308048038,0
25.136203,92.667929,1435.0,13.206566483906398,0
26.762396,94.35111,103.0,1.6876048941769748,0
27.883666,94.995354,302.0,13.828493153203071,0
27.636507,93.960412,1667.0,23.32204212346056,0
27.087319,93.639713,262.0,16.8595168388382,0
25.970379,94.019052,831.0,29.88199190250392,0
27.091528,93.432722,1009.0,26.60637925462931,0
26.711454,94.345303,111.0,1.96786377642228,0
28.386371,95.812735,1095.0,39.954897530327855,0
25.191375,92.419294,519.0,12.958842095998698,0
25.717768,94.262332,982.0,18.608468412150337,0
23.756942,91.422971,55.0,2.7199233149201807,0
28.274841,94.270861,1317.0,30.439898898614636,0
26.247104,91.752141,146.0,2.052775101535614,0
26.788709,92.220857,111.0,0.7548944975654582,0
24.405153,93.320449,328.0,24.92737818701056,0
28.999973,95.418494,2725.0,0.0,0
24.925779,92.762686,23.0,0.0,0
28.651183,93.705347,3609.0,22.656437373598656,0
27.366668,95.650271,151.0,0.7548944975654582,0
25.799322,94.965681,1762.0,15.02163983584544,0
25.949398,92.811531,80.0,2.263636058426967,0
26.878006,94.928395,130.0,1.2171181316034885,0
28.123927,97.037125,1995.0,37.247373202381205,0
26.324392,92.339881,59.0,0.6752059787394532,0
28.549269,93.677824,2511.0,37.68561849263843,0
22.971114,92.581436,202.0,16.041541080351973,0
27.202936,94.489949,94.0,0.3376147110174216,0
27.271334,92.68258,627.0,26.38903751874389,0
23.854482,92.619311,392.0,6.091478002079769,0
27.376976,96.434216,1078.0,32.28117293765781,0
25.764593,91.48693,600.0,14.277243114666131,0
27.275224,88.628121,1399.0,38.23952161547352,0
27.91251,97.029872,2977.0,39.98835039489205,0
28.765888,94.038061,3508.0,1.817522018719848,0
25.640501,94.441138,1505.0,39.55344988164576,0
24.915642,93.717323,1095.0,25.89250179780793,0
26.342479,89.994493,50.0,1.012750369636371,0
27.84694,97.045282,3331.0,32.59775007945755,0
28.05488,95.836286,216.0,1.4320961841646465,0
28.539183,94.700514,1307.0,38.25819921542004,0
28.761137,96.060175,3115.0,45.35465698621184,0
27.850527,93.255176,1349.0,13.582101615290334,0
24.361532,92.93562,558.0,33.95646109807802,0
28.000879,94.629126,919.0,11.204175805954709,0
27.720959,88.569169,2871.0,27.03723822261716,0
25.248478,93.294104,1041.0,30.6151238242545,0
25.550405,92.892912,208.0,7.454009592341948,0
26.585564,92.861748,74.0,1.391763426244203,0
26.03763,94.727806,1965.0,41.18721283765573,0
27.991489,95.408122,137.0,1.012750369636371,0
23.42522,93.091572,566.0,7.062044068464845,0
27.512443,92.126686,4085.0,34.29242363523321,0
22.919677,92.78505,650.0,33.659048854902686,0
26.960844,94.814045,95.0,1.012750369636371,0
23.288675,93.233462,1137.0,14.054953065884908,0
27.42763,96.759371,833.0,14.233109137789889,0
25.643951,93.041092,256.0,11.405135172235026,0
26.104377,93.573324,892.0,5.095619550423829,0
24.605014,92.584087,29.0,2.160788974078258,0
24.15858,92.018557,41.0,2.385944030388813,0
27.748578,88.325566,4879.0,44.00182355022962,0
23.597384,91.17994,19.0,3.723867216394672,0
25.628295,93.605387,275.0,0.9548412538721888,0
28.269505,94.840876,333.0,14.491950708622538,0
26.626941,92.596668,60.0,3.054369995163865,0
28.556208,93.471332,3502.0,25.0063879562472,0
29.05221,95.229813,3682.0,19.98488347684215,0
24.463391,93.708177,844.0,0.9548412538721888,0
27.569704,96.534182,924.0,13.142105387504266,0
26.917922,93.170733,152.0,3.3214321859461395,0
28.315282,93.702861,3028.0,11.804833968770469,0
26.217541,93.061465,84.0,1.7210061534334908,0
27.882694,95.095934,352.0,22.62393276031727,0
28.969919,95.539667,3419.0,10.315082561193282,0
27.808674,94.773936,757.0,33.05825736162379,0
25.099621,94.272932,1096.0,0.6752059787394532,0
23.251725,93.31403,1706.0,31.315930062176403,0
24.317918,92.69771,148.0,16.919509454227438,0
27.054296,94.934176,104.0,4.0586642321882005,0
25.847094,91.39043,192.0,9.20898742169279,0
27.307596,88.223831,1564.0,29.14753247032426,0
24.837845,93.871423,786.0,6.25509971741467,0
28.033983,97.109912,4143.0,31.74467986659196,0
26.493301,93.197652,124.0,11.91371945044716,0
27.183192,92.997868,1605.0,35.13066788374841,0
27.497765,93.67559,1120.0,15.533342334438306,0
27.706697,92.564018,3035.0,33.83507296292275,0
28.658519,94.506065,2204.0,38.49671617994502,0
26.334706,90.339017,166.0,11.818505884684436,0
24.068791,93.593582,1036.0,22.70911433198824,0
26.783959,95.166914,655.0,18.9959411552139,0
27.653004,93.717903,1363.0,14.833525810160392,0
25.651171,90.635518,314.0,1.9091524329963765,0
28.088862,94.709118,794.0,32.52693827064724,0
27.340519,93.414788,1923.0,25.0063879562472,0
24.241081,93.420047,1190.0,27.974910378512003,0
24.116503,94.069687,1255.0,21.869859308909422,0
27.96491,94.982388,588.0,31.244175851188174,0
22.077646,92.659327,185.0,7.187414250982758,0
26.952891,92.509736,197.0,2.263636058426967,0
25.532463,94.344301,1590.0,25.51670402283305,0
28.364911,95.559162,1027.0,42.91529851523395,0
23.488705,92.430797,533.0,33.424517225006475,0
24.36059,93.005262,502.0,11.54163616146147,0
22.862861,93.070021,381.0,20.07880037349212,0
25.263028,92.208433,883.0,19.89037156536882,0
24.952494,94.538204,1176.0,21.59639669389696,0
26.466032,93.542942,535.0,15.004339331196158,0
26.821669,93.435196,88.0,0.3376147110174216,0
25.314088,89.992042,42.0,4.5823147648922165,0
27.934452,95.403379,130.0,5.720433130975309,0
26.847824,94.909388,134.0,1.2171181316034885,0
25.291573,90.620731,90.0,17.493961698201165,0
25.328816,91.353645,1400.0,10.48288165556538,0
29.049314,95.978833,3560.0,28.82883496386852,0
26.755864,90.664929,207.0,2.698950908923438,0
27.147754,95.384621,428.0,29.77230894379481,0
26.680837,91.673313,82.0,1.4320961841646465,0
27.101501,95.348034,241.0,17.87903663354801,0
25.91351,92.431999,571.0,6.201053782439264,0
27.769916,94.656415,1058.0,16.75085894072259,0
26.243238,92.475745,67.0,1.391763426244203,0
28.568355,94.331875,2370.0,34.77407285385961,0
28.437543,95.922867,2119.0,40.39236654050496,0
26.795108,94.925329,353.0,9.520202144985053,0
27.067771,92.380622,1730.0,54.42120327413443,0
26.011235,90.891086,46.0,2.052775101535614,0
27.737051,94.042088,727.0,48.63843103758655,0
27.990689,97.059582,3872.0,21.182465401537318,0
24.936128,93.68235,731.0,28.987578250072637,0
25.894927,92.402719,538.0,0.0,0
24.106949,91.961275,60.0,10.14426119696945,0
25.525622,92.027235,1434.0,8.056359672969409,0
27.643879,94.744162,121.0,1.7210061534334908,0
26.284131,91.578293,51.0,2.7199233149201807,0
26.536852,91.325638,50.0,3.054369995163865,0
23.918167,91.965551,90.0,20.857668622063198,0
26.104108,93.111194,95.0,3.109633021988153,0
28.159447,95.624163,249.0,2.5695028228896355,0
24.835796,93.678405,1319.0,29.538782259558097,0
25.1966,92.075458,358.0,51.76309285548541,0
25.565052,89.965846,48.0,10.779771619960355,0
25.507657,91.630677,1694.0,11.386165083355712,0
24.246663,92.518407,73.0,9.37478274202116,0
27.79507,93.181636,1972.0,36.42230980353445,0
27.441705,95.685959,148.0,1.817522018719848,0
26.586454,92.003046,72.0,1.96786377642228,0
24.237192,94.166258,484.0,12.646669179823956,0
27.462564,96.33233,1181.0,34.7014168409633,0
28.416945,95.834676,760.0,22.991754575465414,0
25.22284,92.962365,785.0,15.345949929234184,0
26.580338,91.617917,62.0,2.1342998941463125,0
29.143821,96.155102,3263.0,38.24341460687454,0
23.314579,91.592992,32.0,0.9548412538721888,0
25.374795,94.484398,1882.0,36.620100719315154,0
25.922064,91.43802,62.0,1.012750369636371,0
29.122705,95.940245,2611.0,30.81928288395933,0
25.410787,94.255071,1902.0,18.28646508750085,0
27.975138,96.957672,1828.0,51.50800427298488,0
26.708592,92.5347,81.0,1.7210061534334908,0
29.311611,95.787408,3827.0,25.575997825418,0
29.284194,96.051437,4151.0,60.017500735278894,0
28.220707,94.798291,701.0,11.471257006629076,0
27.292617,95.815273,168.0,5.051152528017927,0
27.856729,88.303171,5197.0,25.6502330242665,0
28.056343,97.056519,3528.0,25.90410682486108,0
27.952017,95.349089,138.0,2.7199233149201807,0
27.6341,96.72609,3218.0,51.96294129840429,0
25.721244,90.425161,324.0,16.787174901536922,0
25.063526,94.51986,1056.0,28.972459897875357,0
27.499654,96.283042,368.0,2.0248682972773406,0
28.166504,93.293164,2359.0,31.67476890036257,0
28.759543,96.494542,3874.0,36.11297289008781,0
27.208007,93.077528,1146.0,40.23490701224109,0
26.891531,94.302077,83.0,2.263636058426967,0
23.837068,91.87321,113.0,5.885129333686067,0
27.400982,88.60239,1443.0,14.938380345292416,0
26.995142,92.453232,623.0,10.101065645351625,0
27.081517,94.942416,100.0,1.2171181316034885,0
27.934679,88.367285,5199.0,22.249367941393537,0
28.567186,94.993082,2184.0,33.90556740947305,0
23.824687,92.461169,687.0,18.05666126835963,0
25.227362,91.420879,532.0,21.47425899848928,0
25.160332,92.989688,708.0,22.991754575465414,0
25.613465,92.087182,976.0,15.81919394750014,0
26.486532,94.480474,793.0,18.96231828867539,0
23.690238,93.213041,1010.0,5.385977098599754,0
25.345325,91.418912,1490.0,10.663120448541864,0
23.611152,92.574207,447.0,20.09079841920037,0
28.678039,94.481014,3676.0,26.948858144511448,0
28.024048,93.586947,782.0,35.86819845525075,0
27.118419,95.609243,688.0,31.57639333699781,0
27.759469,93.916357,1119.0,19.98488347684215,0
28.317243,93.567102,3040.0,31.670097621922785,0
27.341259,94.112659,105.0,0.4774537773095774,0
28.917143,96.48721,4298.0,41.783723931317006,0
28.600455,93.831798,4262.0,32.42460957107069,0
24.333577,93.866516,766.0,2.263636058426967,0
27.555949,96.695558,1673.0,32.24850128082579,0
23.958728,91.652327,51.0,3.7692440164074177,0
26.148148,93.770478,146.0,6.201053782439264,0
28.106622,96.768473,3525.0,35.039635753721,0
28.758593,95.742951,2810.0,12.638224684699054,0
25.817945,93.087817,153.0,4.72794257368475,0
25.056433,94.123704,816.0,5.479268333625944,0
26.524976,94.676583,628.0,32.40339699534798,0
28.330438,93.325836,3373.0,25.584450735534,0
26.535367,92.406894,53.0,0.4774537773095774,0
26.112785,90.972391,39.0,2.8821812090202448,0
22.117657,92.992448,888.0,36.258247503868105,0
28.691573,95.486483,3665.0,25.998298576512585,0
24.188647,92.627466,170.0,17.047607783695927,0
26.019954,89.984109,32.0,1.7210061534334908,0
25.782175,91.610952,601.0,8.30048370216806,0
27.840781,92.725526,3201.0,38.36671296873473,0
29.180386,94.531325,4172.0,32.18183069514744,0
25.779342,92.12709,929.0,25.998298576512585,0
27.145163,93.862886,121.0,3.3214321859461395,0
28.124215,95.050135,1406.0,31.071894543103195,0
28.147521,94.716673,518.0,18.09247027171656,0
26.696039,92.643176,76.0,0.7548944975654582,0
26.483485,92.034087,60.0,2.5695028228896355,0
25.785239,92.224475,852.0,3.7692440164074177,0
24.765821,93.678337,771.0,19.211346516583987,0
26.528916,92.498109,63.0,0.7548944975654582,0
25.967922,94.077392,298.0,14.273571375658683,0
28.932261,95.43665,2511.0,18.86358755562412,0
25.544371,93.188202,310.0,3.843668167321381,0
23.657941,91.874567,167.0,2.433138796850444,0
26.691558,92.883201,72.0,3.4389123953782974,0
27.723822,91.646451,4192.0,52.54043464641461,0
26.535226,91.061836,43.0,0.7548944975654582,0
28.840596,95.862197,1575.0,33.20467980258028,0
23.090238,92.709273,622.0,34.723732538271605,0
25.729075,89.916296,57.0,4.100293712915969,0
25.928137,92.5766,415.0,22.02700214625758,0
27.769829,95.938279,149.0,1.2171181316034885,0
24.157208,93.107508,355.0,33.103284963509616,0
26.68817,92.712475,68.0,0.7548944975654582,0
24.921605,94.521248,988.0,21.674406116056463,0
28.534715,94.218851,1964.0,19.59573743353876,0
28.72278,94.180414,3119.0,31.24537431237192,0
28.363547,96.460833,2954.0,59.694572683054574,0
22.293379,92.584236,113.0,4.289153328819018,0
25.72994,91.560412,1157.0,3.5204050825976285,0
26.145251,90.006454,29.0,1.3502244696996155,0
28.600702,96.00493,2665.0,36.4615411112944,0
23.388006,93.032085,783.0,21.83994971124597,0
27.480835,92.316563,2076.0,43.13459072011759,0
26.756386,91.022171,93.0,1.6876048941769748,0
28.275831,93.236999,3283.0,29.734272666889545,0
25.883901,90.001936,30.0,3.723867216394672,0
25.676589,92.955943,124.0,2.3619913818349927,0
27.316588,92.144903,3654.0,10.939804462619982,0
28.267307,97.135219,4425.0,30.510211836286032,0
24.857815,94.298068,938.0,24.111515804807524,0
27.689634,96.443504,1394.0,20.66264400478191,0
25.319329,91.133818,414.0,6.173847782643145,0
26.923726,92.578928,114.0,2.263636058426967,0
24.203069,94.2542,309.0,10.865111054657977,0
26.171229,90.485261,31.0,2.0248682972773406,0
25.359941,91.978532,1028.0,48.4128221029476,0
26.249027,93.747921,311.0,15.99993592924168,0
23.98188,92.451081,203.0,16.156076286300124,0
23.585438,93.065573,661.0,4.787290497376919,0
25.97687,89.9196,27.0,4.380487094158032,0
25.110462,92.721949,1318.0,25.757610218736986,0
26.114221,90.538124,37.0,0.4774537773095774,0
24.289299,93.272515,700.0,32.7909254377919,0
28.204853,94.649444,492.0,17.755607999836727,0
25.028812,93.46111,343.0,18.434948822922014,0
26.658006,92.53438,71.0,1.0675202709770988,0
24.08299,92.091609,93.0,11.242759899173228,0
25.173844,93.627212,1399.0,14.129503142051032,0
25.845439,92.473561,620.0,4.787290497376919,0
28.481438,94.165234,2430.0,31.34573589697333,0
28.428844,94.848223,1032.0,27.888503825996008,0
28.798653,95.742012,2846.0,25.376933525152303,0
25.751512,93.18192,141.0,2.4563945664087456,0
27.048291,93.908349,91.0,1.7210061534334908,0
28.064356,96.139407,654.0,14.938380345292416,0
26.751581,90.389053,148.0,4.0586642321882005,0
26.269758,90.927555,38.0,2.052775101535614,0
28.822786,94.345532,3246.0,32.777826228602564,0
28.541891,94.603248,750.0,21.546350076535884,0
24.321444,92.651922,65.0,3.843668167321381,0
28.265757,94.947648,995.0,27.974910378512003,0
24.041655,92.317645,85.0,4.168739961832943,0
24.101979,94.060351,675.0,8.406583585732115,0
25.375987,91.256006,1324.0,8.280429976643653,0
26.783362,92.702144,80.0,1.6876048941769748,0
25.359954,92.453609,1009.0,15.439986990629263,0
26.729961,90.473664,121.0,1.6876048941769748,0
24.001745,91.709991,83.0,2.052775101535614,0
27.499779,96.170632,229.0,1.7210061534334908,0
26.9184,92.806004,96.0,1.6876048941769748,0
26.176527,90.793198,33.0,0.0,0
26.147296,93.392329,536.0,21.33568552558723,0
26.29709,92.786522,73.0,2.5695028228896355,0
25.128549,92.738588,1386.0,59.539868696056224,0
27.77124,92.429035,5164.0,21.829253707465693,0
26.182798,91.431576,46.0,2.263636058426967,0
24.661864,93.350686,1310.0,27.238572082130062,0
26.387258,94.90998,593.0,21.286998796640923,0
24.141063,93.749978,1074.0,10.64269042231061,0
25.325193,91.045688,286.0,21.822832559041476,0
26.875697,95.058225,146.0,2.6350263783644494,0
25.435068,90.056103,103.0,9.577706463587903,0
26.619017,92.185698,81.0,3.035723707408927,0
27.370231,96.914685,2524.0,36.439757778863154,0
23.575516,91.629951,47.0,4.520227592644634,0
26.882843,90.41296,309.0,4.380487094158032,0
25.893217,92.675316,235.0,10.92491063265941,0
25.635927,90.412619,510.0,19.31534334540923,0
26.617481,92.53648,64.0,0.7548944975654582,0
28.319851,95.449542,1805.0,54.51214351196725,0
26.487688,90.28367,53.0,1.6876048941769748,0
25.662594,92.873487,127.0,15.004339331196158,0
26.608485,94.139316,93.0,1.391763426244203,0
28.230214,93.856809,2503.0,38.92518394304661,0
26.197539,89.846987,34.0,2.3619913818349927,0
23.95477,91.414853,38.0,3.1996013002506887,0
28.009675,96.156659,346.0,7.952308641158609,0
23.629839,93.138905,1312.0,27.6742031146876,0
24.666842,92.777871,30.0,2.698950908923438,0
27.527021,95.613378,132.0,2.160788974078258,0
26.284667,93.683479,382.0,20.17928621572882,0
26.260904,94.10013,237.0,18.305448954250743,0
26.765247,94.265043,97.0,1.6876048941769748,0
27.580257,95.832156,149.0,1.4320961841646465,0
27.974096,95.557489,138.0,1.0675202709770988,0
24.255702,92.979063,128.0,4.0586642321882005,0
26.17751,93.754253,165.0,2.7818863802117484,0
28.123963,96.358199,3061.0,42.36646637202451,0
27.624645,94.313767,318.0,26.064074661084863,0
26.845773,92.832339,82.0,2.263636058426967,0
27.852203,96.233945,232.0,5.427642598914455,0
28.221802,96.351786,2893.0,37.688037649222295,0
26.441152,91.613466,56.0,1.817522018719848,0
27.275287,94.439162,91.0,1.6876048941769748,0
27.911443,94.362631,806.0,31.220188351035127,0
23.403338,92.484455,408.0,3.3384705437643523,0
25.297091,92.190629,765.0,21.4589234656262,0
23.95439,94.161612,284.0,18.512624441809518,0
26.975863,93.962842,83.0,2.263636058426967,0
27.711778,95.80238,139.0,2.263636058426967,0
26.943514,92.212087,697.0,33.732364879349106,0
28.680989,94.347431,2623.0,27.38759135157418,0
27.887821,96.546928,1228.0,28.987578250072637,0
25.348757,93.006412,388.0,11.179986107668157,0
24.001301,93.455748,1118.0,9.462322208025617,0
28.006072,93.833543,957.0,34.74020709678246,0
27.105047,94.857805,99.0,1.96786377642228,0
25.353805,91.509712,1615.0,6.281942803729766,0
25.412779,94.539948,993.0,37.0832203956562,0
26.774669,91.953549,142.0,3.389067065438376,0
28.924974,95.248464,3073.0,18.262020066776483,0
25.386766,91.422419,1527.0,4.289153328819018,0
25.550174,94.055806,2579.0,15.51006672197381,0
25.200418,91.185609,38.0,21.83567219571615,0
27.407932,95.084503,108.0,2.160788974078258,0
28.647132,95.376934,3333.0,30.49015291352645,0
28.441028,93.995489,3014.0,41.242479805498455,0
28.244456,95.888663,2145.0,34.06282477031528,0
28.693492,96.000596,2119.0,15.793169048263966,0
25.915113,92.625573,364.0,6.526986519680234,0
28.202634,93.981176,1261.0,26.246849689869403,0
27.983991,96.797664,2464.0,18.445687755403306,0
24.436087,92.333207,42.0,1.6876048941769748,0
27.065566,94.026676,89.0,0.7548944975654582,0
25.181762,92.177394,421.0,3.109633021988153,0
26.413607,89.918125,47.0,1.96786377642228,0
26.575153,92.347739,65.0,1.3502244696996155,0
28.434879,95.790333,820.0,18.434948822922014,0
22.078508,92.818575,611.0,20.7662044192666,0
25.628396,94.306306,2204.0,20.064389997069007,0
27.299612,92.87314,795.0,24.141114359485854,0
26.17852,92.264382,58.0,2.3859440303888126,0
25.738702,92.79196,169.0,7.125016348901798,0
24.888002,93.004305,95.0,13.362200604250484,0
23.848878,92.214305,110.0,7.454009592341948,0
24.611231,93.562515,1555.0,28.604000124906698,0
27.974778,96.021856,223.0,4.715981714482646,0
25.344216,90.043614,80.0,6.173847782643145,0
27.448057,92.205715,1996.0,56.60190898124344,0
28.185465,93.738461,1984.0,30.37433953750847,0
28.05934,95.493449,167.0,2.1342998941463125,0
25.322034,94.035392,1158.0,13.519692644101,0
26.98321,93.350901,586.0,30.5802270679675,0
28.184123,96.303504,2426.0,47.583580294487696,0
27.277133,94.847724,103.0,0.9548412538721888,0
26.306682,91.595895,50.0,1.2171181316034885,0
24.237518,92.075339,135.0,16.041541080351973,0
22.349051,93.040741,1130.0,29.710619869594677,0
28.29108,93.874814,2598.0,35.09943315911282,0
28.16295,94.033319,802.0,31.25974906882519,0
23.084823,92.398599,68.0,12.814236200163856,0
26.132873,92.41922,77.0,1.2171181316034885,0
27.512066,88.29246,4803.0,29.665849859262984,0
27.296143,92.521027,1187.0,33.02386755579665,0
27.224963,93.553106,867.0,5.730255777235155,0
27.85824,88.618669,4861.0,51.15373450421992,0
26.142401,91.27949,38.0,0.0,0
27.758889,92.103493,4488.0,36.134314696635705,0
26.53666,94.463559,312.0,15.747500365404113,0
25.464018,93.969166,1400.0,39.79429568756374,0
26.37879,93.746878,500.0,10.046788047511114,0
28.441258,95.935204,2807.0,30.886779445974373,0
26.448688,91.423767,56.0,1.0675202709770988,0
28.03459,96.105082,506.0,18.87140655412407,0
27.658158,92.58408,2828.0,39.24978392744962,0
27.535831,93.812493,1607.0,12.416385315606288,0
25.423372,90.289273,169.0,4.495148566143528,0
28.079757,96.446784,1433.0,45.5703632033515,0
26.221816,94.957118,1786.0,19.52115352837376,0
25.194625,93.428044,642.0,27.974910378512003,0
23.889464,91.963548,101.0,7.896224746479509,0
27.74475,94.506089,420.0,8.543726239832896,0
27.82474,96.409414,1373.0,33.14071386408493,0
25.848934,93.098544,166.0,10.890071351587055,0
27.573165,92.915358,1383.0,22.349028218086264,0
28.46719,93.432135,3201.0,30.90636316982921,0
27.604614,92.033643,3874.0,47.09361965530516,0
24.658408,93.935031,778.0,5.322852793549542,0
25.424785,92.775032,664.0,27.069679712969403,0
27.627613,91.94238,3365.0,27.05732860824776,0
24.479792,92.494515,61.0,10.024987862075742,0
27.024881,92.800263,144.0,6.926249082072704,0
25.609323,90.000965,29.0,3.471741285563965,0
25.248284,90.234341,61.0,4.763641690726178,0
25.98241,93.559719,196.0,7.062044068464845,0
29.248388,95.615404,4179.0,32.96459132297932,0
25.747227,91.140569,704.0,35.49716625587208,0
26.330085,93.085106,351.0,22.228525063117385,0
26.54396,94.206968,109.0,1.6876048941769748,0
24.677718,94.479288,664.0,10.606834346352132,0
24.849887,94.472571,790.0,33.31073869919926,0
26.232074,94.864332,2022.0,25.74590029069077,0
24.497864,93.641622,964.0,22.850066084228267,0
26.578654,94.784892,733.0,26.24522678855696,0
27.92308,94.603055,1015.0,28.713308565785912,0
28.810558,95.115411,2250.0,45.59662051668176,0
26.557191,93.476603,255.0,16.8595168388382,0
27.020871,93.788529,98.0,1.391763426244203,0
27.037796,95.748474,1556.0,11.333816091683136,0
27.238207,97.025993,1876.0,22.149067082891257,0
27.809923,88.253617,5767.0,29.076632747398463,0
24.093985,94.238749,233.0,7.125016348901798,0
28.264911,95.340744,2289.0,38.379067082746815,0
25.660479,94.72393,1288.0,22.991754575465414,0
25.075919,92.672968,287.0,17.14510977096244,0
27.820321,96.134333,189.0,2.5695028228896355,0
25.796893,90.874143,374.0,4.0586642321882005,0
25.614279,93.370604,291.0,11.043443551421284,0
28.323729,95.633699,1168.0,46.181499463509546,0
25.421922,92.454325,1048.0,2.8821812090202448,0
27.309028,93.637503,1484.0,18.71421868208481,0
25.309916,92.974179,480.0,22.09236283290953,0
28.477515,94.623285,1401.0,19.31534334540923,0
24.308551,92.655553,102.0,19.53361037793315,0
26.103633,91.73724,113.0,6.201053782439264,0
28.316399,93.276886,3768.0,34.97675368176345,0
26.576982,90.618626,70.0,1.4320961841646465,0
27.242169,88.786612,2378.0,40.544200857003126,0
23.014932,92.387584,46.0,1.7210061534334908,0
22.213431,92.627327,127.0,4.380487094158033,0
26.24041,94.556141,1007.0,25.158054376798784,0
25.205568,93.195869,703.0,25.034387530343444,0
28.60057,94.453571,3309.0,22.41717783710008,0
23.351099,91.793708,100.0,5.051152528017926,0
24.783825,93.42886,842.0,19.23169663439495,0
27.428102,88.713785,3666.0,16.970296539403275,0
23.467908,91.733131,56.0,4.520227592644634,0
28.970951,96.143345,3092.0,34.46178797032803,0
28.16418,95.860913,607.0,54.8201740151519,0
25.097965,93.951291,966.0,2.3859440303888126,0
23.719927,91.184402,49.0,6.466625310264721,0
27.925823,88.481304,4950.0,23.02549200852804,0
27.227523,92.753698,1417.0,36.57606932744572,0
26.819729,92.896067,79.0,4.691966863384949,0
27.822099,97.084707,2418.0,21.18246540153732,0
27.4061,94.74887,110.0,4.114075330927888,0
26.77794,94.995914,374.0,10.45164277519746,0
28.825172,95.182867,1630.0,14.663910850320782,0
26.455937,91.284265,48.0,4.114075330927888,0
26.485681,93.159585,160.0,13.085403969626222,0
28.349431,93.594715,2029.0,27.367901029378203,0
26.711447,92.350475,88.0,3.5204050825976285,0
25.817406,94.004001,852.0,17.282793933851345,0
27.01151,94.90641,103.0,2.160788974078258,0
25.988461,91.262828,100.0,19.603175151704185,0
26.729966,95.001392,708.0,16.481519112248904,0
29.057295,95.958784,3723.0,24.009351471470996,0
27.378127,95.393608,126.0,1.0675202709770988,0
27.555954,94.693263,105.0,1.0675202709770988,0
26.308589,90.800474,38.0,1.0675202709770988,0
25.48076,91.303394,1483.0,13.214598833651117,0
26.195886,93.748558,177.0,6.853224835121291,0
25.180742,90.495175,99.0,22.58116805648409,0
24.191555,93.427035,579.0,9.566235322594842,0
24.581598,93.784836,768.0,0.0,0
26.11291,93.176671,198.0,12.40776353895246,0
25.293669,93.217514,569.0,15.747500365404113,0
27.530998,95.982355,170.0,1.9091524329963765,0
29.104843,95.187281,2769.0,37.10665502172081,0
27.821094,95.647343,132.0,3.584252301697434,0
26.116947,90.453785,36.0,2.3859440303888126,0
23.216231,91.355197,41.0,7.140669081283051,0
26.822632,94.409418,92.0,2.698950908923438,0
25.02119,93.102779,554.0,44.67912405049935,0
27.897967,95.901414,154.0,2.4563945664087456,0
27.802362,92.986139,3037.0,19.53361037793315,0
27.745304,95.62041,130.0,2.7199233149201807,0
28.338574,96.301426,4101.0,30.19014503549518,0
25.908406,93.295566,165.0,2.8821812090202448,0
27.491315,88.186811,3775.0,31.55053112892585,0
25.431446,94.00375,1309.0,34.342127617443346,0
22.704293,92.614916,195.0,19.74133069999896,0
26.469709,92.319656,59.0,4.0586642321882005,0
25.777009,90.920917,515.0,12.364552990274646,0
24.236861,93.204306,567.0,28.644724980772644,0
27.547673,93.969806,2372.0,16.419546536130245,0
25.667915,91.515532,1122.0,14.321218120542095,0
26.451548,93.730539,118.0,1.012750369636371,0
27.695775,91.857827,4329.0,29.81940502019479,0
24.834882,92.778559,23.0,0.9548412538721888,0
25.187125,93.963501,1293.0,19.603175151704185,0
28.038657,96.779368,2760.0,20.91228418611125,0
26.327743,93.908998,115.0,4.0586642321882005,0
27.425571,92.162085,2161.0,49.12173363014849,0
27.996836,94.740758,766.0,21.11088313257194,0
23.861693,92.197785,128.0,9.468127301102086,0
27.456423,95.06381,113.0,2.1342998941463125,0
26.39879,93.030278,535.0,5.759620519825523,0
23.681491,91.815095,126.0,1.817522018719848,0
26.810227,93.139752,84.0,1.391763426244203,0
22.28132,93.171539,1340.0,28.338954722538684,0
27.477604,92.467471,2520.0,27.548768527766555,0
22.29556,92.990072,898.0,26.360054096082703,0
29.04449,94.384267,4214.0,31.64321208246038,0
27.592414,93.848399,1631.0,10.224719622276762,0
28.00915,96.924104,2121.0,38.06176053983252,0
23.57715,93.136652,1208.0,19.239320641900022,0
28.2204,95.611368,309.0,1.4320961841646465,0
25.825511,94.494467,1348.0,29.561355069386384,0
27.398992,93.470591,2443.0,14.663910850320782,0
26.824168,94.856504,292.0,9.73677691573277,0
27.174987,92.594,1628.0,23.92340109573501,0
26.141496,93.261572,468.0,11.56032367563233,0
25.965865,94.483446,1325.0,20.21263223645209,0
25.602766,89.893362,22.0,2.1342998941463125,0
26.844399,91.848599,232.0,1.5095270002735288,0
24.977981,92.911003,210.0,5.322852793549541,0
25.934445,94.458388,1408.0,27.89731165603317,0
25.981654,91.936586,535.0,6.317550481225067,0
26.527704,90.29993,60.0,0.7548944975654582,0
26.712991,91.10451,59.0,1.5095270002735288,0
26.698967,92.136089,97.0,2.6350263783644494,0
27.818818,95.828473,136.0,0.6752059787394532,0
24.842902,93.427091,684.0,13.91959061491351,0
27.639269,93.293957,3138.0,17.605475947467195,0
27.983225,96.723537,1209.0,23.88588673441924,0
27.645255,91.923106,3465.0,18.35954987108923,0
26.833085,93.758151,77.0,1.3502244696996155,0
26.134467,90.270148,35.0,1.2171181316034885,0
25.511216,91.394032,1489.0,8.111279210562941,0
26.789856,93.171176,81.0,3.054369995163865,0
25.564967,92.542015,912.0,4.380487094158033,0
25.887984,92.674704,283.0,6.396919649384459,0
27.117806,93.303519,810.0,23.73683729802772,0
27.192046,92.835381,597.0,19.58333291182221,0
24.288534,92.14681,43.0,3.8140748342903534,0
28.74325,96.248884,2752.0,35.658139944168404,0
25.831205,92.518857,616.0,22.54646342839272,0
27.881614,93.82046,1573.0,28.222814437179903,0
26.053379,93.537178,502.0,15.251218301460002,0
25.229187,93.888965,1159.0,16.02875346654702,0
27.442615,88.102644,4364.0,29.51750907883067,0
25.721344,94.831289,848.0,21.665757838123444,0
24.703116,92.439514,11.0,0.0,0
25.313975,91.805779,1040.0,27.32693024036751,0
25.513177,91.442483,1578.0,24.66655208306602,0
23.536949,92.914042,1449.0,10.160408198552636,0
27.571038,92.669464,2490.0,21.260377126997213,0
26.647887,92.932314,70.0,2.6350263783644494,0
27.557137,95.333598,120.0,0.7548944975654582,0
28.171852,96.737071,3544.0,36.35408096003235,0
27.226089,93.660437,704.0,22.99771348109526,0
28.087805,96.43605,1435.0,28.644724980772644,0
29.278667,96.160825,4126.0,28.61664962451376,0
28.057632,93.150214,3151.0,12.30377093525282,0
28.374265,94.632249,673.0,30.29329268429791,0
27.09911,94.83611,102.0,0.7548944975654582,0
27.643161,92.843221,1658.0,40.63992485769936,0
22.212457,92.877391,505.0,28.06231934554589,0
26.51073,94.991447,1700.0,21.01416343922592,0
26.429749,93.715267,208.0,18.933807308939237,0
27.627984,96.021098,238.0,3.8140748342903534,0
29.279353,96.129892,4155.0,27.951522826640524,0
25.595237,90.232212,397.0,12.50650945509941,0
24.797217,92.555395,28.0,8.049466975528398,0
24.658933,92.58675,31.0,2.1342998941463125,0
27.157,93.464759,1200.0,5.989218403964244,0
25.548261,93.666556,719.0,8.38679794033457,0
26.375458,92.410993,58.0,1.0675202709770988,0
24.411818,92.446134,38.0,2.862405226111748,0
24.457327,93.697712,972.0,14.199903426374894,0
28.883303,94.31086,3270.0,22.62393276031727,0
26.640567,93.070711,69.0,8.29380481769877,0
28.729591,94.477567,4046.0,38.925183943046605,0
24.777816,92.978857,29.0,5.520212884789397,0
24.978115,93.539916,904.0,30.65988313340736,0
24.851677,94.358569,1398.0,22.64628690782382,0
26.048442,90.546124,178.0,22.5157777782506,0
25.749716,92.021049,839.0,2.1342998941463125,0
25.130094,92.514537,419.0,22.81795965049028,0
27.395071,88.371158,2006.0,48.52745130618904,0
26.530127,93.870985,95.0,3.3384705437643523,0
27.885158,94.470508,543.0,21.80569647219029,0
25.347254,92.318181,1181.0,5.759620519825523,0
23.992312,91.418167,43.0,2.0248682972773406,0
25.555657,94.84036,2644.0,17.038709505535593,0
25.402461,91.152551,941.0,2.433138796850444,0
26.076333,94.115457,292.0,32.486972326994305,0
26.538001,93.780925,98.0,3.035723707408927,0
25.965954,94.091949,555.0,26.880307851328983,0
28.243166,96.92953,2941.0,32.2800474067902,0
27.746777,92.507152,3754.0,33.44025753518539,0
28.035348,95.280826,303.0,8.842508257902008,0
28.343435,94.920067,1245.0,27.09897640142693,0
23.502642,93.292712,1206.0,23.55956944141389,0
23.75973,93.033552,631.0,28.61243420119806,0
26.568263,94.450211,577.0,20.22214606536205,0
24.472392,93.306221,754.0,25.915703593185818,0
23.222357,92.384323,95.0,7.2338446967252255,0
27.212924,95.982542,1215.0,39.94582490429605,0
28.847979,96.442132,3649.0,32.087580878338315,0
28.337217,93.376467,4086.0,43.9248777098823,0
29.049352,94.755243,2364.0,33.56147477240979,0
28.271079,96.324626,3119.0,44.11489914608208,0
27.744997,96.603822,1541.0,47.32099145833476,0
22.414142,93.038201,1072.0,18.92342579250582,0
28.549038,94.128373,2591.0,27.48268113292448,0
23.789334,92.58888,462.0,21.80569647219029,0
25.161328,93.977344,1238.0,30.749039875040545,0
28.694476,94.603445,2036.0,27.6742031146876,0
27.666079,88.590984,2257.0,26.34070322946383,0
27.48985,93.104082,1470.0,39.74699058137311,0
24.218244,92.107154,63.0,8.543726239832896,0
27.612121,96.881264,3427.0,35.7321083760404,0
27.24852,93.818612,300.0,10.759583898850556,0
26.46774,92.807891,68.0,3.035723707408927,0
29.331086,95.789933,4898.0,22.067094489482304,0
27.649279,88.808161,4843.0,44.10378981086922,0
28.313078,95.486619,1124.0,56.88265521142336,0
26.921229,93.810808,83.0,5.808222980428714,0
27.827241,93.880503,1151.0,35.18353501801075,0
26.394395,91.291044,41.0,0.3376147110174216,0
26.057086,95.142187,2195.0,19.443685247106973,0
26.711606,95.147417,603.0,19.180768177227858,0
24.834215,92.692175,20.0,2.1342998941463125,0
23.593031,93.148474,1234.0,31.93082336831347,0
26.308463,90.29618,46.0,1.3502244696996155,0
24.582412,93.449173,486.0,24.214872463290742,0
25.288466,91.335335,520.0,3.389067065438376,0
25.569762,93.33179,435.0,8.917089630363527,0
28.1893,94.837538,664.0,18.100721056875138,0
25.29432,90.289609,192.0,6.990494340294632,0
28.391301,94.061022,1108.0,45.87199339374728,0
26.719275,95.117957,864.0,25.6434983579031,0
28.205946,94.886418,850.0,13.915808695897177,0
24.778729,94.394513,594.0,9.970261598239336,0
28.015203,96.842223,3305.0,28.513767565360823,0
24.624388,92.783818,37.0,2.7818863802117484,0
24.41011,92.261375,62.0,14.218362225962917,0
24.10396,92.362075,108.0,10.601701230793774,0
26.70234,93.474191,91.0,2.1342998941463125,0
28.860821,95.776095,2006.0,23.02549200852804,0
27.576944,94.148286,316.0,4.393377408433921,0
27.165872,88.286742,716.0,40.47960177649056,0
28.676055,94.448826,2704.0,40.41472972667954,0
27.48295,88.060892,4499.0,19.33554969199933,0
22.462831,92.640154,80.0,6.281942803729766,0
28.53484,94.953196,1551.0,19.926793281440663,0
26.933043,93.241108,111.0,0.9548412538721888,0
26.785938,92.282268,105.0,2.6350263783644494,0
25.350243,92.632182,907.0,6.344120839226984,0
26.595255,93.009993,72.0,2.4563945664087456,0
23.875808,92.748174,1245.0,19.78056829771728,0
22.289898,93.023431,1288.0,27.472142708863853,0
25.439215,91.68519,1808.0,4.315448959323992,0
26.679815,91.124316,52.0,0.4774537773095774,0
24.684439,92.285291,27.0,1.0675202709770988,0
28.611002,93.582788,3283.0,41.02019703617589,0
28.492729,93.919947,3532.0,33.74472394278676,0
26.373329,91.022393,39.0,0.4774537773095774,0
26.479694,92.611125,67.0,1.0675202709770988,0
27.666889,95.705187,134.0,0.4774537773095774,0
26.334985,94.744347,1190.0,19.42362711598592,0
27.526404,93.895342,2015.0,17.390226107566324,0
24.48042,92.417546,27.0,1.96786377642228,0
26.576484,94.676412,420.0,15.678696056854935,0
27.88477,95.579255,128.0,1.2171181316034885,0
24.510128,92.985264,293.0,15.46672895722096,0
27.70994,88.286699,4397.0,13.893092084630068,0
28.063799,97.162561,4364.0,14.780768081886675,0
27.167836,92.047415,2136.0,15.845167180271268,0
24.217267,92.73252,120.0,17.346772975188973,0
22.638112,92.55946,176.0,12.017034920835403,0
28.34484,97.079686,2416.0,30.729268773830185,0
24.002835,94.073613,488.0,21.04797249248752,0
28.197591,97.338619,4320.0,21.43040257774228,0
23.380728,93.363807,1347.0,10.905017436104703,0
26.227112,93.492312,836.0,18.180232325920816,0
27.339497,94.543246,98.0,0.3376147110174216,0
27.397407,88.332013,2071.0,9.0399363742107,0
27.506193,94.184622,312.0,25.9239819496776,0
28.576725,94.823019,2423.0,19.211346516583987,0
27.717181,94.067552,1361.0,34.12430047584768,0
26.690168,94.859657,1177.0,30.02066192256465,0
25.610155,94.1274,1502.0,19.109168969144932,0
24.474682,92.630911,78.0,8.898506676457863,0
27.761799,95.323855,123.0,3.471741285563965,0
27.083085,95.126326,106.0,1.3502244696996155,0
24.355201,92.795859,164.0,10.683507759366371,0
25.015351,94.551277,1612.0,36.29348215572224,0
23.919794,92.919194,888.0,31.83974832021572,0
26.673804,92.176086,89.0,1.7210061534334908,0
28.872235,95.130565,1943.0,25.297995386414776,0
25.430291,94.62875,1637.0,31.57639333699781,0
24.124287,92.625874,131.0,29.562681922695614,0
22.922042,92.71051,889.0,16.919509454227438,0
27.429195,92.978345,1179.0,21.04572088407583,0
22.122023,92.92405,96.0,7.572619707513907,0
26.744524,94.773529,372.0,16.46605279144296,0
24.465729,93.499452,1386.0,18.43494882292201,0
28.800176,95.921798,1504.0,29.358425201839857,0
29.014998,95.516585,3753.0,45.29778000881304,0
23.802979,92.349517,346.0,15.210403137986306,0
24.40631,93.214359,219.0,18.053902977226738,0
24.401691,93.898774,773.0,1.7210061534334908,0
24.607575,93.893477,776.0,3.7692440164074177,0
25.902775,91.138257,102.0,12.726575502846694,0
25.399161,90.949098,401.0,14.567477216824017,0
23.707672,93.048918,874.0,27.7158031444104,0
28.865123,95.357272,3639.0,19.198613308677363,0
24.099506,91.41823,50.0,5.730255777235155,0
24.851826,93.058094,32.0,0.9548412538721888,0
23.808861,91.439675,39.0,1.7210061534334908,0
23.613707,92.359868,275.0,29.76313577935818,0
27.061522,94.036959,83.0,0.7548944975654582,0
28.106456,93.43622,1339.0,33.674565536686735,0
24.06032,92.898533,893.0,17.721756522654722,0
22.95952,92.475963,71.0,9.64622531297678,0
25.626514,92.171535,1092.0,9.520202144985053,0
24.687416,93.224226,440.0,24.475819581509896,0
26.975831,93.123887,313.0,10.744415839592216,0
26.050349,93.070583,89.0,1.7210061534334908,0
25.882799,91.747111,511.0,19.26216888274202,0
23.146086,92.515788,577.0,26.158981435332173,0
28.314584,94.823601,420.0,11.102188334009536,0
27.493707,91.999128,4163.0,23.934638252629068,0
25.457476,94.66421,2141.0,14.663910850320782,0
25.291633,93.288929,657.0,14.426843693074732,0
27.049866,95.893678,1388.0,23.7538880555143,0
28.955431,95.992321,2784.0,36.776253139433,0
25.01738,94.237425,1108.0,19.662542604417947,0
26.333303,90.24695,40.0,2.7199233149201807,0
24.878476,94.625523,689.0,29.508193449952163,0
27.745213,93.271438,1685.0,24.98360255030264,0
26.00861,93.998562,718.0,41.23734716159439,0
23.966996,94.07443,687.0,26.206228705814937,0
26.523369,91.05628,44.0,1.3502244696996155,0
24.562351,92.942678,49.0,6.893893059635488,0
23.603758,92.85794,864.0,40.671922413159095,0
23.562228,91.772579,124.0,2.7199233149201807,0
26.523162,92.859639,72.0,5.885129333686067,0
24.575197,93.651449,731.0,20.532771786488425,0
26.357891,93.993397,107.0,0.3376147110174216,0
27.355495,88.823532,4025.0,34.7014168409633,0
27.644657,93.666315,1814.0,22.47682283321852,0
28.976695,96.080661,3009.0,25.05186268222714,0
25.165614,90.810467,35.0,12.364552990274646,0
26.660419,93.335889,78.0,1.5095270002735288,0
27.074434,92.788038,240.0,23.628423517864423,0
28.879963,96.010422,2673.0,40.83552688451493,0
23.157256,92.460735,99.0,13.488363377027731,0
29.315812,95.911543,3942.0,31.24057994587448,0
23.335337,92.649156,756.0,23.11839285872288,0
25.685969,93.369198,258.0,15.88726415506511,0
29.198191,96.135017,2957.0,10.073966449940604,0
27.099897,92.2084,2509.0,29.763135779358187,0
26.58283,94.194104,100.0,2.052775101535614,0
27.655105,96.516466,2663.0,25.8493248967401,0
23.086576,91.58624,117.0,3.1996013002506887,0
27.084503,94.0806,85.0,1.4320961841646465,0
27.045495,95.389162,409.0,27.238572082130062,0
26.246007,91.255092,48.0,1.6876048941769748,0
27.818538,94.54019,860.0,22.902099885228424,0
23.139185,92.567761,304.0,17.34387124693696,0
25.546488,90.712774,284.0,0.3376147110174216,0
28.402194,93.821623,760.0,16.46605279144296,0
25.082627,94.506177,1672.0,36.26177444635085,0
25.40349,90.522608,422.0,14.920965202252992,0
27.018864,93.911692,89.0,1.2171181316034885,0
28.111073,92.758583,4675.0,12.368881699581566,0
28.529969,93.31116,4908.0,27.608618516257856,0
26.850541,93.232147,97.0,1.6876048941769748,0
24.530625,92.526245,42.0,8.917089630363527,0
27.416401,92.236234,2387.0,22.47682283321852,0
26.008594,91.623783,342.0,2.3859440303888126,0
26.764706,90.4677,142.0,2.3859440303888126,0
26.618927,90.698206,78.0,2.052775101535614,0
26.342434,91.294276,43.0,1.012750369636371,0
25.365241,90.702362,260.0,27.129758654976115,0
24.738756,94.584734,296.0,18.053902977226738,0
25.258018,93.039914,406.0,8.792413167178566,0
26.183508,91.286133,45.0,1.391763426244203,0
25.403949,94.289401,2121.0,18.180232325920816,0
27.312246,96.103903,421.0,27.806069555844164,0
26.6341,90.49417,83.0,2.385944030388813,0
26.25571,94.446565,923.0,16.360405825306987,0
25.552191,90.88671,714.0,1.6876048941769748,0
25.829274,94.566805,1891.0,41.8103148957786,0
27.323541,93.486309,1704.0,21.64844674283294,0
27.212774,94.943451,107.0,0.7548944975654582,0
25.556345,92.961206,144.0,8.29380481769877,0
24.251454,92.331008,74.0,6.729688843059036,0
25.879895,94.848184,1241.0,18.737906048136225,0
27.479524,95.882744,155.0,2.7199233149201807,0
22.407525,92.619474,179.0,9.321835749415005,0
26.254083,92.165737,56.0,3.631393549323058,0
23.649539,92.861616,830.0,27.89731165603317,0
23.75959,92.674991,836.0,2.3859440303888126,0
27.131313,92.90266,830.0,15.845167180271268,0
25.702558,91.013507,846.0,11.61618599950392,0
27.703805,96.633244,2267.0,35.3112134396332,0
28.043254,97.354771,4323.0,34.61867922481203,0
27.746,92.385752,5139.0,30.68097742913412,0
22.351783,92.673276,143.0,15.220619174941184,0
25.437118,89.94447,63.0,5.875572624808732,0
28.360844,95.355821,2277.0,20.136303428248134,0
26.937014,95.576895,1631.0,30.98811892025737,0
28.531626,94.791018,1638.0,24.89919247685793,0
26.755332,90.540932,133.0,2.3859440303888126,0
29.067891,94.851511,2628.0,26.113233272206745,0
25.758211,91.597018,754.0,14.491950708622538,0
27.43562,88.421791,3196.0,32.71217319384876,0
27.593236,93.967595,2314.0,26.25982709963758,0
28.674747,95.192891,2302.0,36.226470158484496,0
25.934993,91.448905,60.0,2.7199233149201807,0
25.501832,93.693239,1422.0,20.357067134725924,0
25.752522,90.531286,122.0,7.454009592341948,0
25.771621,91.789903,673.0,23.41709294979364,0
25.615174,94.748502,1856.0,22.513729930717684,0
28.153541,97.027529,1189.0,25.542142151256705,0
28.769347,95.917363,1805.0,45.08825733744741,0
26.545485,93.608048,382.0,17.183330483447964,0
25.965703,91.751164,264.0,3.389067065438376,0
26.385969,91.74346,53.0,0.4774537773095774,0
27.574885,96.147075,487.0,12.442210235207456,0
28.468039,93.409702,4064.0,19.36328809080433,0
28.356452,95.782989,1001.0,46.69187946700142,0
28.300422,95.56018,787.0,24.75752120048139,0
27.052584,93.218108,1319.0,34.47360737236817,0
27.661644,96.624942,2252.0,40.97848172860279,0
26.415098,90.468208,163.0,29.27358055799764,0
26.761841,91.141881,63.0,1.012750369636371,0
25.587801,93.993139,2590.0,12.106073141102073,0
26.368157,91.874501,60.0,3.5204050825976285,0
26.436128,92.382993,62.0,2.052775101535614,0
23.352566,92.573057,515.0,9.009392102751413,0
28.819847,95.024089,2714.0,22.904097758623656,0
26.043252,93.635916,206.0,6.344120839226984,0
25.330257,92.437118,1016.0,2.7199233149201807,0
26.033316,92.288489,326.0,4.393377408433921,0
27.142016,94.98045,106.0,0.0,0
25.721434,89.838344,31.0,0.7548944975654582,0
25.592704,91.629499,1623.0,8.867442917822803,0
28.85914,94.64332,846.0,35.42211254498641,0
26.794425,94.266925,102.0,4.495148566143528,0
25.395038,94.05429,1342.0,7.363740476577823,0
28.599255,95.6499,2169.0,28.735641668064066,0
25.766695,92.922132,80.0,1.7210061534334908,0
27.444225,93.879585,1964.0,43.13685210141645,0
27.54369,93.458133,1770.0,31.88016008342817,0
25.569169,91.211134,1288.0,15.128378509366811,0
26.151227,92.54391,62.0,1.2171181316034885,0
24.182587,92.740396,82.0,10.160408198552636,0
27.60878,94.772236,108.0,0.6752059787394532,0
26.804198,91.459829,217.0,15.07339984228436,0
24.807332,94.010127,933.0,31.244175851188174,0
24.716969,94.381096,1038.0,24.04471837301716,0
26.967279,95.549369,1497.0,40.915694047991735,0
26.650508,90.495789,87.0,1.391763426244203,0
27.554332,95.495009,127.0,0.6752059787394532,0
27.58774,88.596106,3843.0,39.92346957548317,0
26.226829,94.09791,421.0,11.818505884684436,0
23.809138,92.561009,665.0,35.98342760298727,0
23.946721,92.000952,59.0,1.6876048941769748,0
28.279787,95.921662,2230.0,33.05825736162379,0
27.7082,96.423184,943.0,44.92270122203262,0
23.802389,91.878426,115.0,11.727024027980926,0
29.076064,94.842843,2901.0,9.748032163491192,0
24.060278,93.525413,736.0,27.638462093497584,0
22.404677,93.173464,631.0,26.37616234007461,0
26.651776,92.13276,84.0,1.6876048941769748,0
24.060916,91.597104,28.0,2.8821812090202448,0
26.660705,92.771489,76.0,1.6876048941769748,0
22.009792,92.935514,64.0,5.601182019805608,0
26.757898,91.694804,117.0,2.862405226111748,0
26.853793,94.74744,100.0,1.2171181316034885,0
27.197879,92.1422,3111.0,18.64821573021375,0
27.448743,94.477227,99.0,3.931095784160226,0
28.845176,95.585449,2806.0,9.37478274202116,0
23.505437,93.35599,1496.0,12.106073141102074,0
25.057635,94.714382,931.0,11.56032367563233,0
25.870022,91.438202,71.0,3.7692440164074177,0
24.32197,92.296257,46.0,1.0675202709770988,0
26.205782,91.802054,54.0,0.6752059787394532,0
28.307479,94.826875,623.0,34.56785515791498,0
29.191139,96.068685,4513.0,6.0172848640320336,0
25.694771,94.569338,758.0,26.45165926284944,0
25.697445,92.682323,569.0,11.333816091683136,0
24.362687,92.136468,41.0,4.857533338413092,0
27.014408,93.743948,115.0,1.6876048941769748,0
26.268132,94.168649,416.0,9.920728647509224,0
28.210255,95.364886,675.0,40.39779090802276,0
28.241718,95.279366,1466.0,17.29444852858009,0
27.08029,93.606435,282.0,22.44805706788405,0
26.920427,93.532638,98.0,1.2171181316034885,0
25.307615,92.866295,670.0,18.85054651314856,0
27.456393,96.459959,952.0,26.2338619626374,0
26.389032,91.165572,42.0,1.012750369636371,0
26.792559,92.020477,133.0,2.052775101535614,0
25.947934,92.517116,226.0,38.67344937613533,0
26.646377,94.685155,282.0,21.56377602443453,0
28.260649,96.042602,1386.0,52.661904767675296,0
27.704413,88.67103,4299.0,35.492543378828444,0
27.430867,93.328598,3216.0,28.4201958069496,0
25.464627,94.581812,1380.0,6.137379659610732,0
25.828336,92.690867,306.0,23.82756479623918,0
25.368217,94.24699,1905.0,27.92370693399913,0
27.903427,92.743796,3726.0,35.72025969698282,0
28.611081,94.542109,2905.0,48.00855791628958,0
27.896443,94.327945,467.0,30.788511285352257,0
23.174105,91.653876,58.0,5.322852793549542,0
24.81009,94.39728,1014.0,35.65722463378061,0
29.097969,96.129411,3888.0,29.288426111381536,0
26.894262,93.351723,118.0,3.723867216394672,0
25.578117,91.688707,1649.0,19.82702865340817,0
23.659909,92.98177,862.0,18.92342579250582,0
26.818116,93.494882,84.0,0.3376147110174216,0
26.777449,94.613495,111.0,3.372286683433898,0
22.139544,92.958213,528.0,23.844518927280347,0
22.264038,93.16759,948.0,31.88016008342817,0
27.281186,88.463146,1407.0,20.40412237789089,0
28.182414,95.172114,1053.0,46.12050877888997,0
25.184309,91.497778,71.0,25.79602649449995,0
27.575503,93.512026,1936.0,26.32132942828673,0
28.293586,95.296231,1851.0,32.54356214739029,0
26.42718,94.584889,586.0,17.721756522654722,0
26.337935,95.077716,1641.0,36.41270532798108,0
23.923322,92.649778,122.0,22.367643951988068,0
26.966456,94.527863,100.0,6.0637651384102655,0
26.769308,92.653453,81.0,2.052775101535614,0
25.294903,91.137121,239.0,4.393377408433921,0
26.943419,94.072164,82.0,0.9548412538721888,0
26.14663,90.341695,28.0,2.052775101535614,0
26.11854,92.672212,63.0,1.4320961841646465,0
27.750203,96.035011,198.0,2.7199233149201807,0
26.44397,90.686366,53.0,2.4563945664087456,0
27.678943,93.142131,1667.0,19.152681749482543,0
25.620701,92.374553,953.0,9.232867658932433,0
28.010734,92.903026,2802.0,45.190213306829975,0
26.173414,91.759264,56.0,1.3502244696996155,0
24.922123,92.700231,24.0,1.0675202709770988,0
27.545759,93.558483,2262.0,25.7910208138188,0
28.615087,94.649994,861.0,28.99444565883044,0
26.818192,90.537017,188.0,0.3376147110174216,0
24.326232,92.998403,765.0,14.491950708622538,0
28.023242,93.097374,2300.0,39.13841051180572,0
24.005363,92.2406,125.0,16.11800792223731,0
24.225364,94.019285,1309.0,21.837811101082977,0
26.801425,95.261455,912.0,37.1492512634978,0
28.30468,93.845199,1691.0,39.42475424660612,0
25.239071,92.826271,1022.0,21.83994971124597,0
25.272415,93.679464,1100.0,10.111883288785483,0
26.861416,94.736805,101.0,1.3502244696996155,0
26.773784,93.592872,75.0,1.6876048941769748,0
27.931954,93.0625,1908.0,32.53026438958432,0
27.472703,92.636839,2340.0,37.934459773100194,0
28.949515,95.726492,2609.0,23.799267833265677,0
25.718326,93.856498,371.0,4.222687118252763,0
28.318483,94.922194,934.0,40.96934127188988,0
26.130404,93.433022,689.0,20.75932234748779,0
24.884945,93.719974,851.0,27.72322067406976,0
25.547748,89.905636,28.0,0.7548944975654582,0
26.462536,92.395774,61.0,0.3376147110174216,0
27.249303,95.494511,175.0,3.843668167321381,0
25.826312,94.555343,1715.0,10.176527410054078,0
27.289356,88.596247,853.0,2.3619913818349927,0
26.79872,93.679912,69.0,4.5823147648922165,0
27.272009,95.088729,113.0,0.3376147110174216,0
27.979813,94.126131,1740.0,28.05505294022374,0
25.159646,92.179447,43.0,17.390226107566324,0
24.445734,92.209308,24.0,1.6876048941769748,0
28.658629,94.000792,2471.0,27.435959625295588,0
26.57464,90.117066,64.0,2.6350263783644494,0
25.765493,94.040582,709.0,16.03195153188694,0
27.926502,95.244593,163.0,3.1996013002506887,0
25.075148,94.146979,922.0,14.710076334813872,0
27.173459,92.971077,1610.0,22.62393276031727,0
27.543681,94.4159,123.0,1.2171181316034885,0
23.900029,91.64869,53.0,3.3384705437643523,0
23.858516,92.643058,222.0,10.073966449940604,0
27.401577,88.253465,2617.0,30.00645962393004,0
27.421984,88.589546,1514.0,7.33339277230879,0
23.462201,92.813701,1070.0,11.657887631052056,0
25.534254,93.247133,320.0,5.479268333625944,0
23.902102,91.607347,58.0,3.1996013002506887,0
27.806902,96.266716,261.0,4.044691235386269,0
27.824062,93.010635,3114.0,24.513786157374398,0
27.746348,95.655417,128.0,0.7548944975654582,0
24.863804,92.512176,19.0,0.7548944975654582,0
27.672091,92.282776,4535.0,18.28646508750085,0
25.318728,90.332407,207.0,11.043443551421284,0
24.417833,93.842325,771.0,2.3619913818349927,0
24.185761,91.766074,101.0,3.372286683433898,0
25.735559,91.751121,744.0,13.488363377027731,0
27.713818,94.231445,1349.0,33.65801388639844,0
27.423079,96.89461,2609.0,48.96593668132183,0
27.753899,92.416526,5142.0,9.37478274202116,0
23.991298,92.207569,63.0,6.9262490820727045,0
26.005337,90.268436,38.0,1.7210061534334908,0
26.821378,94.136219,84.0,1.817522018719848,0
28.702736,94.237885,2208.0,27.68758601868061,0
25.892329,92.001098,811.0,13.994979876087651,0
28.637184,94.617238,1028.0,29.755269015513345,0
28.267105,96.363589,4024.0,53.57925307559389,0
25.372635,92.199634,1306.0,7.506142784255757,0
25.667215,92.971512,161.0,6.173847782643145,0
27.346095,96.163876,322.0,19.67241406345793,0
24.27845,92.000031,40.0,0.0,0
24.928682,94.351414,1329.0,24.978339816373097,0
25.87399,94.821917,783.0,15.718057291157356,0
27.451178,93.438173,2004.0,23.021526638116164,0
23.295884,92.733374,562.0,30.289483850608832,0
26.848839,92.656542,93.0,3.5204050825976285,0
24.893378,92.297537,20.0,2.433138796850444,0
26.740554,92.177933,104.0,2.9018215173024653,0
26.23569,92.889465,315.0,10.309790918800935,0
24.72916,92.299969,53.0,4.903792362690797,0
23.830055,92.162461,569.0,31.98706127236685,0
27.826713,92.19197,4587.0,36.72408580657073,0
28.161766,93.706457,2133.0,38.86019587196805,0
28.726478,95.982065,2635.0,14.920965202252992,0
27.492125,94.539756,108.0,0.3376147110174216,0
25.33538,94.574939,1638.0,22.30965536562337,0
26.371014,90.759496,43.0,1.6876048941769748,0
28.330099,93.702524,2320.0,17.957022439063543,0
27.633956,95.184623,108.0,2.7818863802117484,0
23.689607,92.442122,497.0,16.91651608571675,0
25.553144,94.619819,1318.0,17.447952614184832,0
25.950288,91.400065,63.0,11.276401445303804,0
27.972899,96.463166,1648.0,23.538471130687597,0
25.780454,92.43839,951.0,13.678958883276364,0
25.707151,90.178698,202.0,13.64418168215864,0
26.70173,90.224029,136.0,2.263636058426967,0
29.337783,95.83736,4855.0,55.69869331091981,0
28.535428,93.460412,2743.0,51.45457233776688,0
28.40807,95.382232,1049.0,30.2526198317206,0
24.77736,93.970026,781.0,2.433138796850444,0
26.575926,90.781054,53.0,3.1996013002506887,0
27.632241,96.132354,541.0,13.94980312049591,0
25.577422,93.671953,550.0,17.62255313386367,0
25.742727,93.577893,178.0,3.109633021988153,0
28.116138,93.535382,1328.0,17.676493644843124,0
28.217485,93.613311,1375.0,34.907876215342675,0
25.144658,92.619278,1206.0,10.45164277519746,0
27.725887,95.569015,125.0,1.817522018719848,0
23.415342,92.652455,592.0,27.548768527766555,0
26.874245,93.947454,81.0,1.391763426244203,0
26.289452,93.871843,121.0,3.646970455272818,0
27.955686,96.333511,1519.0,30.6151238242545,0
25.073055,92.619595,338.0,9.764888815306495,0
26.259499,91.477547,50.0,3.8140748342903534,0
23.475211,93.10775,783.0,29.541439484010905,0
22.748433,92.899154,541.0,26.494872769013885,0
23.522076,91.631561,47.0,2.263636058426967,0
26.693907,90.826718,121.0,4.0586642321882005,0
26.686694,89.90618,96.0,1.96786377642228,0
26.16678,94.988443,1245.0,22.09236283290953,0
28.112481,97.095452,2160.0,43.28702134588312,0
26.425022,90.836557,42.0,1.2171181316034885,0
27.215592,93.195501,1707.0,40.54352934976556,0
27.780929,92.835696,2162.0,15.268186189415482,0
26.639745,94.472603,224.0,27.22176077341697,0
24.651403,94.386908,703.0,24.02983657211802,0
27.03095,95.837842,1272.0,33.424517225006475,0
26.379686,90.460511,48.0,2.5695028228896355,0
27.907342,88.319822,5261.0,11.657887631052056,0
25.936965,94.375546,765.0,17.224372940700082,0
25.583095,93.976296,2070.0,42.529304431773255,0
27.886342,97.104206,3635.0,36.75147347541815,0
26.775126,91.861995,144.0,3.1996013002506887,0
25.378724,94.516629,1306.0,20.630280325836832,0
27.332412,94.246435,93.0,1.2171181316034885,0
27.460635,94.52111,102.0,0.7548944975654582,0
25.292454,93.314086,737.0,21.42820647145751,0
26.917221,93.766913,80.0,2.052775101535614,0
25.674791,90.416512,541.0,13.690528612758222,0
28.949824,95.129812,2867.0,36.39610223508826,0
26.734888,94.618058,139.0,4.972358392400693,0
26.810317,93.167153,84.0,1.2171181316034885,0
22.688422,92.759064,341.0,39.43197210676055,0
27.584221,92.762501,1498.0,14.833525810160396,0
26.476284,90.492568,52.0,2.385944030388813,0
27.800466,94.878394,369.0,26.21110856138564,0
27.434854,88.140285,3910.0,35.08426737770889,0
26.566672,91.464351,62.0,0.7548944975654582,0
27.429489,96.506271,1240.0,2.385944030388813,0
25.888948,90.553557,223.0,19.180768177227858,0
25.406243,91.300899,1426.0,3.389067065438376,0
28.52714,95.883422,2098.0,48.16831530814641,0
26.402569,93.199654,701.0,3.3384705437643523,0
27.885922,94.763657,445.0,25.7910208138188,0
25.887327,90.498676,75.0,3.035723707408927,0
26.783351,93.814533,77.0,5.788832299437198,0
27.351122,94.102577,113.0,2.052775101535614,0
25.632561,91.167207,1318.0,9.748032163491192,0
25.538395,92.383335,1199.0,11.471257006629076,0
27.034802,94.384867,87.0,2.052775101535614,0
26.584777,94.252339,106.0,1.012750369636371,0
28.649871,94.95921,1283.0,41.38040945105959,0
25.156776,94.222286,1380.0,23.22837545005452,0
26.17986,94.973344,1606.0,16.335425999817126,0
26.332958,92.459104,59.0,2.3619913818349927,0
25.221601,94.328159,1855.0,29.5984667800097,0
25.20976,92.222224,573.0,21.01416343922592,0
26.625396,90.738091,85.0,1.6876048941769748,0
27.212543,92.258568,2161.0,31.88016008342817,0
25.748371,93.321178,207.0,1.6876048941769748,0
27.817237,94.199431,1239.0,18.122699715761893,0
28.199285,95.940423,2619.0,31.586961664177164,0
29.263031,95.669653,3373.0,27.32389130134654,0
23.621325,93.369892,1138.0,28.009929602088064,0
28.787002,94.112793,3732.0,8.735690934280582,0
26.093645,89.988599,34.0,1.2171181316034885,0
28.797768,94.387875,3659.0,25.067574195417883,0
25.601872,91.897751,1420.0,12.485117908823954,0
22.782982,92.597344,125.0,17.18920118358791,0
28.014131,97.37541,4127.0,31.24057994587448,0
28.342148,94.975965,670.0,11.276401445303804,0
26.089996,92.352445,164.0,9.970261598239336,0
24.626608,94.311239,1078.0,36.03089954468842,0
26.659327,94.533621,265.0,13.782682527396112,0
24.040471,93.954732,1371.0,25.68386458926364,0
27.45877,88.580566,2512.0,21.743418679701104,0
27.764086,95.770616,132.0,0.7548944975654582,0
25.994494,90.706462,59.0,7.718201376243395,0
25.00397,92.938467,475.0,27.30716708684455,0
27.507908,92.957801,737.0,31.08521091464772,0
26.791364,94.751103,103.0,0.7548944975654582,0
25.292083,90.793465,464.0,15.1694569017345,0
26.711538,90.290594,149.0,3.584252301697434,0
25.669185,90.998399,771.0,5.550718212127324,0
28.521306,93.914662,3922.0,32.9548711795407,0
26.732343,93.626089,73.0,5.095619550423829,0
22.721832,92.570985,292.0,16.919509454227438,0
25.310124,91.371881,1174.0,24.990616865068148,0
26.71639,92.422572,85.0,3.016961309815993,0
27.654457,96.590674,3437.0,15.770354673539524,0
25.742775,90.905866,606.0,25.66369399626147,0
24.769715,92.314119,23.0,1.817522018719848,0
27.107094,95.801893,903.0,19.890371565368824,0
25.804954,94.820034,975.0,29.02188679208434,0
26.627995,91.954677,79.0,1.2171181316034885,0
26.669066,91.662268,81.0,3.843668167321381,0
27.720346,94.339162,441.0,13.16632060042364,0
26.011617,91.169101,50.0,2.052775101535614,0
27.921343,95.536378,128.0,2.3859440303888126,0
25.640339,93.368089,279.0,4.857533338413092,0
24.601543,92.928929,42.0,3.054369995163865,0
28.729032,95.7848,2985.0,27.32693024036751,0
26.59029,92.400352,60.0,1.817522018719848,0
26.009577,90.767236,53.0,2.385944030388813,0
25.486031,94.507681,1019.0,30.186312370649645,0
25.723032,90.018644,43.0,9.468127301102086,0
26.309091,94.470893,1187.0,28.80107107267857,0
27.974978,95.491962,138.0,3.584252301697434,0
23.76247,91.749366,112.0,17.41334553404802,0
24.943796,94.416599,1167.0,28.17959117310977,0
28.911042,95.948646,2446.0,35.6727778624621,0
25.086778,94.714072,1473.0,10.197976691639711,0
27.536109,91.735112,1816.0,30.985684296843363,0
23.803693,92.403176,165.0,11.395654497719995,0
26.235868,94.204378,428.0,10.825043206197622,0
27.643738,95.807866,143.0,0.9548412538721888,0
25.15561,93.75342,778.0,17.156881303434954,0
26.825817,95.136485,420.0,24.77885133126535,0
25.05905,93.821364,1258.0,38.51738676032907,0
28.201685,95.330821,1048.0,42.81973578467039,0
25.335004,90.246504,230.0,10.539890808166064,0
23.960912,91.74427,118.0,10.939804462619982,0
28.638706,95.157057,1866.0,36.24060117677678,0
25.591749,94.341617,1444.0,46.33305128663952,0
27.069472,94.700115,93.0,4.72794257368475,0
27.6805,96.887717,3779.0,45.32503152021683,0
28.433617,94.309666,3422.0,36.89703704231115,0
28.266711,96.746335,3210.0,41.86520340596629,0
25.700368,92.081734,972.0,21.76062380611809,0
23.707874,93.273133,1328.0,16.738731980922584,0
25.78762,89.840808,30.0,7.454009592341948,0
26.722827,91.700787,98.0,3.035723707408927,0
26.715367,91.318348,76.0,2.160788974078258,0
24.819025,92.923641,26.0,1.0675202709770988,0
26.019791,92.878687,70.0,3.054369995163865,0
23.735583,91.933117,157.0,3.109633021988153,0
26.156915,93.829325,127.0,3.5204050825976285,0
25.323496,92.451951,985.0,15.329084884541668,0
25.727855,94.816382,1141.0,21.57900758977469,0
26.234155,90.628711,40.0,0.7548944975654582,0
25.693556,90.456755,312.0,12.776750912510217,0
27.425933,93.75367,859.0,23.275277984230797,0
29.013554,95.16478,2214.0,32.34408023648522,0
28.503786,94.883793,1591.0,26.6047916406615,0
23.00352,92.813763,939.0,29.09302123556689,0
26.376748,92.723711,64.0,3.4389123953782974,0
27.593212,92.77059,1135.0,41.64194151302286,0
26.164386,93.65078,475.0,12.776750912510217,0
23.889187,91.390828,38.0,3.3214321859461395,0
23.690335,91.675811,57.0,3.471741285563965,0
27.790044,93.450267,1121.0,40.59247227012556,0
24.385883,93.585818,925.0,13.238662414738936,0
27.474944,88.056074,4347.0,36.733505603395045,0
25.434238,91.218171,1009.0,20.60016624692669,0
27.538343,91.829941,2099.0,27.638462093497576,0
26.307313,90.05519,54.0,0.3376147110174216,0
25.767615,94.258195,709.0,13.362200604250484,0
27.601293,93.828108,1576.0,2.862405226111748,0
24.995355,93.514496,831.0,5.396424351416363,0
26.255029,93.390402,1002.0,6.201053782439264,0
27.104937,95.520611,496.0,14.621143938770764,0
27.493801,94.279023,104.0,2.160788974078258,0
27.689458,92.411025,5151.0,29.14345035760773,0
26.382931,94.748955,1280.0,26.47087935835388,0
25.354554,89.93007,67.0,4.262693045214654,0
24.689657,93.567326,616.0,21.726194396251515,0
26.150924,90.234723,39.0,2.052775101535614,0
27.475659,88.150914,3741.0,32.427956428323874,0
25.506983,90.222875,444.0,22.6056192976606,0
25.298397,91.285954,850.0,37.12086641175678,0
26.748593,90.297685,208.0,1.2171181316034885,0
27.127932,97.073721,1826.0,19.0346404786535,0
26.226886,93.083033,84.0,2.160788974078258,0
28.730945,94.075397,3836.0,27.440486866129568,0
24.225206,92.827508,388.0,3.843668167321381,0
27.014619,92.34469,1061.0,30.510211836286032,0
25.810061,94.252524,687.0,31.312349744847197,0
25.833155,90.052111,42.0,3.1818128120974354,0
27.910228,95.08476,339.0,14.222050628593289,0
23.74129,91.536319,102.0,20.957647957804443,0
28.075926,95.433466,150.0,11.768288932020646,0
28.384209,93.603908,1919.0,32.33959481722726,0
24.859113,94.245335,1088.0,16.18139460308577,0
25.298885,93.59703,826.0,25.998298576512585,0
25.279961,91.556478,869.0,34.35502587922775,0
27.13479,93.259724,1463.0,17.447952614184832,0
23.88539,92.631762,276.0,40.62857634325013,0
28.58926,96.366145,3196.0,9.748032163491192,0
23.797156,91.430585,48.0,3.843668167321381,0
27.457894,93.102757,689.0,14.656793243901692,0
25.447544,93.680926,1081.0,24.92737818701056,0
25.251493,90.657102,61.0,18.38382861198566,0
26.579855,95.085403,1251.0,24.585856570338397,0
25.874963,92.779277,91.0,3.035723707408927,0
25.791366,92.031075,1156.0,38.28617419494396,0
26.991007,94.585959,99.0,5.322852793549541,0
28.578206,93.713526,3815.0,7.085726953533678,0
23.800699,92.394286,206.0,25.688903331931808,0
26.888479,94.626692,98.0,2.160788974078258,0
22.669703,92.736961,283.0,25.22039963647754,0
24.444948,93.624176,1050.0,19.868475685293085,0
28.011857,96.710166,3084.0,24.319395133210687,0
26.215659,92.007489,53.0,1.2171181316034885,0
25.722205,93.796833,527.0,10.14426119696945,0
26.507637,94.191545,104.0,1.96786377642228,0
23.712178,93.070954,952.0,17.775317038209,0
27.23736,94.884284,107.0,0.9548412538721888,0
24.387999,92.905414,96.0,11.768288932020646,0
27.214257,93.4683,1634.0,20.255397035151077,0
22.18835,92.662072,170.0,17.038709505535593,0
27.795336,88.224692,5749.0,53.38205509673362,0
27.138395,92.570532,1369.0,22.783774675057916,0
24.802591,92.354298,19.0,1.7210061534334908,0
28.068921,95.659749,171.0,2.3859440303888126,0
26.513234,93.373836,396.0,8.710355024840405,0
28.789788,95.692506,2608.0,22.61986494804043,0
24.069461,93.854397,1290.0,22.668609279892426,0
25.553146,92.661245,698.0,2.9018215173024653,0
26.034409,93.97745,312.0,1.817522018719848,0
27.884504,94.233865,963.0,22.951970937855915,0
27.504174,94.230627,124.0,2.433138796850444,0
25.582812,92.574657,756.0,15.825692089271731,0
28.218547,95.138991,1637.0,42.16325988123858,0
22.63259,93.007017,1045.0,36.19817081784228,0
24.771354,92.976624,26.0,4.0586642321882005,0
28.931893,95.555555,3244.0,29.970253193070143,0
28.787369,94.404005,3535.0,21.4589234656262,0
27.908654,95.910183,162.0,2.4563945664087456,0
24.56417,94.419771,398.0,20.451031062849548,0
26.196423,93.575901,801.0,17.687823087123586,0
23.915045,92.733287,713.0,33.928998185593265,0
26.868729,94.054093,81.0,1.6876048941769748,0
24.688628,93.86042,774.0,2.4563945664087456,0
25.862486,92.517623,616.0,19.74869565807571,0
23.757769,91.549837,169.0,14.833525810160392,0
26.277353,91.20844,46.0,0.9548412538721888,0
28.111561,97.284868,3786.0,33.761188188501244,0
28.405563,94.309252,3789.0,25.66369399626147,0
26.278592,94.519902,1024.0,28.700732912898086,0
26.574001,91.689929,67.0,3.016961309815993,0
26.063047,93.25164,136.0,5.385977098599754,0
27.502278,94.823547,102.0,7.506142784255757,0
28.739467,94.586814,1774.0,31.976746229701007,0
23.00273,92.63071,536.0,19.53361037793315,0
28.3783,94.511529,2452.0,36.0237429260037,0
26.54812,91.097646,53.0,1.2171181316034885,0
26.659675,95.045961,565.0,18.232085761299903,0
26.436364,95.085169,2166.0,35.02251023762291,0
25.947865,92.119486,610.0,17.721756522654722,0
26.331145,93.636344,469.0,19.85873383010241,0
25.340637,89.854562,81.0,11.671751367544037,0
27.28321,93.235672,1976.0,17.653807205632088,0
24.138446,91.936327,74.0,1.2171181316034885,0
26.0296,92.788305,68.0,4.100293712915969,0
26.331836,92.120077,50.0,1.2171181316034885,0
27.380619,92.681234,2728.0,26.79421507792808,0
26.160091,91.035148,39.0,3.4389123953782974,0
29.022388,96.111581,4353.0,32.483637447308,0
26.31312,94.87189,941.0,21.777809823956574,0
24.295764,94.039622,1174.0,17.562691357484656,0
25.726169,91.127466,964.0,18.74316463666049,0
26.586007,93.750021,84.0,1.3502244696996155,0
27.430045,88.448389,2426.0,27.993888359268137,0
27.785069,88.455189,4079.0,24.53544118605691,0
25.00483,94.485953,1334.0,32.51251731617001,0
25.757316,91.676112,781.0,10.111883288785483,0
28.176857,95.365525,613.0,21.25371448094992,0
22.17833,92.755206,235.0,10.850104629797377,0
29.308384,95.721819,3864.0,38.25819921542004,0
23.772455,92.643138,291.0,16.30726771871584,0
24.311564,93.935113,1142.0,18.632329962088228,0
26.156847,95.098404,1663.0,39.32262445986268,0
26.912838,92.71471,108.0,1.0675202709770988,0
26.661156,93.375171,87.0,3.372286683433898,0
26.561945,93.680353,209.0,6.423150913734816,0
24.496949,93.65312,1307.0,36.43626970061044,0
24.361073,94.144095,1285.0,26.969056945002592,0
26.51005,90.711523,50.0,1.96786377642228,0
28.934011,94.761843,990.0,33.38352154900421,0
28.71238,94.164135,3009.0,27.41028169409525,0
27.784226,92.625676,4104.0,68.168012328532,0
26.044244,92.841151,66.0,5.570959980093077,0
25.273572,92.385607,845.0,4.431819877885358,0
25.309707,91.48744,752.0,35.31121343963321,0
28.11599,94.181783,766.0,23.738732727210387,0
23.280408,92.935578,979.0,6.317550481225067,0
27.792629,93.524418,772.0,25.96365963845809,0
24.456159,93.497914,1455.0,17.470976189870605,0
25.124413,93.979524,1117.0,26.969056945002592,0
26.008636,90.294247,41.0,1.817522018719848,0
27.258857,92.463992,2154.0,22.466555410680765,0
27.121737,95.377279,398.0,9.39236065800289,0
24.391981,92.461174,83.0,8.543726239832896,0
27.648043,92.386524,4615.0,18.43494882292201,0
26.468324,92.573111,64.0,5.258953144814,0
28.274442,94.08398,611.0,21.393026047204746,0
25.846431,90.881732,417.0,5.885129333686067,0
27.33091,94.205508,90.0,0.7548944975654582,0
27.782461,92.626209,3847.0,55.66848196288071,0
25.787362,93.953463,1125.0,20.7662044192666,0
26.657414,90.110062,115.0,1.817522018719848,0
28.258998,96.543166,1636.0,54.88191978772732,0
25.688056,94.020405,1561.0,18.56861104463105,0
23.690884,92.90585,393.0,30.92592371819028,0
27.66017,92.720449,1540.0,27.83997641829,0
26.102134,93.805611,131.0,1.6876048941769748,0
26.71051,92.258411,95.0,3.054369995163865,0
27.351425,92.080028,3594.0,24.521007738729743,0
26.96598,93.992368,84.0,5.479268333625944,0
28.627829,94.556191,3066.0,19.89037156536882,0
26.703835,91.139856,55.0,0.3376147110174216,0
26.498796,90.421571,60.0,1.0675202709770988,0
27.123055,93.105262,1346.0,36.43016373930555,0
28.114882,97.262281,4250.0,17.329353473832693,0
26.379577,91.079016,41.0,3.016961309815993,0
25.448578,91.319458,1514.0,4.393377408433921,0
26.356246,93.361323,405.0,21.59856895434569,0
28.060927,96.86127,3407.0,30.89167755260865,0
24.672733,94.534119,401.0,20.72026486844253,0
25.784328,92.821832,101.0,1.391763426244203,0
24.904522,94.276317,818.0,24.98360255030264,0
23.108478,93.258836,870.0,26.26306984200398,0
26.425121,90.245864,52.0,1.0675202709770988,0
25.227854,90.11627,61.0,2.385944030388813,0
25.905698,91.210713,81.0,7.454009592341948,0
25.610245,93.795997,844.0,18.053902977226738,0
27.332941,95.493012,153.0,6.721369339369457,0
24.540522,93.645142,654.0,16.481519112248904,0
28.381451,94.355739,3344.0,37.26063148075202,0
26.120928,94.254698,1073.0,11.891126739446706,0
25.372212,92.614451,1029.0,6.173847782643145,0
25.924582,91.222353,139.0,12.776750912510217,0
27.852226,96.402757,1905.0,19.0346404786535,0
27.961503,93.686676,1786.0,51.06263886305885,0
27.699019,92.931825,2703.0,25.352949515010675,0
27.125932,93.313513,898.0,33.65076727448982,0
27.28343,92.862021,431.0,10.315082561193282,0
26.367016,94.19812,425.0,25.78601359367464,0
27.300646,94.378307,92.0,3.389067065438376,0
23.97496,93.891873,2018.0,41.9364444957447,0
28.500297,95.80211,648.0,19.52115352837376,0
28.330509,95.271027,1451.0,20.54441298478533,0
27.512713,88.774228,4267.0,14.851062468857862,0
23.607405,91.548636,83.0,10.92491063265941,0
26.87202,94.194702,81.0,0.0,0
27.696618,94.263167,813.0,29.58124669955053,0
28.884883,94.938099,1722.0,14.365035635987493,0
25.726482,93.360329,252.0,8.710355024840405,0
26.632341,90.746758,88.0,1.96786377642228,0
26.326944,91.621219,54.0,3.372286683433898,0
25.650341,93.328113,364.0,5.062306669977521,0
22.33621,93.040351,1198.0,24.014940918652613,0
25.488328,93.064605,140.0,19.69460081513802,0
26.347109,90.947707,41.0,1.817522018719848,0
26.069434,94.055958,375.0,14.481123401789077,0
27.916863,94.018267,1771.0,16.453666886955713,0
26.05509,95.016567,1618.0,36.93512402800127,0
28.908151,96.106109,3128.0,11.927252133664076,0
22.949253,92.473643,121.0,6.25509971741467,0
25.863256,93.612753,216.0,5.438007905136233,0
27.827775,88.360693,4962.0,36.30403750755425,0
26.131923,94.342643,663.0,16.632155145358805,0
24.393548,93.424788,658.0,26.962844577431213,0
27.972194,95.992092,216.0,1.6876048941769748,0
23.635676,91.630396,58.0,4.822542232360713,0
25.650393,91.677053,1383.0,15.220619174941184,0
26.365576,94.066447,105.0,1.2171181316034885,0
29.012057,95.077837,1521.0,27.17735741799749,0
27.1486,95.126818,117.0,1.96786377642228,0
26.487858,91.455015,58.0,0.3376147110174216,0
24.765576,93.017203,29.0,2.698950908923438,0
29.163669,95.927256,3795.0,41.63194170007532,0
24.122934,94.092704,1026.0,19.887940280112208,0
24.728548,93.334487,202.0,20.40412237789089,0
27.441794,94.989018,106.0,2.9018215173024653,0
27.57206,92.969269,772.0,23.85957416726988,0
24.353497,92.027864,44.0,2.160788974078258,0
25.314153,93.968979,1941.0,32.259774690144994,0
27.668914,93.325103,2748.0,28.293169783508667,0
22.940878,92.55389,354.0,26.35521852641146,0
28.878742,94.909063,2325.0,8.459106004104362,0
26.816652,93.95393,86.0,1.96786377642228,0
27.724873,88.555932,2595.0,13.202548211490392,0
23.865296,91.806271,134.0,12.604382648379184,0
22.40462,92.975828,624.0,36.37422987373354,0
28.877935,94.524876,2642.0,21.108640778693708,0
26.763205,92.924094,73.0,1.2171181316034885,0
27.68202,96.721087,3317.0,38.79418532590087,0
24.98091,93.119975,126.0,7.572619707513907,0
27.017495,92.139931,1236.0,49.60294021972598,0
26.799564,92.546564,89.0,1.391763426244203,0
26.582843,94.052292,91.0,6.25509971741467,0
24.842417,93.769572,1245.0,27.22787596691276,0
25.59649,93.271876,405.0,1.2171181316034885,0
26.690453,90.092294,132.0,2.052775101535614,0
25.933182,92.64744,309.0,9.697272655464085,0
27.75882,94.874795,477.0,13.206566483906398,0
26.390998,92.941145,343.0,37.30034023114171,0
27.587638,96.32854,565.0,8.716696336468738,0
26.093506,93.568626,960.0,24.53544118605691,0
27.193402,92.487861,1415.0,36.26089278326507,0
26.525261,91.769873,62.0,2.9018215173024653,0
25.270412,94.139778,1418.0,27.963220750915905,0
22.935455,92.840782,577.0,41.88734881078857,0
27.125851,93.932052,93.0,2.385944030388813,0
27.536825,91.755898,1825.0,27.226347381898258,0
28.517467,95.803203,905.0,31.105769677100664,0
22.453028,93.14556,464.0,44.970625713981214,0
23.414603,91.573296,82.0,7.660316591254672,0
26.36544,90.537407,43.0,3.631393549323058,0
26.575967,92.36669,66.0,3.372286683433898,0
28.28504,96.48221,2859.0,20.425249359005747,0
27.985456,88.779071,5439.0,33.26521737114123,0
23.876389,93.346398,1063.0,27.17735741799749,0
24.418746,93.559357,1301.0,11.276401445303804,0
28.721258,94.957669,307.0,23.428692808745406,0
29.071062,94.548696,3743.0,35.807553328898365,0
24.350924,92.364284,93.0,6.990494340294632,0
25.685965,92.742567,376.0,12.909470487562636,0
23.19849,92.882414,546.0,14.310239191234691,0
25.621685,92.809256,256.0,1.96786377642228,0
24.850257,93.451592,1095.0,44.88514846967826,0
25.32002,91.691784,1598.0,11.038532615965034,0
26.702187,91.56896,88.0,0.7548944975654582,0
27.27635,96.917688,1049.0,1.96786377642228,0
29.055577,95.993397,2708.0,38.33268910371894,0
26.530418,90.944242,48.0,3.016961309815993,0
27.900626,88.403051,4667.0,22.823984594988897,0
23.932063,92.732633,816.0,28.050691559311588,0
27.335863,92.409674,1605.0,19.116857123396308,0
23.856636,91.251507,15.0,3.945476393479333,0
27.557226,92.389141,3426.0,24.634322367669885,0
24.781976,92.415929,17.0,1.012750369636371,0
26.693212,94.908913,1039.0,14.321218120542095,0
27.73833,95.236473,119.0,1.817522018719848,0
26.666396,90.882831,71.0,3.4389123953782974,0
27.359296,94.870413,103.0,1.0675202709770988,0
27.737736,95.682891,129.0,1.012750369636371,0
26.723198,90.200411,196.0,2.1342998941463125,0
25.566181,94.329422,1889.0,19.533610377933154,0
27.574648,88.754843,4637.0,19.11941894191666,0
26.731848,92.97891,76.0,2.3859440303888126,0
26.527488,91.336905,51.0,1.012750369636371,0
25.421877,91.379515,1523.0,10.073966449940604,0
27.778504,88.379446,4965.0,22.144873841221017,0
26.738469,92.228379,94.0,5.641219812715514,0
24.467978,94.379662,423.0,30.68097742913412,0
26.67014,94.059172,84.0,2.6350263783644494,0
28.21825,93.216568,2362.0,30.570243024081392,0
24.819815,92.958381,28.0,1.9091524329963765,0
25.291034,91.712165,1448.0,3.7692440164074177,0
27.170366,94.936682,104.0,0.7548944975654582,0
29.409517,96.107443,3416.0,12.888835435012426,0
23.458603,92.771011,1090.0,15.166038765050738,0
27.405804,94.503675,95.0,0.3376147110174216,0
28.775668,95.844013,1498.0,31.43720133561486,0
25.511642,90.685722,255.0,15.02163983584544,0
27.96925,93.553367,1085.0,42.25171481742922,0
23.348404,93.118718,1195.0,15.179705807856672,0
24.04403,94.134251,523.0,26.539566558618308,0
26.392,90.834444,44.0,0.9548412538721888,0
27.962343,92.964041,2461.0,41.5019692987737,0
26.198732,91.507131,48.0,0.0,0
24.832524,93.148734,47.0,3.4389123953782974,0
28.333956,93.601488,1648.0,13.994979876087651,0
26.203604,90.033014,53.0,0.3376147110174216,0
28.911954,95.544119,3097.0,27.40876997825205,0
26.672596,95.025685,717.0,20.097992628721148,0
23.410085,91.314252,33.0,8.159014354942736,0
25.360041,94.52874,1477.0,32.35640884426763,0
26.968799,95.742261,1520.0,31.119058788415003,0
26.133356,89.951094,41.0,3.389067065438376,0
24.265737,92.042732,69.0,11.395654497719995,0
25.668916,90.083072,109.0,13.456950139244556,0
27.0641,94.301753,94.0,2.1342998941463125,0
27.744538,93.074696,1949.0,31.002719133873985,0
26.578905,94.067402,94.0,2.7199233149201807,0
27.376365,93.027843,417.0,8.767251443500896,0
24.147082,92.483663,95.0,8.767251443500896,0
25.493143,94.279144,2005.0,31.244175851188185,0
25.249475,91.744517,1202.0,3.931095784160226,0
26.57568,91.62053,61.0,1.2171181316034885,0
26.735673,91.598842,100.0,2.052775101535614,0
24.289447,93.106768,456.0,11.204175805954709,0
27.33288,88.400461,2964.0,43.72854775946634,0
27.469149,95.876089,160.0,4.393377408433921,0
26.607004,90.272712,79.0,0.9548412538721888,0
25.787048,94.312207,907.0,24.260799584868057,0
29.113983,94.419899,2520.0,38.52121166530149,0
28.693977,94.362066,2931.0,11.348119585994183,0
25.617587,92.249438,1166.0,1.0675202709770988,0
28.703559,96.366064,3660.0,44.91219635533748,0
27.571477,95.737992,160.0,4.691966863384949,0
28.471149,95.452299,2197.0,33.33186844257367,0
22.670741,92.726022,436.0,35.72025969698282,0
28.629666,95.394244,3432.0,42.11913857362693,0
25.745491,92.367924,874.0,3.7692440164074177,0
28.460218,95.789328,1292.0,42.41224029116162,0
27.351685,88.23069,1319.0,46.41024182626523,0
25.151772,91.60139,16.0,1.6876048941769748,0
26.57812,91.968664,74.0,1.817522018719848,0
25.856418,93.359417,208.0,9.015509788449524,0
23.523115,92.851717,906.0,21.045720884075838,0
27.749766,93.493496,1432.0,30.778652264361934,0
24.85616,92.602341,22.0,4.289153328819018,0
26.691933,94.376538,117.0,1.012750369636371,0
29.116671,96.059226,3741.0,76.84580283136978,0
23.632207,92.884937,489.0,19.026908838399848,0
27.718078,95.962858,272.0,8.077000600578957,0
24.119871,92.344961,80.0,7.725405004429305,0
27.030317,95.004775,104.0,2.3859440303888126,0
25.641686,90.334629,604.0,5.961015914468944,0
28.548893,96.109666,4107.0,47.6219805650284,0
27.764946,91.996843,3850.0,32.06250837762413,0
23.402268,93.03977,589.0,18.5046085105615,0
29.052465,94.950557,766.0,29.12166204767183,0
26.716756,91.921256,97.0,1.7210061534334908,0
24.391707,92.75973,152.0,12.442210235207456,0
24.312984,92.034779,66.0,3.631393549323058,0
25.995343,94.676018,1824.0,29.50153621491294,0
26.137425,93.791708,130.0,2.052775101535614,0
28.754721,96.41914,4342.0,27.63100627025136,0
27.802669,88.388222,4597.0,12.925951545439489,0
27.731433,88.558355,2694.0,51.89450291002717,0
27.242974,88.518896,580.0,30.58895816397544,0
23.945613,92.622255,105.0,18.94158858012096,0
25.642473,92.518204,911.0,12.979350497927722,0
23.733873,91.203483,31.0,8.485238201927281,0
28.230479,95.548263,443.0,5.258953144814,0
27.786195,96.680986,2757.0,32.331742392927794,0
28.164036,95.312204,1254.0,35.09943315911282,0
27.760025,96.935769,3655.0,24.63790663245161,0
28.096184,96.253795,1586.0,61.90681276560448,0
28.465076,93.951357,2756.0,28.57162953285513,0
25.357904,94.405659,1047.0,24.07444052972741,0
28.6832,96.118771,2290.0,42.110056458327584,0
27.674147,95.056616,112.0,1.5095270002735288,0
28.823142,94.322623,2526.0,20.54441298478533,0
27.477138,88.34298,3282.0,33.66732624853926,0
25.218225,90.658005,49.0,10.92491063265941,0
23.947797,92.727279,515.0,28.442928624363347,0
25.764791,92.795101,128.0,9.566235322594842,0
26.775395,94.744501,112.0,3.016961309815993,0
26.072572,92.402423,508.0,18.45641864524321,0
27.242343,92.717976,1195.0,36.042522272818985,0
27.452466,92.633654,2058.0,14.938380345292416,0
27.960151,96.849394,2691.0,39.72434603630609,0
26.23785,94.015693,115.0,0.7548944975654582,0
29.185556,96.099669,4127.0,41.27259912026187,0
27.478322,94.806152,99.0,0.0,0
25.829018,92.648443,496.0,17.18920118358791,0
25.855201,91.751021,755.0,16.506228230622458,0
28.832739,96.268197,4450.0,24.113367317502654,0
25.230688,91.52403,552.0,15.179705807856672,0
27.859603,93.088094,2287.0,9.697272655464085,0
24.205514,92.504424,121.0,7.363740476577823,0
25.864863,90.9955,198.0,15.288517970232029,0
25.283202,91.999665,410.0,26.008181915695516,0
25.034513,93.349958,337.0,19.37587916013665,0
28.392685,93.997469,1218.0,30.528995003826,0
26.689049,91.164073,53.0,1.2171181316034885,0
23.37876,92.826453,612.0,22.140679470491683,0
28.458613,93.52148,3438.0,25.364945952085165,0
27.380031,95.516045,148.0,1.0675202709770988,0
25.570141,93.392694,308.0,11.927252133664076,0
28.070555,96.727206,3388.0,14.822992028929937,0
23.95372,92.67247,508.0,9.280430939864935,0
24.47691,92.525954,68.0,10.905017436104703,0
25.114696,94.440968,2139.0,22.144873841221017,0
26.925483,94.47454,95.0,1.391763426244203,0
24.891467,93.749773,1356.0,23.432557546314023,0
24.019838,92.537984,92.0,19.652664558069908,0
23.166077,92.782571,791.0,21.869859308909422,0
28.319379,95.252231,2270.0,4.262693045214654,0
27.48332,95.29654,119.0,0.4774537773095774,0
25.708349,93.136566,138.0,4.393377408433921,0
27.492556,93.314578,3197.0,32.45693406027642,0
27.680777,88.836568,4778.0,17.18920118358791,0
26.025089,93.093481,95.0,3.945476393479333,0
28.202527,94.899033,645.0,26.7706565550758,0
25.787303,93.662564,175.0,0.3376147110174216,0
26.472288,94.564099,451.0,10.367837459092083,0
26.314907,89.981941,54.0,1.7210061534334908,0
24.740859,92.43471,21.0,4.380487094158032,0
27.856383,93.006827,1812.0,15.1694569017345,0
25.583418,90.709794,384.0,13.6170618313427,0
24.848965,94.533047,1179.0,29.970253193070143,0
23.483779,91.946939,128.0,17.981998056475522,0
24.242282,91.975261,52.0,8.399993847719427,0
26.230634,90.705313,41.0,3.016961309815993,0
25.130634,94.211972,1115.0,22.09025870405004,0
25.239346,90.3929,131.0,12.194383223416786,0
25.56215,92.734374,396.0,10.539890808166064,0
25.895792,90.410112,153.0,11.671751367544037,0
26.871335,93.924923,77.0,1.9091524329963765,0
26.478186,90.261781,50.0,1.6876048941769748,0
25.53996,91.670479,1757.0,7.2338446967252255,0
26.754,95.358214,1247.0,6.526986519680234,0
26.552003,95.117783,1881.0,18.27288969553102,0
25.744181,89.921271,29.0,1.6876048941769748,0
25.90606,94.822542,859.0,12.958842095998698,0
26.311486,91.758997,58.0,8.792413167178566,0
24.540225,92.988246,222.0,11.994659682683803,0
27.358077,93.251151,1931.0,22.72124551965916,0
28.215215,93.981501,1442.0,35.347642252668074,0
25.63141,93.120787,316.0,12.726575502846693,0
27.394059,95.344641,122.0,2.9018215173024653,0
26.690225,91.850824,95.0,3.372286683433898,0
25.275089,91.897685,1144.0,18.459100112744974,0
27.217408,94.705573,95.0,1.5095270002735288,0
25.949651,92.544819,206.0,20.523452363322026,0
26.276669,91.386033,46.0,1.391763426244203,0
25.177717,90.501316,40.0,7.363740476577823,0
23.574728,93.356815,1485.0,41.811550543988005,0
24.871622,92.694732,20.0,0.9548412538721888,0
25.017059,93.055934,168.0,17.274046531083112,0
23.531579,91.711025,49.0,1.9091524329963765,0
23.929955,92.454598,238.0,27.85322534727836,0
23.474522,91.800343,180.0,23.7538880555143,0
25.520864,93.189528,310.0,2.052775101535614,0
27.901162,95.295694,143.0,1.5095270002735288,0
25.785477,93.547404,214.0,6.0637651384102655,0
27.108548,92.089261,1541.0,28.999937531865385,0
28.937451,94.499533,2104.0,42.39679983586503,0
23.621995,92.403957,619.0,7.187414250982758,0
25.610982,94.788588,959.0,35.90880263726476,0
24.888324,93.82773,808.0,3.389067065438376,0
25.60758,94.7414,2171.0,13.6170618313427,0
26.258948,94.795759,1352.0,25.6502330242665,0
25.375801,93.991161,1570.0,23.088802938308035,0
28.382722,94.988968,1800.0,32.11829964314315,0
25.096965,92.489388,562.0,32.81818198165607,0
26.177143,92.119412,57.0,4.903792362690797,0
26.412964,91.559534,51.0,2.1342998941463125,0
27.737188,93.764208,1596.0,17.981998056475526,0
25.926833,91.283548,120.0,4.903792362690797,0
26.345869,90.071466,38.0,3.054369995163865,0
28.449576,94.23263,3679.0,17.957022439063543,0
25.22231,91.358199,91.0,13.83230277374978,0
26.568729,93.051816,78.0,4.691966863384949,0
27.762192,93.858554,1086.0,26.619074628049795,0
26.87669,93.41383,95.0,0.4774537773095774,0
26.333657,90.990726,43.0,3.054369995163865,0
27.494221,88.136986,3726.0,27.092813020165103,0
25.21648,94.346525,1420.0,14.350447206010989,0
28.128009,95.903907,1186.0,24.16881343581011,0
22.791021,92.736025,500.0,23.88025197506953,0
22.461205,92.998083,925.0,30.156899063613125,0
26.043355,90.963826,48.0,2.1342998941463125,0
28.001033,96.370989,677.0,53.19572405510431,0
27.642501,93.492918,1906.0,26.899031814363664,0
27.220925,88.514096,1445.0,12.05273862304095,0
27.541523,93.147882,999.0,24.260799584868057,0
25.108737,92.978576,452.0,25.757610218736986,0
25.382079,90.395259,409.0,14.043730788347142,0
22.217995,92.989824,800.0,17.346772975188973,0
23.092824,91.764197,86.0,5.72043313097531,0
27.854416,88.270366,5211.0,8.29380481769877,0
28.214268,94.844279,436.0,50.15938966214304,0
24.263535,94.110717,1067.0,34.80979727723549,0
28.49966,93.898463,3420.0,28.338954722538684,0
27.800036,95.345259,130.0,3.584252301697434,0
26.669136,91.932836,84.0,0.7548944975654582,0
28.219859,93.817879,2047.0,10.046788047511114,0
25.162626,94.557319,1686.0,29.08619467351647,0
27.891082,88.78928,5299.0,16.23188685787168,0
27.448455,95.307576,121.0,0.7548944975654582,0
28.021178,96.770578,1832.0,37.339950208121046,0
27.729646,96.5601,1576.0,24.98360255030264,0
27.674136,94.104226,1614.0,36.97565033577395,0
27.831232,93.203468,2884.0,37.47372791066965,0
27.87699,96.927609,1077.0,29.20050840501194,0
22.675612,93.062704,1275.0,50.1634767945284,0
25.958958,90.361444,177.0,6.990494340294632,0
23.928905,92.853373,216.0,19.30270023544207,0
24.451153,94.201639,1329.0,17.02683613640949,0
28.769193,94.738712,1441.0,39.2410201441145,0
24.571651,93.424877,1012.0,24.578664031459272,0
27.612036,96.289598,384.0,14.948817884559377,0
24.405725,93.130711,111.0,44.09690834843296,0
28.451142,95.83523,676.0,34.74020709678246,0
27.119947,93.121524,1675.0,26.077198111466608,0
26.153175,93.092924,93.0,2.052775101535614,0
25.932562,90.663729,69.0,2.6350263783644494,0
28.013225,92.897029,2887.0,45.79554116046131,0
27.863741,93.977948,845.0,18.44837123129231,0
26.40979,93.620916,329.0,20.91228418611125,0
25.357886,90.386321,107.0,11.038532615965034,0
28.793879,95.940911,1827.0,28.661547312801563,0
25.976403,91.686905,409.0,20.850827869025263,0
26.709895,95.319176,1300.0,2.5695028228896355,0
25.685122,91.763578,883.0,13.585991207888908,0
26.611518,91.401961,67.0,2.7199233149201807,0
26.452022,91.323166,46.0,0.4774537773095774,0
28.22227,93.286483,2845.0,23.56148608281846,0
24.890796,92.961659,73.0,5.875572624808732,0
23.698821,93.170112,1121.0,3.1818128120974354,0
29.061359,95.675956,2823.0,32.03054267172445,0
25.513501,92.776121,391.0,12.106073141102073,0
25.373664,90.80528,369.0,6.054498479394494,0
27.875869,95.818929,139.0,0.4774537773095774,0
27.570521,92.201361,4589.0,16.874539775268598,0
26.610569,90.143088,76.0,1.3502244696996155,0
28.470421,94.582705,1680.0,26.529999587753565,0
26.051333,91.267223,43.0,2.263636058426967,0
25.873591,94.275743,1181.0,30.551506678153704,0
28.065598,96.921275,2846.0,37.84609298608853,0
27.594072,93.977834,2327.0,31.274111327369862,0
27.063714,94.557172,88.0,0.9548412538721888,0
25.911638,90.873983,224.0,9.191033686643834,0
26.265226,92.493327,67.0,1.4320961841646465,0
27.553283,91.959354,3022.0,26.494872769013885,0
26.242882,92.572592,62.0,2.9018215173024653,0
23.768201,92.776404,712.0,27.791305644779214,0
26.342905,90.956853,40.0,1.2171181316034885,0
25.191161,92.843018,832.0,14.25151771015517,0
26.988734,95.281838,427.0,24.260799584868057,0
24.796869,94.340647,1077.0,38.1363976490186,0
25.507581,91.309139,1517.0,6.696346521504578,0
26.676019,90.523502,92.0,1.817522018719848,0
26.774334,91.531327,142.0,0.9548412538721888,0
24.190983,94.188383,1011.0,20.532771786488425,0
23.755618,93.042558,758.0,24.15404655313558,0
26.010646,91.609168,293.0,20.179286215728823,0
27.867764,96.736542,2412.0,40.278010559328166,0
24.378256,93.775897,804.0,5.808222980428714,0
24.694915,94.187575,1626.0,23.653214487235275,0
27.670706,95.474557,116.0,2.8821812090202448,0
29.175323,96.108238,3908.0,17.676493644843124,0
28.287909,95.24012,2118.0,11.994659682683803,0
26.565271,91.271697,52.0,2.9018215173024653,0
27.257759,93.292303,1944.0,20.556045219583464,0
28.371844,93.727975,1529.0,36.771983519776015,0
25.420765,91.396536,1542.0,16.30726771871584,0
24.342253,94.087702,1202.0,26.284131994347053,0
24.704175,93.400031,943.0,19.887940280112208,0
26.429145,91.040077,44.0,3.1996013002506887,0
25.390069,93.865796,1964.0,30.76385269991587,0
27.006426,95.62946,1818.0,48.78447990948791,0
24.447142,93.821195,769.0,1.391763426244203,0
25.974457,92.107596,393.0,17.0000833481045,0
25.357285,91.274859,1250.0,19.221525111834566,0
27.206885,95.158301,113.0,1.5095270002735288,0
24.622554,92.861479,28.0,1.817522018719848,0
25.751765,90.724757,414.0,8.811234328732239,0
25.85608,92.007093,767.0,3.843668167321381,0
29.001103,96.069726,3859.0,20.15781024083281,0
28.953946,94.491659,1895.0,40.49173483430074,0
25.629143,91.321066,1411.0,6.603755221333418,0
27.857507,88.212112,5903.0,24.68621633556212,0
28.029927,94.031705,896.0,22.684823831912844,0
26.120583,89.80812,30.0,1.5095270002735288,0
23.6761,91.859834,189.0,8.459106004104362,0
24.469314,92.475768,56.0,15.06995574963759,0
25.255884,93.12211,334.0,18.6508616564494,0
28.034522,93.186863,2605.0,37.63877548007402,0
26.748095,94.395259,105.0,1.7210061534334908,0
24.89956,94.651607,511.0,25.51670402283305,0
25.357332,91.194859,847.0,16.60461327981816,0
26.747897,92.423988,93.0,2.6350263783644494,0
28.554125,96.279922,3166.0,47.8894103854989,0
25.203204,93.802412,885.0,21.211450322740603,0
25.226052,94.553836,1834.0,25.884207429480977,0
26.506031,93.365985,376.0,1.391763426244203,0
25.888206,90.055308,29.0,1.391763426244203,0
28.614889,94.085842,1932.0,2.6350263783644494,0
24.125503,93.912723,1399.0,14.199903426374894,0
24.865935,92.337749,23.0,2.7199233149201807,0
24.92371,92.897921,61.0,4.222687118252763,0
24.447945,92.271567,59.0,4.072588647671146,0
25.20992,91.85153,746.0,10.606834346352132,0
28.062043,93.023212,4069.0,16.919509454227438,0
24.988802,94.322408,1492.0,18.174763056324142,0
27.61853,96.127201,572.0,21.59856895434569,0
26.574139,90.876652,50.0,3.7692440164074177,0
24.969768,93.780889,1932.0,32.05109916793514,0
25.243517,91.207708,234.0,2.5695028228896355,0
26.678635,93.250558,62.0,0.0,0
26.529524,93.163893,163.0,10.309790918800935,0
27.669269,94.054041,2197.0,18.96231828867539,0
28.67859,95.124742,1967.0,50.18389310167387,0
27.362904,96.217158,604.0,7.782782299981735,0
26.597271,94.8585,613.0,20.532771786488425,0
27.238544,94.265902,86.0,0.0,0
25.546447,94.353017,1998.0,36.14941470551866,0
24.961988,93.665913,792.0,29.650019699031468,0
27.203367,94.492297,95.0,2.263636058426967,0
26.453341,91.213901,44.0,1.3502244696996155,0
22.569633,93.059199,568.0,14.907015718609202,0
26.674611,90.67434,133.0,3.3214321859461395,0
27.99949,95.74454,156.0,1.9091524329963765,0
29.067624,95.471582,2987.0,19.78056829771728,0
25.614316,93.70384,452.0,7.746973739247727,0
26.827307,92.422898,126.0,1.96786377642228,0
25.250399,90.228364,56.0,3.471741285563965,0
25.459994,94.096104,1400.0,9.468127301102086,0
24.540886,92.511421,108.0,11.768288932020646,0
27.724786,92.343725,5014.0,4.0586642321882005,0
25.289365,91.920275,1187.0,2.1342998941463125,0
27.882496,93.082853,1854.0,21.76062380611809,0
26.855514,94.047786,83.0,0.3376147110174216,0
26.217696,90.937615,39.0,10.160408198552636,0
27.27958,96.086159,331.0,17.90136233968102,0
27.397656,94.216223,97.0,0.4774537773095774,0
26.426151,94.705846,367.0,3.389067065438376,0
26.077641,92.299702,70.0,2.433138796850444,0
26.761596,95.407039,1265.0,22.54646342839272,0
23.841777,93.381212,903.0,20.923637802436197,0
26.815874,91.943449,187.0,2.1342998941463125,0
26.678177,91.677326,90.0,2.698950908923438,0
27.277835,92.84255,525.0,35.2878184753462,0
27.978987,93.285508,2153.0,20.648782326696494,0
29.083635,94.769225,2561.0,22.033339392240457,0
28.185501,95.643556,255.0,0.7548944975654582,0
22.840355,93.089279,696.0,28.48121940324988,0
27.932301,94.959503,458.0,19.533610377933154,0
26.328855,93.133036,200.0,11.690207903932867,0
23.324238,92.857712,930.0,19.69460081513802,0
27.288652,93.335958,1586.0,12.106073141102074,0
27.80029,88.685707,4792.0,14.513576860926522,0
26.196766,95.094007,1671.0,29.374536839186497,0
29.113614,94.890894,2353.0,28.18968673697601,0
26.44877,92.259466,51.0,1.2171181316034885,0
23.379222,93.356122,1093.0,28.627885495377168,0
28.551184,95.663975,1176.0,36.43975777886316,0
29.166824,95.703316,3207.0,27.264519412325694,0
28.075017,92.977366,3923.0,35.603129347309554,0
26.254495,91.421336,44.0,1.4320961841646465,0
23.615216,93.215066,1273.0,20.70185001577313,0
26.585687,93.430297,89.0,5.006282271664123,0
27.519744,92.68558,2806.0,31.051293565952417,0
28.123515,96.869416,3159.0,39.673274549822594,0
24.145503,93.195425,1128.0,32.401162502089626,0
27.644441,95.624978,135.0,0.4774537773095774,0
27.249235,88.80357,2887.0,39.0210514783262,0
26.703741,94.599782,141.0,19.05009145901303,0
28.614288,93.374235,3958.0,32.690230475164434,0
27.67619,94.121386,1537.0,29.17879522225097,0
24.426936,92.959212,135.0,17.456590925928477,0
29.047835,96.135482,3524.0,45.13119705041812,0
25.15995,94.167663,906.0,19.30270023544207,0
25.650828,90.214588,400.0,1.4320961841646465,0
27.952876,88.701123,5125.0,36.87074644967734,0
25.204231,90.626056,26.0,2.1342998941463125,0
28.61827,95.307641,2288.0,39.33715179115013,0
28.390084,96.088411,3534.0,40.14351262014672,0
25.780125,92.800716,107.0,1.817522018719848,0
27.157374,95.994462,1118.0,39.202986732656605,0
23.654485,91.176531,21.0,3.016961309815993,0
25.425766,93.492936,646.0,10.246059403967996,0
25.466183,90.594218,363.0,6.721369339369457,0
27.888195,95.264609,154.0,0.7548944975654582,0
27.332952,95.18363,115.0,0.0,0
27.187444,94.633192,98.0,4.822542232360713,0
28.380377,93.925939,1055.0,36.59075990088253,0
26.657157,92.378352,79.0,2.5695028228896355,0
23.603754,93.301296,1552.0,8.867442917822803,0
28.234649,93.461289,3441.0,25.915703593185818,0
27.436856,92.956598,1641.0,31.29443650794632,0
25.276228,90.028536,73.0,23.509655526347156,0
24.853266,92.493659,20.0,3.723867216394672,0
26.127143,94.812078,1113.0,38.71127928679015,0
27.93001,96.582556,2352.0,36.444116811067126,0
22.891904,92.921372,459.0,38.65146617335697,0
25.878057,90.922012,342.0,27.727669588606048,0
22.99131,91.708595,16.0,4.0586642321882005,0
25.011859,93.491979,988.0,28.454283303155208,0
28.444301,94.600541,1334.0,25.081527188334373,0
28.876459,95.756789,2162.0,18.05666126835963,0
25.235444,90.294635,139.0,9.015509788449524,0
26.115192,91.424906,49.0,0.6752059787394532,0
27.40871,96.854608,1809.0,27.89290832952257,0
25.376346,91.454686,1497.0,9.20898742169279,0
27.991087,95.786232,154.0,2.160788974078258,0
25.383522,91.67626,1653.0,6.91817481667161,0
26.885582,92.922334,94.0,0.9548412538721888,0
26.651289,94.523042,497.0,24.18540993336029,0
28.023354,93.945466,1450.0,43.28534251522951,0
28.594371,95.570416,2324.0,16.919509454227438,0
28.83123,94.700088,1061.0,26.883429996610925,0
22.433593,92.860407,265.0,23.75010057347409,0
27.659723,92.065052,3936.0,17.66231893216494,0
25.827405,94.509986,1052.0,23.576810907736704,0
26.948087,93.680086,88.0,0.4774537773095774,0
24.752066,92.674866,21.0,3.372286683433898,0
26.193968,93.492289,691.0,18.418825312338537,0
26.192934,90.054253,41.0,2.1342998941463125,0
26.110483,91.964038,69.0,7.085726953533678,0
28.862913,95.849635,1579.0,21.726194396251515,0
26.9176,94.182155,84.0,2.1342998941463125,0
27.001765,92.603973,269.0,5.520212884789397,0
26.535245,93.753187,103.0,2.5695028228896355,0
26.181852,94.925995,2330.0,17.00305846400285,0
26.270078,93.604532,714.0,23.021526638116164,0
27.211733,88.759907,2008.0,43.9355889455935,0
25.28964,91.667764,1087.0,46.27817245983603,0
27.278676,92.293503,2770.0,25.25493250635702,0
26.438473,91.004345,40.0,1.5095270002735288,0
27.065834,94.741785,96.0,2.7199233149201807,0
28.96449,94.654819,3687.0,29.121662047671837,0
27.124913,95.425511,253.0,2.8821812090202448,0
24.630668,93.866845,775.0,2.1342998941463125,0
26.00595,90.569881,56.0,2.6350263783644494,0
22.601789,93.128053,661.0,17.959799689657103,0
27.949817,94.995068,751.0,19.72167291113565,0
27.368187,95.023891,110.0,1.96786377642228,0
26.901595,93.057219,171.0,7.085726953533679,0
25.895343,93.436448,179.0,3.372286683433898,0
27.883544,95.67902,129.0,1.6876048941769748,0
27.691842,93.143429,1423.0,26.808333957253367,0
25.950961,90.944932,55.0,1.5095270002735288,0
25.251786,91.375047,333.0,8.543726239832896,0
25.563928,94.246771,1569.0,36.326005581723855,0
27.564591,88.603069,3031.0,28.201216963012183,0
24.167071,93.595011,1130.0,12.709800424919228,0
26.170556,93.664987,650.0,18.71421868208481,0
26.764242,93.381325,69.0,2.9018215173024653,0
28.916233,95.52014,2625.0,20.784541371321907,0
25.295961,90.634437,45.0,7.832625705078162,0
24.547385,92.963356,40.0,2.1342998941463125,0
28.41837,95.138951,1499.0,26.21110856138564,0
27.723237,95.935407,174.0,1.96786377642228,0
27.411897,96.54385,1557.0,11.904688112848122,0
23.286224,93.094993,1430.0,20.097992628721148,0
25.538242,90.144641,199.0,1.817522018719848,0
27.516315,91.701286,1513.0,34.81269041492543,0
25.443414,90.150266,88.0,8.049466975528398,0
25.52127,91.964741,1585.0,3.5204050825976285,0
26.043848,91.659447,369.0,6.0637651384102655,0
23.115656,92.76291,663.0,37.49006511073962,0
26.166236,94.118349,294.0,14.203597427432593,0
26.081658,92.79056,66.0,3.4389123953782974,0
26.072851,95.061038,1526.0,19.533610377933154,0
23.937148,93.350167,649.0,16.310399352728993,0
22.899139,93.071343,634.0,30.26915524334413,0
26.970567,94.146326,87.0,2.8821812090202448,0
25.556562,93.18986,278.0,4.262693045214654,0
23.893672,91.709629,108.0,9.10674910038814,0
24.00018,93.907102,1631.0,16.705326771659678,0
25.540772,93.27467,362.0,14.021254868228462,0
24.202147,92.573684,290.0,15.747500365404113,0
27.791852,96.856029,3152.0,33.56563872420532,0
26.89913,93.504055,92.0,1.4320961841646465,0
25.087198,93.356779,969.0,25.3169068790113,0
27.919931,93.082651,1437.0,51.55693702558094,0
25.237098,94.309553,1596.0,22.49938749980349,0
28.271963,94.26069,1405.0,39.87936285191842,0
24.985715,93.006581,88.0,12.755871704044356,0
27.300689,96.084153,411.0,14.350447206010989,0
25.584713,94.044079,2477.0,20.572315320153606,0
27.574938,88.45319,2377.0,32.29917098048793,0
26.914148,94.892454,173.0,12.338544811627347,0
28.019251,95.891121,206.0,1.0675202709770988,0
23.723133,91.301935,35.0,0.7548944975654582,0
23.100355,91.52868,31.0,3.054369995163865,0
27.475815,94.198791,204.0,7.917305155246911,0
25.600024,91.408706,1422.0,19.59573743353876,0
26.461302,95.031915,1310.0,20.99158237694124,0
27.35731,88.496418,1395.0,12.523592988487046,0
23.66264,93.28042,1253.0,14.538759602318214,0
27.900674,88.635503,5164.0,18.5046085105615,0
25.07001,93.977742,1345.0,33.825855593836835,0
27.406864,93.466045,2535.0,18.286465087500847,0
25.834927,90.481249,251.0,28.683950467281974,0
25.800568,91.380813,123.0,9.920728647509224,0
28.058482,93.656646,1050.0,44.2360201883268,0
22.98019,92.686768,438.0,18.19662752273151,0
26.644704,92.39525,75.0,0.9548412538721888,0
26.017633,91.280838,45.0,0.6752059787394532,0
23.433455,92.405883,170.0,4.072588647671146,0
25.943202,92.731758,73.0,0.3376147110174216,0
26.1048,93.334933,472.0,18.141903159053847,0
26.208135,90.321739,33.0,3.5204050825976285,0
22.529063,92.786028,224.0,12.47226309643889,0
24.038925,91.615399,31.0,1.6876048941769748,0
26.976492,94.734489,102.0,2.7199233149201807,0
25.520944,92.063144,1277.0,36.24766203181471,0
24.09948,92.801706,610.0,18.053902977226738,0
25.943352,90.424385,229.0,16.49387935313133,0
26.937323,93.133373,245.0,17.083143246452856,0
23.878269,91.339974,37.0,4.044691235386269,0
25.211322,92.210536,660.0,7.210668433030249,0
26.064097,95.034453,1561.0,33.02601902962673,0
22.520723,93.070417,604.0,43.10969265698919,0
27.536574,91.987146,3735.0,38.01048912835688,0
26.045627,93.772692,136.0,1.0675202709770988,0
26.556768,92.725856,67.0,0.7548944975654582,0
23.951225,93.121128,1321.0,23.21271036020824,0
27.437714,94.625282,99.0,1.96786377642228,0
28.089934,94.777329,445.0,26.12141199648494,0
25.237215,93.676072,1032.0,39.921372105242334,0
27.963885,97.365655,4316.0,23.65321448723528,0
23.677267,92.047558,118.0,5.550718212127324,0
24.73352,92.97885,23.0,2.1342998941463125,0
25.728769,94.39811,1862.0,34.8358170000044,0
24.784933,92.489186,25.0,7.653048720543413,0
27.170959,94.416574,89.0,1.012750369636371,0
24.866633,93.708515,1199.0,25.0063879562472,0
29.122679,96.041388,3402.0,53.1978607906282,0
25.617309,93.157746,391.0,14.763132623631552,0
27.783447,94.944214,246.0,15.896959679954522,0
26.223089,94.005204,114.0,0.7548944975654582,0
24.79055,92.65278,23.0,2.6350263783644494,0
24.294869,93.887589,787.0,3.1996013002506887,0
26.68668,94.911779,1011.0,12.05273862304095,0
24.985714,93.306729,367.0,20.648782326696494,0
23.950191,93.940238,1227.0,36.42929126949838,0
26.273919,93.525174,858.0,25.27044832457344,0
23.923575,93.056112,349.0,19.36328809080433,0
24.592513,92.390983,27.0,2.385944030388813,0
27.36622,93.326097,2308.0,17.447952614184832,0
28.747684,95.241061,2581.0,23.34537257727582,0
25.815109,94.933203,2145.0,28.966958884266845,0
25.723003,93.930803,703.0,23.428692808745406,0
25.173234,92.355846,562.0,37.02616405488256,0
28.8254,96.544431,3720.0,29.77230894379481,0
29.042457,94.22645,3146.0,4.5823147648922165,0
27.533136,95.21849,115.0,0.3376147110174216,0
24.196159,92.066513,62.0,6.526986519680234,0
24.791581,93.059117,43.0,6.629140282386492,0
26.722589,91.740123,99.0,2.8821812090202448,0
27.295877,94.217993,91.0,2.7199233149201807,0
27.190016,88.139367,1969.0,32.59333325755174,0
25.620991,92.812068,248.0,5.226703690794332,0
26.020497,94.245136,1182.0,10.663120448541864,0
25.559104,90.108824,97.0,16.13388303516631,0
28.740203,95.348473,2665.0,40.91962585655176,0
24.717686,92.654439,42.0,3.5204050825976285,0
25.112506,93.079251,1123.0,28.214178840534363,0
24.809019,92.991538,24.0,1.817522018719848,0
23.957961,94.067432,985.0,15.332459668819096,0
24.086218,93.444897,1649.0,14.24415761739711,0
24.866953,94.048867,790.0,1.7210061534334908,0
26.820576,92.954194,86.0,1.3502244696996155,0
24.728668,92.744343,16.0,1.96786377642228,0
27.524224,88.522032,978.0,40.89667601609378,0
26.743103,93.050975,71.0,2.3859440303888126,0
27.320385,92.77422,801.0,23.21858658494179,0
22.226135,92.591858,182.0,14.073633716023297,0
28.158124,95.43819,359.0,11.37191452644113,0
23.323625,92.584675,433.0,5.72043313097531,0
26.811443,91.660389,211.0,10.160408198552636,0
24.299791,92.529267,38.0,2.0248682972773406,0
28.895932,95.996379,2090.0,46.922871910069794,0
27.235435,93.632617,1128.0,32.04539160072092,0
28.438979,93.438376,2857.0,26.29707983759226,0
25.181993,90.956703,140.0,5.875572624808732,0
26.170272,90.074571,31.0,0.4774537773095774,0
26.343906,90.244517,39.0,1.96786377642228,0
25.011081,93.929741,1236.0,12.351556609584488,0
25.823473,93.453995,226.0,3.389067065438376,0
23.82407,92.073155,154.0,15.543304781484048,0
24.815291,93.572401,256.0,12.574686308048038,0
26.939984,95.157164,216.0,11.009016379683205,0
26.936229,93.038831,399.0,10.663120448541864,0
27.788399,94.667625,913.0,24.8090208281998,0
26.654207,91.473987,75.0,3.471741285563965,0
26.135913,90.740946,41.0,0.9548412538721888,0
28.215077,96.41319,2731.0,37.73071535109403,0
28.036911,95.962045,281.0,1.6876048941769748,0
27.835833,92.171957,5234.0,13.089463376910484,0
25.678163,90.724923,359.0,4.787290497376919,0
23.58653,92.632135,585.0,14.599705118408163,0
22.075286,92.980198,568.0,9.37478274202116,0
27.597006,88.59676,3673.0,60.03582902736712,0
26.775731,95.412658,746.0,25.584450735534,0
28.445474,93.993325,3359.0,27.85322534727836,0
25.642943,92.393662,841.0,0.9548412538721888,0
27.288549,94.076639,97.0,1.3502244696996155,0
27.444728,88.722074,3274.0,26.969056945002592,0
28.863239,94.984248,2449.0,21.80569647219029,0
26.255468,92.019594,53.0,2.385944030388813,0
27.541957,93.984183,2403.0,12.264517683654695,0
25.608069,92.177991,1131.0,7.2338446967252255,0
27.525247,92.856849,835.0,32.667159071642764,0
26.480098,94.476425,571.0,23.492341062623066,0
26.523105,94.567763,377.0,20.439317573258247,0
28.283007,96.360055,3363.0,10.160408198552636,0
25.964081,93.338351,146.0,4.044691235386269,0
22.470476,93.121088,868.0,39.53410580370557,0
26.260404,94.871508,1431.0,53.00049375889279,0
23.127834,93.338023,1201.0,42.18617586668275,0
28.049763,95.895843,271.0,0.6752059787394532,0
28.911462,95.450565,2412.0,16.228736705934203,0
25.268869,93.6258,819.0,32.35640884426763,0
27.146959,92.547156,2273.0,16.30726771871584,0
24.066314,92.408282,152.0,17.823067005330284,0
28.080596,92.713642,5308.0,4.495148566143528,0
25.30229,92.231281,1075.0,10.111883288785483,0
26.038831,94.073582,469.0,20.025894247367727,0
27.53841,91.797366,1754.0,36.53104972071567,0
26.333572,94.408845,705.0,18.130932944052347,0
28.08847,95.080025,1119.0,30.63378826347757,0
27.63413,91.757055,3640.0,44.46907789025344,0
26.464732,94.5454,528.0,10.48288165556538,0
26.176829,93.884423,128.0,1.2171181316034885,0
26.742812,92.281407,100.0,2.433138796850444,0
24.319707,92.979883,679.0,27.440486866129568,0
27.39068,95.415825,127.0,1.391763426244203,0
27.805372,93.945407,395.0,27.55326483492445,0
25.784356,93.83783,305.0,21.940133095305068,0
27.97661,93.747801,679.0,25.5133092609215,0
26.517609,92.860354,73.0,2.6350263783644494,0
25.504925,93.972212,1195.0,34.66156061782989,0
27.258898,92.547869,2450.0,24.426873343832085,0
28.966264,96.090975,3048.0,51.55937865558721,0
26.357795,91.211017,41.0,1.817522018719848,0
26.603838,90.848429,53.0,1.7210061534334908,0
23.69128,91.601907,93.0,3.7692440164074177,0
24.156863,92.209261,86.0,1.7210061534334908,0
28.316049,95.565744,1312.0,52.87661480994045,0
25.409714,91.750167,1796.0,18.09247027171656,0
26.841543,95.599209,1495.0,25.218671059688106,0
28.293219,93.777984,3096.0,38.808461161281215,0
27.047597,93.890686,93.0,2.7818863802117484,0
26.644217,92.575788,65.0,1.012750369636371,0
27.93635,88.618728,4552.0,7.667577242751911,0
26.335017,90.594724,43.0,2.1342998941463125,0
28.454648,93.491438,3245.0,30.651189418587016,0
25.492632,90.506124,491.0,26.6047916406615,0
24.66722,94.095546,803.0,3.016961309815993,0
23.530047,91.614553,161.0,9.37478274202116,0
27.468022,93.338214,2945.0,21.880527338520384,0
29.304947,94.670612,4384.0,41.16530757275241,0
28.789472,95.244194,1836.0,48.88809722544718,0
25.654518,93.375543,308.0,1.3502244696996155,0
26.552965,92.452674,54.0,0.7548944975654582,0
28.399167,95.104026,508.0,15.90987591526664,0
27.34633,94.776333,99.0,1.96786377642228,0
27.745697,93.969284,1108.0,32.67705077881396,0
26.263759,94.518058,730.0,5.128711509483252,0
26.53003,93.012103,89.0,1.391763426244203,0
28.056819,93.158202,3233.0,2.1342998941463125,0
26.785649,94.052855,87.0,1.817522018719848,0
26.768995,94.214297,92.0,0.9548412538721888,0
29.024915,95.324608,2918.0,38.96761648726758,0
25.528508,93.102729,219.0,8.118116632592285,0
24.028671,93.756315,1031.0,22.42541825764544,0
27.182549,92.389202,2217.0,24.45045865056275,0
24.289522,92.174723,60.0,9.37478274202116,0
26.351882,91.247862,49.0,1.012750369636371,0
23.685581,93.066112,600.0,33.61137246719596,0
27.610755,96.652062,2345.0,18.829656405370876,0
26.483231,94.142365,91.0,2.160788974078258,0
25.330234,91.041609,414.0,10.683507759366371,0
24.08687,93.771412,775.0,5.128711509483252,0
26.338674,92.881764,75.0,2.5695028228896355,0
26.405775,94.624699,973.0,33.946295027753955,0
23.890945,91.260266,23.0,1.6876048941769748,0
23.532367,93.322733,1502.0,34.06282477031529,0
25.626954,94.87245,989.0,20.298040347434014,0
27.94545,93.290104,1462.0,25.323778321014554,0
28.243174,95.945841,2370.0,25.8493248967401,0
27.882985,93.391109,1086.0,19.078375781087,0
28.71528,95.798337,1951.0,33.46122113078387,0
27.503155,94.510954,116.0,1.7210061534334908,0
25.504361,94.111404,2009.0,23.78982435153876,0
26.346706,93.295843,306.0,2.9018215173024653,0
26.014224,94.354445,528.0,27.03723822261716,0
29.215368,94.767788,3996.0,28.442928624363347,0
26.929953,94.340399,84.0,0.3376147110174216,0
26.273519,90.983738,38.0,1.0675202709770988,0
25.862078,92.770331,95.0,1.96786377642228,0
26.909877,93.097837,165.0,3.3384705437643523,0
28.124922,95.745848,200.0,1.6876048941769748,0
28.693286,94.497638,3936.0,30.170972823689308,0
28.887372,94.340406,3404.0,41.76142560685239,0
25.246298,93.479,979.0,22.848061348463908,0
27.543608,94.068273,1975.0,24.231421379528637,0
25.205455,94.082469,961.0,34.92799566298539,0
26.018859,94.279768,1011.0,15.104354647150725,0
27.184337,95.947162,846.0,25.13026814739183,0
26.31002,91.069788,40.0,2.7199233149201807,0
23.925832,92.247766,141.0,15.951766186006656,0
26.205887,94.592209,1081.0,37.56174992488726,0
26.514698,94.27336,234.0,25.59796625507007,0
25.707398,93.457842,257.0,7.416536974278209,0
28.402637,94.253577,3076.0,28.791342676869387,0
26.298365,90.25378,44.0,7.393958126885864,0
26.41404,93.030714,561.0,21.80569647219029,0
24.955879,93.526304,750.0,46.17600741474124,0
26.477244,93.097418,169.0,19.451200005616776,0
28.2315,95.177931,1397.0,27.887035396482677,0
25.180961,94.174221,1056.0,16.919509454227438,0
25.263574,93.419765,989.0,35.755779682321865,0
28.183933,93.70258,1906.0,28.293169783508667,0
25.693887,90.034768,47.0,4.0586642321882005,0
24.603207,93.45732,695.0,23.0611356160509,0
25.951222,91.371817,291.0,9.0399363742107,0
27.455956,92.098029,2746.0,26.945748428504757,0
25.778579,92.357487,705.0,3.631393549323058,0
27.727175,95.467438,120.0,0.7548944975654582,0
26.066536,91.86961,126.0,18.78516461876021,0
27.940684,93.913309,1725.0,41.64194151302286,0
28.511548,94.982573,1603.0,39.965359331761576,0
27.783996,92.623584,3984.0,65.32621942951097,0
22.797787,93.004838,1201.0,14.129503142051032,0
27.33411,94.092837,115.0,1.012750369636371,0
26.895498,90.399704,352.0,3.945476393479333,0
28.575606,93.730375,4141.0,43.79140125311233,0
26.240832,90.938363,40.0,1.2171181316034885,0
23.792644,91.970006,233.0,22.13438579590705,0
29.096238,95.689671,3918.0,31.89744914744901,0
27.916786,94.972366,382.0,21.000618813993764,0
27.913813,97.188751,3299.0,39.226402883699016,0
25.383048,94.338685,1186.0,19.71921385391193,0
27.532057,91.807331,1858.0,37.02532346762258,0
27.21999,92.58163,1498.0,36.06306503711489,0
25.218029,93.188873,727.0,17.676493644843124,0
27.471051,93.877703,1932.0,18.71421868208481,0
23.492764,91.914764,100.0,2.0248682972773406,0
25.307407,93.92752,1602.0,29.594494506474955,0
26.038219,92.272333,203.0,6.173847782643145,0
27.346767,95.260431,120.0,2.7199233149201807,0
23.689431,91.511206,78.0,13.012087348940218,0
25.756335,90.78567,293.0,13.519692644101,0
25.40755,93.234795,633.0,17.329353473832693,0
26.026054,92.797741,66.0,1.2171181316034885,0
26.17496,91.572301,49.0,1.391763426244203,0
28.973529,94.627096,3574.0,30.128715565698148,0
27.59706,92.909235,1264.0,25.25493250635702,0
23.400866,91.567688,60.0,5.730255777235155,0
27.348583,93.761005,1097.0,33.3824690287381,0
27.82124,93.202204,2309.0,35.50271196509591,0
27.214067,88.798974,2634.0,17.01197993242201,0
28.177187,96.453234,2289.0,24.44864562405629,0
27.006386,95.649993,1415.0,26.66817645408843,0
27.150991,97.061876,1755.0,38.98693352537385,0
25.228664,92.463029,666.0,3.3384705437643523,0
26.319488,91.661835,58.0,1.6876048941769748,0
25.336593,89.907776,65.0,16.03195153188694,0
27.147654,97.145329,2629.0,20.55371948893313,0
28.037417,97.220095,3935.0,9.136946117762886,0
26.657896,93.842618,87.0,5.150652185902698,0
23.871669,92.044834,106.0,9.25668199543862,0
27.158441,95.151638,114.0,5.006282271664123,0
28.171881,93.515437,1246.0,35.13066788374841,0
27.253492,92.330715,2438.0,28.037600489728423,0
28.156592,92.988032,4326.0,38.79042636490552,0
27.492815,96.527741,450.0,21.568129435647887,0
26.037093,92.983394,82.0,0.7548944975654582,0
26.426401,91.326104,53.0,3.389067065438376,0
25.35362,90.235169,86.0,8.118116632592285,0
27.060869,93.483138,248.0,10.357309866020204,0
27.050434,92.79988,299.0,7.832625705078162,0
27.062931,92.388211,1531.0,41.445742477211766,0
24.119352,93.398653,1049.0,15.718057291157356,0
27.849105,92.950047,3796.0,29.640778436590377,0
26.600669,91.726311,71.0,3.3214321859461395,0
23.591355,92.521303,140.0,9.629144775956853,0
25.966967,90.214949,32.0,2.263636058426967,0
24.367675,93.662821,1173.0,5.051152528017926,0
26.238074,91.162072,40.0,3.3214321859461395,0
27.915403,95.759346,137.0,2.433138796850444,0
28.086701,93.306407,1430.0,28.050691559311588,0
23.130648,93.17329,671.0,21.22925996932185,0
25.269592,91.024835,366.0,2.7199233149201807,0
24.223323,93.86331,808.0,16.48461023921887,0
24.362209,94.015183,876.0,9.462322208025618,0
24.541889,92.801299,92.0,13.42939420550633,0
28.908799,95.09602,1702.0,34.657666974428025,0
28.529312,94.356911,1198.0,25.8493248967401,0
22.866684,92.76337,1039.0,31.06099134268408,0
24.521077,93.676532,1259.0,26.47087935835388,0
27.108369,93.813133,169.0,19.711834233588025,0
26.106943,90.315902,29.0,0.7548944975654582,0
27.302194,92.904392,775.0,35.264389682754654,0
28.884423,94.757065,665.0,26.762796183610217,0
28.031604,96.256362,1703.0,31.976746229701007,0
28.09181,95.520778,192.0,1.0675202709770988,0
25.932517,91.80882,355.0,17.78094311313834,0
23.606148,92.53265,444.0,23.75010057347409,0
26.438206,94.270581,190.0,1.6876048941769748,0
27.439391,93.570174,1108.0,17.93200256558677,0
23.885128,92.0701,106.0,2.9018215173024653,0
25.21138,91.098163,304.0,11.08264483156831,0
28.786599,94.847807,1276.0,34.962428276043966,0
27.488472,96.821179,3005.0,21.56377602443453,0
27.798439,96.531968,2928.0,27.22176077341697,0
24.381237,93.197604,191.0,4.289153328819018,0
27.949162,93.613122,2097.0,45.33135031437866,0
27.413391,95.686917,178.0,2.160788974078258,0
28.159105,95.469966,275.0,3.723867216394672,0
26.147382,93.974801,122.0,1.0675202709770988,0
24.997908,94.696788,878.0,22.466555410680765,0
26.293751,91.661074,47.0,1.2171181316034885,0
24.502731,93.957521,773.0,0.3376147110174216,0
28.617984,95.239405,1751.0,16.11800792223731,0
28.960176,95.805076,1738.0,12.625545951830574,0
25.290329,90.207887,58.0,6.0637651384102655,0
24.570634,94.003167,772.0,3.372286683433898,0
27.465466,92.175312,2910.0,32.2225431273967,0
22.567046,92.831054,527.0,20.179286215728823,0
23.936193,91.385066,25.0,0.3376147110174216,0
24.260383,93.96273,1031.0,23.88964213675081,0
27.638572,92.827608,1923.0,38.10501447657037,0
27.6552,95.671945,135.0,0.9548412538721888,0
24.954782,94.575144,773.0,26.16713727633245,0
26.695549,89.888016,98.0,2.052775101535614,0
26.670473,93.486466,78.0,1.012750369636371,0
25.879842,91.753426,538.0,24.8479801794304,0
24.978947,92.50287,19.0,1.5095270002735288,0
25.484343,93.481481,486.0,11.32904382173426,0
28.638894,95.224117,1642.0,32.42460957107069,0
25.456659,90.851103,396.0,10.865111054657977,0
27.999288,97.012187,2911.0,33.690067525979785,0
25.657285,92.057183,873.0,19.026908838399848,0
23.173823,92.625095,621.0,41.28283889277492,0
23.806616,91.836194,125.0,5.438007905136233,0
27.989918,94.198133,493.0,30.400846726490123,0
23.468649,93.245377,1014.0,39.30881093458307,0
26.219752,94.466237,882.0,19.80014826842025,0
28.608884,95.637924,2273.0,38.60208138020074,0
23.916716,93.079467,785.0,22.48092791828604,0
27.580944,95.341588,118.0,2.433138796850444,0
22.128756,92.796508,279.0,11.877548072775069,0
26.34017,92.6943,64.0,5.095619550423829,0
26.784905,92.349214,106.0,1.0675202709770988,0
23.966204,91.425068,55.0,2.5695028228896355,0
27.049712,94.375109,86.0,2.7199233149201807,0
26.242687,94.583396,785.0,14.724246751696764,0
27.214123,95.286471,120.0,0.9548412538721888,0
25.877846,94.782327,1090.0,18.520635899770767,0
26.321389,91.306341,44.0,2.6350263783644494,0
25.805326,89.903066,26.0,5.570959980093077,0
28.575416,96.241375,4003.0,29.541439484010905,0
27.655419,88.180558,5313.0,9.37478274202116,0
27.439583,94.008614,1404.0,21.086199125980364,0
26.650249,93.203965,71.0,1.96786377642228,0
26.692854,91.978746,86.0,0.7548944975654582,0
26.527976,89.916234,61.0,1.3502244696996155,0
28.105862,95.716989,190.0,5.601182019805608,0
28.751858,95.284484,2358.0,50.45173600613718,0
27.729667,88.683569,4344.0,19.152681749482543,0
25.891451,90.026671,28.0,2.1342998941463125,0
26.018657,93.604424,241.0,5.051152528017927,0
27.705526,94.660517,315.0,20.91228418611125,0
23.044142,91.772756,33.0,2.3619913818349927,0
25.297294,94.058512,1509.0,20.26251266860316,0
28.151978,94.235608,1379.0,21.702479637244338,0
27.316685,92.506518,1835.0,30.73297765675388,0
27.752085,95.552894,125.0,0.3376147110174216,0
25.816712,92.63382,489.0,4.520227592644634,0
27.835009,92.944419,3345.0,53.92497969151712,0
23.963208,92.129284,128.0,24.62894447487041,0
28.626618,95.079302,1516.0,36.14941470551866,0
27.663144,91.601789,3371.0,38.4045168714115,0
27.820245,97.043944,1912.0,33.36983351287451,0
27.050463,94.887964,101.0,2.6350263783644494,0
27.675247,92.322468,4833.0,41.72356692573681,0
27.157871,96.013041,1502.0,23.970170559653983,0
26.742031,92.206939,104.0,3.372286683433898,0
24.154808,92.333056,68.0,4.679912393493258,0
27.881811,94.514257,1042.0,18.286465087500847,0
27.277855,88.411446,1029.0,25.048369161768605,0
27.215642,96.935312,1235.0,11.56032367563233,0
25.640258,92.601695,751.0,15.80618797245988,0
27.498294,96.437057,754.0,9.508656426564368,0
23.708945,92.855927,668.0,29.52947861011524,0
27.259788,95.339113,121.0,3.372286683433898,0
23.488849,91.482806,27.0,2.1342998941463125,0
26.193319,94.609352,1378.0,8.29380481769877,0
28.523389,93.495744,3751.0,28.89942242619857,0
28.291102,94.243169,2242.0,37.590982545821966,0
25.401834,92.043939,1468.0,6.344120839226984,0
29.081959,94.578799,4275.0,39.80697994078571,0
28.312492,95.060715,753.0,18.232085761299903,0
28.281316,94.472832,1563.0,16.054316318325498,0
28.96229,94.871855,428.0,5.396424351416363,0
27.63785,92.355512,4347.0,11.546311187499878,0
25.448306,92.384759,1182.0,29.784095541431437,0
25.770189,94.155492,966.0,18.56861104463105,0
23.89349,93.072071,293.0,37.24571514151944,0
25.154351,92.616191,1346.0,22.47682283321852,0
27.684432,93.322827,2590.0,38.04757894764742,0
23.392797,92.527306,714.0,22.73538675151149,0
24.574223,94.21493,1004.0,27.530771002797017,0
28.23479,94.677413,477.0,28.99444565883044,0
27.425668,95.687397,158.0,5.322852793549541,0
27.740327,92.23653,4624.0,34.44995998940134,0
25.94289,93.739878,158.0,7.33339277230879,0
28.259111,96.066647,2149.0,46.58426463333651,0
22.158904,92.65385,178.0,10.865111054657977,0
27.868962,97.074222,3403.0,35.264389682754654,0
27.629193,94.680926,124.0,5.479268333625944,0
26.514554,94.932205,1394.0,18.70367847873935,0
27.755809,95.504474,127.0,3.1818128120974354,0
23.319446,92.592995,344.0,18.434948822922014,0
22.151235,92.713048,273.0,29.0889256366844,0
26.173458,89.762721,31.0,2.1342998941463125,0
22.135752,92.8355,362.0,11.818505884684436,0
27.48122,94.714816,98.0,2.5695028228896355,0
26.566224,92.66248,57.0,0.0,0
25.150182,93.855415,2152.0,40.752287388844906,0
25.799622,90.360012,254.0,10.744415839592216,0
27.613016,93.084579,1197.0,20.387669768422825,0
25.506147,93.731365,1060.0,26.962844577431213,0
24.354968,94.202685,644.0,17.890203908370992,0
28.671278,93.81245,4169.0,33.66525729241905,0
26.922863,95.643348,1544.0,30.332599354404916,0
24.745838,92.476733,13.0,0.9548412538721888,0
24.692472,93.371591,895.0,22.41717783710008,0
25.348772,94.413658,956.0,15.503408837548552,0
25.264464,93.828783,2246.0,20.451031062849548,0
23.379457,92.571093,263.0,31.311156133255537,0
24.955386,93.121289,60.0,15.747500365404113,0
24.189795,93.854974,868.0,26.91306077316617,0
26.292633,93.736177,364.0,9.136946117762886,0
23.57696,93.021034,827.0,7.416536974278209,0
27.34238,88.250906,1505.0,40.234221855226856,0
24.817419,93.760286,1040.0,23.88964213675081,0
24.198294,92.596086,57.0,5.875572624808732,0
26.006465,90.293428,34.0,3.3384705437643523,0
23.380958,91.533602,53.0,3.723867216394672,0
28.563379,96.186885,4204.0,48.17742139759597,0
24.928346,93.574312,1072.0,21.702479637244338,0
25.600186,93.734318,609.0,16.75085894072259,0
26.957288,93.562856,127.0,0.3376147110174216,0
26.718557,91.953527,100.0,1.391763426244203,0
24.423817,93.877241,769.0,0.9548412538721888,0
26.786188,92.199216,108.0,1.6876048941769748,0
25.769684,92.266938,717.0,5.006282271664123,0
25.529989,90.693139,378.0,18.440319295403118,0
27.734214,88.38514,4953.0,24.009351471470996,0
27.491363,95.484331,130.0,2.263636058426967,0
25.75957,93.202527,142.0,3.584252301697434,0
27.351826,95.088964,108.0,0.9548412538721888,0
28.363709,96.743908,3116.0,54.87775191037255,0
26.002763,93.067636,99.0,2.9018215173024653,0
28.95639,95.252555,3810.0,1.0675202709770988,0
25.81769,93.076669,138.0,3.1996013002506887,0
26.838359,93.478235,82.0,1.2171181316034885,0
26.28974,91.064652,40.0,1.012750369636371,0
25.212094,91.714384,338.0,23.11839285872288,0
25.702966,89.964276,45.0,2.263636058426967,0
27.192039,92.228099,2411.0,19.31028740874557,0
27.340095,88.135281,1989.0,35.9304164674071,0
27.93184,95.767762,149.0,1.0675202709770988,0
26.643328,90.911848,60.0,2.862405226111748,0
28.659193,94.631821,1132.0,35.50733193758868,0
27.168909,96.974755,1880.0,14.426843693074732,0
28.967934,95.186442,2912.0,18.829656405370876,0
22.763399,92.999524,586.0,23.81059263950923,0
27.68865,94.301436,243.0,23.21858658494179,0
27.073864,92.472036,1471.0,41.36896307416782,0
25.998217,91.737241,433.0,18.097971328519403,0
26.147935,90.795073,38.0,4.679912393493258,0
26.263756,91.539966,52.0,0.9548412538721888,0
24.374209,92.593877,122.0,2.385944030388813,0
27.652551,92.29681,4204.0,28.31035402696104,0
23.242524,92.700058,750.0,27.887035396482677,0
28.259578,94.013884,2339.0,49.73242140380364,0
26.163043,91.582375,44.0,0.0,0
27.168494,94.93807,104.0,1.2171181316034885,0
26.287722,92.978228,173.0,35.440676714133225,0
25.355951,93.742367,1143.0,18.77467605427877,0
25.290968,94.101819,1304.0,21.665757838123444,0
23.139386,91.707936,73.0,2.433138796850444,0
27.176464,92.954716,1382.0,33.766329870041986,0
27.796421,96.838211,2587.0,48.40348477195797,0
26.205204,94.318169,315.0,4.5823147648922165,0
26.378133,93.578252,336.0,17.18920118358791,0
27.897574,88.558362,4544.0,33.29381528417628,0
24.122315,93.874077,1059.0,21.31357434104547,0
25.524852,93.138259,275.0,1.0675202709770988,0
27.994566,96.639736,742.0,13.03657849691309,0
26.521448,93.101162,546.0,20.21263223645209,0
24.30104,93.194216,1096.0,16.444369946673778,0
25.20219,91.125326,161.0,12.713996547077366,0
27.557116,88.530843,1770.0,52.62556236843174,0
23.55669,91.610419,113.0,12.225122675735753,0
26.606509,94.894673,254.0,6.804089732608741,0
28.023533,94.573852,569.0,21.546350076535884,0
26.255249,91.880568,46.0,2.7199233149201807,0
25.646341,92.866326,123.0,5.427642598914455,0
27.791563,92.942553,1357.0,20.63028032583684,0
27.424458,95.326925,123.0,0.4774537773095774,0
28.610637,93.425001,3796.0,38.02312522307815,0
23.811434,92.35678,651.0,21.837811101082977,0
25.40231,93.146586,257.0,11.499465999742789,0
28.678587,94.969928,328.0,11.694816974599773,0
25.573142,90.42462,685.0,4.0586642321882005,0
24.398956,93.673668,1156.0,14.710076334813872,0
27.17152,93.102126,1545.0,19.198613308677363,0
27.626744,88.196702,4556.0,4.763641690726178,0
27.184663,95.897576,466.0,13.85893614092294,0
26.959442,92.748572,233.0,0.7548944975654582,0
25.872857,92.147121,661.0,5.051152528017926,0
24.696125,92.407668,26.0,6.396919649384459,0
27.721175,92.098997,4571.0,27.17735741799749,0
25.659801,93.477034,232.0,2.862405226111748,0
26.529238,92.160092,67.0,3.389067065438376,0
26.554274,91.635108,67.0,2.7818863802117484,0
22.710027,92.79911,344.0,20.75932234748779,0
26.060534,90.593825,43.0,4.5823147648922165,0
27.442749,95.031891,107.0,3.70861682982072,0
26.941357,94.596852,91.0,4.380487094158032,0
25.693512,92.304079,907.0,2.263636058426967,0
23.581383,91.313937,40.0,4.520227592644634,0
26.694255,92.402013,85.0,3.5204050825976285,0
27.336656,96.221641,322.0,14.549536520794929,0
24.862953,93.929451,786.0,1.3502244696996155,0
26.111089,93.998408,126.0,2.698950908923438,0
26.721737,92.612324,85.0,1.391763426244203,0
27.301896,94.031051,105.0,1.2171181316034885,0
28.915209,95.092853,2097.0,32.312656619027514,0
28.535281,94.370913,1148.0,39.43197210676055,0
25.012375,94.693823,711.0,18.286465087500847,0
26.419165,90.823226,42.0,1.2171181316034885,0
26.172632,93.135714,92.0,0.3376147110174216,0
27.623761,91.785886,3987.0,10.160408198552636,0
28.604755,96.218589,3857.0,24.31756725625486,0
28.138771,96.509266,1551.0,13.492284115412623,0
28.579472,94.867525,2220.0,38.758062037662405,0
26.769692,92.778534,78.0,0.0,0
23.902911,94.105219,642.0,20.243530145098816,0
24.523659,93.747643,782.0,1.9091524329963765,0
28.535135,96.043892,3765.0,33.94527807290528,0
27.467378,95.412808,125.0,1.5095270002735288,0
27.285819,96.335769,1322.0,8.697657668757381,0
26.953303,94.521658,92.0,1.5095270002735288,0
23.794577,92.466744,326.0,23.651308859028276,0
25.339209,91.209376,913.0,7.825525624597575,0
28.137048,93.31133,1546.0,33.764273391292186,0
27.773649,92.175453,4962.0,12.55768130730836,0
28.265054,94.160673,1247.0,15.100918952502711,0
27.741477,91.726512,2960.0,23.132182561931256,0
27.674206,94.516565,454.0,11.994659682683803,0
28.499222,94.877617,1231.0,40.26707505338364,0
26.202376,94.141023,371.0,2.7199233149201807,0
23.366626,91.411808,54.0,3.843668167321381,0
23.613396,93.15657,1048.0,28.972459897875357,0
26.841579,90.230517,284.0,1.6876048941769748,0
28.957204,95.545071,3178.0,27.29499332496881,0
28.232546,94.120483,588.0,41.0507591708465,0
27.800478,94.123271,850.0,39.211040000390206,0
27.818103,95.820953,138.0,2.1342998941463125,0
23.823023,93.013204,514.0,5.885129333686067,0
24.417996,92.882141,140.0,5.641219812715514,0
27.641233,88.523508,4791.0,26.077198111466608,0
27.434631,95.073551,112.0,2.698950908923438,0
26.370914,94.707059,1239.0,18.13367629259616,0
25.618603,91.825047,1481.0,9.0399363742107,0
28.34258,95.856215,1996.0,36.14231058383569,0
22.085975,92.618173,211.0,27.422370420775675,0
26.196047,94.483134,955.0,17.696314156184012,0
25.775968,93.828325,272.0,1.5095270002735288,0
27.818951,95.97876,153.0,2.263636058426967,0
26.839743,92.20447,127.0,0.3376147110174216,0
25.658647,92.974493,198.0,22.349028218086264,0
25.635778,94.46797,911.0,27.68609956643004,0
28.331666,95.425567,1830.0,21.322422637466715,0
23.526602,92.511218,512.0,32.96783009322923,0
26.026901,91.879448,153.0,13.79797230914776,0
26.627292,91.53994,68.0,1.3502244696996155,0
26.019132,93.436479,236.0,4.0586642321882005,0
28.35222,96.238599,2735.0,37.02868555116056,0
24.269927,94.059477,1264.0,19.926793281440663,0
27.401976,95.545145,138.0,1.817522018719848,0
25.682854,91.677375,905.0,4.972358392400693,0
24.312558,92.633668,69.0,16.36040582530699,0
22.607897,93.103906,1185.0,32.10351627298505,0
25.893745,94.097523,646.0,16.714445457116103,0
22.201096,92.826819,266.0,25.352949515010675,0
25.658206,90.552981,339.0,15.938891086079082,0
27.981681,94.44491,616.0,15.88726415506511,0
26.460077,90.851097,54.0,2.433138796850444,0
25.943006,91.158285,59.0,2.5695028228896355,0
25.595813,90.947743,768.0,14.624713477272469,0
24.833444,93.464746,708.0,23.02549200852804,0
27.777359,94.893375,481.0,10.073966449940604,0
23.06689,92.799567,774.0,15.51006672197381,0
28.319833,94.331818,2216.0,12.909470487562636,0
26.890832,94.020932,80.0,3.7692440164074177,0
25.847846,93.776044,169.0,1.817522018719848,0
25.114543,94.210162,975.0,6.526986519680234,0
28.606258,94.497093,3697.0,38.17319333803387,0
25.227588,92.939849,716.0,21.84422604633096,0
25.329716,92.954723,289.0,20.683412764545132,0
23.846029,91.809446,95.0,3.109633021988153,0
25.735717,94.30379,988.0,23.11050762629756,0
27.106734,95.180882,112.0,1.2171181316034885,0
26.125215,94.781502,1633.0,29.26142427299514,0
27.595994,88.209325,5183.0,22.532150933077236,0
27.673675,95.58938,134.0,1.6876048941769748,0
27.342077,93.493477,1428.0,22.466555410680765,0
25.960432,94.576446,2040.0,27.56824365871051,0
28.82729,95.970064,1536.0,24.43413404727132,0
26.15145,92.338427,56.0,0.9548412538721888,0
24.017854,92.26975,436.0,23.85016630585075,0
27.643351,88.355468,4227.0,15.04582084624263,0
24.640106,93.108126,59.0,4.072588647671146,0
26.226372,94.287401,279.0,2.263636058426967,0
29.131669,94.838084,3223.0,18.053902977226738,0
25.915527,95.021452,2441.0,27.58021690906471,0
26.628634,91.757556,73.0,1.96786377642228,0
27.344099,88.752125,3009.0,29.840293640173467,0
27.162739,96.953247,1957.0,27.92370693399913,0
26.780536,93.67388,80.0,1.0675202709770988,0
25.430936,91.696187,1700.0,14.624713477272469,0
27.264017,92.470352,2291.0,18.09247027171656,0
25.684149,92.777551,217.0,11.56032367563233,0
22.276442,92.645741,109.0,2.5695028228896355,0
26.529941,91.540792,59.0,1.7210061534334908,0
28.488966,95.454173,2213.0,29.60508511636777,0
24.987484,93.93589,999.0,25.43844441156941,0
27.952295,95.215214,212.0,2.160788974078258,0
27.845176,88.215307,5782.0,12.979350497927722,0
25.239247,91.501289,831.0,0.7548944975654582,0
27.509414,95.905712,164.0,4.972358392400693,0
25.88725,92.237131,678.0,20.26251266860316,0
25.342609,94.353254,1198.0,9.64622531297678,0
26.078128,92.405281,486.0,12.81007731882675,0
25.207065,91.564256,316.0,19.47622154296677,0
27.932769,93.831398,2135.0,7.179645410861981,0
28.597029,95.635353,1859.0,37.05975130350664,0
28.074157,93.377539,1079.0,14.567477216824017,0
26.175729,93.061472,79.0,0.9548412538721888,0
28.829624,94.809297,822.0,26.12141199648494,0
25.306808,91.162961,395.0,15.439986990629263,0
28.049969,94.607783,1018.0,26.849053663953967,0
27.510401,95.012888,110.0,3.016961309815993,0
27.270789,93.932827,202.0,20.560695607317623,0
28.623006,93.83211,4455.0,41.06634175393084,0
28.580431,96.316756,3597.0,39.31462864873003,0
26.922652,94.719341,94.0,0.6752059787394532,0
26.745413,90.801491,223.0,4.691966863384949,0
27.758677,95.910432,143.0,2.160788974078258,0
27.115666,93.171512,1671.0,29.09302123556689,0
25.20411,90.223075,29.0,2.160788974078258,0
27.711532,92.298863,4881.0,16.753888986635726,0
24.191608,91.815671,41.0,1.5095270002735288,0
24.345051,94.307113,343.0,17.109734569428905,0
27.909343,96.94347,934.0,21.880527338520384,0
26.300718,94.99945,1917.0,32.59333325755174,0
25.837478,93.644924,193.0,4.168739961832943,0
26.861234,95.508942,1442.0,20.411167997672813,0
25.844725,94.972238,2217.0,28.222814437179903,0
24.250803,93.050889,179.0,3.5204050825976285,0
25.595811,91.201847,1215.0,9.719867702432296,0
26.07125,92.723606,65.0,1.6876048941769748,0
25.698609,92.482744,834.0,9.39236065800289,0
26.757939,92.777404,77.0,0.9548412538721888,0
27.72946,93.584623,1588.0,7.431549720212324,0
27.679155,96.632468,1959.0,23.104591120404265,0
26.157197,91.996263,54.0,1.0675202709770988,0
27.910161,93.165395,1732.0,14.822992028929937,0
25.190596,92.412014,542.0,8.485238201927281,0
26.004017,94.338545,643.0,10.539890808166064,0
28.642926,94.484727,3895.0,17.390226107566324,0
27.376772,88.607987,1674.0,27.86940402714471,0
26.397688,91.246932,42.0,0.3376147110174216,0
28.683976,95.899819,2579.0,51.16255614898693,0
25.074953,93.736189,1296.0,12.53638838286113,0
26.356718,94.058905,106.0,2.052775101535614,0
25.251569,92.935581,693.0,8.614640366537119,0
25.260725,93.117141,425.0,21.43040257774228,0
23.854052,92.921409,1476.0,24.53724445711628,0
26.094354,89.817402,27.0,2.7199233149201807,0
25.526931,92.527597,977.0,18.026290470702456,0
26.024436,90.0291,26.0,1.6876048941769748,0
26.976613,92.415999,328.0,2.052775101535614,0
28.205248,94.984088,648.0,35.9304164674071,0
29.005146,96.41531,4100.0,3.4389123953782974,0
27.322395,96.566641,1664.0,25.0483691617686,0
25.725564,94.102484,1196.0,7.264626465193748,0
26.839179,94.867076,293.0,9.462322208025618,0
27.384275,93.898932,323.0,6.620689796446781,0
28.849837,94.26435,2896.0,22.872101356921007,0
24.651784,92.720906,31.0,5.759620519825523,0
24.572683,92.83966,28.0,2.5695028228896355,0
26.473042,92.052817,64.0,1.3502244696996155,0
27.461926,94.250296,109.0,2.0248682972773406,0
26.432892,93.6201,484.0,16.850495113189584,0
27.706235,94.167076,930.0,28.791342676869387,0
27.517549,92.998027,529.0,31.671265565493904,0
28.378775,94.194927,2328.0,44.34937588080547,0
24.756328,93.007642,24.0,1.2171181316034885,0
24.176055,93.126093,650.0,28.31035402696103,0
28.087271,92.674386,6148.0,6.629140282386492,0
28.5307,94.360561,1111.0,33.56563872420532,0
26.677033,92.099396,91.0,2.263636058426967,0
27.435214,88.431458,3031.0,11.777437041002203,0
28.931734,96.515919,4399.0,24.44139147294047,0
27.872065,95.736447,133.0,1.012750369636371,0
26.84713,95.547569,2040.0,34.14842434494704,0
27.397633,88.305387,1612.0,27.41028169409525,0
27.775864,94.898947,453.0,16.506228230622458,0
27.856552,96.000811,147.0,3.584252301697434,0
28.979153,95.493774,2977.0,29.38526921536885,0
25.65794,93.407053,270.0,15.23762774435772,0
28.386522,94.67493,511.0,9.629144775956853,0
26.390089,94.319878,242.0,1.012750369636371,0
27.009593,93.28816,377.0,20.22214606536205,0
26.345795,93.990764,111.0,1.7210061534334908,0
27.276703,96.206318,826.0,18.523305392734876,0
26.391342,92.415087,58.0,1.012750369636371,0
28.345909,95.657353,1895.0,28.6671509511028,0
28.401206,93.818693,952.0,33.43711068206698,0
28.230055,95.802524,1041.0,34.11826393583708,0
27.515254,95.54004,133.0,1.9091524329963765,0
28.468498,95.654104,1796.0,26.02793064379074,0
26.118841,93.873601,127.0,1.0675202709770988,0
26.2082,91.412202,44.0,0.3376147110174216,0
28.184627,96.640088,1762.0,42.36646637202451,0
25.827162,94.504695,1152.0,29.54940859650111,0
28.762478,94.339198,2920.0,30.332599354404916,0
27.932437,95.447779,138.0,5.570959980093077,0
24.752527,92.633414,23.0,2.7199233149201807,0
25.985859,93.380602,134.0,2.6350263783644494,0
23.557805,91.925918,134.0,14.549536520794929,0
27.505329,92.768585,1254.0,7.653048720543413,0
25.543185,93.974155,1823.0,28.485468456722128,0
26.141889,93.98368,122.0,0.7548944975654582,0
24.401688,93.476111,1134.0,23.23620218842728,0
24.254806,92.567407,283.0,35.44716914603359,0
28.087363,95.671399,183.0,4.972358392400693,0
27.777908,94.726544,1030.0,56.5529146959376,0
23.273732,93.116787,1082.0,20.738657385574744,0
27.165992,92.495599,2007.0,30.00645962393004,0
22.11965,93.054309,400.0,26.79578444292802,0
27.286372,92.864947,383.0,3.471741285563965,0
25.613246,92.465781,991.0,15.896959679954522,0
26.352414,93.447794,508.0,35.35790224961882,0
28.162285,94.799433,274.0,2.052775101535614,0
26.074768,90.745933,39.0,4.431819877885358,0
23.834425,92.243462,348.0,22.668609279892426,0
27.228791,93.974531,108.0,1.012750369636371,0
27.716324,96.664086,3292.0,7.594643368591445,0
24.326543,92.221857,83.0,9.8764738609297,0
26.48649,94.126747,97.0,0.3376147110174216,0
24.41337,93.725608,812.0,11.333816091683136,0
29.03358,94.479862,2722.0,36.934278635907546,0
25.530356,92.685982,655.0,6.492565483112628,0
26.479612,94.432762,678.0,21.306934769154235,0
25.631504,91.733163,1051.0,23.88964213675081,0
25.855776,91.773015,735.0,26.96750407359889,0
27.814098,95.577213,128.0,0.3376147110174216,0
27.695286,93.81877,1417.0,11.204175805954709,0
28.025942,93.849091,1117.0,37.6589833939566,0
27.523268,95.535699,131.0,2.8821812090202448,0
26.4792,92.953112,81.0,4.763641690726178,0
25.534612,91.861857,1916.0,4.072588647671146,0
25.043595,93.495135,597.0,12.455100051295563,0
26.826119,94.055848,77.0,0.6752059787394532,0
28.046099,93.555949,1479.0,37.59503837919196,0
25.601701,90.81816,478.0,12.017034920835409,0
27.414192,95.263615,117.0,1.012750369636371,0
27.620437,92.713699,1517.0,23.65321448723528,0
24.686894,94.257312,1444.0,31.187749878253733,0
26.62201,91.948687,75.0,0.9548412538721888,0
25.532445,93.404451,644.0,10.176527410054078,0
27.936069,95.954384,179.0,1.9091524329963765,0
25.418978,94.004669,949.0,35.08426737770889,0
26.580756,90.777605,55.0,1.817522018719848,0
28.35929,93.515554,1472.0,47.84364748499539,0
28.445359,96.050526,2405.0,35.547930894164075,0
28.578758,94.098281,2583.0,23.306469398375988,0
25.627193,94.896923,2317.0,30.999070289500416,0
23.67325,91.539091,85.0,16.7265941611426,0
25.515686,91.510742,1584.0,11.904688112848122,0
25.780996,89.852479,23.0,2.7818863802117484,0
27.914366,96.623917,2159.0,40.58175841455883,0
26.766824,92.556259,84.0,2.5695028228896355,0
25.722044,93.471407,246.0,5.720433130975309,0
27.061582,94.837511,97.0,3.8140748342903534,0
23.904088,91.906123,147.0,3.584252301697434,0
23.029432,93.285951,1503.0,42.90841097289874,0
28.068821,97.163925,4340.0,29.561355069386384,0
22.130391,92.919836,104.0,2.0248682972773406,0
28.638849,95.292179,1590.0,49.1305811869666,0
26.138105,90.407934,32.0,6.721369339369457,0
25.283346,90.799508,393.0,11.818505884684436,0
27.059285,94.396137,90.0,1.0675202709770988,0
25.201321,93.84364,1159.0,19.98488347684215,0
25.710668,92.44306,903.0,21.602912557948024,0
26.008726,92.049074,489.0,22.367643951988068,0
25.484827,92.222842,1340.0,14.86507416766643,0
22.967288,92.821903,731.0,12.621316503679331,0
25.286398,90.95608,496.0,5.759620519825523,0
26.470403,90.862471,48.0,1.2171181316034885,0
24.695995,92.716399,19.0,4.072588647671146,0
26.620462,92.980967,59.0,0.3376147110174216,0
26.45343,92.268906,51.0,0.0,0
26.269725,91.90926,57.0,2.052775101535614,0
23.618545,93.334422,1559.0,28.966958884266845,0
26.293734,90.436302,35.0,0.7548944975654582,0
26.883538,92.665095,98.0,1.2171181316034885,0
28.70872,94.688793,2007.0,28.20697905496611,0
24.304041,92.402685,64.0,0.7548944975654582,0
25.756156,94.770621,1374.0,28.632096976803734,0
27.671986,92.360516,4597.0,28.88007548568397,0
23.686212,92.652655,286.0,10.39935064946811,0
28.057154,94.289065,1440.0,20.07880037349212,0
29.017489,94.459252,3115.0,41.28347864937142,0
27.080476,94.560135,89.0,2.160788974078258,0
29.004797,94.537661,2717.0,28.4925477830351,0
25.596453,90.452144,431.0,12.092764221354727,0
28.69262,96.086602,2027.0,37.56174992488726,0
24.926164,94.073457,814.0,1.391763426244203,0
26.248098,93.475906,742.0,12.772578169490426,0
27.210259,95.629661,293.0,21.393026047204746,0
27.266731,94.706419,99.0,1.2171181316034885,0
23.979728,92.612717,295.0,16.51856577082679,0
24.421449,92.622294,65.0,11.038532615965034,0
28.809046,94.685797,1955.0,31.111811507204923,0
28.974553,96.086033,3071.0,56.45990549001628,0
28.211697,95.570037,323.0,0.7548944975654582,0
26.762729,93.196485,84.0,3.471741285563965,0
22.277395,92.753842,210.0,8.811234328732239,0
25.810331,94.106746,923.0,9.094640304149,0
25.731946,91.868098,768.0,6.853224835121291,0
24.468009,93.060152,126.0,16.931476365156406,0
25.697145,93.114685,207.0,10.246059403967996,0
25.964848,94.750757,2139.0,21.622443658222437,0
27.350194,96.272134,549.0,14.724246751696764,0
28.664992,93.710503,4554.0,10.160408198552636,0
27.842834,96.754006,2467.0,30.016789777665565,0
27.094414,94.753549,98.0,2.4563945664087456,0
27.61756,93.778401,1869.0,10.92491063265941,0
26.695587,93.72392,78.0,0.7548944975654582,0
25.850999,94.448628,2044.0,36.14763896908836,0
26.68011,90.009254,135.0,3.5204050825976285,0
24.632007,94.488399,666.0,29.561355069386384,0
24.371646,92.72421,140.0,29.752645929166388,0
28.380734,93.658484,1302.0,16.874539775268598,0
28.407341,95.284697,1045.0,27.19727721314564,0
25.91442,92.478116,517.0,15.51006672197381,0
26.760311,90.725158,271.0,1.5095270002735288,0
28.298382,95.22662,1180.0,35.53410178727974,0
23.039287,91.731259,42.0,8.792413167178566,0
27.629171,91.661307,3242.0,49.4254002167178,0
23.400026,92.38308,136.0,21.57900758977469,0
24.541466,92.231465,39.0,6.762860735059933,0
26.292051,93.317643,617.0,19.51118046928032,0
26.009646,91.334669,61.0,9.719867702432296,0
23.897144,92.799735,243.0,22.184664148243595,0
27.644001,88.175691,4827.0,8.280429976643653,0
25.599301,91.983475,1323.0,6.926249082072704,0
27.681009,95.010245,111.0,0.7548944975654582,0
26.809323,90.565122,269.0,0.9548412538721888,0
24.578047,92.84678,33.0,2.7818863802117484,0
27.537585,93.469972,1573.0,19.295109135877045,0
24.460136,93.973828,866.0,18.180232325920816,0
24.275928,94.179068,536.0,27.891440292491936,0
24.001345,91.771935,117.0,6.804089732608741,0
25.212007,92.984218,646.0,7.431549720212324,0
26.532726,91.766738,63.0,2.160788974078258,0
24.820964,94.315089,1169.0,26.08867247829872,0
28.702956,96.321897,3691.0,37.59747138200309,0
26.616949,90.159663,80.0,1.7210061534334908,0
23.680141,93.071363,662.0,28.214178840534363,0
23.126804,91.660848,39.0,3.584252301697434,0
23.262734,92.874841,743.0,22.25977894945414,0
28.349067,93.382531,3995.0,14.882566829789898,0
27.041307,94.324026,90.0,3.5204050825976285,0
26.489094,94.736887,485.0,8.588925239163549,0
26.563526,91.799823,70.0,2.7199233149201807,0
26.954386,93.818469,82.0,0.9548412538721888,0
27.599393,92.922581,885.0,33.56563872420533,0
24.195767,92.109337,51.0,1.0675202709770988,0
25.074533,94.526232,1208.0,40.31826821778756,0
23.79349,91.809029,99.0,14.763132623631552,0
29.177933,94.494192,3346.0,43.29205669075448,0
27.634649,94.622174,270.0,23.292830705929315,0
25.563856,92.453205,991.0,13.134022306396323,0
28.672467,95.018653,429.0,15.770354673539524,0
27.737873,94.032766,655.0,41.879970627343376,0
28.255771,93.770558,3580.0,40.49577705670261,0
26.52531,92.35133,54.0,0.7548944975654582,0
24.096731,93.65555,1044.0,15.288517970232029,0
23.275949,93.196062,562.0,13.709786427291844,0
23.142049,91.56976,117.0,10.48288165556538,0
26.673297,93.799962,84.0,1.7210061534334908,0
27.846004,95.125035,365.0,24.361378979850556,0
25.096099,93.046007,1621.0,15.46672895722096,0
27.591585,91.970765,2705.0,54.02905213438046,0
25.578532,92.379559,1104.0,2.433138796850444,0
27.546059,88.167783,4942.0,7.86095868417308,0
27.722034,91.772799,4038.0,37.21667111223289,0
28.25373,93.195039,2993.0,36.63130508748948,0
27.877452,95.792763,135.0,1.817522018719848,0
29.079114,95.030995,1900.0,20.097992628721148,0
26.77642,94.899888,310.0,20.95764795780444,0
26.298937,90.466214,43.0,2.160788974078258,0
25.902692,91.179223,64.0,1.817522018719848,0
23.167327,92.819601,767.0,6.671226398049395,0
28.16049,96.913717,4160.0,45.46628942079143,0
27.576803,91.882617,2446.0,12.574686308048038,0
28.356852,93.55375,1566.0,36.53104972071567,0
29.211788,94.58036,4480.0,28.62226851555476,0
27.512028,95.562534,135.0,0.7548944975654582,0
26.751616,91.665588,108.0,4.5823147648922165,0
25.449575,89.861615,32.0,6.423150913734816,0
28.461937,94.892139,1221.0,17.687823087123586,0
26.171608,91.303726,48.0,3.372286683433898,0
25.653249,92.13669,961.0,9.280430939864935,0
26.040777,92.440075,440.0,9.015509788449524,0
26.626803,94.367655,127.0,5.427642598914455,0
28.456755,96.033187,2461.0,33.52916821030251,0
26.66896,90.684593,126.0,3.646970455272818,0
25.345318,90.151158,130.0,5.730255777235155,0
27.207171,94.881353,106.0,1.96786377642228,0
26.562541,93.534362,100.0,5.520212884789397,0
28.475353,93.887196,3148.0,53.691773305345016,0
28.000724,95.48685,146.0,2.263636058426967,0
23.944974,93.145925,808.0,25.23422161628461,0
26.135349,90.140051,32.0,3.1818128120974354,0
28.583527,94.290406,3298.0,35.64440484098135,0
28.420483,94.935784,1140.0,30.36043784504823,0
27.336734,93.965323,447.0,32.49141778252494,0
26.422647,93.446942,295.0,1.3502244696996155,0
22.926218,92.419512,46.0,9.37478274202116,0
26.694165,91.718898,85.0,1.0675202709770988,0
27.799688,93.835897,1218.0,22.79182488065121,0
27.056056,92.932826,837.0,14.203597427432593,0
26.330108,91.616345,53.0,3.372286683433898,0
25.952989,92.708063,69.0,1.4320961841646465,0
26.312188,90.51483,179.0,9.321835749415005,0
28.248015,95.271603,1388.0,46.48790334192925,0
26.610932,93.792946,90.0,0.9548412538721888,0
25.555555,91.957672,1551.0,8.38679794033457,0
23.50524,91.577786,64.0,11.653262308925733,0
22.430209,92.638629,89.0,2.433138796850444,0
25.827976,91.895218,671.0,28.14493082207299,0
22.476623,92.713786,548.0,34.223582499044106,0
26.126953,92.059558,59.0,2.0248682972773406,0
27.391524,94.01344,449.0,21.25371448094992,0
26.357941,94.362581,406.0,11.727024027980926,0
27.100947,95.240979,113.0,0.7548944975654582,0
22.749164,92.594825,229.0,10.48288165556538,0
24.90016,94.54741,731.0,35.55530158506647,0
25.772287,94.545042,1687.0,32.667159071642764,0
28.915433,95.243834,3246.0,39.09791429019716,0
26.745599,90.570593,140.0,0.7548944975654582,0
25.890612,92.0457,726.0,10.030442717931756,0
27.988017,97.028892,3092.0,33.03784710054073,0
25.759008,94.559529,1456.0,31.670097621922785,0
26.524901,91.441601,53.0,1.96786377642228,0
24.634054,94.311964,891.0,17.180394194416053,0
27.276661,96.075989,448.0,22.13438579590705,0
28.189164,96.723145,2427.0,27.638462093497584,0
22.480555,92.9915,893.0,29.07799907556935,0
27.60907,94.33089,525.0,45.40840792904277,0
27.136579,92.415713,2733.0,28.735641668064066,0
25.455365,94.316639,2250.0,33.83097699565078,0
25.170488,91.480817,61.0,17.0000833481045,0
28.035758,93.532976,1363.0,33.05825736162379,0
27.690091,88.7842,4098.0,42.35932013179124,0
29.26721,94.652898,3747.0,41.74095647676569,0
24.788499,92.332273,28.0,3.723867216394672,0
26.89798,94.54123,92.0,2.7199233149201807,0
26.606063,94.869105,498.0,15.288517970232029,0
24.910176,92.812115,28.0,4.679912393493258,0
28.243929,96.421342,2985.0,59.18321284241119,0
27.748814,93.518358,1518.0,33.587482122343864,0
27.204204,94.851851,105.0,3.471741285563965,0
24.603739,94.373936,827.0,20.307500221928045,0
27.215493,95.786076,519.0,30.96375653207352,0
26.006918,90.620478,121.0,20.09079841920037,0
24.157378,93.539863,715.0,37.13339536793168,0
22.357382,92.823033,323.0,1.391763426244203,0
26.097395,94.01429,515.0,8.710355024840405,0
22.775245,92.660213,143.0,14.624713477272469,0
27.560387,92.376782,3901.0,35.039635753721,0
26.220111,92.062146,55.0,2.1342998941463125,0
23.345869,91.528557,35.0,11.653262308925733,0
25.646517,92.507468,877.0,9.064292737899716,0
27.529086,95.928271,159.0,0.7548944975654582,0
25.179662,90.473233,102.0,4.431819877885358,0
27.547693,93.427885,1421.0,31.430092329641088,0
27.225431,88.493589,430.0,47.00592246328456,0
28.219602,93.178869,2321.0,15.616129405024544,0
26.736482,94.681369,152.0,3.7692440164074177,0
28.70127,95.604783,2420.0,22.228525063117385,0
27.82568,95.939459,144.0,1.391763426244203,0
25.56573,90.172412,316.0,24.02983657211801,0
26.213549,92.361539,59.0,2.052775101535614,0
28.084479,92.895755,4475.0,5.385977098599754,0
27.521131,96.440352,774.0,25.0483691617686,0
27.518514,88.077007,4971.0,38.1332621371688,0
27.012906,92.563507,481.0,22.59136070457113,0
25.152865,92.326236,133.0,19.926793281440663,0
27.722674,95.928763,158.0,4.393377408433921,0
26.787699,93.06201,75.0,1.012750369636371,0
28.821586,95.465696,2902.0,22.489134862284537,0
27.856467,93.944068,521.0,34.090063875331914,0
24.927035,94.350398,1321.0,29.346331162468683,0
27.550273,88.116827,4706.0,8.935631425418535,0
28.144334,94.409024,1305.0,25.81103430982676,0
25.698616,91.196388,1139.0,21.96560850853191,0
25.691138,92.674101,677.0,19.481220754681733,0
25.788967,90.232556,146.0,8.543726239832896,0
25.212862,92.242081,478.0,29.70930483293904,0
25.883966,90.600946,232.0,1.0675202709770988,0
27.331855,95.605468,174.0,2.7818863802117484,0
27.908839,96.810251,1441.0,42.2822816266301,0
27.817206,92.52778,4606.0,28.050691559311588,0
26.309906,90.691126,45.0,2.052775101535614,0
27.041692,94.553612,90.0,1.817522018719848,0
26.698812,92.651472,76.0,1.6876048941769748,0
24.775269,93.645945,1090.0,34.29441470522327,0
28.505442,95.83197,814.0,26.79421507792808,0
25.144342,94.543032,1583.0,27.68758601868061,0
29.049051,96.004179,1853.0,10.39935064946811,0
25.835416,90.566222,213.0,27.90464791971911,0
29.245736,94.731765,3987.0,24.600232017293425,0
28.149066,95.543908,255.0,3.372286683433898,0
23.435998,92.596137,744.0,13.05694776697101,0
27.737931,93.464965,1534.0,22.62393276031727,0
23.389731,92.517985,704.0,27.632497705086998,0
26.185387,93.027265,77.0,3.945476393479333,0
28.961608,96.503874,4679.0,30.297100641022165,0
25.675006,91.945845,960.0,9.064292737899716,0
23.408606,92.86766,785.0,4.5823147648922165,0
28.053472,96.7431,2307.0,47.74798031431653,0
23.994553,93.171055,697.0,18.829656405370876,0
26.640379,91.546237,71.0,3.4389123953782974,0
28.403759,95.436271,1431.0,51.811338038794005,0
27.518076,91.786095,1728.0,47.00764738441772,0
28.940898,94.533819,1297.0,43.10289498982734,0
26.410728,92.879521,73.0,2.433138796850444,0
25.817406,90.050113,54.0,3.631393549323058,0
23.687644,91.74329,222.0,9.898627976311248,0
26.010823,94.297173,790.0,15.649096780194936,0
27.410819,93.349211,2844.0,22.23478085082604,0
28.86559,94.86398,1824.0,31.86169841848211,0
25.307343,94.09222,1440.0,27.061961361512484,0
26.959994,93.059655,385.0,11.371914526441127,0
25.173346,93.136327,749.0,16.02875346654702,0
28.594895,93.479459,3992.0,19.27991513860172,0
28.312595,94.858818,426.0,35.35790224961881,0
26.400107,94.501107,714.0,17.439308927371652,0
25.920595,92.830993,76.0,1.9091524329963765,0
28.19735,93.532244,2657.0,41.27003809804416,0
28.122709,96.579349,1753.0,29.981899620167887,0
27.867507,96.468291,624.0,13.62869225114325,0
26.257886,92.692115,60.0,5.759620519825523,0
26.534099,92.274316,65.0,1.817522018719848,0
26.764562,91.317796,136.0,4.315448959323992,0
27.269628,94.28945,91.0,1.012750369636371,0
23.770392,91.556215,149.0,7.1171765367879605,0
26.2802,90.414971,43.0,1.817522018719848,0
25.817761,91.809933,597.0,7.85388550431469,0
26.780549,90.466864,158.0,1.5095270002735288,0
28.175117,95.52009,334.0,2.5695028228896355,0
23.808686,92.494983,842.0,32.5546354103273,0
29.328825,95.825972,3917.0,51.21033794828064,0
27.989025,95.602841,156.0,3.8140748342903534,0
27.377446,92.600768,1537.0,20.29804034743402,0
23.71921,91.938049,132.0,3.109633021988153,0
25.513592,94.030975,2608.0,13.405722994872662,0
23.860895,91.465893,57.0,3.843668167321381,0
23.741712,91.525683,80.0,16.601549599020238,0
28.728367,95.366212,3202.0,21.702479637244338,0
26.271564,93.437972,906.0,26.25982709963758,0
26.116038,90.140963,30.0,1.3502244696996155,0
26.496506,92.802772,69.0,3.109633021988153,0
25.211783,91.787725,96.0,38.16224188693016,0
24.849801,93.202172,52.0,8.898506676457863,0
24.302405,93.629463,1127.0,37.6727100898003,0
25.453289,93.333664,303.0,1.96786377642228,0
24.713804,92.358998,21.0,1.2171181316034885,0
27.682624,96.604781,2373.0,21.01416343922592,0
28.580279,93.768954,2562.0,12.925951545439489,0
28.038657,93.592279,1319.0,40.32099374186543,0
24.645269,93.15962,315.0,22.611726159679268,0
25.793839,92.294869,737.0,7.363740476577823,0
29.166493,94.736003,3310.0,20.574638191200428,0
26.737865,92.647027,79.0,2.3619913818349927,0
23.852055,92.192175,120.0,14.581811078563677,0
26.233881,94.939402,1637.0,25.411135016332118,0
24.153922,93.093984,259.0,24.650445283609805,0
27.438583,95.126548,119.0,0.9548412538721888,0
23.920435,92.018727,89.0,3.372286683433898,0
28.605275,95.029494,358.0,30.186312370649645,0
23.385804,91.600553,56.0,8.710355024840405,0
27.079513,92.578938,433.0,29.939155901858676,0
25.857891,93.397087,199.0,4.100293712915969,0
25.720778,91.87513,826.0,8.792413167178566,0
26.714971,91.422735,100.0,1.012750369636371,0
25.159736,93.931798,1867.0,25.187525098484176,0
26.033633,90.31206,37.0,4.857533338413092,0
26.666749,92.896419,72.0,2.263636058426967,0
27.800997,95.85079,137.0,5.479268333625944,0
25.031756,93.842834,1977.0,7.746973739247727,0
28.335382,97.068295,2796.0,40.327805440220686,0
27.346866,94.462087,96.0,2.3619913818349927,0
25.486905,93.114063,186.0,13.085403969626222,0
28.124611,93.66577,972.0,30.540254671842376,0
27.772098,91.800252,4817.0,16.444369946673778,0
29.000368,95.74747,1823.0,31.274111327369862,0
23.634547,93.116162,735.0,10.779771619960355,0
26.935986,93.017344,310.0,14.434094830851231,0
27.874143,92.622182,5971.0,50.391988528645264,0
23.439506,91.395916,46.0,10.176527410054078,0
24.042813,93.61437,1366.0,21.10191174255309,0
25.540839,92.911584,245.0,10.779771619960355,0
25.606255,90.030379,76.0,13.29860327052246,0
24.797066,93.730856,914.0,20.51645901955324,0
25.759402,92.629899,607.0,0.3376147110174216,0
28.703914,94.6309,1527.0,45.099127844027294,0
28.901725,95.986963,2193.0,46.07632016878674,0
25.533483,91.884414,1880.0,6.137379659610732,0
28.165737,94.65281,634.0,30.09406096139528,0
27.201176,93.929289,111.0,3.109633021988153,0
24.897937,94.068501,1095.0,22.441886093428515,0
25.640203,91.50822,1131.0,27.56824365871051,0
26.336502,92.602956,61.0,1.817522018719848,0
26.588402,93.726796,93.0,5.128711509483252,0
28.895572,95.090324,1476.0,16.49387935313133,0
26.321504,91.520978,52.0,1.6876048941769748,0
24.185242,92.452646,113.0,11.333816091683136,0
28.612004,94.210792,2775.0,30.81928288395934,0
28.331528,94.815007,822.0,22.662524505739437,0
25.226361,92.523473,592.0,14.513576860926523,0
25.890799,93.940169,199.0,2.1342998941463125,0
26.366626,90.781712,50.0,3.016961309815993,0
25.863897,93.684922,185.0,5.396424351416363,0
27.241012,92.843915,990.0,39.412476194178,0
28.791762,95.919705,1288.0,22.737405889726222,0
27.580337,93.150996,1371.0,38.92518394304661,0
24.138871,92.677048,304.0,34.54434428629451,0
26.946644,92.203116,626.0,9.920728647509224,0
25.559656,91.612199,1706.0,3.4389123953782974,0
28.347075,93.36382,4238.0,39.55631362346285,0
23.817022,93.348632,823.0,21.47425899848928,0
26.008107,91.353306,53.0,1.2171181316034885,0
27.420308,95.51239,133.0,1.0675202709770988,0
24.831526,92.964362,40.0,5.150652185902698,0
26.099298,92.789852,65.0,2.862405226111748,0
26.347685,90.328624,391.0,21.43040257774228,0
26.270268,94.781551,1482.0,30.332599354404916,0
24.014948,92.131953,197.0,6.91817481667161,0
24.71612,92.294832,54.0,14.938380345292416,0
26.18038,91.505244,55.0,1.96786377642228,0
27.820091,97.115108,2362.0,51.22852294606111,0
22.640288,92.526197,60.0,3.723867216394672,0
27.923417,97.063114,2934.0,23.65321448723528,0
27.824038,94.233814,1134.0,9.898627976311248,0
27.406421,92.891426,1677.0,23.490416068641597,0
28.021742,92.879269,3582.0,14.656793243901692,0
28.530692,95.356008,2352.0,32.5546354103273,0
26.018603,92.365195,599.0,19.109168969144932,0
24.41713,93.573316,1029.0,13.83230277374978,0
25.879054,94.249988,1474.0,19.180768177227858,0
22.515729,92.894249,814.0,6.344120839226984,0
23.903733,92.220582,96.0,5.570959980093077,0
27.066573,93.507439,313.0,22.033339392240457,0
25.597613,91.981922,1324.0,5.479268333625944,0
24.352473,91.994471,24.0,0.3376147110174216,0
27.023887,92.450545,1270.0,6.281942803729766,0
25.177416,92.956674,892.0,6.18293016594826,0
22.829959,93.041277,1194.0,32.89642925170675,0
26.129502,89.90473,31.0,1.7210061534334908,0
24.693836,94.167304,931.0,15.439986990629263,0
28.023361,93.76512,1202.0,24.89919247685793,0
26.955893,94.588349,89.0,0.9548412538721888,0
27.725473,94.389751,202.0,38.4045168714115,0
23.98585,92.617926,179.0,16.11800792223731,0
24.978828,93.791915,2100.0,14.780768081886675,0
27.176768,94.205914,90.0,3.4389123953782974,0
26.363851,94.320274,416.0,11.04835208485498,0
28.104669,93.974678,2095.0,27.0310516154598,0
26.648578,91.280361,58.0,1.6876048941769748,0
25.442679,90.790143,181.0,21.837811101082977,0
23.147721,93.307223,1516.0,13.91959061491351,0
27.291084,95.381118,125.0,1.5095270002735288,0
28.385675,93.32746,3057.0,36.080907034405485,0
26.319517,90.58987,44.0,2.052775101535614,0
27.232816,92.774769,1228.0,44.39301853065599,0
26.297043,90.628194,42.0,2.7818863802117484,0
25.296181,90.818998,746.0,5.062306669977521,0
27.623083,88.348073,3358.0,63.44846662097809,0
25.933646,94.525127,1074.0,26.233861962637395,0
27.286547,93.06638,878.0,27.122068499384515,0
28.45089,93.300171,3224.0,25.8493248967401,0
27.712949,92.601774,1932.0,30.128715565698148,0
28.663615,94.287802,2247.0,35.49254337882844,0
23.92703,94.152119,340.0,0.7548944975654582,0
27.460752,95.306203,121.0,1.012750369636371,0
25.808936,94.515866,1081.0,16.583152881274696,0
26.013283,90.849123,42.0,2.3619913818349927,0
23.574914,93.189459,1067.0,25.603031679195496,0
27.890517,95.437305,131.0,0.7548944975654582,0
27.282023,93.132005,904.0,29.32750061118656,0
26.091577,90.645825,39.0,2.433138796850444,0
27.21114,95.940218,512.0,22.35109772807088,0
22.983829,92.575348,249.0,22.010090182675167,0
27.968889,93.134214,1545.0,25.0063879562472,0
28.039578,94.295895,824.0,20.12194836982808,0
27.510339,91.746466,1718.0,21.271475106637943,0
26.826704,91.770754,198.0,1.012750369636371,0
24.056604,93.572616,821.0,13.121887013841768,0
26.343551,90.027434,48.0,0.7548944975654582,0
25.93706,92.106891,767.0,11.54163616146147,0
23.054405,91.683921,33.0,13.824682316158707,0
24.903857,93.401044,238.0,25.575997825418,0
27.989199,95.357333,146.0,1.5095270002735288,0
27.445201,96.765182,1465.0,30.414714507014207,0
26.28072,92.482579,57.0,0.4774537773095774,0
24.059118,92.49529,454.0,33.78277240226028,0
27.760465,94.180167,565.0,40.60786033035867,0
29.20729,96.12929,3037.0,28.27166428003782,0
28.121294,94.250143,1556.0,25.256657219795606,0
28.155577,93.629483,1306.0,22.384172683758795,0
23.608431,92.878208,633.0,24.68621633556212,0
23.241609,93.311614,1551.0,23.925274503955123,0
25.071465,92.613591,159.0,37.47372791066965,0
27.657883,95.517469,130.0,1.817522018719848,0
28.756219,96.005376,3702.0,13.523602927707746,0
27.232159,95.837728,904.0,24.941452625436263,0
25.168089,94.532316,1492.0,16.874539775268598,0
23.753825,91.637783,94.0,3.584252301697434,0
26.549168,93.997277,101.0,1.6876048941769748,0
23.996006,92.498691,680.0,28.14782196842062,0
25.090217,92.342066,301.0,15.639215353862252,0
29.196635,95.574231,3528.0,4.691966863384949,0
27.692902,96.631625,1984.0,33.16099672886019,0
28.504477,94.609099,1371.0,23.198990682657424,0
26.158673,93.823282,127.0,2.4563945664087456,0
26.314521,90.765075,47.0,2.263636058426967,0
23.647667,93.059777,949.0,19.24186109596217,0
23.479127,91.892304,112.0,11.768288932020646,0
27.597589,92.311047,3342.0,42.77346082638949,0
27.701929,93.078377,1729.0,9.427411064372352,0
22.210086,92.69323,277.0,24.359555875506427,0
27.398392,88.363599,1843.0,30.31992998760618,0
24.185308,93.724245,1119.0,18.491238668119102,0
26.946789,95.702107,984.0,31.284874832376456,0
26.347994,93.285469,478.0,25.018643735095768,0
28.234471,95.13128,1422.0,31.74467986659196,0
26.562571,91.36632,59.0,4.431819877885358,0
28.811271,95.301027,3118.0,13.270669478570088,0
25.475284,93.862558,1160.0,29.288426111381536,0
29.368796,95.855793,4973.0,20.307500221928045,0
28.409177,96.138036,3599.0,29.752645929166388,0
23.277674,92.699908,735.0,27.632497705086998,0
23.242073,92.507807,453.0,19.689673297252916,0
26.042114,91.536505,51.0,2.3859440303888126,0
26.335465,91.074691,41.0,0.7548944975654582,0
25.412244,91.746916,1616.0,18.38382861198566,0
27.798442,96.114412,188.0,7.85388550431469,0
28.001797,96.680401,2686.0,34.06282477031528,0
26.138653,90.59959,47.0,0.7548944975654582,0
25.339868,90.435673,47.0,4.393377408433921,0
23.528862,91.48557,28.0,2.160788974078258,0
29.105981,94.535878,3928.0,50.92507712540902,0
27.009769,92.725898,126.0,5.641219812715514,0
25.750145,94.949463,2236.0,26.19483670246512,0
28.03059,96.543749,2449.0,29.27358055799764,0
26.529168,92.911728,73.0,2.7199233149201807,0
27.63248,96.684626,2793.0,43.00055325148475,0
27.574061,94.972504,106.0,6.25509971741467,0
24.924263,94.497304,1405.0,24.49391007909546,0
26.285147,89.932459,51.0,1.3502244696996155,0
25.623123,91.152376,1227.0,10.030442717931756,0
26.51501,94.692822,422.0,19.180768177227858,0
26.230073,93.821848,141.0,1.7210061534334908,0
28.794697,95.27175,2152.0,19.37587916013665,0
25.787503,93.019014,104.0,3.843668167321381,0
28.595244,95.236227,1378.0,40.90192473668875,0
26.64314,91.471278,84.0,0.7548944975654582,0
24.23566,92.380367,85.0,16.506228230622458,0
25.69971,90.266069,242.0,13.142105387504266,0
27.915205,95.971344,170.0,3.372286683433898,0
24.290173,93.14787,642.0,22.61986494804043,0
26.955394,95.527374,1645.0,36.41707171096365,0
27.942697,95.686684,138.0,1.0675202709770988,0
23.050968,93.114875,575.0,24.141114359485854,0
26.452323,93.842431,110.0,6.317550481225067,0
25.479152,93.514218,511.0,7.917305155246911,0
25.720274,94.576813,1120.0,37.73071535109403,0
24.036835,94.190773,316.0,12.646669179823956,0
27.996,95.441762,140.0,2.3619913818349927,0
28.411932,95.586079,1473.0,37.21002503792138,0
26.82461,94.252077,87.0,1.9091524329963765,0
28.152445,92.753881,5241.0,37.85168026197426,0
23.317081,91.40212,38.0,3.584252301697434,0
26.433945,93.628562,318.0,32.04539160072092,0
25.82514,90.931868,426.0,21.97409103386415,0
24.158973,94.035678,1183.0,13.202548211490392,0
28.661313,95.854386,1034.0,42.9043917617835,0
26.360418,93.875711,134.0,3.3214321859461395,0
27.760684,88.420035,3790.0,30.232245835117567,0
26.128893,94.563826,1295.0,29.32750061118656,0
24.777363,93.57298,441.0,17.766873696173704,0
23.017505,92.447338,177.0,13.64418168215864,0
26.049421,92.825444,73.0,2.160788974078258,0
25.824492,94.430111,1696.0,28.80107107267857,0
28.827286,94.476174,3417.0,30.16073854963253,0
23.153062,91.514725,25.0,8.811234328732239,0
27.014755,93.991015,83.0,1.0675202709770988,0
24.241479,92.500167,47.0,4.972358392400693,0
28.937093,95.634282,3814.0,28.35609137570158,0
26.876369,95.191215,885.0,35.03488047791647,0
24.431487,93.832665,776.0,4.044691235386269,0
28.392967,93.863682,644.0,33.27263643325093,0
27.22435,93.972196,108.0,1.012750369636371,0
23.931655,91.531211,147.0,11.485371105544893,0
25.751346,91.453181,938.0,16.850495113189584,0
23.693313,92.39206,498.0,20.375906887350503,0
25.799544,94.278863,642.0,22.02700214625758,0
24.305931,92.876444,267.0,23.84263602379236,0
24.345801,93.2795,660.0,23.70647974476465,0
26.883423,93.656466,77.0,0.9548412538721888,0
23.809996,92.22315,155.0,18.695768272361335,0
27.557175,93.952318,2468.0,17.576967469876386,0
25.254709,93.900972,1112.0,15.678696056854935,0
28.408537,93.73179,1213.0,28.02741135506512,0
26.721298,94.505538,176.0,6.466625310264721,0
24.773075,93.253187,621.0,17.97922516743013,0
28.085526,92.682741,5961.0,6.0637651384102655,0
25.788486,91.640758,676.0,15.90987591526664,0
27.063939,95.794194,1686.0,24.42142566327801,0
25.722888,91.148096,985.0,30.205466819616653,0
26.09191,93.008061,82.0,0.4774537773095774,0
27.462709,92.421925,2488.0,23.277229246838036,0
25.418068,92.206092,1355.0,19.41358778873812,0
27.93055,93.284886,890.0,28.293169783508667,0
26.993883,93.542309,422.0,38.73544264699537,0
25.288321,94.522613,1068.0,4.787290497376919,0
27.149139,95.550149,599.0,15.70167123678081,0
27.893662,93.929692,937.0,9.748032163491192,0
26.609935,92.088514,78.0,3.5204050825976285,0
28.255049,93.986794,2629.0,37.18923817602516,0
27.942802,88.28639,5336.0,26.38903751874389,0
27.714496,96.076672,232.0,2.0248682972773406,0
25.45867,91.61405,1574.0,2.433138796850444,0
26.159616,94.191103,308.0,13.488363377027731,0
27.679497,88.5908,2221.0,42.68921840705873,0
27.191194,88.219109,1798.0,23.96456544257744,0
25.359336,90.648732,248.0,10.64269042231061,0
26.193342,92.864503,488.0,14.599705118408163,0
25.360684,90.1286,102.0,11.927252133664076,0
28.44397,94.95631,1555.0,25.0483691617686,0
26.073,91.911757,67.0,1.6876048941769748,0
26.726835,91.09518,63.0,1.96786377642228,0
25.979889,92.446782,583.0,9.10674910038814,0
27.404614,95.998508,200.0,5.72043313097531,0
24.377335,92.718271,213.0,13.05694776697101,0
28.548987,96.022273,3088.0,39.30444622285314,0
25.640124,93.836068,738.0,5.951584521749746,0
25.168298,94.272046,1948.0,19.632888661818416,0
23.297919,93.325487,1418.0,20.406471284033348,0
26.413269,93.9548,101.0,1.391763426244203,0
26.818825,95.572198,2236.0,29.829852627858187,0
25.423745,90.058518,104.0,7.210668433030249,0
26.426142,90.477458,220.0,37.013550596984274,0
27.47274,94.77606,99.0,0.0,0
26.8742,95.385562,572.0,13.206566483906398,0
28.868869,95.760071,2185.0,14.15548761586253,0
26.576986,91.85329,73.0,3.931095784160226,0
28.677157,95.392636,2667.0,28.98345643458031,0
26.001638,94.704077,1807.0,28.176705590951745,0
27.627452,94.546411,669.0,34.62550882558278,0
27.770216,96.257665,271.0,5.226703690794332,0
27.574524,92.829033,2247.0,36.080907034405485,0
28.85472,94.148504,2291.0,42.296644439104185,0
24.185587,94.048932,1246.0,17.416232755050153,0
25.291315,92.316395,1000.0,10.759583898850556,0
26.18232,95.113518,2428.0,10.825043206197622,0
25.976126,91.349663,135.0,12.574686308048038,0
28.345656,96.8676,4042.0,26.477281042311844,0
26.901925,92.285793,191.0,4.72794257368475,0
25.664465,94.257267,1606.0,9.748032163491192,0
27.754441,93.536498,1875.0,22.29097037475897,0
28.986461,95.650559,3321.0,23.46922573225269,0
27.109542,94.200543,85.0,1.6876048941769748,0
27.737365,92.366268,5148.0,13.515781057664528,0
28.78061,94.520243,2470.0,39.02919910015018,0
25.473831,93.162275,251.0,7.062044068464845,0
27.928018,96.969791,1642.0,39.45504677883583,0
27.510278,96.025177,181.0,2.9018215173024653,0
28.080304,95.685409,179.0,2.0248682972773406,0
27.496422,93.109009,1355.0,15.179705807856672,0
26.913639,94.740405,103.0,1.391763426244203,0
25.750889,91.131552,653.0,13.069151942759,0
27.835419,93.703273,1584.0,18.88442885748116,0
26.991762,93.873513,93.0,1.4320961841646465,0
28.872604,94.910126,1997.0,49.734181419279736,0
27.569958,96.190958,531.0,10.367837459092083,0
27.360143,94.218133,96.0,3.1818128120974354,0
27.613171,91.646476,1979.0,50.54596437114744,0
25.707622,94.350495,1573.0,23.91965362035784,0
25.969096,94.533326,1027.0,14.724246751696764,0
26.406605,91.076593,42.0,2.5695028228896355,0
26.316371,93.26879,447.0,18.531310895674505,0
29.017961,95.11037,1863.0,19.30270023544207,0
25.416505,92.192538,1275.0,6.423150913734816,0
25.289019,91.692893,1426.0,7.543150097211877,0
25.741692,93.512012,216.0,7.2338446967252255,0
27.308678,96.078848,464.0,13.362200604250482,0
26.013631,92.120646,390.0,16.808314433366295,0
23.794791,92.361067,763.0,26.477281042311844,0
23.849035,91.848171,115.0,5.237476066812513,0
23.02081,91.621479,34.0,5.808222980428714,0
26.968875,93.343476,343.0,37.81012764350624,0
28.436993,94.851231,729.0,31.187749878253733,0
27.154646,93.079435,1128.0,21.912487469017037,0
27.534069,93.39591,2109.0,18.023526254904876,0
27.907818,96.069754,181.0,0.3376147110174216,0
26.259367,94.739921,1913.0,35.52579864342656,0
24.380159,93.107095,349.0,33.50829140859331,0
25.431222,90.148167,214.0,9.191033686643834,0
28.164993,94.222641,1516.0,37.2804982310016,0
28.086902,94.121592,1138.0,21.271475106637943,0
25.410004,91.384106,1518.0,15.80618797245988,0
28.954752,95.004605,966.0,27.4766600030317,0
26.338191,91.634001,52.0,2.3619913818349927,0
28.446104,93.588953,2948.0,12.94240871762464,0
28.030301,94.653363,881.0,20.738657385574744,0
23.465146,91.697721,67.0,8.104435709194412,0
28.387964,95.290215,1662.0,36.03805298522135,0
28.720831,96.435678,4605.0,17.842681707487124,0
28.192995,97.274443,4243.0,26.95818375771802,0
27.119208,92.424709,2947.0,43.07567302070368,0
27.509529,93.954254,2565.0,20.462735458857964,0
26.34082,92.781915,72.0,2.7199233149201807,0
26.171556,94.074138,454.0,11.54163616146147,0
28.131726,96.081962,1889.0,20.1291276199487,0
26.168768,92.80813,647.0,25.137219176469053,0
26.725274,94.896126,809.0,16.48461023921887,0
23.941681,93.141287,815.0,24.30842474860396,0
28.017929,97.384151,4436.0,11.818505884684436,0
24.666991,93.286592,360.0,21.06597341597975,0
26.899548,92.260558,227.0,4.763641690726178,0
22.327444,92.665003,161.0,20.72256515326957,0
28.976905,94.179898,4167.0,23.277229246838036,0
25.49075,94.464796,1032.0,12.137063673133053,0
28.767761,95.603458,2907.0,26.995433300053875,0
27.776155,93.432437,1713.0,32.633042034883594,0
28.147702,95.672857,199.0,0.7548944975654582,0
24.627423,93.867293,771.0,4.380487094158033,0
25.075182,92.801884,103.0,6.466625310264721,0
25.754148,92.195016,867.0,10.046788047511114,0
25.010478,93.588166,1026.0,24.41234209075012,0
27.967232,94.533001,470.0,23.021526638116164,0
25.481689,94.707719,2032.0,9.191033686643834,0
28.158378,94.204525,1329.0,12.888835435012426,0
24.204553,93.610863,1020.0,17.856675484800242,0
25.959488,94.921527,1138.0,27.8576392903241,0
27.307268,94.195647,89.0,0.0,0
27.677701,91.72464,2916.0,27.791305644779214,0
25.670961,93.024026,220.0,22.5096334326684,0
25.878059,92.159759,679.0,13.721326122250654,0
26.721422,94.397729,106.0,1.2171181316034885,0
28.416361,93.801413,1084.0,54.80480236414833,0
29.047137,95.67804,2721.0,38.91996498677513,0
27.397517,95.220291,117.0,0.4774537773095774,0
25.858942,91.13038,72.0,4.114075330927888,0
27.25553,92.902318,795.0,25.364945952085165,0
26.064354,92.847438,69.0,2.1342998941463125,0
27.185577,88.186331,2270.0,37.70496142221234,0
22.631438,92.800356,488.0,26.12795202639169,0
28.039944,93.325761,2149.0,40.51058943733277,0
23.867637,92.146906,354.0,16.48461023921887,0
26.807271,92.366387,115.0,1.96786377642228,0
27.895406,96.984651,3041.0,41.90209433897098,0
27.76959,96.328277,361.0,2.3619913818349927,0
26.379853,95.063436,1780.0,37.91539520003223,0
27.509828,92.954333,628.0,28.442928624363347,0
23.587643,91.913124,144.0,4.972358392400693,0
26.426879,89.985745,47.0,1.391763426244203,0
25.94379,94.91019,701.0,39.61561740896658,0
25.918791,94.521783,1052.0,30.9661943875506,0
27.652577,93.998542,1391.0,20.347638404920296,0
28.245327,97.085806,3772.0,33.34453323423619,0
25.408362,90.696719,542.0,8.104435709194412,0
27.683437,96.822284,3836.0,49.4254002167178,0
26.392419,93.550289,219.0,17.576967469876386,0
27.219002,92.262175,1825.0,33.608258310846004,0
23.40501,91.723672,57.0,9.629144775956853,0
26.180739,90.301811,35.0,1.9091524329963765,0
29.22792,96.303257,4179.0,13.29860327052246,0
25.33993,92.766579,905.0,14.203597427432593,0
29.033061,95.133261,1867.0,36.035370817294,0
25.710503,94.777701,1429.0,25.30315525395983,0
25.599823,93.623596,413.0,13.270669478570088,0
25.838926,94.555641,1797.0,14.741937164918705,0
27.283307,92.328229,2902.0,23.165621878899543,0
28.817477,94.74801,1300.0,33.17379405775469,0
27.11144,97.148142,2734.0,17.959799689657103,0
28.131341,93.392314,1742.0,42.44485029814277,0
23.34959,93.335005,814.0,13.824682316158707,0
27.795908,88.313581,5446.0,34.419364581269726,0
22.252643,92.891678,162.0,2.862405226111748,0
25.955393,94.405433,882.0,27.404233996742292,0
25.789945,94.864642,808.0,10.683507759366371,0
25.756429,90.648957,233.0,17.687823087123586,0
28.910401,96.236254,4394.0,31.24057994587448,0
28.25925,94.850035,431.0,26.96750407359889,0
28.446174,94.936678,1765.0,28.683950467281974,0
28.280434,96.216085,2591.0,25.135481698962018,0
27.599746,95.762809,143.0,2.433138796850444,0
25.347484,90.088721,141.0,5.322852793549541,0
28.343025,96.139269,1400.0,32.177300876132,0
26.512349,94.21673,114.0,6.379370208442804,0
27.828703,95.785206,133.0,2.8821812090202448,0
26.661399,91.176795,50.0,1.2171181316034885,0
22.586315,92.569507,200.0,23.88964213675081,0
27.936479,96.051112,206.0,1.0675202709770988,0
26.707172,94.400891,115.0,1.5095270002735288,0
26.763305,90.183091,210.0,2.052775101535614,0
27.426961,95.360908,125.0,2.160788974078258,0
26.355731,92.137433,48.0,0.0,0
25.930523,94.664126,1366.0,25.99005788234673,0
27.970222,94.198586,294.0,19.89037156536882,0
28.572809,95.624633,2219.0,35.50640804864227,0
29.227552,95.909148,2603.0,28.09860341401633,0
28.479531,94.317189,3371.0,21.971970836813973,0
26.283353,95.015253,2143.0,33.4832040860591,0
27.367933,94.963778,110.0,4.679912393493258,0
26.738161,93.362085,73.0,2.7199233149201807,0
22.845999,92.781053,908.0,17.576967469876386,0
26.768121,92.519162,88.0,0.7548944975654582,0
28.382033,95.655628,1585.0,39.76960208524599,0
27.115465,94.100736,92.0,2.160788974078258,0
26.503696,92.414838,57.0,3.109633021988153,0
22.59247,93.0635,760.0,20.597847294514036,0
28.249703,95.037332,801.0,16.310399352728993,0
26.695488,93.155167,77.0,1.6876048941769748,0
26.177978,94.494934,1045.0,21.55942138371082,0
25.368929,89.935458,79.0,10.246059403967996,0
26.742231,91.521096,111.0,2.862405226111748,0
27.334409,92.377182,1470.0,19.193516920934957,0
28.640301,95.604724,3103.0,39.17660147925529,0
26.2789,91.285191,43.0,0.4774537773095774,0
26.682314,90.92177,66.0,2.052775101535614,0
28.462206,93.24043,3866.0,14.434094830851231,0
28.167422,95.907602,1057.0,26.75650517109217,0
27.295805,95.771522,162.0,15.18653383163073,0
26.027471,94.542172,1630.0,12.442210235207456,0
26.009266,91.231583,45.0,2.0248682972773406,0
26.628006,92.885217,73.0,6.054498479394494,0
26.793373,91.136393,116.0,2.3859440303888126,0
28.287547,94.378449,3171.0,31.440754691242105,0
25.802546,91.774545,465.0,17.41334553404802,0
26.037377,90.130482,27.0,1.012750369636371,0
25.082079,93.999077,1035.0,26.931747407734385,0
25.777368,92.277415,733.0,7.609288731470621,0
24.951124,94.05374,799.0,1.012750369636371,0
25.880566,91.189928,139.0,19.67241406345793,0
24.683972,93.804082,771.0,3.3214321859461395,0
25.483333,93.501596,486.0,10.779771619960355,0
24.54159,93.706335,1205.0,20.685718648031223,0
26.938313,94.296434,89.0,1.2171181316034885,0
27.448982,94.590364,103.0,1.5095270002735288,0
27.621605,95.481265,131.0,1.0675202709770988,0
22.484598,92.959877,617.0,31.20217484109817,0
28.362725,94.563218,1289.0,24.45045865056275,0
28.783147,96.507509,4558.0,28.20265767471569,0
25.710039,91.162032,1065.0,14.277243114666131,0
24.354136,93.794878,813.0,4.100293712915969,0
27.284641,94.348092,89.0,2.7199233149201807,0
28.200594,93.148157,2828.0,34.74601766541864,0
27.367002,88.138252,2364.0,45.59662051668176,0
28.114753,94.404352,1548.0,10.388857815469612,0
28.505261,93.473697,3339.0,39.785833743646094,0
25.390297,90.7885,329.0,13.535325972968565,0
24.090301,91.80383,66.0,1.6876048941769748,0
27.372996,92.754342,1721.0,30.027113483616485,0
28.616109,95.601936,3225.0,33.282170299982845,0
27.593901,94.474931,520.0,37.64847849035989,0
25.308753,91.697638,1529.0,2.3859440303888126,0
23.636936,91.679905,85.0,2.698950908923438,0
25.306664,90.686156,211.0,11.485371105544893,0
25.70108,90.735662,392.0,11.386165083355712,0
27.753836,92.50454,3887.0,75.67791722648924,0
27.80953,95.905064,143.0,1.391763426244203,0
26.933835,95.60169,1190.0,23.95334931038097,0
26.663766,94.005375,88.0,2.3619913818349927,0
25.787669,91.704521,776.0,13.585991207888908,0
28.536262,96.021176,3556.0,8.646670214736362,0
25.984126,90.67367,66.0,3.584252301697434,0
25.379734,92.103879,1347.0,16.723558006484023,0
27.780459,96.594426,3150.0,34.82040293268531,0
28.917094,95.135735,2031.0,37.88038372296828,0
25.05211,94.275671,1037.0,11.386165083355712,0
25.041716,94.71015,825.0,31.91126736185209,0
27.516959,94.718486,101.0,0.9548412538721888,0
26.415382,94.49053,610.0,20.74554883393,0
24.207243,91.985819,57.0,6.762860735059933,0
22.490153,92.950565,505.0,21.954998832237575,0
26.796565,91.210375,134.0,2.4563945664087456,0
22.474382,92.833234,731.0,9.51443116720917,0
23.472627,93.294806,1236.0,17.416232755050153,0
24.500223,92.555639,32.0,3.109633021988153,0
26.027272,93.046919,83.0,5.051152528017926,0
25.076034,93.698496,1136.0,30.03743074982445,0
26.1192,91.630691,51.0,1.7210061534334908,0
23.398713,92.958647,715.0,6.18293016594826,0
27.82505,95.616929,130.0,2.263636058426967,0
22.089505,92.853,266.0,33.946295027753955,0
27.276736,93.489799,1357.0,25.789351911538603,0
25.928378,92.569694,456.0,14.794858563459922,0
26.443334,93.074185,89.0,1.0675202709770988,0
28.176611,95.122348,841.0,12.604382648379184,0
27.707768,91.733195,2300.0,24.89919247685793,0
27.909939,94.594035,1183.0,36.07288058197125,0
25.835534,92.19757,932.0,12.334204111082284,0
25.135543,94.0298,1274.0,8.735690934280582,0
26.345583,92.128474,48.0,0.0,0
24.589665,93.275536,705.0,31.50340488200827,0
23.820687,93.191237,573.0,22.656437373598656,0
26.714245,93.381092,76.0,2.7818863802117484,0
27.446285,92.218144,2080.0,40.66659412741361,0
26.526425,92.039597,63.0,2.1342998941463125,0
25.302836,91.487123,505.0,25.218671059688106,0
27.870349,95.21804,149.0,1.0675202709770988,0
25.319517,94.251481,1336.0,21.393026047204746,0
27.702312,88.291584,4319.0,38.23017451346176,0
24.842283,94.343748,1041.0,23.2830815937102,0
25.222539,93.174638,499.0,13.278657435202684,0
22.474448,92.644969,112.0,3.109633021988153,0
28.552905,96.103087,4090.0,40.23490701224109,0
25.143823,94.058043,1098.0,18.56861104463105,0
27.002091,95.06605,113.0,2.263636058426967,0
27.096692,95.94645,1062.0,16.481519112248904,0
25.155665,92.684434,1429.0,11.09730601209501,0
26.532273,92.784239,70.0,2.385944030388813,0
27.553058,94.878299,104.0,7.2338446967252255,0
27.468729,94.776644,99.0,0.0,0
25.914439,93.186524,182.0,6.063765138410265,0
25.936054,94.927487,1046.0,33.35824239704295,0
23.746721,92.447956,281.0,9.37478274202116,0
25.349104,92.760262,994.0,1.2171181316034885,0
24.51136,92.78381,83.0,19.74133069999896,0
25.333911,91.509505,1525.0,23.277229246838036,0
27.815977,95.1241,139.0,1.9091524329963765,0
26.139538,90.397429,27.0,1.5095270002735288,0
25.792363,91.464433,404.0,31.87900683454692,0
27.781239,88.433455,4583.0,37.71381905375003,0
25.366164,94.461493,1362.0,18.58988204700748,0
25.78508,90.493986,269.0,24.627151444910947,0
27.746572,93.048178,1776.0,39.82317249207349,0
28.493207,93.558098,4841.0,49.57838560331725,0
26.38018,92.515972,62.0,2.263636058426967,0
28.378612,94.93681,452.0,31.993934384330498,0
26.796884,95.193462,1065.0,10.14426119696945,0
27.442808,88.090231,4162.0,31.976746229701007,0
25.279413,90.186756,52.0,3.7692440164074177,0
23.879321,92.73891,1090.0,41.10199182161108,0
28.965806,95.671005,3012.0,22.6056192976606,0
26.946671,92.18673,790.0,26.185065798950863,0
27.980397,93.936491,2430.0,18.05666126835963,0
24.100003,93.467842,914.0,20.80971857959822,0
26.253026,94.130432,728.0,22.838033840590064,0
25.857671,91.667704,419.0,23.370608576255947,0
27.429311,95.603912,148.0,3.5204050825976285,0
28.304001,96.786843,3678.0,35.39887735323683,0
26.091773,92.702938,64.0,2.433138796850444,0
24.289629,92.26677,72.0,0.3376147110174216,0
28.769295,95.230608,2628.0,22.54646342839272,0
26.742429,94.916505,454.0,6.379370208442804,0
27.484299,92.645978,2427.0,52.24366708754284,0
23.691414,91.180341,27.0,3.035723707408927,0
24.826581,92.529792,18.0,1.012750369636371,0
25.757049,93.445615,231.0,4.822542232360713,0
28.705461,96.352097,3932.0,34.3242516278528,0
25.798543,93.599437,183.0,9.136946117762886,0
25.558923,94.503672,1300.0,24.513786157374398,0
28.508721,95.806114,829.0,33.92085215846511,0
26.691471,93.024407,74.0,1.012750369636371,0
24.315474,92.613291,119.0,9.046032026213704,0
27.307945,93.09205,913.0,34.1232945407953,0
28.257602,95.011315,681.0,5.226703690794332,0
24.962107,93.59551,944.0,43.35680312316804,0
28.733288,94.129207,3930.0,31.104561045934723,0
24.90848,92.820195,20.0,2.6350263783644494,0
27.756469,94.733001,561.0,18.94418141135364,0
28.119173,94.039248,844.0,22.12808957706723,0
28.614832,94.29332,3483.0,17.596929516517847,0
24.76002,94.028658,918.0,15.49341556950095,0
24.316964,92.087282,84.0,7.973233172986173,0
26.393028,90.01029,43.0,1.0675202709770988,0
27.530657,95.493631,130.0,2.862405226111748,0
29.192585,95.560734,3731.0,13.915808695897177,0
28.257358,94.20526,952.0,27.590686362179103,0
26.460911,92.904857,64.0,1.817522018719848,0
26.532235,90.208641,59.0,1.9091524329963765,0
25.161143,94.292219,1551.0,18.15834260803502,0
28.163883,94.701066,675.0,19.868475685293085,0
25.782219,94.357623,1168.0,30.58895816397544,0
23.839769,91.824221,112.0,4.393377408433921,0
26.777419,91.909388,148.0,2.8821812090202448,0
27.829473,94.003822,1184.0,31.51991437453672,0
25.917489,92.784422,73.0,3.471741285563965,0
28.529007,94.369743,1309.0,24.113367317502654,0
28.365055,93.242018,4242.0,17.439308927371652,0
24.976539,94.560183,910.0,28.7829994896477,0
28.27636,94.77517,1105.0,25.020393802691324,0
25.712261,93.149612,178.0,6.762860735059933,0
24.416236,92.596974,85.0,10.246059403967996,0
27.669538,95.502836,130.0,2.5695028228896355,0
26.377214,91.391105,45.0,2.385944030388813,0
23.715019,92.048339,256.0,12.625545951830572,0
25.841074,89.943068,28.0,2.7199233149201807,0
25.207883,90.751622,148.0,20.298040347434014,0
25.201124,91.100574,146.0,20.023484965553838,0
26.39325,91.201063,40.0,0.0,0
25.078047,93.106785,524.0,23.50965552634715,0
27.566302,94.455567,128.0,2.3859440303888126,0
28.742917,96.314751,3765.0,44.72381098249926,0
23.162024,91.65697,55.0,4.262693045214654,0
27.244697,88.305,795.0,30.792206902907303,0
23.461268,93.191859,980.0,32.52693827064724,0
27.114806,93.540626,1186.0,25.135481698962018,0
23.385714,93.119167,1192.0,33.50097823942329,0
25.737396,91.294517,894.0,15.196769009398173,0
27.461792,96.55265,1220.0,51.180495500880696,0
25.957225,92.90738,82.0,4.393377408433921,0
26.779888,92.889304,76.0,1.2171181316034885,0
25.382612,94.588458,1288.0,20.36884474380089,0
24.588292,92.583739,33.0,1.012750369636371,0
28.449608,94.499272,2373.0,33.50829140859331,0
26.086799,92.449149,355.0,14.920965202252992,0
25.106239,92.846209,176.0,11.461836902818336,0
27.506539,95.070818,114.0,1.5095270002735288,0
28.827903,94.48429,3429.0,24.892138358847667,0
25.688742,90.868385,454.0,29.99095228609963,0
25.674678,90.662945,349.0,15.951766186006653,0
25.447389,91.488051,1623.0,7.746973739247727,0
24.538622,93.42229,287.0,24.63790663245161,0
23.864449,92.252151,468.0,26.284131994347053,0
27.542825,96.130954,248.0,4.100293712915969,0
26.265425,90.545935,47.0,2.1342998941463125,0
27.35983,88.071409,3079.0,34.20457513784663,0
26.453709,93.384454,637.0,16.181394603085774,0
26.047447,90.302822,32.0,2.698950908923438,0
26.49368,93.51559,608.0,4.393377408433921,0
25.593556,93.645228,452.0,0.0,0
26.139453,90.476116,36.0,4.520227592644634,0
24.284153,93.255733,356.0,24.30842474860396,0
24.675791,93.440618,558.0,49.13500274682557,0
26.375842,94.495853,636.0,28.96145603883933,0
26.090121,93.165668,100.0,4.100293712915969,0
24.593486,92.629829,33.0,2.052775101535614,0
27.160341,92.140548,2179.0,33.93306967756726,0
25.502531,91.274616,1408.0,21.71973034111031,0
28.161086,93.175493,1558.0,37.09326802170885,0
28.229228,95.5314,678.0,25.15631913369421,0
26.960692,92.742097,238.0,1.6876048941769748,0
26.42772,90.945475,47.0,3.1996013002506887,0
26.796819,93.479377,82.0,7.062044068464845,0
28.627326,94.016347,2166.0,28.41308537579142,0
28.147415,92.959694,4073.0,25.0063879562472,0
27.557238,93.892811,2183.0,7.210668433030249,0
27.897734,95.136186,352.0,17.576967469876386,0
24.443038,94.016761,795.0,1.7210061534334908,0
26.279666,93.550057,854.0,23.56148608281846,0
24.360061,92.350738,73.0,10.181894327886758,0
28.239959,94.53384,2104.0,26.35521852641146,0
28.545104,96.02373,3303.0,66.53114981539738,0
27.209196,88.230893,1488.0,26.72343767680287,0
28.960628,95.31999,4048.0,32.35640884426763,0
26.137357,92.571778,58.0,1.7210061534334908,0
26.375732,92.137523,55.0,2.1342998941463125,0
27.911606,93.07054,1783.0,28.1492673515536,0
26.120994,93.333251,389.0,10.804948168004897,0
28.085288,93.616457,777.0,3.945476393479333,0
26.588553,93.785308,93.0,2.052775101535614,0
27.36675,94.893418,104.0,2.7199233149201807,0
28.06427,95.284095,312.0,7.454009592341948,0
28.666107,96.00849,1529.0,27.21717288420044,0
24.619643,93.188796,312.0,24.75752120048139,0
29.357231,95.942206,4714.0,40.53479707962874,0
24.427999,92.970676,405.0,13.16632060042364,0
25.328251,91.500937,1488.0,16.079829787323334,0
25.336563,92.172162,919.0,30.00258415231565,0
27.281158,96.011293,275.0,13.828493153203071,0
25.498062,90.361413,1084.0,20.556045219583464,0
27.46301,96.670394,796.0,7.896224746479509,0
28.947105,94.791572,1046.0,30.10947197259782,0
26.164297,94.139843,305.0,4.289153328819018,0
28.857383,96.378442,3884.0,35.35790224961882,0
25.44975,90.462256,760.0,25.99005788234673,0
25.890339,90.809492,194.0,15.649096780194936,0
26.385792,90.240055,44.0,0.4774537773095774,0
23.5707,91.904755,105.0,5.749849383709693,0
24.229798,93.800287,947.0,11.204175805954709,0
25.48466,92.35681,1243.0,12.946519289312022,0
26.586914,91.485936,70.0,2.7818863802117484,0
25.647043,94.340677,2140.0,9.697272655464085,0
26.895387,93.097621,130.0,0.7548944975654582,0
26.95183,95.395475,582.0,7.363740476577823,0
29.04606,96.061,3570.0,49.32337970600624,0
26.957209,94.637742,94.0,1.0675202709770988,0
28.069769,96.455445,1518.0,48.55826459171976,0
27.465057,94.9778,112.0,2.160788974078258,0
26.144755,92.337213,58.0,0.4774537773095774,0
29.074026,94.396465,3562.0,41.4729343089405,0
27.668999,93.963893,1211.0,22.441886093428515,0
27.660755,95.914136,155.0,5.479268333625944,0
25.157574,92.965099,991.0,20.27199493695197,0
23.884542,92.224755,123.0,1.3502244696996155,0
25.325215,90.347875,109.0,8.38679794033457,0
27.747635,96.613009,1680.0,43.35401819090744,0
25.502972,90.063963,89.0,22.161640040415357,0
25.815281,90.425001,106.0,13.154219364771198,0
28.160387,93.069045,3600.0,29.561355069386384,0
27.875979,94.757017,808.0,27.35577217713937,0
27.793321,96.685985,2755.0,28.46421224394294,0
26.249123,94.454081,842.0,11.179986107668157,0
25.645723,94.707945,1054.0,32.58449605532039,0
25.129626,92.395271,260.0,13.994979876087651,0
26.376112,93.490986,344.0,18.351447785210315,0
26.701023,89.991601,141.0,6.18293016594826,0
25.391063,91.114229,698.0,20.91228418611125,0
27.151337,94.486498,91.0,2.263636058426967,0
25.021928,92.561718,419.0,16.168741484530738,0
25.757585,92.779348,130.0,3.843668167321381,0
25.778815,92.95537,104.0,1.4320961841646465,0
24.78253,92.387175,19.0,1.5095270002735288,0
26.257557,93.096527,97.0,2.7199233149201807,0
27.981736,93.74129,498.0,3.7692440164074177,0
25.970961,92.512033,327.0,36.22912067045694,0
28.654966,95.87118,1261.0,21.80569647219029,0
23.424309,93.153389,947.0,25.62327760778085,0
28.343359,94.478004,1934.0,39.868842688629975,0
27.41713,92.117662,2238.0,15.332459668819096,0
25.626579,90.33426,632.0,8.47871314708616,0
25.852083,91.999156,819.0,9.473928575668808,0
28.054417,97.076422,2732.0,11.12656454768529,0
25.891423,93.512721,208.0,13.154219364771198,0
24.811724,94.062552,885.0,10.48288165556538,0
25.953127,94.720937,1896.0,23.46922573225269,0
23.90482,92.033279,98.0,1.6876048941769748,0
27.617939,96.604207,2711.0,44.73141425474818,0
24.968886,94.516026,1206.0,15.99993592924168,0
28.195025,93.994255,1760.0,48.82489240195081,0
26.790762,93.457916,68.0,2.9018215173024653,0
25.270463,90.033673,68.0,3.3214321859461395,0
25.335998,93.4938,916.0,20.307500221928045,0
22.494521,92.672392,609.0,30.025823372710825,0
27.228998,95.75286,595.0,19.026908838399848,0
26.096433,90.826832,39.0,0.0,0
28.101134,96.381448,2980.0,31.53051890853511,0
26.614576,94.550218,373.0,18.71421868208481,0
23.759361,92.95206,1036.0,29.326154750802655,0
27.217694,93.566993,879.0,37.358895117583934,0
27.866678,88.46216,4714.0,26.775370969179605,0
26.280671,92.728573,63.0,2.4563945664087456,0
27.39551,92.082972,2524.0,41.987823114720015,0
25.848636,91.836464,633.0,10.024987862075742,0
26.49148,93.730894,154.0,4.5823147648922165,0
23.487168,92.661655,426.0,42.38312765927275,0
24.040847,92.483537,401.0,21.119849260205303,0
23.2135,92.621915,381.0,4.972358392400693,0
25.338358,90.737391,607.0,20.179286215728823,0
23.844429,92.103147,177.0,7.264626465193748,0
23.900852,91.790121,155.0,10.555380466061171,0
25.5386,93.121118,247.0,8.049466975528398,0
26.324371,93.285973,304.0,1.7210061534334908,0
29.102225,94.420089,2573.0,30.17480904438851,0
27.89953,88.423202,4719.0,4.972358392400693,0
26.458114,93.828205,106.0,0.9548412538721888,0
24.888327,94.015154,785.0,2.698950908923438,0
24.347736,92.542224,36.0,2.160788974078258,0
23.610968,93.337873,1636.0,28.99444565883044,0
27.640588,95.171449,107.0,0.0,0
24.164273,91.936462,110.0,3.016961309815993,0
27.739693,96.610102,1838.0,34.195563919315006,0
25.34046,90.546794,187.0,2.9018215173024653,0
25.120876,94.613198,2205.0,30.09406096139528,0
23.936677,93.087571,815.0,12.021504376221529,0
28.11538,97.170783,4379.0,36.724085806570734,0
25.325903,90.251092,159.0,12.814236200163856,0
28.267284,93.077649,4107.0,37.10079959128581,0
27.462218,94.330494,99.0,1.391763426244203,0
23.621739,92.672589,260.0,43.37238901526399,0
24.833358,94.221464,1199.0,17.180394194416053,0
25.543899,90.706156,300.0,3.843668167321381,0
23.802195,92.727014,1112.0,38.57237579911111,0
26.702108,90.231397,136.0,2.1342998941463125,0
28.894592,94.126786,3921.0,17.87903663354801,0
28.110356,96.53959,593.0,21.665757838123444,0
26.629899,90.070738,100.0,0.7548944975654582,0
27.974181,95.580908,145.0,1.817522018719848,0
27.440278,94.549531,97.0,1.2171181316034885,0
22.567756,92.858735,677.0,24.863891037796268,0
27.280942,95.004183,108.0,1.0675202709770988,0
23.151316,92.640027,174.0,4.0586642321882005,0
25.765319,92.832488,107.0,1.0675202709770988,0
25.628307,90.083971,253.0,11.727024027980926,0
26.058403,90.472834,47.0,3.7692440164074177,0
28.12112,95.698667,188.0,2.6350263783644494,0
26.538419,93.710374,173.0,15.483414558201002,0
25.242614,91.843138,1025.0,15.874325631883014,0
23.171119,93.296898,1364.0,7.973233172986173,0
24.596626,92.573348,24.0,1.0675202709770988,0
28.125263,93.959167,2009.0,38.13247816190013,0
26.014367,90.069973,29.0,1.7210061534334908,0
23.562503,91.672814,49.0,15.483414558201002,0
26.571338,94.542816,792.0,23.0611356160509,0
27.879974,96.550544,989.0,45.11541812409713,0
27.260835,95.29513,123.0,1.012750369636371,0
27.770055,93.94159,750.0,15.1694569017345,0
27.955377,88.38187,5196.0,11.199342477461606,0
26.677327,93.078728,71.0,2.7199233149201807,0
24.076045,91.896213,180.0,12.485117908823954,0
26.417507,90.158952,56.0,1.0675202709770988,0
28.374609,93.752087,2612.0,18.56594995591795,0
27.668954,93.887552,1298.0,19.809928581927807,0
25.894819,93.824851,147.0,0.7548944975654582,0
28.323172,93.714751,2424.0,23.5384711306876,0
28.127285,95.299838,187.0,22.5096334326684,0
27.938091,96.701944,1134.0,21.568129435647887,0
27.787506,93.857877,546.0,26.47888107199723,0
25.195217,93.290321,857.0,17.562691357484656,0
27.751825,92.978102,1768.0,34.8358170000044,0
28.808734,94.217624,2769.0,43.91040505479502,0
25.398316,90.525954,360.0,13.085403969626222,0
25.920986,93.297153,194.0,5.550718212127324,0
28.100067,96.258636,1338.0,29.562681922695614,0
27.690348,92.067366,4652.0,18.15834260803502,0
22.456104,93.010036,950.0,23.92340109573501,0
28.093071,95.967171,600.0,24.98360255030264,0
26.317236,94.589334,761.0,17.605475947467195,0
29.098874,94.34082,4002.0,38.77161802681372,0
27.885288,94.849261,586.0,29.20050840501195,0
26.784301,94.537906,105.0,3.109633021988153,0
25.566405,91.265713,1444.0,10.48288165556538,0
23.087457,91.565927,79.0,10.678414922779544,0
28.789695,95.320095,3335.0,35.13728570708208,0
26.316858,91.513449,48.0,0.9548412538721888,0
25.669656,90.100585,184.0,1.391763426244203,0
27.911445,96.685332,2743.0,19.211346516583987,0
28.343019,93.474981,2774.0,9.719867702432296,0
25.796741,92.113413,813.0,22.243118000960607,0
27.836256,96.906292,2149.0,29.205932247399417,0
23.083952,92.384987,53.0,2.698950908923438,0
23.906888,91.511062,127.0,13.073217111846771,0
26.134681,92.837991,82.0,5.427642598914455,0
25.263879,91.032696,308.0,11.657887631052056,0
23.244318,92.89681,581.0,17.062425420209564,0
28.956854,94.33376,3465.0,33.928998185593265,0
28.864778,96.19312,4052.0,33.89536963300801,0
28.777878,95.761139,3037.0,37.58773713302927,0
27.621534,95.383279,118.0,1.391763426244203,0
24.628016,94.008575,778.0,0.7548944975654582,0
23.704896,93.102244,1185.0,31.82471298548675,0
28.206847,93.814181,2122.0,28.89942242619857,0
26.208037,94.574658,1078.0,27.440486866129568,0
25.831556,92.072818,980.0,28.308922690040603,0
27.30951,96.96617,2325.0,46.47491506210383,0
28.87203,94.443614,3052.0,9.566235322594842,0
