sl_no,latitude,longitude,event_date,rainfall_mm_day,elevation_m,slope_degrees,historical_landslide,rainfall_source
8,24.478972,92.682861,2016-05-17,129.30499267578125,65.0,15.92277945817654,1,IMERG_Final_V07
14,24.511306,92.693028,2016-05-18,53.01000213623047,45.0,5.128711509483252,1,IMERG_Final_V07
15,24.515944,92.540889,2016-05-18,50.285003662109375,57.0,14.592550602033429,1,IMERG_Final_V07
30,24.645417,93.005361,2016-08-31,36.660003662109375,359.0,30.82665955230447,1,IMERG_Final_V07
31,24.659389,92.497361,2016-05-18,57.20500183105469,33.0,4.763641690726178,1,IMERG_Final_V07
34,24.70656,92.65008,2020-06-02,47.53998565673828,49.0,3.016961309815993,1,IMERG_Final_V07
35,24.710833,92.481167,2010-06-03,36.915000915527344,48.0,17.29444852858009,1,IMERG_Final_V07
36,24.72192,92.90381,2020-06-05,5.550000190734863,39.0,10.555380466061171,1,IMERG_Final_V07
37,24.73117,92.64739,2020-06-02,47.53998565673828,39.0,11.499465999742789,1,IMERG_Final_V07
38,24.78002778,92.45372222,2020-06-02,32.44499969482422,44.0,15.06995574963759,1,IMERG_Final_V07
39,24.78380556,92.45563889,2020-06-02,32.44499969482422,33.0,14.763132623631552,1,IMERG_Final_V07
40,24.79489,92.55506,2020-06-02,44.86499786376953,45.0,8.735690934280582,1,IMERG_Final_V07
43,24.92097,93.07306,2020-06-02,83.93000030517578,61.0,14.763132623631552,1,IMERG_Final_V07
132,25.121,92.915028,2010-06-20,2.4099996089935303,306.0,18.370345512861498,1,IMERG_Final_V07
137,25.124306,92.904278,2010-04-02,38.2599983215332,283.0,21.33126583595921,1,IMERG_Final_V07
138,25.124583,92.989111,2010-06-16,17.60000228881836,526.0,20.21263223645209,1,IMERG_Final_V07
163,25.146306,93.942167,2018-06-14,20.190000534057617,1287.0,14.763132623631552,1,IMERG_Final_V07
242,25.224278,93.222861,2018-06-14,75.31999969482422,619.0,10.43076019506472,1,IMERG_Final_V07
243,25.229556,93.1556,2010-04-02,18.2549991607666,466.0,18.305448954250743,1,IMERG_Final_V07
452,26.098167,91.881278,2018-06-14,56.26499938964844,83.0,4.857533338413092,1,IMERG_Final_V07
469,26.11,94.76,2018-06-14,5.744999408721924,1005.0,23.428692808745403,1,IMERG_Final_V07
474,26.112667,91.853889,2018-08-24,17.975000381469727,188.0,25.8493248967401,1,IMERG_Final_V07
488,26.1505375,91.72798139,2023-06-17,49.63999938964844,76.0,17.387333467314576,1,IMERG_Final_V07
490,26.15428,91.79264,2017-06-13,83.35499572753906,78.0,7.653048720543413,1,IMERG_Final_V07
503,26.17672,91.76525,2017-06-13,83.35499572753906,87.0,17.5484006137923,1,IMERG_Final_V07
504,26.17756,91.76589,2017-06-13,83.35499572753906,96.0,17.29444852858009,1,IMERG_Final_V07
506,26.18842,91.85125,2017-06-16,78.80998992919922,96.0,30.10305246289624,1,IMERG_Final_V07
513,26.19081,91.84528,2017-07-04,24.37999725341797,67.0,22.42335855928612,1,IMERG_Final_V07
517,26.195306,91.765639,2018-08-24,24.400001525878903,85.0,6.853224835121291,1,IMERG_Final_V07
519,26.19622,91.76336,2011-03-23,0.0,90.0,4.857533338413092,1,IMERG_Final_V07
522,26.20536,91.86497,2017-07-03,8.079999923706055,69.0,15.042369244334246,1,IMERG_Final_V07
548,26.37456,91.84561,2017-07-04,16.039997100830078,61.0,4.262693045214654,1,IMERG_Final_V07
589,26.88969,92.12266,2021-04-28,0.7800000905990601,261.0,47.2228541808757,1,IMERG_Final_V07
590,26.89074,92.12068,2021-04-28,0.7800000905990601,228.0,42.850890051218336,1,IMERG_Final_V07
614,26.11464,91.83886,2024-07-05,20.88999938964844,175.0,17.775317038209,1,IMERG_Final_V07
615,26.19044,91.77502,2024-05-24,0.0,109.0,10.555380466061171,1,IMERG_Final_V07
623,25.16736,93.00953,2022-05-15,73.8550033569336,630.0,19.370844026969944,1,IMERG_Final_V07
624,25.16023,93.01084,2022-05-14,66.88500213623047,591.0,20.43931757325825,1,IMERG_Final_V07
632,25.16579,93.00948,2022-05-14,66.88500213623047,581.0,17.752790161946685,1,IMERG_Final_V07
633,25.15859,93.01292,2022-05-14,66.88500213623047,586.0,13.915808695897177,1,IMERG_Final_V07
634,26.13441667,91.74875,2014-09-22,170.47999572753906,107.0,7.2338446967252255,1,IMERG_Final_V07
640,25.15556,93.021583,2022-05-14,66.88500213623047,610.0,10.21937711459359,1,IMERG_Final_V07
642,25.158138,93.024778,2022-05-15,73.8550033569336,543.0,6.91817481667161,1,IMERG_Final_V07
643,25.24194444,93.14319444,2016-05-22,0.4599999785423279,624.0,22.61986494804043,1,IMERG_Final_V07
647,25.16804,93.02503,2022-05-14,66.88500213623047,485.0,21.04572088407584,1,IMERG_Final_V07
649,25.168083,93.024922,2022-05-14,66.88500213623047,485.0,21.04572088407584,1,IMERG_Final_V07
650,25.27480556,93.14555556,2016-05-22,0.4599999785423279,497.0,15.06995574963759,1,IMERG_Final_V07
651,25.18955556,93.09641667,2016-05-22,0.7149999737739563,535.0,24.591248866909307,1,IMERG_Final_V07
654,26.19552778,91.78055556,2016-06-22,8.734999656677246,165.0,18.94158858012096,1,IMERG_Final_V07
655,25.17483,93.019861,2022-05-15,73.8550033569336,650.0,31.06099134268408,1,IMERG_Final_V07
656,25.1568056,93.019722,2022-05-13,74.77999114990234,638.0,28.280269845499703,1,IMERG_Final_V07
664,25.16427,92.99788,2022-05-15,64.22000885009766,497.0,21.33126583595921,1,IMERG_Final_V07
666,25.162667,93.009806,2022-05-14,66.88500213623047,570.0,18.96231828867539,1,IMERG_Final_V07
667,25.16553,93.02172,2022-05-15,73.8550033569336,630.0,28.98757825007264,1,IMERG_Final_V07
668,25.17986111,93.07077778,2016-05-17,116.25999450683594,512.0,4.763641690726178,1,IMERG_Final_V07
669,25.14677778,93.03097222,2016-05-17,116.25999450683594,483.0,22.22435314380804,1,IMERG_Final_V07
670,25.15561111,93.02222222,2016-05-17,116.25999450683594,617.0,17.752790161946685,1,IMERG_Final_V07
671,25.15658333,93.01961111,2016-05-22,0.7149999737739563,624.0,23.428692808745403,1,IMERG_Final_V07
672,25.15713889,93.01719444,2016-05-27,3.6050000190734863,651.0,34.730518200788445,1,IMERG_Final_V07
673,25.164,93.04019444,2016-05-22,0.7149999737739563,450.0,17.93200256558677,1,IMERG_Final_V07
683,25.14872222,93.03191667,2016-05-17,116.25999450683594,451.0,29.83376877992044,1,IMERG_Final_V07
684,25.14525,93.02916667,2016-05-17,116.25999450683594,542.0,27.5172599283964,1,IMERG_Final_V07
685,25.15572222,93.02277778,2016-05-22,0.7149999737739563,613.0,27.32389130134654,1,IMERG_Final_V07
694,25.20552778,93.02013889,2016-05-22,0.199999988079071,346.0,17.387333467314576,1,IMERG_Final_V07
695,25.24597222,93.02827778,2016-05-22,0.199999988079071,604.0,19.451200005616776,1,IMERG_Final_V07
700,26.19052,91.77499,2024-05-24,0.0,109.0,10.555380466061171,1,IMERG_Final_V07
701,25.15933333,93.017,2016-05-22,0.7149999737739563,685.0,7.2338446967252255,1,IMERG_Final_V07
705,25.15736111,93.01608333,2016-05-22,0.7149999737739563,641.0,27.79130564477921,1,IMERG_Final_V07
706,25.23880556,93.03219444,2016-05-22,0.199999988079071,569.0,16.601549599020238,1,IMERG_Final_V07
707,25.19669444,93.01858333,2016-05-22,0.7149999737739563,453.0,23.021526638116164,1,IMERG_Final_V07
708,25.18844444,93.01966667,2016-05-22,0.7149999737739563,522.0,27.17735741799749,1,IMERG_Final_V07
710,25.17597222,93.02016667,2016-05-22,0.7149999737739563,590.0,27.078936947526696,1,IMERG_Final_V07
711,25.17505556,93.02041667,2016-05-22,0.7149999737739563,574.0,24.22774531795417,1,IMERG_Final_V07
712,25.17188889,93.02061111,2016-05-22,0.7149999737739563,575.0,44.36965489983547,1,IMERG_Final_V07
713,25.16563889,93.02544444,2016-05-22,0.7149999737739563,516.0,13.03657849691309,1,IMERG_Final_V07
714,25.16344444,93.02316667,2016-05-22,0.7149999737739563,557.0,18.96231828867539,1,IMERG_Final_V07
715,25.15069444,93.02583333,2016-05-22,0.7149999737739563,672.0,15.81919394750014,1,IMERG_Final_V07
716,25.14586111,93.02419444,2016-05-22,0.7149999737739563,704.0,17.571258778322424,1,IMERG_Final_V07
717,25.14041667,93.02038889,2016-05-22,0.7149999737739563,732.0,28.002640063185417,1,IMERG_Final_V07
718,25.13961111,93.01955556,2016-05-22,0.7149999737739563,741.0,18.96231828867539,1,IMERG_Final_V07
722,25.17638889,93.11613889,2016-05-22,0.755000114440918,564.0,15.36952380130432,1,IMERG_Final_V07
724,25.17691667,93.02655556,2016-05-22,0.7149999737739563,452.0,25.197913740371355,1,IMERG_Final_V07
725,25.17702778,93.02088889,2016-05-22,0.7149999737739563,571.0,8.735690934280582,1,IMERG_Final_V07
727,25.13447222,93.01897222,2016-05-22,0.7149999737739563,757.0,11.795709540896548,1,IMERG_Final_V07
728,26.18841667,91.85125,2017-06-16,78.80998992919922,96.0,30.10305246289624,1,IMERG_Final_V07
729,26.19244444,91.76422222,2016-07-20,14.64499855041504,101.0,14.066164922222868,1,IMERG_Final_V07
730,26.19236111,91.78080556,2019-07-10,55.1099967956543,91.0,12.364552990274646,1,IMERG_Final_V07
731,26.15805556,91.71258333,2019-07-16,1.934999942779541,85.0,19.188418756936425,1,IMERG_Final_V07
732,26.1755,91.76175,2016-07-14,10.789999961853027,62.0,6.654425046006596,1,IMERG_Final_V07
733,26.19038889,91.80994444,2016-07-14,5.364999771118164,94.0,21.86985930890943,1,IMERG_Final_V07
734,26.18866667,91.76694444,2014-06-27,9.095000267028809,111.0,9.73677691573277,1,IMERG_Final_V07
736,26.19622222,91.76336111,2014-06-27,9.095000267028809,90.0,4.857533338413092,1,IMERG_Final_V07
761,26.17755556,91.76588889,2017-06-13,83.35499572753906,96.0,17.29444852858009,1,IMERG_Final_V07
762,26.17672222,91.76525,2017-06-13,83.35499572753906,87.0,17.5484006137923,1,IMERG_Final_V07
763,26.15427778,91.79263889,2017-06-13,83.35499572753906,78.0,7.653048720543413,1,IMERG_Final_V07
764,26.15477778,91.77411111,2014-06-27,9.095000267028809,105.0,12.364552990274646,1,IMERG_Final_V07
765,26.17672222,91.78672222,2014-06-27,9.095000267028809,85.0,27.372447043216628,1,IMERG_Final_V07
766,26.1895,91.78716667,2016-04-18,14.69999885559082,70.0,12.225122675735753,1,IMERG_Final_V07
767,25.40586111,93.11097222,2017-05-20,8.725000381469727,252.0,20.07880037349212,1,IMERG_Final_V07
769,26.11266667,91.85388889,2018-08-24,17.975000381469727,188.0,25.8493248967401,1,IMERG_Final_V07
771,26.19530556,91.76563889,2018-08-31,0.1800000071525573,85.0,6.853224835121291,1,IMERG_Final_V07
773,26.19330556,91.77725,2020-06-28,13.029999732971191,172.0,19.370844026969944,1,IMERG_Final_V07
774,26.09150556,91.87898611,2020-07-12,12.26999855041504,77.0,3.931095784160226,1,IMERG_Final_V07
776,26.1916,91.80361,2022-06-16,140.1999969482422,84.0,14.535165207979569,1,IMERG_Final_V07
777,26.19322,91.77033,2022-06-16,146.0349884033203,164.0,23.021526638116164,1,IMERG_Final_V07
778,26.18789,91.79493,2022-06-17,59.09498977661133,96.0,17.01197993242201,1,IMERG_Final_V07
779,25.17136,93.01102,2022-05-14,66.88500213623047,700.0,3.931095784160226,1,IMERG_Final_V07
783,25.177416,93.00975,2022-05-16,71.42000579833984,691.0,23.674161365449702,1,IMERG_Final_V07
785,25.18919,93.02118,2022-05-15,73.8550033569336,481.0,6.91817481667161,1,IMERG_Final_V07
786,24.70619444,92.28997222,2014-05-10,1.454999923706055,44.0,10.046788047511114,1,IMERG_Final_V07
787,25.17623,93.01326,2022-05-14,66.88500213623047,696.0,33.698329255184774,1,IMERG_Final_V07
799,26.19113889,91.82961111,2025-05-31,15.72500228881836,116.0,15.845167180271268,1,IMERG_Final_V07
800,26.158193,91.755807,2025-06-06,3.954999923706055,59.0,11.309932474020217,1,IMERG_Final_V07
801,26.166185,91.7147,2025-06-04,38.584999084472656,113.0,18.96231828867539,1,IMERG_Final_V07
802,26.16616,91.713803,2025-06-04,38.584999084472656,143.0,20.155422119735228,1,IMERG_Final_V07
803,26.16297,91.7059,2025-06-05,4.380000114440918,203.0,4.857533338413092,1,IMERG_Final_V07
804,26.17027,91.698,2025-05-31,14.60500144958496,138.0,31.205779114725832,1,IMERG_Final_V07
805,25.117665,92.847709,2022-05-14,88.53997802734375,161.0,16.723558006484023,1,IMERG_Final_V07
808,25.366255,92.823037,2022-05-14,59.73999786376953,959.0,17.01197993242201,1,IMERG_Final_V07
842,25.757752,91.252285,2014-07-17,0.7299999594688416,769.0,18.54197796399724,1,IMERG_Final_V07
843,26.238016,91.945953,2025-11-02,0.0,85.0,2.1342998941463125,1,IMERG_Late_V07
844,25.872268,91.213965,2014-09-23,0.0700000002980232,253.0,32.47251629973426,1,IMERG_Final_V07
845,26.2272613,91.6922458,2008-12-26,1.4849998950958252,67.0,12.225122675735753,1,IMERG_Final_V07
846,26.184324,91.855395,2025-05-31,15.72500228881836,70.0,17.224372940700082,1,IMERG_Final_V07
847,26.24698,91.964383,2025-07-05,14.540000915527344,62.0,15.845167180271268,1,IMERG_Final_V07
848,26.11956,92.052125,2025-06-05,1.2599999904632568,72.0,2.1342998941463125,1,IMERG_Final_V07
849,25.69814,93.129423,2025-06-05,0.0,306.0,14.763132623631552,1,IMERG_Final_V07
850,25.648512,93.121528,2025-06-05,0.0,351.0,18.96231828867539,1,IMERG_Final_V07
852,25.740148,91.224044,2014-07-18,2.609999895095825,903.0,8.159014354942736,1,IMERG_Final_V07
856,26.156633,91.938576,2024-08-08,43.650001525878906,109.0,9.321835749415005,1,IMERG_Final_V07
878,27.018342,92.6356,2016-07-01,46.51499938964844,221.0,13.915808695897177,1,IMERG_Final_V07
999,27.193425,93.780983,2016-07-16,69.68998718261719,213.0,52.80344175658018,1,IMERG_Final_V07
1033,27.23995,93.806589,2016-07-17,4.779999256134033,267.0,26.61590170730996,1,IMERG_Final_V07
1042,27.246131,93.804711,2016-07-17,4.779999256134033,270.0,22.684823831912844,1,IMERG_Final_V07
1049,27.254756,93.801303,2016-07-17,4.779999256134033,288.0,39.260731733474245,1,IMERG_Final_V07
1082,27.294886,93.803328,2016-07-17,4.779999256134033,646.0,47.53179628541781,1,IMERG_Final_V07
1103,27.307072,93.806008,2016-07-17,4.369999408721924,718.0,11.309932474020217,1,IMERG_Final_V07
1120,27.339267,93.802581,2016-07-16,84.25,789.0,26.628589703310887,1,IMERG_Final_V07
1218,27.58741667,91.88694444,2016-04-22,26.47499656677246,2589.0,6.721369339369457,1,IMERG_Final_V07
1241,27.587417,91.886944,2016-04-22,26.47499656677246,2589.0,6.721369339369457,1,IMERG_Final_V07
1251,27.591389,91.9025,2016-04-23,1.4399999380111694,2527.0,21.55942138371082,1,IMERG_Final_V07
1259,27.593361,91.879444,2016-04-23,1.0299999713897705,2812.0,16.453666886955713,1,IMERG_Final_V07
1260,27.594833,91.866417,2016-04-22,26.47499656677246,2975.0,6.091478002079769,1,IMERG_Final_V07
1264,27.596639,91.878972,2016-04-23,1.0299999713897705,2895.0,12.260147486012336,1,IMERG_Final_V07
1938,27.105253,93.825399,2024-06-18,48.20499420166016,172.0,30.17480904438851,1,IMERG_Final_V07
1939,27.121136,93.762164,2024-06-18,39.94499969482422,166.0,7.594643368591445,1,IMERG_Final_V07
2078,27.099285,93.614766,2026-03-16,5.054998874664307,375.0,14.535165207979569,1,IMERG_Late_V07
2080,27.715081,94.692035,2026-06-28,46.22499847412109,268.0,23.021526638116164,1,IMERG_Late_V07
17975,22.873558,92.755953,2018-06-14,19.10500144958496,1075.0,21.869859308909422,1,IMERG_Final_V07
18354,24.40639,94.06583,2007-09-07,18.84499740600586,1196.0,18.370345512861498,1,IMERG_Final_V07
18646,24.792333,93.658222,2010-06-10,8.929999351501465,447.0,34.017325088918376,1,IMERG_Final_V07
18701,24.813306,93.243417,2018-08-02,0.2449999898672104,122.0,22.42335855928612,1,IMERG_Final_V07
18718,24.81778,93.51583,2007-09-10,9.44999885559082,460.0,28.665750219765908,1,IMERG_Final_V07
18759,24.83278,93.46333,2008-07-01,2.109999895095825,773.0,28.665750219765908,1,IMERG_Final_V07
18802,24.84833,93.45917,2007-09-12,0.7000000476837158,988.0,33.698329255184774,1,IMERG_Final_V07
18803,24.84833,93.45917,2008-06-19,1.7749998569488523,988.0,33.698329255184774,1,IMERG_Final_V07
18875,24.90139,93.45389,2008-06-19,4.014999866485596,971.0,25.486125594093767,1,IMERG_Final_V07
18904,24.9252,94.3371,2018-06-06,0.1499999910593032,1490.0,35.69379666026943,1,IMERG_Final_V07
18986,24.983528,94.158333,2018-06-12,125.11001586914062,1118.0,17.456590925928477,1,IMERG_Final_V07
18988,24.983806,93.497528,2018-06-22,13.98499870300293,1156.0,13.640311227766055,1,IMERG_Final_V07
18991,24.985167,93.508306,2018-05-03,1.6049998998641968,1238.0,18.434948822922014,1,IMERG_Final_V07
18997,24.98611,93.50583,2007-08-24,1.7949998378753662,1235.0,20.846265656650555,1,IMERG_Final_V07
19011,24.99083,93.50583,2007-08-28,5.759999752044678,1206.0,15.288517970232029,1,IMERG_Final_V07
19016,24.99306,93.4975,2007-08-28,10.985000610351562,1196.0,12.604382648379184,1,IMERG_Final_V07
19017,24.994278,94.205917,2007-08-28,36.82499694824219,1579.0,32.57012547147068,1,IMERG_Final_V07
19020,24.997972,94.020444,2007-08-28,16.895000457763672,803.0,14.931417178137552,1,IMERG_Final_V07
19046,25.047833,92.789306,2018-07-11,16.854999542236328,95.0,29.85463927845754,1,IMERG_Final_V07
19217,25.146528,93.941722,2017-06-04,12.854997634887695,1287.0,16.796238729882134,1,IMERG_Final_V07
19515,25.47217,94.15433,2007-09-09,5.614999294281006,1489.0,16.91651608571675,1,IMERG_Final_V07
19558,24.979,93.496,2024-07-29,93.97000122070312,1154.0,8.530765609948133,1,IMERG_Final_V07
19560,24.517056,93.817056,2024-08-02,6.370000839233398,784.0,13.824682316158707,1,IMERG_Final_V07
19575,24.985,93.52113889,2011-05-31,25.78999900817871,1043.0,21.18915910142139,1,IMERG_Final_V07
19576,24.79083333,93.72333333,2011-07-06,5.090000152587891,1053.0,42.97485685199572,1,IMERG_Final_V07
19586,25.07849444,94.23608333,2017-04-05,0.1749999821186065,1591.0,22.61986494804043,1,IMERG_Final_V07
19737,25.201,91.234,2008-08-12,25.269996643066406,18.0,1.3502244696996155,1,IMERG_Final_V07
19739,25.20283,91.20908,2008-08-10,22.625,50.0,14.24415761739711,1,IMERG_Final_V07
19885,25.28236861,91.73874417,2024-05-30,46.15500259399414,759.0,34.090063875331914,1,IMERG_Final_V07
19895,25.296,91.932,2022-04-04,64.0899887084961,1090.0,25.79602649449995,1,IMERG_Final_V07
19902,25.300389,91.726722,2009-06-29,88.81999969482422,1519.0,22.98976777360885,1,IMERG_Final_V07
19914,25.31458,91.45242,2013-08-06,38.84000015258789,1308.0,43.097794687172446,1,IMERG_Final_V07
19915,25.31488,91.44913,2007-07-19,48.49500274658203,1378.0,24.805474401698422,1,IMERG_Final_V07
19916,25.31488,91.33367,2007-07-19,40.255001068115234,1141.0,43.45615808370977,1,IMERG_Final_V07
19917,25.315176,91.923021,2007-07-19,73.09998321533203,1031.0,35.27189058250504,1,IMERG_Final_V07
19923,25.31848,91.45262,2007-07-19,48.49500274658203,1393.0,22.61986494804043,1,IMERG_Final_V07
19924,25.320833,91.9275,2007-07-19,73.09998321533203,1099.0,20.99158237694124,1,IMERG_Final_V07
19995,25.37539167,92.431275,2024-05-28,41.74999237060547,1112.0,10.43076019506472,1,IMERG_Final_V07
20014,25.38803,91.46977,2007-06-16,86.75999450683594,1529.0,6.379370208442804,1,IMERG_Final_V07
20033,25.40023,91.5159,2007-06-16,104.06999206542967,1592.0,19.12710170142385,1,IMERG_Final_V07
20035,25.4013,91.45855,2007-08-18,5.840000152587891,1563.0,24.862123938667224,1,IMERG_Final_V07
20037,25.40547,91.53712,2007-08-18,6.564999580383301,1461.0,17.66231893216494,1,IMERG_Final_V07
20038,25.407917,91.998889,2007-08-18,1.4500000476837158,1522.0,8.530765609948133,1,IMERG_Final_V07
20047,25.425,91.405,2007-08-18,5.840000152587891,1563.0,18.520635899770767,1,IMERG_Final_V07
20055,25.43561,91.862056,2009-07-17,15.725000381469728,1635.0,20.607120971804857,1,IMERG_Final_V07
20064,25.44465,91.34622,2007-07-17,134.90000915527344,1471.0,15.179705807856672,1,IMERG_Final_V07
20096,25.50335,91.28335,2007-07-25,176.3099822998047,1414.0,21.18915910142139,1,IMERG_Final_V07
20097,25.50368056,91.72342222,2007-07-19,64.16499328613281,1748.0,5.550718212127324,1,IMERG_Final_V07
20099,25.50667,91.28318,2007-07-19,20.5,1396.0,20.532771786488425,1,IMERG_Final_V07
20112,25.51973,91.28443,2007-07-25,176.3099822998047,1449.0,1.3502244696996155,1,IMERG_Final_V07
20114,25.5208,91.25985,2007-07-25,176.3099822998047,1358.0,19.74869565807571,1,IMERG_Final_V07
20141,25.54231,92.1,2009-07-01,109.7149887084961,1336.0,17.083143246452856,1,IMERG_Final_V07
20142,25.54261,92.10867,2009-07-01,106.74501037597656,1138.0,14.763132623631552,1,IMERG_Final_V07
20143,25.54261,92.09842,2009-07-01,109.7149887084961,1318.0,10.759583898850556,1,IMERG_Final_V07
20144,25.54264,92.10214,2009-07-01,106.74501037597656,1332.0,6.853224835121291,1,IMERG_Final_V07
20148,25.54328,92.10478,2009-07-01,106.74501037597656,1272.0,28.665750219765908,1,IMERG_Final_V07
20204,25.56667,91.90194,2007-09-08,130.6699981689453,1545.0,3.016961309815993,1,IMERG_Final_V07
20231,25.57822,91.86545,2014-09-23,25.894996643066406,1459.0,8.735690934280582,1,IMERG_Final_V07
20350,25.663444,91.915944,2017-06-17,45.59999847412109,948.0,16.453666886955713,1,IMERG_Final_V07
20376,25.68625,91.118358,2007-09-15,6.835000038146973,1057.0,21.18915910142139,1,IMERG_Final_V07
20377,25.687056,91.6485,2007-09-15,8.505000114440918,1139.0,25.526884054256257,1,IMERG_Final_V07
20390,25.69483,91.11836,2007-09-15,6.835000038146973,1095.0,14.621143938770764,1,IMERG_Final_V07
20452,25.95847,91.85406,2014-09-23,6.864999771118164,339.0,12.260147486012336,1,IMERG_Final_V07
20469,26.00294,91.86692,2014-09-23,8.179999351501465,405.0,7.653048720543413,1,IMERG_Final_V07
20474,26.02547,91.87158,2014-09-20,20.779998779296875,179.0,11.038532615965034,1,IMERG_Final_V07
20486,25.47704743,92.16831285,2020-05-25,52.56500244140625,1405.0,8.984876931685683,1,IMERG_Final_V07
20487,25.46307925,92.25426106,2020-05-26,220.6400146484375,1376.0,3.4389123953782974,1,IMERG_Final_V07
20488,25.5667327,91.9146185,2024-10-04,20.10499763488769,1537.0,6.853224835121291,1,IMERG_Final_V07
20489,25.28422636,92.11294194,2020-06-26,154.2849884033203,1036.0,8.735690934280582,1,IMERG_Final_V07
20490,25.2842285,92.11314877,2020-05-26,120.45999145507812,1036.0,8.735690934280582,1,IMERG_Final_V07
20491,25.29967,91.46108,2024-06-15,128.6649932861328,1047.0,18.45641864524321,1,IMERG_Final_V07
20492,25.29667,91.45986,2024-06-17,186.62001037597656,1005.0,24.634322367669885,1,IMERG_Final_V07
20493,25.2975,91.46167,2024-06-17,186.62001037597656,1075.0,21.869859308909422,1,IMERG_Final_V07
20494,25.29739,91.46201,2024-06-17,186.62001037597656,1082.0,14.535165207979569,1,IMERG_Final_V07
20495,25.29778,91.45972,2024-06-15,128.6649932861328,1067.0,13.640311227766055,1,IMERG_Final_V07
20496,25.809088,91.875238,2025-07-06,9.614999771118164,594.0,18.520635899770767,1,IMERG_Final_V07
20497,25.781246,91.874475,2024-07-06,0.4950000047683716,698.0,10.43076019506472,1,IMERG_Final_V07
20499,25.465167,91.824944,2025-05-30,80.9749984741211,1690.0,14.506372352544124,1,IMERG_Final_V07
20500,25.422278,91.867694,2025-05-30,80.9749984741211,1713.0,31.434832006995155,1,IMERG_Final_V07
20501,25.43480556,91.85952778,2025-05-30,80.9749984741211,1805.0,32.53469816945699,1,IMERG_Final_V07
20502,25.48716667,91.81936111,2025-05-30,80.9749984741211,1724.0,6.91817481667161,1,IMERG_Final_V07
20503,25.456896,91.826145,2025-05-30,80.9749984741211,1760.0,17.775317038209,1,IMERG_Final_V07
20507,25.355042,91.767525,2025-05-31,92.13501739501952,1621.0,38.97802093380687,1,IMERG_Final_V07
20508,25.340415,91.774142,2025-05-31,92.13501739501952,1441.0,31.77256152831432,1,IMERG_Final_V07
20538,25.67469444,91.88652778,2011-06-26,8.669999122619629,1062.0,4.763641690726177,1,IMERG_Final_V07
20541,25.563,91.885,2019-07-09,145.4149932861328,1572.0,24.16881343581011,1,IMERG_Final_V07
20543,25.281,91.57330556,2019-07-07,3.289999723434448,1325.0,14.03624346792648,1,IMERG_Final_V07
20547,25.23211111,91.37252778,2019-06-27,157.5699920654297,418.0,16.051123667414398,1,IMERG_Final_V07
20548,25.22194444,91.38422222,2019-06-27,157.5699920654297,240.0,21.04572088407584,1,IMERG_Final_V07
20550,25.18766667,91.39816667,2019-06-27,121.07498931884766,94.0,20.43931757325825,1,IMERG_Final_V07
20551,25.18688889,91.39855556,2019-06-27,121.07498931884766,77.0,17.083143246452856,1,IMERG_Final_V07
20553,25.44233333,92.19447222,2020-05-26,198.02999877929688,1331.0,7.825525624597575,1,IMERG_Final_V07
20554,25.44177778,92.19558333,2020-05-26,198.02999877929688,1340.0,4.262693045214654,1,IMERG_Final_V07
20556,25.43630556,92.19525,2020-05-26,198.02999877929688,1359.0,13.16632060042364,1,IMERG_Final_V07
20557,25.43505556,92.19836111,2020-05-26,198.02999877929688,1350.0,13.03657849691309,1,IMERG_Final_V07
20558,25.44741667,92.20138889,2020-05-26,220.6400146484375,1371.0,18.96231828867539,1,IMERG_Final_V07
20559,25.45075,92.19452778,2020-05-26,198.02999877929688,1354.0,22.29097037475897,1,IMERG_Final_V07
20560,25.45351667,92.18784722,2020-05-26,198.02999877929688,1272.0,8.984876931685683,1,IMERG_Final_V07
20575,25.36103333,91.64700833,2022-06-17,119.20999145507812,1449.0,26.577778623734844,1,IMERG_Final_V07
20576,25.21273889,90.63216111,2022-06-17,129.6599884033203,44.0,24.46133251877165,1,IMERG_Final_V07
20577,25.21022222,90.63220278,2022-06-17,129.6599884033203,36.0,15.92277945817654,1,IMERG_Final_V07
20578,25.38163333,90.06033889,2022-06-09,37.15499496459961,82.0,8.47871314708616,1,IMERG_Final_V07
20579,25.45939722,90.70860278,2022-06-17,102.18999481201172,190.0,21.6115960987222,1,IMERG_Final_V07
20580,25.45903056,90.70813333,2022-06-17,102.18999481201172,185.0,18.305448954250743,1,IMERG_Final_V07
20581,25.44835,91.59150278,2022-06-15,127.18499755859376,1649.0,12.260147486012336,1,IMERG_Final_V07
20582,25.44743611,91.59103889,2022-06-15,127.18499755859376,1628.0,20.846265656650555,1,IMERG_Final_V07
20583,25.44716111,91.59067778,2022-06-15,127.18499755859376,1635.0,24.16881343581011,1,IMERG_Final_V07
20587,25.35861111,91.97208333,2022-04-04,68.62498474121094,1166.0,22.86208914423492,1,IMERG_Final_V07
20588,25.35908333,91.97433333,2022-04-04,68.62498474121094,1189.0,34.41738871044157,1,IMERG_Final_V07
20589,25.39611111,91.99194444,2022-04-04,68.62498474121094,1436.0,24.16881343581011,1,IMERG_Final_V07
20590,25.365263,91.878497,2023-04-13,0.0,1545.0,19.47122063449069,1,IMERG_Final_V07
20591,25.52901389,91.26188611,2023-06-17,65.53998565673828,1361.0,20.607120971804857,1,IMERG_Final_V07
20592,25.41955556,92.16194444,2023-08-10,0.4100000262260437,1393.0,3.931095784160226,1,IMERG_Final_V07
20593,25.55256111,91.61870278,2024-06-28,8.164999008178711,1657.0,15.042369244334246,1,IMERG_Final_V07
20594,25.39295833,91.55163333,2024-05-28,51.25499725341797,1415.0,20.699546585586496,1,IMERG_Final_V07
20595,25.37129167,91.48003056,2024-06-15,133.239990234375,1567.0,9.368915578454835,1,IMERG_Final_V07
20596,25.40288611,91.43424167,2024-05-28,63.43999481201172,1527.0,16.051123667414398,1,IMERG_Final_V07
20597,25.531739,91.296177,2024-07-02,4.8899993896484375,1460.0,25.8493248967401,1,IMERG_Final_V07
20598,25.540056,91.314142,2024-07-02,3.619999885559082,1513.0,13.824682316158707,1,IMERG_Final_V07
20599,25.62790278,91.88801944,2024-05-28,69.2249984741211,1257.0,9.870926939134982,1,IMERG_Final_V07
20600,25.630403,91.8899195,2024-05-28,69.2249984741211,1250.0,9.73677691573277,1,IMERG_Final_V07
20601,25.630858,91.887601,2024-05-28,69.2249984741211,1232.0,14.273571375658683,1,IMERG_Final_V07
20602,25.641242,91.894137,2024-07-02,4.535000324249268,1210.0,9.462322208025618,1,IMERG_Final_V07
20603,25.65057222,91.89351389,2024-07-02,4.535000324249268,1135.0,21.55942138371082,1,IMERG_Final_V07
20604,25.64887222,91.89692778,2024-07-02,4.535000324249268,1083.0,19.188418756936425,1,IMERG_Final_V07
20606,25.41384722,91.67856111,2024-05-28,63.21001052856445,1655.0,7.416536974278209,1,IMERG_Final_V07
20607,25.34508889,91.60050278,2024-05-28,69.87999725341797,1679.0,37.24571514151944,1,IMERG_Final_V07
20612,25.65308889,91.89803889,2024-07-01,185.36497497558597,1044.0,17.456590925928477,1,IMERG_Final_V07
20613,25.65341111,91.89819444,2024-07-01,185.36497497558597,1038.0,17.035742128041974,1,IMERG_Final_V07
20614,25.66315,91.90180278,2025-05-30,112.52497863769533,1017.0,7.653048720543413,1,IMERG_Final_V07
20615,25.67032222,91.90487222,2025-05-30,112.52497863769533,1008.0,13.915808695897177,1,IMERG_Final_V07
20616,25.67517222,91.8983,2024-06-30,190.3950042724609,1015.0,18.262020066776483,1,IMERG_Final_V07
20617,25.42315556,91.86329167,2025-05-31,74.5550308227539,1740.0,40.41337530810542,1,IMERG_Final_V07
20621,25.49551944,91.49585278,2025-07-02,35.45000076293945,1584.0,17.387333467314576,1,IMERG_Final_V07
20622,25.28247222,91.36413333,2025-05-30,57.005001068115234,973.0,36.16893488396254,1,IMERG_Final_V07
20623,25.28090556,91.36584722,2025-05-30,57.005001068115234,993.0,28.485468456722128,1,IMERG_Final_V07
20630,25.62269444,91.16914444,2024-07-02,6.794999599456787,1222.0,6.379370208442804,1,IMERG_Final_V07
20631,25.61276111,91.17375278,2024-07-02,6.794999599456787,1166.0,14.763132623631552,1,IMERG_Final_V07
20632,25.66156667,91.13485278,2024-07-02,6.794999599456787,1145.0,10.759583898850556,1,IMERG_Final_V07
20633,25.69150833,91.64160833,2025-05-29,81.84500122070312,1338.0,1.3502244696996155,1,IMERG_Final_V07
20634,25.69517778,91.64123611,2025-05-30,87.50001525878906,1302.0,15.06995574963759,1,IMERG_Final_V07
20635,25.69688611,91.64176667,2025-06-25,21.9900016784668,1285.0,11.348119585994183,1,IMERG_Final_V07
20636,25.70087778,91.642902,2024-10-08,0.4100000262260437,1247.0,18.43494882292201,1,IMERG_Final_V07
20637,25.69866667,91.64517222,2024-08-06,8.954999923706055,1228.0,24.242444512172103,1,IMERG_Final_V07
20638,25.69683611,91.64485556,2024-08-06,8.954999923706055,1257.0,20.699546585586496,1,IMERG_Final_V07
20639,25.69523333,91.64426944,2025-05-30,87.50001525878906,1225.0,25.5133092609215,1,IMERG_Final_V07
20640,25.69463611,91.64577778,2025-05-30,87.50001525878906,1204.0,23.75010057347409,1,IMERG_Final_V07
20641,25.68698889,91.64812222,2025-05-28,21.645000457763672,1171.0,38.29781579971788,1,IMERG_Final_V07
20642,25.68690556,91.64915278,2025-05-28,21.645000457763672,1124.0,21.81855031431221,1,IMERG_Final_V07
20643,25.688833,91.653639,2025-06-25,21.9900016784668,1046.0,27.017123217850244,1,IMERG_Final_V07
20644,25.68798889,91.65838889,2024-05-28,66.5149917602539,1032.0,29.58124669955053,1,IMERG_Final_V07
20645,25.68805,91.66653,2024-05-28,66.5149917602539,957.0,31.051293565952417,1,IMERG_Final_V07
20646,25.68822222,91.66746111,2025-06-11,18.154998779296875,936.0,25.5133092609215,1,IMERG_Final_V07
20647,25.69007,91.67085,2025-06-11,18.154998779296875,888.0,6.091478002079769,1,IMERG_Final_V07
20648,25.733262,91.675754,2025-06-11,59.99999237060547,742.0,16.453666886955713,1,IMERG_Final_V07
20649,25.762051,91.658959,2024-05-29,15.93499755859375,796.0,6.0172848640320336,1,IMERG_Final_V07
20650,25.770935,91.656497,2024-05-29,15.93499755859375,776.0,10.555380466061171,1,IMERG_Final_V07
20651,25.791616,91.658242,2024-05-29,15.93499755859375,743.0,8.582483688827132,1,IMERG_Final_V07
20652,25.803984,91.659801,2024-08-28,2.129999876022339,686.0,23.132182561931256,1,IMERG_Final_V07
20653,25.700668,91.596815,2025-05-31,32.724998474121094,1345.0,15.503408837548552,1,IMERG_Final_V07
20654,25.739454,91.572107,2025-05-31,32.724998474121094,903.0,22.373844274024943,1,IMERG_Final_V07
22157,23.744167,92.730472,2007-09-08,119.98500061035156,801.0,25.79602649449995,1,IMERG_Final_V07
22176,23.751528,91.604533,2018-06-04,4.284999847412109,88.0,6.721369339369457,1,IMERG_Final_V07
22177,23.751694,92.731528,2007-09-08,119.98500061035156,946.0,23.628423517864427,1,IMERG_Final_V07
22701,23.73888889,92.69638889,2024-05-28,70.93499755859375,1044.0,26.74234155739631,1,IMERG_Final_V07
22703,23.74027778,92.69722222,2024-05-28,70.93499755859375,1039.0,18.305448954250743,1,IMERG_Final_V07
22704,23.74066667,92.69336111,2024-05-28,70.93499755859375,927.0,12.225122675735753,1,IMERG_Final_V07
22705,23.7385748,92.6941941,2024-05-28,70.93499755859375,986.0,32.98940559251086,1,IMERG_Final_V07
22706,23.74472222,92.69277778,2024-05-28,70.93499755859375,974.0,24.904481044556743,1,IMERG_Final_V07
22707,23.74116667,92.69455556,2024-05-28,70.93499755859375,948.0,25.8493248967401,1,IMERG_Final_V07
22708,23.7375,92.69444444,2024-05-28,70.93499755859375,979.0,29.51750907883067,1,IMERG_Final_V07
22711,23.73361111,92.69388889,2024-05-28,70.93499755859375,900.0,23.11642191920837,1,IMERG_Final_V07
22712,23.73472222,92.695,2024-05-28,70.93499755859375,917.0,22.07341542334565,1,IMERG_Final_V07
22714,23.73305556,92.69944444,2024-05-28,70.93499755859375,894.0,32.754877470959904,1,IMERG_Final_V07
22715,23.74972222,92.69833333,2024-05-28,70.93499755859375,630.0,22.22435314380804,1,IMERG_Final_V07
22716,23.73111111,92.70222222,2024-05-28,71.20498657226562,862.0,20.307500221928045,1,IMERG_Final_V07
22717,23.73111111,92.70388889,2024-05-28,71.20498657226562,873.0,20.99158237694124,1,IMERG_Final_V07
22718,23.73333333,92.70527778,2024-05-28,71.20498657226562,949.0,11.461836902818336,1,IMERG_Final_V07
22720,23.73583333,92.69777778,2024-05-28,70.93499755859375,993.0,16.253917058152773,1,IMERG_Final_V07
22721,23.73132778,92.70821944,2024-05-28,71.20498657226562,885.0,13.421509132977462,1,IMERG_Final_V07
22722,23.72428333,92.70737778,2024-05-28,71.20498657226562,978.0,27.226347381898258,1,IMERG_Final_V07
22723,23.72276944,92.70665,2024-05-28,71.20498657226562,961.0,39.81120571743024,1,IMERG_Final_V07
22724,23.71446389,92.71146389,2024-05-28,71.20498657226562,988.0,28.08409936669116,1,IMERG_Final_V07
22725,23.71581111,92.70935,2024-05-28,71.20498657226562,902.0,24.22774531795417,1,IMERG_Final_V07
22727,23.7175,92.70666667,2024-05-28,71.20498657226562,900.0,23.628423517864427,1,IMERG_Final_V07
22728,23.71740833,92.70644167,2024-05-28,71.20498657226562,896.0,26.269553396535294,1,IMERG_Final_V07
22730,23.71721667,92.70777778,2024-05-28,71.20498657226562,906.0,25.486125594093767,1,IMERG_Final_V07
22732,23.71305556,92.70895833,2024-05-28,71.20498657226562,981.0,21.18915910142139,1,IMERG_Final_V07
22733,23.71523056,92.71529167,2024-05-28,71.20498657226562,1012.0,16.72355800648402,1,IMERG_Final_V07
22735,23.73944444,92.71472222,2024-05-28,71.20498657226562,1073.0,52.710378879195765,1,IMERG_Final_V07
22736,23.71138889,92.72444444,2024-05-28,71.20498657226562,924.0,26.539566558618308,1,IMERG_Final_V07
22737,23.71638889,92.72111111,2024-05-28,71.20498657226562,983.0,30.205466819616653,1,IMERG_Final_V07
22738,23.71444444,92.72861111,2024-05-28,71.20498657226562,855.0,15.042369244334246,1,IMERG_Final_V07
22741,23.71571389,92.72659722,2024-05-28,71.20498657226562,865.0,25.14243049054343,1,IMERG_Final_V07
22742,23.7104,92.72237778,2024-05-28,71.20498657226562,963.0,35.03012380867594,1,IMERG_Final_V07
22745,23.71,92.71611111,2024-05-28,71.20498657226562,949.0,16.428860704621638,1,IMERG_Final_V07
22747,23.70666667,92.71444444,2024-05-28,71.20498657226562,1029.0,50.59314961259867,1,IMERG_Final_V07
22748,23.70527778,92.71138889,2024-05-28,71.20498657226562,1070.0,36.491988188351336,1,IMERG_Final_V07
22749,23.70416667,92.71222222,2024-05-28,71.20498657226562,1040.0,35.98342760298727,1,IMERG_Final_V07
22750,23.70027778,92.71611111,2024-05-28,71.20498657226562,1031.0,21.55942138371082,1,IMERG_Final_V07
22751,23.69972222,92.71694444,2024-05-28,66.74999237060547,1002.0,38.17319333803387,1,IMERG_Final_V07
22752,23.68027778,92.72472222,2024-05-28,66.74999237060547,905.0,32.53469816945699,1,IMERG_Final_V07
22753,23.67805556,92.72,2024-05-28,66.74999237060547,1020.0,52.39494438329273,1,IMERG_Final_V07
22754,23.64333333,92.73444444,2024-05-28,66.74999237060547,724.0,12.04828213833979,1,IMERG_Final_V07
22755,23.64638889,92.72638889,2023-10-02,11.699999809265137,797.0,26.628589703310887,1,IMERG_Final_V07
22756,23.64638889,92.72527778,2024-05-28,66.74999237060547,836.0,20.99158237694124,1,IMERG_Final_V07
22757,23.63111111,92.72388889,2024-05-28,66.74999237060547,867.0,22.373844274024943,1,IMERG_Final_V07
22759,23.62833333,92.72333333,2024-05-28,66.74999237060547,797.0,19.787913812706314,1,IMERG_Final_V07
22760,23.62277778,92.72444444,2024-05-28,66.74999237060547,816.0,6.853224835121291,1,IMERG_Final_V07
22761,23.62194444,92.72305556,2024-05-28,66.74999237060547,814.0,33.03247176064103,1,IMERG_Final_V07
22762,23.62083333,92.7225,2024-05-28,66.74999237060547,822.0,17.66231893216494,1,IMERG_Final_V07
22763,23.61916667,92.7225,2024-05-28,66.74999237060547,830.0,35.889866740432154,1,IMERG_Final_V07
22765,23.61972222,92.72527778,2024-05-28,66.74999237060547,818.0,25.03089023333195,1,IMERG_Final_V07
22766,23.62027778,92.72555556,2024-05-28,66.74999237060547,790.0,21.95499883223757,1,IMERG_Final_V07
22767,23.62027778,92.72611111,2024-05-28,66.74999237060547,771.0,33.927980154144706,1,IMERG_Final_V07
22768,23.62111111,92.72444444,2024-05-28,66.74999237060547,795.0,17.66231893216494,1,IMERG_Final_V07
22771,23.67583333,92.715,2024-05-28,66.74999237060547,997.0,23.428692808745403,1,IMERG_Final_V07
22773,23.67444444,92.71472222,2024-05-28,66.74999237060547,1000.0,20.99158237694124,1,IMERG_Final_V07
22774,23.67388889,92.71472222,2024-05-28,66.74999237060547,997.0,17.775317038209,1,IMERG_Final_V07
22775,23.672069,92.7099293,2024-05-28,66.74999237060547,1000.0,17.5484006137923,1,IMERG_Final_V07
22776,23.684301,92.715511,2024-05-28,66.74999237060547,1036.0,18.87922133905067,1,IMERG_Final_V07
22777,23.70638889,92.72055556,2024-05-28,71.20498657226562,875.0,33.10114358966526,1,IMERG_Final_V07
22778,23.70416667,92.72,2024-05-28,71.20498657226562,880.0,37.23908117204727,1,IMERG_Final_V07
22782,23.69,92.72361111,2024-05-28,66.74999237060547,871.0,29.346331162468683,1,IMERG_Final_V07
22783,23.68361111,92.72277778,2024-05-28,66.74999237060547,924.0,31.670097621922785,1,IMERG_Final_V07
22785,23.67138889,92.72361111,2024-05-28,66.74999237060547,927.0,36.2114423338008,1,IMERG_Final_V07
22787,23.66666667,92.72388889,2024-05-28,66.74999237060547,829.0,32.57012547147069,1,IMERG_Final_V07
22791,23.635,92.72361111,2024-05-28,66.74999237060547,837.0,35.113638216485604,1,IMERG_Final_V07
22792,23.43277778,92.76111111,2024-05-28,84.40999603271484,1503.0,15.99993592924168,1,IMERG_Final_V07
22793,23.46777778,92.74111111,2024-05-28,84.40999603271484,1328.0,56.309932474020215,1,IMERG_Final_V07
22794,23.46805556,92.71638889,2024-05-28,84.40999603271484,1135.0,28.85516751374433,1,IMERG_Final_V07
22795,23.4725,92.71444444,2024-05-28,84.40999603271484,1075.0,14.763132623631552,1,IMERG_Final_V07
22798,23.49722222,92.70333333,2024-05-28,84.40999603271484,905.0,25.197913740371355,1,IMERG_Final_V07
22799,23.51361111,92.69833333,2024-05-28,60.93499374389648,780.0,32.10351627298505,1,IMERG_Final_V07
22800,23.53666667,92.6975,2024-05-28,60.93499374389648,857.0,39.10233716664201,1,IMERG_Final_V07
22801,23.54166667,92.70194444,2024-05-28,65.04499053955078,872.0,21.04572088407584,1,IMERG_Final_V07
22802,23.54277778,92.70333333,2024-05-28,65.04499053955078,908.0,35.63524161504921,1,IMERG_Final_V07
22803,23.52944444,92.72944444,2024-05-28,65.04499053955078,989.0,17.5484006137923,1,IMERG_Final_V07
22804,23.53083333,92.73055556,2024-05-28,65.04499053955078,986.0,26.113233272206745,1,IMERG_Final_V07
22805,23.53111111,92.73361111,2024-05-28,65.04499053955078,1043.0,37.23908117204727,1,IMERG_Final_V07
22806,23.53083333,92.73333333,2024-05-28,65.04499053955078,1065.0,34.846405699136405,1,IMERG_Final_V07
22807,23.56388889,92.70805556,2024-05-28,65.04499053955078,836.0,32.47251629973426,1,IMERG_Final_V07
22808,23.56416667,92.70805556,2024-05-28,65.04499053955078,847.0,27.613098503754813,1,IMERG_Final_V07
22809,23.565,92.70777778,2024-05-28,65.04499053955078,851.0,34.75376186272035,1,IMERG_Final_V07
22810,23.56666667,92.70888889,2024-05-28,65.04499053955078,852.0,12.260147486012336,1,IMERG_Final_V07
22811,23.77305556,92.74361111,2024-05-28,71.20498657226562,1002.0,20.07880037349212,1,IMERG_Final_V07
22812,23.77472222,92.76194444,2024-05-28,71.20498657226562,1126.0,11.038532615965034,1,IMERG_Final_V07
22813,23.77361111,92.76111111,2024-05-28,71.20498657226562,1118.0,3.931095784160226,1,IMERG_Final_V07
22814,23.74861111,92.73861111,2024-05-28,71.20498657226562,948.0,34.97675368176345,1,IMERG_Final_V07
22815,23.61,92.72083333,2024-05-28,66.74999237060547,912.0,30.10305246289624,1,IMERG_Final_V07
22817,23.5925,92.71666667,2024-05-28,65.04499053955078,763.0,20.07880037349212,1,IMERG_Final_V07
22818,23.58722222,92.71361111,2024-05-28,65.04499053955078,813.0,34.60598807399335,1,IMERG_Final_V07
22819,23.57694444,92.71305556,2024-05-28,65.04499053955078,906.0,13.824682316158707,1,IMERG_Final_V07
22820,23.58027778,92.715,2024-05-28,65.04499053955078,918.0,11.348119585994183,1,IMERG_Final_V07
22821,23.58138889,92.71416667,2024-05-28,65.04499053955078,911.0,27.238572082130062,1,IMERG_Final_V07
22822,23.58694444,92.7175,2024-05-28,65.04499053955078,957.0,14.763132623631552,1,IMERG_Final_V07
22824,23.58583333,92.71638889,2024-05-28,65.04499053955078,952.0,19.61060912917093,1,IMERG_Final_V07
22825,23.58638889,92.71583333,2024-05-28,65.04499053955078,919.0,22.22435314380804,1,IMERG_Final_V07
22826,23.65388889,92.72444444,2024-05-28,66.74999237060547,742.0,23.069045509039658,1,IMERG_Final_V07
22827,23.65416667,92.71777778,2024-05-28,66.74999237060547,872.0,29.83376877992044,1,IMERG_Final_V07
22828,23.655,92.71444444,2024-05-28,66.74999237060547,859.0,26.217612768234883,1,IMERG_Final_V07
22829,23.65416667,92.69,2024-05-28,65.56501007080078,867.0,32.96351159099253,1,IMERG_Final_V07
22830,23.66055556,92.67277778,2024-05-28,65.56501007080078,1017.0,15.42324502154344,1,IMERG_Final_V07
22831,23.66083333,92.67277778,2024-05-28,65.56501007080078,1025.0,11.499465999742789,1,IMERG_Final_V07
22832,23.65777778,92.67444444,2024-05-28,65.56501007080078,954.0,11.461836902818336,1,IMERG_Final_V07
22833,23.65861111,92.70583333,2024-05-28,66.74999237060547,872.0,9.870926939134982,1,IMERG_Final_V07
22834,23.68143611,92.72144167,2024-05-28,66.74999237060547,1036.0,30.17480904438851,1,IMERG_Final_V07
22835,23.73555556,92.78833333,2024-05-28,71.20498657226562,529.0,30.337664384844903,1,IMERG_Final_V07
22836,23.72694444,92.79527778,2024-05-28,71.20498657226562,256.0,21.18915910142139,1,IMERG_Final_V07
22837,23.73277778,92.79722222,2024-05-28,71.20498657226562,256.0,15.042369244334246,1,IMERG_Final_V07
22838,23.73416667,92.79861111,2024-05-28,71.20498657226562,296.0,14.03624346792648,1,IMERG_Final_V07
22839,23.74555556,92.79444444,2024-05-28,71.20498657226562,360.0,26.00818191569552,1,IMERG_Final_V07
22840,23.73666667,92.79722222,2024-05-28,71.20498657226562,335.0,4.857533338413092,1,IMERG_Final_V07
22841,23.73638889,92.79805556,2024-05-28,71.20498657226562,346.0,20.99158237694124,1,IMERG_Final_V07
22842,23.73583333,92.79888889,2024-05-28,71.20498657226562,355.0,30.508958866202807,1,IMERG_Final_V07
22843,23.73638889,92.8,2024-05-28,71.01001739501953,375.0,24.2864614630402,1,IMERG_Final_V07
22844,23.73555556,92.80027778,2024-05-28,71.01001739501953,362.0,7.825525624597575,1,IMERG_Final_V07
22845,23.71972222,92.79777778,2024-05-28,71.20498657226562,215.0,18.45641864524321,1,IMERG_Final_V07
22846,23.72222222,92.80138889,2024-05-28,71.01001739501953,203.0,27.33604368814356,1,IMERG_Final_V07
22848,23.73305556,92.84777778,2024-05-28,71.01001739501953,765.0,46.42958537828381,1,IMERG_Final_V07
22849,23.76083333,92.8475,2024-05-28,71.01001739501953,789.0,28.98757825007264,1,IMERG_Final_V07
22850,23.86972222,92.87611111,2024-05-28,81.73500061035156,971.0,26.360054096082703,1,IMERG_Final_V07
22851,23.80750556,92.83417222,2024-05-28,81.73500061035156,558.0,34.35403406736099,1,IMERG_Final_V07
22852,23.47694444,92.857846,2024-05-28,96.51499938964844,1053.0,17.224372940700082,1,IMERG_Final_V07
22853,23.471041,92.85503,2024-05-28,96.51499938964844,1076.0,31.244175851188185,1,IMERG_Final_V07
22854,23.465558,92.855991,2024-05-28,96.51499938964844,1072.0,15.92277945817654,1,IMERG_Final_V07
22855,23.463164,92.854672,2024-05-28,96.51499938964844,1060.0,21.135527342306386,1,IMERG_Final_V07
22856,23.31259,92.856415,2024-05-28,109.8749771118164,1000.0,37.07903201684691,1,IMERG_Final_V07
22857,23.288812,92.864763,2024-05-28,100.96501159667967,898.0,32.401162502089626,1,IMERG_Final_V07
22858,23.281264,92.869279,2024-05-28,100.96501159667967,982.0,38.39064026848265,1,IMERG_Final_V07
22859,23.379441,92.844081,2024-05-28,109.8749771118164,930.0,17.01197993242201,1,IMERG_Final_V07
22860,23.38151,92.844938,2024-05-28,109.8749771118164,928.0,16.72355800648402,1,IMERG_Final_V07
22861,23.382175,92.843876,2024-05-28,109.8749771118164,936.0,23.19506859014077,1,IMERG_Final_V07
22862,23.382772,92.845187,2024-05-28,109.8749771118164,928.0,26.00818191569552,1,IMERG_Final_V07
22863,23.381533,92.854115,2024-05-28,109.8749771118164,863.0,23.11642191920837,1,IMERG_Final_V07
22864,23.387941,92.842291,2024-05-28,109.8749771118164,964.0,25.80936745770508,1,IMERG_Final_V07
22865,23.237077,92.910043,2024-05-28,87.16499328613281,670.0,10.555380466061171,1,IMERG_Final_V07
22866,23.126631,93.064946,2024-05-28,64.13999938964844,1382.0,24.74862531519583,1,IMERG_Final_V07
22907,22.91452778,92.89333333,2022-11-14,0.0,583.0,21.242603631151898,1,IMERG_Final_V07
22917,23.65530556,92.7025,2022-04-05,0.0,912.0,22.373844274024943,1,IMERG_Final_V07
22919,23.70827778,92.71711111,2022-07-23,40.34999847412109,1024.0,41.09162949850341,1,IMERG_Final_V07
22921,23.73053889,92.716019,2018-06-22,2.2049999237060547,1040.0,28.82189836411544,1,IMERG_Final_V07
22948,23.59944444,92.72019444,2023-06-09,119.34500885009766,762.0,22.42335855928612,1,IMERG_Final_V07
22949,23.51980556,92.70066667,2023-08-13,0.8250000476837158,773.0,33.26309702272514,1,IMERG_Final_V07
22953,24.27138889,92.96,2023-07-24,36.595001220703125,776.0,21.04572088407583,1,IMERG_Final_V07
22970,24.18561111,92.94536111,2013-08-15,43.005001068115234,452.0,14.592550602033429,1,IMERG_Final_V07
22994,23.86638889,92.88138889,2022-10-02,35.90500259399414,939.0,30.528995003826,1,IMERG_Final_V07
23010,23.57166667,92.71083333,2023-06-09,119.34500885009766,871.0,32.24850128082579,1,IMERG_Final_V07
23011,23.58388889,92.71722222,2023-08-08,39.1050033569336,976.0,6.0172848640320336,1,IMERG_Final_V07
23012,23.58591667,92.71777778,2023-07-25,12.329999923706056,960.0,20.001783914715944,1,IMERG_Final_V07
23013,23.55944444,92.70833333,2023-07-06,0.0599999986588954,763.0,16.428860704621638,1,IMERG_Final_V07
23014,23.54380556,92.70136111,2023-08-06,133.08499145507812,777.0,25.23940182067892,1,IMERG_Final_V07
23015,23.54027778,92.70138889,2023-08-06,133.08499145507812,883.0,31.57639333699781,1,IMERG_Final_V07
23016,23.53986111,92.70063889,2023-08-06,133.08499145507812,843.0,21.31357434104547,1,IMERG_Final_V07
23017,23.535,92.69694444,2023-07-28,1.5399999618530271,819.0,35.80301842021218,1,IMERG_Final_V07
23018,23.53333333,92.69722222,2023-08-02,34.97999572753906,821.0,36.62354905164433,1,IMERG_Final_V07
23019,23.52972222,92.69611111,2023-08-03,9.720000267028809,803.0,30.266612409654883,1,IMERG_Final_V07
23020,23.49991667,92.70136111,2023-06-02,0.1500000059604644,901.0,24.359555875506427,1,IMERG_Final_V07
23021,23.5,92.70111111,2023-08-09,5.559999942779541,885.0,25.14243049054343,1,IMERG_Final_V07
23023,23.78138889,92.67638889,2023-10-25,0.1649999916553497,441.0,39.00770983983683,1,IMERG_Final_V07
23024,23.93194444,92.65222222,2023-09-17,24.3650016784668,214.0,31.002719133873992,1,IMERG_Final_V07
23025,23.93027778,92.6525,2023-09-17,24.3650016784668,194.0,15.92277945817654,1,IMERG_Final_V07
23026,23.05805556,92.67583333,2023-08-12,10.035000801086426,706.0,3.931095784160226,1,IMERG_Final_V07
23027,23.0475,92.67166667,2023-09-12,37.27999496459961,392.0,25.80936745770508,1,IMERG_Final_V07
23028,23.05222222,92.67027778,2023-09-12,37.27999496459961,430.0,15.179705807856672,1,IMERG_Final_V07
23030,23.03016667,92.67336111,2023-09-12,37.27999496459961,307.0,36.43626970061044,1,IMERG_Final_V07
23031,23.02280556,92.67255556,2023-09-17,50.709999084472656,350.0,18.54197796399724,1,IMERG_Final_V07
23032,23.00638889,92.67691667,2023-07-23,9.840001106262209,402.0,30.508958866202807,1,IMERG_Final_V07
23037,23.91777778,92.73805556,2023-09-27,6.804999351501465,908.0,57.379184413595866,1,IMERG_Final_V07
23038,23.89638889,92.73638889,2023-09-27,2.9599997997283936,1081.0,54.08967008896894,1,IMERG_Final_V07
23088,23.60861111,92.85055556,2024-05-28,55.18499755859375,1123.0,25.23940182067892,1,IMERG_Final_V07
23095,23.73305556,92.75,2024-07-22,9.440000534057615,951.0,39.35384148704364,1,IMERG_Final_V07
23096,23.73222222,92.75,2024-05-28,71.20498657226562,944.0,44.84799987175487,1,IMERG_Final_V07
23097,23.73194444,92.75,2024-05-28,71.20498657226562,923.0,47.93421354598134,1,IMERG_Final_V07
23098,23.74083333,92.74111111,2024-05-28,71.20498657226562,953.0,29.63417437185607,1,IMERG_Final_V07
23099,23.74916667,92.7375,2024-06-30,84.88999938964844,1017.0,35.86819845525075,1,IMERG_Final_V07
23103,23.76972222,92.74472222,2024-05-28,71.20498657226562,1153.0,36.733505603395045,1,IMERG_Final_V07
23105,23.76388889,92.73388889,2024-09-26,4.600000381469727,1203.0,33.89536963300801,1,IMERG_Final_V07
23106,23.76055556,92.73194444,2024-07-02,33.945003509521484,1133.0,43.77571318439088,1,IMERG_Final_V07
23109,23.73888889,92.71472222,2024-08-21,38.8599967956543,1107.0,24.16881343581011,1,IMERG_Final_V07
23115,23.74916667,92.69416667,2024-05-28,70.93499755859375,802.0,38.04757894764742,1,IMERG_Final_V07
23117,23.74194444,92.71305556,2024-08-21,38.8599967956543,902.0,23.75010057347409,1,IMERG_Final_V07
23118,23.74388889,92.71222222,2024-07-20,38.239990234375,824.0,29.118936488427924,1,IMERG_Final_V07
23119,23.74722222,92.71805556,2024-07-02,33.945003509521484,966.0,37.11250830386473,1,IMERG_Final_V07
23121,23.69277778,92.72055556,2024-05-28,66.74999237060547,978.0,40.35910045666124,1,IMERG_Final_V07
23129,23.69777778,92.71944444,2024-09-20,1.1449999809265137,984.0,37.35807189461179,1,IMERG_Final_V07
23130,23.69972222,92.7175,2024-06-20,0.6999999284744263,998.0,32.35640884426763,1,IMERG_Final_V07
23132,23.70972222,92.72222222,2024-05-28,71.20498657226562,918.0,33.16099672886019,1,IMERG_Final_V07
23135,23.68916667,92.72055556,2024-05-28,66.74999237060547,1063.0,20.155422119735228,1,IMERG_Final_V07
23137,23.70277778,92.72083333,2024-07-02,33.945003509521484,899.0,38.32262251890178,1,IMERG_Final_V07
23138,23.7025,92.72138889,2024-07-02,33.945003509521484,875.0,33.590600231227405,1,IMERG_Final_V07
23139,23.69805556,92.72277778,2024-07-02,24.599998474121094,858.0,31.01244544880732,1,IMERG_Final_V07
23140,23.69361111,92.7225,2024-06-28,1.4849998950958252,869.0,36.89703704231115,1,IMERG_Final_V07
23146,23.66055556,92.72527778,2024-05-28,66.74999237060547,888.0,24.8479801794304,1,IMERG_Final_V07
23147,23.66,92.72638889,2024-05-28,66.74999237060547,891.0,21.938008256074177,1,IMERG_Final_V07
23148,23.65527778,92.72694444,2024-05-28,66.74999237060547,811.0,22.668609279892426,1,IMERG_Final_V07
23149,23.65138889,92.72694444,2024-05-28,66.74999237060547,789.0,10.046788047511114,1,IMERG_Final_V07
23150,23.64555556,92.72444444,2024-05-28,66.74999237060547,805.0,31.119058788415003,1,IMERG_Final_V07
23153,23.64166667,92.72416667,2024-05-28,66.74999237060547,829.0,21.611596098722195,1,IMERG_Final_V07
23154,23.64083333,92.72472222,2024-05-28,66.74999237060547,827.0,23.76524510807156,1,IMERG_Final_V07
23155,23.6375,92.72277778,2024-05-28,66.74999237060547,843.0,39.28988834691393,1,IMERG_Final_V07
23160,23.62611111,92.72638889,2024-05-28,66.74999237060547,785.0,22.140679470491683,1,IMERG_Final_V07
23161,23.6325,92.72388889,2024-05-28,66.74999237060547,807.0,32.91160083273797,1,IMERG_Final_V07
23163,23.62972222,92.72555556,2024-05-28,66.74999237060547,771.0,28.222814437179903,1,IMERG_Final_V07
23167,23.61611111,92.71722222,2024-05-28,66.74999237060547,887.0,22.373844274024943,1,IMERG_Final_V07
23170,23.61861111,92.72611111,2024-05-28,66.74999237060547,793.0,28.280269845499703,1,IMERG_Final_V07
23171,23.60555556,92.725,2024-05-28,66.74999237060547,906.0,21.971970836813973,1,IMERG_Final_V07
23172,23.58694444,92.8175,2024-08-25,13.48000144958496,633.0,4.262693045214654,1,IMERG_Final_V07
23177,23.59194444,92.75055556,2024-05-28,65.04499053955078,701.0,26.113233272206745,1,IMERG_Final_V07
23178,23.595,92.81611111,2024-05-28,81.0149917602539,622.0,24.74862531519583,1,IMERG_Final_V07
23184,23.60861111,92.80972222,2024-05-28,55.18499755859375,498.0,27.55326483492445,1,IMERG_Final_V07
23188,23.60972222,92.80916667,2024-05-28,55.18499755859375,536.0,23.273326481355983,1,IMERG_Final_V07
23189,23.61361111,92.80777778,2024-05-28,55.18499755859375,549.0,26.91773442777563,1,IMERG_Final_V07
23192,23.61222222,92.80527778,2024-05-28,55.18499755859375,450.0,23.069045509039658,1,IMERG_Final_V07
23193,23.61138889,92.80333333,2024-05-28,55.18499755859375,451.0,31.670097621922785,1,IMERG_Final_V07
23196,23.60972222,92.79972222,2024-07-02,24.599998474121094,397.0,38.97802093380687,1,IMERG_Final_V07
23209,23.615,92.79222222,2024-05-28,66.74999237060547,331.0,31.12871688801731,1,IMERG_Final_V07
23210,23.61583333,92.79111111,2023-09-23,1.694999933242798,329.0,34.162480159648744,1,IMERG_Final_V07
23211,23.61861111,92.79,2024-05-28,66.74999237060547,314.0,11.904688112848122,1,IMERG_Final_V07
23214,23.62333333,92.78888889,2024-05-28,66.74999237060547,229.0,23.021526638116164,1,IMERG_Final_V07
23215,23.62361111,92.78888889,2024-08-28,4.40500020980835,235.0,27.33604368814356,1,IMERG_Final_V07
23216,23.62527778,92.78638889,2024-05-28,66.74999237060547,204.0,6.853224835121291,1,IMERG_Final_V07
23222,23.60111111,92.75888889,2024-05-26,68.76000213623047,569.0,35.86819845525075,1,IMERG_Final_V07
23230,23.59055556,92.71611111,2024-05-28,65.04499053955078,774.0,33.64040940514667,1,IMERG_Final_V07
23231,23.59027778,92.71583333,2024-05-28,65.04499053955078,788.0,34.75376186272035,1,IMERG_Final_V07
23246,23.57138889,92.70972222,2024-05-28,65.04499053955078,855.0,34.74601766541864,1,IMERG_Final_V07
23249,23.55388889,92.70472222,2024-05-28,65.04499053955078,834.0,1.9091524329963765,1,IMERG_Final_V07
23250,23.55444444,92.70527778,2024-05-28,65.04499053955078,826.0,6.91817481667161,1,IMERG_Final_V07
23251,23.5625,92.70777778,2024-08-25,9.260000228881836,806.0,19.370844026969944,1,IMERG_Final_V07
23252,23.56555556,92.7075,2024-07-19,5.914999485015869,834.0,38.54414157288248,1,IMERG_Final_V07
23253,23.55,92.70444444,2024-05-28,65.04499053955078,847.0,29.83376877992044,1,IMERG_Final_V07
23254,23.53222222,92.735,2024-05-28,65.04499053955078,1001.0,23.4904160686416,1,IMERG_Final_V07
23264,23.53555556,92.72333333,2024-05-28,65.04499053955078,910.0,22.61986494804043,1,IMERG_Final_V07
23265,23.53805556,92.71861111,2024-05-29,2.8350000381469727,888.0,15.81919394750014,1,IMERG_Final_V07
23272,23.54833333,92.71083333,2024-05-28,65.04499053955078,959.0,23.11642191920837,1,IMERG_Final_V07
23278,23.545,92.70333333,2024-05-28,65.04499053955078,858.0,33.764273391292186,1,IMERG_Final_V07
23283,23.53694444,92.6975,2024-05-28,60.93499374389648,841.0,33.05825736162379,1,IMERG_Final_V07
23285,23.53555556,92.69694444,2024-05-28,60.93499374389648,853.0,45.20934119259024,1,IMERG_Final_V07
23289,23.53027778,92.69666667,2024-05-28,60.93499374389648,832.0,28.002640063185417,1,IMERG_Final_V07
23290,23.52861111,92.6975,2024-05-28,60.93499374389648,825.0,39.60705736237804,1,IMERG_Final_V07
23291,23.52777778,92.69861111,2024-05-28,60.93499374389648,809.0,27.90904811068605,1,IMERG_Final_V07
23294,23.52277778,92.70277778,2024-05-28,65.04499053955078,787.0,17.66231893216494,1,IMERG_Final_V07
23295,23.51944444,92.70055556,2024-09-25,74.08500671386719,789.0,26.91773442777563,1,IMERG_Final_V07
23297,23.51444444,92.69805556,2024-05-28,60.93499374389648,821.0,37.038767555809535,1,IMERG_Final_V07
23299,23.51055556,92.69972222,2024-05-28,60.93499374389648,824.0,33.46541063428238,1,IMERG_Final_V07
23300,23.50861111,92.69805556,2024-05-28,60.93499374389648,834.0,31.002719133873985,1,IMERG_Final_V07
23301,23.50694444,92.69638889,2024-05-28,60.93499374389648,822.0,38.75655509292031,1,IMERG_Final_V07
23303,23.50527778,92.6975,2024-05-28,60.93499374389648,848.0,31.89284050209588,1,IMERG_Final_V07
23306,23.55027778,92.70444444,2024-05-28,65.04499053955078,834.0,31.57639333699781,1,IMERG_Final_V07
23327,23.54277778,92.67638889,2024-05-28,60.93499374389648,665.0,16.527811501531776,1,IMERG_Final_V07
23336,23.53944444,92.66527778,2024-05-28,60.93499374389648,599.0,21.31357434104547,1,IMERG_Final_V07
23338,23.53888889,92.6625,2024-05-28,60.93499374389648,626.0,19.12710170142385,1,IMERG_Final_V07
23345,23.53944444,92.65888889,2024-05-28,60.93499374389648,552.0,14.763132623631552,1,IMERG_Final_V07
23346,23.53611111,92.65527778,2024-05-28,60.93499374389648,494.0,24.242444512172103,1,IMERG_Final_V07
23348,23.52694444,92.65444444,2024-09-20,1.4249999523162842,397.0,24.8479801794304,1,IMERG_Final_V07
23350,23.52583333,92.63861111,2024-06-02,0.0,229.0,24.591248866909307,1,IMERG_Final_V07
23351,23.45083333,92.6825,2024-05-28,74.39498901367188,903.0,19.31028740874557,1,IMERG_Final_V07
23360,23.44805556,92.68333333,2024-05-28,74.39498901367188,874.0,17.66231893216494,1,IMERG_Final_V07
23362,23.44333333,92.68527778,2024-05-28,74.39498901367188,837.0,25.363232718381973,1,IMERG_Final_V07
23367,23.41694444,92.71805556,2024-05-28,84.40999603271484,1095.0,23.397741000263863,1,IMERG_Final_V07
23373,23.41,92.74944444,2024-05-28,84.40999603271484,1224.0,30.205466819616653,1,IMERG_Final_V07
23388,23.37972222,92.75166667,2024-05-28,99.14498901367188,1273.0,30.347789794448904,1,IMERG_Final_V07
23410,23.43194444,92.76083333,2024-05-28,84.40999603271484,1460.0,24.38870074689113,1,IMERG_Final_V07
23420,23.48555556,92.70305556,2024-05-28,84.40999603271484,979.0,9.73677691573277,1,IMERG_Final_V07
23430,23.66194444,92.85416667,2024-11-12,0.0,834.0,14.959246786437893,1,IMERG_Final_V07
23431,23.68277778,92.8575,2024-05-28,55.18499755859375,946.0,34.369895822693806,1,IMERG_Final_V07
23432,23.68305556,92.8575,2024-05-28,55.18499755859375,960.0,26.360054096082703,1,IMERG_Final_V07
23435,23.71388889,92.85722222,2024-07-02,18.155000686645508,840.0,35.03012380867594,1,IMERG_Final_V07
23436,23.68638889,92.85833333,2024-05-28,55.18499755859375,927.0,23.069045509039658,1,IMERG_Final_V07
23438,23.69472222,92.85972222,2024-05-28,55.18499755859375,937.0,22.22435314380804,1,IMERG_Final_V07
23439,23.71416667,92.85805556,2024-05-28,71.01001739501953,879.0,28.587119037972805,1,IMERG_Final_V07
23442,23.72722222,92.85472222,2024-05-28,71.01001739501953,805.0,34.60598807399335,1,IMERG_Final_V07
23443,23.72972222,92.85305556,2024-05-28,71.01001739501953,767.0,33.02386755579665,1,IMERG_Final_V07
23446,23.73111111,92.84638889,2024-05-28,71.01001739501953,698.0,25.34952033151192,1,IMERG_Final_V07
23447,23.73361111,92.84305556,2024-05-28,71.01001739501953,676.0,36.76087717499856,1,IMERG_Final_V07
23459,23.73833333,92.81333333,2024-05-28,71.01001739501953,391.0,32.06706985148497,1,IMERG_Final_V07
23460,23.73694444,92.81361111,2024-07-02,18.155000686645508,407.0,36.83590849508688,1,IMERG_Final_V07
23461,23.73472222,92.81333333,2024-05-28,71.01001739501953,428.0,31.06099134268408,1,IMERG_Final_V07
23468,23.73055556,92.75861111,2024-05-28,71.20498657226562,893.0,33.490525189983416,1,IMERG_Final_V07
23470,23.72916667,92.76583333,2024-07-02,33.945003509521484,754.0,31.50104503484435,1,IMERG_Final_V07
23472,23.73027778,92.76861111,2024-08-28,1.069999933242798,728.0,33.690067525979785,1,IMERG_Final_V07
23473,23.73222222,92.76555556,2024-07-02,33.945003509521484,892.0,37.86364636173037,1,IMERG_Final_V07
23476,23.73794444,92.78613889,2024-07-02,33.945003509521484,546.0,44.09690834843296,1,IMERG_Final_V07
23477,23.7375,92.78805556,2024-07-02,33.945003509521484,569.0,25.80936745770508,1,IMERG_Final_V07
23480,23.73388889,92.79388889,2024-07-02,33.945003509521484,320.0,18.434948822922014,1,IMERG_Final_V07
23482,23.72138889,92.79944444,2024-07-02,33.945003509521484,209.0,15.845167180271268,1,IMERG_Final_V07
23483,23.72138889,92.85777778,2024-07-02,18.155000686645508,792.0,34.46474362464782,1,IMERG_Final_V07
23484,23.72083333,92.86472222,2024-07-02,18.155000686645508,826.0,34.21858270764896,1,IMERG_Final_V07
23487,23.71166667,92.87833333,2024-07-02,18.155000686645508,612.0,27.565248984490395,1,IMERG_Final_V07
23488,23.71111111,92.87861111,2024-06-28,1.3650000095367432,592.0,35.59118566547325,1,IMERG_Final_V07
23489,23.70333333,92.87638889,2024-07-18,1.0399999618530271,566.0,1.3502244696996155,1,IMERG_Final_V07
23494,23.73361111,92.84833333,2024-06-07,17.060001373291016,727.0,23.4904160686416,1,IMERG_Final_V07
23496,23.735,92.85666667,2024-07-02,18.155000686645508,770.0,22.09025870405004,1,IMERG_Final_V07
23497,23.73666667,92.85611111,2024-07-02,18.155000686645508,766.0,28.49679392207442,1,IMERG_Final_V07
23498,23.73583333,92.85194444,2024-05-28,71.01001739501953,711.0,23.88588673441924,1,IMERG_Final_V07
23499,23.74416667,92.85555556,2024-09-25,49.26499557495117,833.0,28.176705590951745,1,IMERG_Final_V07
23500,23.74361111,92.85416667,2024-09-25,49.26499557495117,823.0,29.85463927845754,1,IMERG_Final_V07
23501,23.76111111,92.84777778,2024-07-02,18.155000686645508,790.0,32.54356214739029,1,IMERG_Final_V07
23503,23.76527778,92.85,2024-07-02,18.155000686645508,774.0,34.49623729009093,1,IMERG_Final_V07
23504,23.76861111,92.85138889,2024-07-02,18.155000686645508,772.0,31.39687644298045,1,IMERG_Final_V07
23505,23.77777778,92.8479,2024-05-28,71.01001739501953,678.0,39.260731733474245,1,IMERG_Final_V07
23506,23.774,92.848,2024-06-28,1.3650000095367432,670.0,32.63194030642942,1,IMERG_Final_V07
23507,23.7775,92.84833333,2024-05-28,71.01001739501953,686.0,37.00513608621634,1,IMERG_Final_V07
23508,23.77833333,92.84666667,2024-05-28,71.01001739501953,665.0,33.490525189983416,1,IMERG_Final_V07
23509,23.77166667,92.84805556,2023-07-23,66.93499755859375,735.0,27.432940772267944,1,IMERG_Final_V07
23512,23.77361111,92.84944444,2024-05-28,71.01001739501953,737.0,25.79602649449995,1,IMERG_Final_V07
23517,23.82638889,92.8325,2024-05-28,81.73500061035156,395.0,39.60705736237804,1,IMERG_Final_V07
23519,23.83277778,92.8325,2024-07-02,15.684999465942385,350.0,35.71570019685384,1,IMERG_Final_V07
23520,23.83888889,92.83194444,2024-07-02,15.684999465942385,262.0,24.634322367669885,1,IMERG_Final_V07
23521,23.84777778,92.83694444,2024-05-28,81.73500061035156,376.0,21.31357434104547,1,IMERG_Final_V07
23522,23.85194444,92.83305556,2024-09-25,46.09000015258789,165.0,14.302914425322813,1,IMERG_Final_V07
23523,23.86222222,92.83666667,2024-07-02,15.684999465942385,239.0,20.43931757325825,1,IMERG_Final_V07
23524,23.87694444,92.84,2024-07-02,15.684999465942385,362.0,33.490525189983416,1,IMERG_Final_V07
23525,23.87777778,92.84083333,2024-09-25,46.09000015258789,374.0,44.55551561210556,1,IMERG_Final_V07
23526,23.88583333,92.85055556,2024-09-28,0.0,514.0,30.82665955230447,1,IMERG_Final_V07
23527,23.89277778,92.85083333,2024-09-28,0.0,582.0,28.88836980568737,1,IMERG_Final_V07
23528,23.89138889,92.84888889,2024-07-02,15.684999465942385,568.0,24.16881343581011,1,IMERG_Final_V07
23529,23.89305556,92.84722222,2024-09-28,0.0,573.0,21.6115960987222,1,IMERG_Final_V07
23530,23.88361111,92.85305556,2024-08-17,30.469993591308597,658.0,30.25643716352927,1,IMERG_Final_V07
23531,23.88527778,92.8575,2024-09-25,46.09000015258789,702.0,27.990970091758022,1,IMERG_Final_V07
23532,23.76972222,92.76,2024-07-02,33.945003509521484,1166.0,42.59980784178263,1,IMERG_Final_V07
23533,24.03503889,93.54139444,2024-09-28,0.2649999856948852,1012.0,25.486125594093767,1,IMERG_Final_V07
23534,24.05808333,93.49808333,2024-10-07,9.59000015258789,1244.0,9.462322208025618,1,IMERG_Final_V07
23535,24.04531667,93.49220278,2024-10-07,9.59000015258789,1340.0,14.302914425322813,1,IMERG_Final_V07
23536,24.090025,93.54191667,2024-10-07,25.329998016357425,705.0,19.370844026969944,1,IMERG_Final_V07
23537,24.10864167,93.54198333,2024-09-28,1.0099999904632568,741.0,4.857533338413092,1,IMERG_Final_V07
23538,24.12682222,93.54013889,2024-09-28,1.0099999904632568,765.0,23.11642191920837,1,IMERG_Final_V07
23539,24.12715278,93.53351389,2024-10-07,23.810001373291016,633.0,16.2287367059342,1,IMERG_Final_V07
23540,24.17180556,93.54406667,2024-07-02,26.11999893188477,659.0,27.432940772267944,1,IMERG_Final_V07
23541,24.18291667,93.53441944,2024-07-02,26.11999893188477,785.0,27.078936947526696,1,IMERG_Final_V07
23542,24.18566111,93.53935278,2024-07-02,26.11999893188477,673.0,24.74862531519583,1,IMERG_Final_V07
23543,24.24449722,93.55275833,2024-07-02,26.98999786376953,1018.0,21.419418908984124,1,IMERG_Final_V07
23544,24.24755556,93.54809722,2024-07-02,26.98999786376953,1166.0,29.195082782485805,1,IMERG_Final_V07
23545,24.28840278,93.58591389,2024-08-13,0.0,798.0,23.56723462203258,1,IMERG_Final_V07
23546,24.29982222,93.59040833,2024-08-13,0.0,786.0,26.360054096082703,1,IMERG_Final_V07
23547,24.30768611,93.58120556,2024-08-13,0.0,735.0,9.870926939134982,1,IMERG_Final_V07
23548,24.30711944,93.59375833,2024-08-13,0.0,905.0,24.634322367669885,1,IMERG_Final_V07
23549,24.33915833,93.66233611,2024-08-13,0.0,1042.0,17.03574212804197,1,IMERG_Final_V07
23550,24.33331944,93.65702778,2024-08-13,0.0,1097.0,14.24415761739711,1,IMERG_Final_V07
23551,24.33300556,93.65357222,2024-09-28,1.6600000858306885,1160.0,4.262693045214654,1,IMERG_Final_V07
23552,24.3309,93.66054444,2024-08-13,0.0,1049.0,7.653048720543413,1,IMERG_Final_V07
23553,24.32773611,93.57937222,2024-07-02,26.400001525878903,781.0,23.81059263950923,1,IMERG_Final_V07
23554,24.39255556,93.65468611,2024-08-13,0.0,1561.0,42.24391328764961,1,IMERG_Final_V07
23556,24.49112222,93.62215556,2024-08-13,0.1199999973177909,1216.0,30.25643716352927,1,IMERG_Final_V07
23558,24.48458889,93.58781944,2024-08-13,0.0,817.0,16.723558006484023,1,IMERG_Final_V07
23559,24.492825,93.58643611,2024-09-28,1.1299999952316284,632.0,13.03657849691309,1,IMERG_Final_V07
23560,24.51785556,93.55086944,2024-08-13,0.0,1019.0,13.915808695897177,1,IMERG_Final_V07
23562,24.52308611,93.57206944,2024-09-28,0.9949999451637268,758.0,15.179705807856672,1,IMERG_Final_V07
23564,24.450125,93.35963889,2024-08-08,15.189998626708984,328.0,6.853224835121291,1,IMERG_Final_V07
23565,24.48857222,93.36792222,2024-09-28,0.0399999991059303,268.0,11.976725812374069,1,IMERG_Final_V07
23566,24.54263333,93.39741944,2024-08-18,56.30499267578125,560.0,43.22871003564824,1,IMERG_Final_V07
23567,24.60002222,93.37166389,2024-10-21,0.0199999995529651,863.0,15.179705807856672,1,IMERG_Final_V07
23568,24.60067222,93.37223056,2024-10-21,0.0199999995529651,854.0,21.971970836813973,1,IMERG_Final_V07
23569,24.60372222,93.37223056,2024-07-02,28.529998779296875,815.0,30.01033418769176,1,IMERG_Final_V07
23570,24.66895556,93.33700556,2024-07-02,28.529998779296875,832.0,32.490306531189724,1,IMERG_Final_V07
23572,24.76606111,93.30076667,2024-08-13,0.0,451.0,23.19506859014077,1,IMERG_Final_V07
23573,24.73838889,93.30909722,2024-08-18,63.660003662109375,264.0,27.79130564477921,1,IMERG_Final_V07
23574,24.72074444,93.30899167,2024-07-02,22.71000099182129,372.0,8.582483688827132,1,IMERG_Final_V07
23575,24.716225,93.32551389,2024-08-18,63.660003662109375,116.0,16.527811501531776,1,IMERG_Final_V07
23576,24.70553333,93.33064167,2024-09-28,0.3149999976158142,371.0,24.242444512172103,1,IMERG_Final_V07
23577,24.60719444,93.46784722,2024-08-19,15.185002326965332,1112.0,22.61986494804043,1,IMERG_Final_V07
23578,24.60853333,93.41668333,2024-08-18,46.760009765625,944.0,25.675463214971884,1,IMERG_Final_V07
23580,23.09758333,93.21623333,2024-07-02,12.529998779296877,878.0,31.74467986659196,1,IMERG_Final_V07
23581,23.10851389,93.20975,2024-06-28,3.929999828338623,1106.0,21.419418908984124,1,IMERG_Final_V07
23583,23.101925,93.20426111,2024-07-02,9.979998588562012,1121.0,27.432940772267944,1,IMERG_Final_V07
23584,23.10184722,93.20138889,2024-09-28,0.0,1202.0,19.12710170142385,1,IMERG_Final_V07
23587,23.09759444,93.21089444,2024-07-02,12.529998779296877,924.0,33.64040940514667,1,IMERG_Final_V07
23588,23.09561111,93.20786389,2024-05-28,52.535003662109375,1000.0,22.765646640754472,1,IMERG_Final_V07
23590,23.10100556,93.19393611,2024-07-02,22.61999893188477,1048.0,22.61986494804043,1,IMERG_Final_V07
23595,23.0983,93.17597222,2024-07-02,22.53999900817871,979.0,18.87922133905067,1,IMERG_Final_V07
23596,23.110975,93.21260278,2024-05-28,58.459999084472656,1020.0,29.195082782485805,1,IMERG_Final_V07
23597,23.25986389,93.16155278,2024-10-28,0.0,1215.0,26.360054096082703,1,IMERG_Final_V07
23598,23.25828611,93.15288333,2024-11-28,0.559999942779541,1207.0,32.35640884426763,1,IMERG_Final_V07
23599,23.26126111,93.15070556,2024-11-28,0.559999942779541,1098.0,16.601549599020238,1,IMERG_Final_V07
23601,23.27598056,93.14351667,2024-07-02,21.99499893188477,663.0,6.91817481667161,1,IMERG_Final_V07
23602,23.27663889,93.14375,2024-07-02,21.99499893188477,655.0,9.321835749415005,1,IMERG_Final_V07
23603,23.281075,93.144075,2024-07-02,21.99499893188477,653.0,22.373844274024943,1,IMERG_Final_V07
23604,23.32829167,93.12184167,2024-09-28,0.0,869.0,28.632096976803734,1,IMERG_Final_V07
23605,23.33529167,93.11214167,2024-07-02,33.54999923706055,1144.0,31.46324153737256,1,IMERG_Final_V07
23606,23.41421944,93.10569167,2024-08-13,9.614999771118164,1023.0,26.767512858834905,1,IMERG_Final_V07
23608,23.50882222,93.09170278,2024-07-02,29.24999618530273,685.0,25.376933525152303,1,IMERG_Final_V07
23609,23.54130278,93.10256944,2024-09-12,6.159999847412109,635.0,6.91817481667161,1,IMERG_Final_V07
23610,23.54600556,93.09247222,2024-09-12,3.670000076293945,791.0,23.81059263950923,1,IMERG_Final_V07
23611,23.54286944,93.08539722,2024-09-12,3.670000076293945,916.0,23.3822424378352,1,IMERG_Final_V07
23612,23.56332778,93.10553333,2024-10-22,2.444999933242798,724.0,25.267001648248183,1,IMERG_Final_V07
23613,23.56785,93.10472222,2024-09-12,6.159999847412109,659.0,20.439317573258247,1,IMERG_Final_V07
23614,23.56413333,93.11378889,2024-09-12,6.159999847412109,740.0,17.29444852858009,1,IMERG_Final_V07
23615,23.56233889,93.11890833,2024-09-12,6.159999847412109,816.0,34.21858270764895,1,IMERG_Final_V07
23617,23.56238611,93.12376667,2024-09-12,6.159999847412109,762.0,21.31357434104547,1,IMERG_Final_V07
23618,23.56404167,93.10752222,2024-09-12,6.159999847412109,758.0,1.9091524329963765,1,IMERG_Final_V07
23619,23.56145278,93.10908889,2024-09-12,6.159999847412109,730.0,19.451200005616776,1,IMERG_Final_V07
23620,23.55881111,93.10900556,2024-09-12,6.159999847412109,756.0,7.416536974278209,1,IMERG_Final_V07
23622,23.5356,93.10656944,2024-09-13,11.940000534057615,687.0,29.08619467351647,1,IMERG_Final_V07
23623,23.34297778,93.057775,2024-09-13,9.460000038146973,875.0,26.437229357181263,1,IMERG_Final_V07
23624,23.35406111,93.04156111,2024-09-28,0.0,516.0,11.348119585994183,1,IMERG_Final_V07
23625,23.35958611,93.04477222,2024-09-28,0.0,595.0,30.25643716352927,1,IMERG_Final_V07
23626,23.36556111,93.05125278,2024-07-09,6.840000152587891,696.0,22.07341542334565,1,IMERG_Final_V07
23627,23.36966389,93.04609444,2024-07-09,6.840000152587891,568.0,38.51968181497392,1,IMERG_Final_V07
23629,23.03821667,93.12529444,2024-09-17,0.0,435.0,31.119058788415003,1,IMERG_Final_V07
23630,23.54294167,93.23821667,2024-09-24,1.690000057220459,1546.0,24.16881343581011,1,IMERG_Final_V07
23632,24.55205833,93.25569167,2024-07-09,5.764999866485596,235.0,5.128711509483252,1,IMERG_Final_V07
23637,24.599425,93.30004722,2024-08-24,15.639999389648438,520.0,24.38870074689113,1,IMERG_Final_V07
23638,24.60921944,93.30050278,2024-09-24,7.454999923706055,720.0,39.09643971967424,1,IMERG_Final_V07
23640,24.64528611,93.28593611,2024-09-24,6.319998741149902,570.0,26.880307851328983,1,IMERG_Final_V07
23641,24.02205833,93.29369167,2024-09-24,10.529999732971191,1201.0,27.432940772267944,1,IMERG_Final_V07
23642,23.01689167,93.283175,2024-09-24,6.079998970031738,885.0,29.927479327463576,1,IMERG_Final_V07
23643,24.02782222,93.28944444,2024-07-02,20.454998016357425,816.0,28.280269845499703,1,IMERG_Final_V07
23644,24.04014167,93.2915,2024-07-02,20.454998016357425,666.0,20.99158237694124,1,IMERG_Final_V07
23645,24.03980278,93.29373889,2024-07-02,20.454998016357425,749.0,25.526884054256257,1,IMERG_Final_V07
23646,24.05823611,93.28901944,2024-07-02,20.454998016357425,585.0,28.632096976803734,1,IMERG_Final_V07
23647,24.09210556,93.29866667,2024-09-24,10.529999732971191,923.0,16.527811501531776,1,IMERG_Final_V07
23648,24.12428889,93.318525,2024-07-02,25.380001068115234,606.0,11.309932474020217,1,IMERG_Final_V07
23652,24.297775,93.34159722,2024-09-24,8.749999046325684,562.0,24.74862531519583,1,IMERG_Final_V07
23654,24.35137778,93.34095556,2024-09-24,8.005000114440918,315.0,11.386165083355712,1,IMERG_Final_V07
23657,23.631219,93.118033,2024-08-15,35.13999938964844,670.0,8.104435709194412,1,IMERG_Final_V07
23660,23.62418333,93.14208611,2024-08-15,35.13999938964844,1381.0,26.113233272206745,1,IMERG_Final_V07
23662,23.56672222,93.13764444,2024-07-09,12.264999389648438,1140.0,26.360054096082703,1,IMERG_Final_V07
23665,24.57467222,93.14389722,2024-07-09,26.185001373291016,584.0,25.915703593185818,1,IMERG_Final_V07
23668,24.56917222,93.14073611,2024-07-02,62.405006408691406,355.0,25.635076100950123,1,IMERG_Final_V07
23669,24.5606,93.13071389,2024-07-07,14.59000015258789,464.0,30.747804873668915,1,IMERG_Final_V07
23670,24.55987778,93.12541667,2024-07-07,14.59000015258789,334.0,22.684823831912844,1,IMERG_Final_V07
23671,24.08927222,93.12408611,2024-09-28,1.9749999046325684,983.0,19.68967329725292,1,IMERG_Final_V07
23672,24.10641389,93.12339944,2024-09-28,0.1149999946355819,973.0,26.32132942828673,1,IMERG_Final_V07
23673,24.10710778,93.11535444,2024-07-07,27.029998779296875,1001.0,36.51283284150458,1,IMERG_Final_V07
23674,24.10015917,93.10461389,2024-09-24,17.26500129699707,464.0,29.927479327463576,1,IMERG_Final_V07
23675,24.11104722,93.10374167,2024-09-24,17.26500129699707,584.0,24.16881343581011,1,IMERG_Final_V07
23676,24.10506389,93.09593611,2024-09-24,16.580001831054688,319.0,20.439317573258247,1,IMERG_Final_V07
23677,24.10743611,93.09532222,2024-09-24,16.580001831054688,421.0,40.12351235567568,1,IMERG_Final_V07
23678,24.10687222,93.08849722,2024-09-24,16.580001831054688,216.0,30.58895816397544,1,IMERG_Final_V07
23679,23.24231111,93.17726667,2024-07-17,12.869998931884766,647.0,15.042369244334246,1,IMERG_Final_V07
23680,23.24500833,93.17587222,2024-09-24,3.414999961853028,559.0,6.721369339369457,1,IMERG_Final_V07
23681,23.24454722,93.17027222,2024-07-19,0.4200000166893005,861.0,31.311156133255537,1,IMERG_Final_V07
23682,23.20960722,93.13104722,2024-07-02,21.99499893188477,911.0,16.453666886955713,1,IMERG_Final_V07
23683,23.21068583,93.1212325,2024-07-02,21.99499893188477,1126.0,18.434948822922014,1,IMERG_Final_V07
23684,23.49216111,93.23695,2024-07-17,22.764997482299805,1309.0,25.03089023333195,1,IMERG_Final_V07
23686,24.15364444,93.02183611,2024-06-07,6.0500006675720215,306.0,29.538782259558097,1,IMERG_Final_V07
23687,24.15817222,93.02488611,2024-09-28,0.0399999991059303,570.0,22.22435314380804,1,IMERG_Final_V07
23688,24.23419444,93.02469167,2024-09-28,0.0,80.0,25.363232718381973,1,IMERG_Final_V07
23689,24.32836667,93.00923056,2024-09-28,0.0,430.0,42.97485685199572,1,IMERG_Final_V07
23691,24.40520278,93.06672222,2024-07-09,13.085000038146973,349.0,30.61885839795703,1,IMERG_Final_V07
23692,24.4259,93.13580556,2024-05-28,127.02999877929688,524.0,9.870926939134982,1,IMERG_Final_V07
23699,24.65409167,93.204625,2024-07-17,4.509999752044678,134.0,21.80140948635181,1,IMERG_Final_V07
23700,24.65018056,93.20256667,2024-07-17,4.509999752044678,230.0,20.155422119735228,1,IMERG_Final_V07
23701,24.6273,93.20404444,2024-07-17,4.509999752044678,184.0,13.326469949385988,1,IMERG_Final_V07
23703,24.58605,93.21056389,2024-09-24,8.424999237060547,72.0,25.15631913369421,1,IMERG_Final_V07
23704,24.577475,93.19105,2024-10-22,3.839999675750733,129.0,12.04828213833979,1,IMERG_Final_V07
23705,24.56062778,93.18938889,2024-07-07,14.59000015258789,110.0,14.03624346792648,1,IMERG_Final_V07
23706,24.5716,93.17273056,2024-06-12,9.56999969482422,208.0,30.17480904438851,1,IMERG_Final_V07
23707,24.56925833,93.177275,2024-05-28,104.47999572753906,184.0,13.326469949385988,1,IMERG_Final_V07
23708,24.57296389,93.17700556,2024-07-07,14.59000015258789,301.0,27.505240762859906,1,IMERG_Final_V07
23709,24.5768,93.106075,2024-06-12,9.56999969482422,119.0,17.456590925928477,1,IMERG_Final_V07
23710,24.526075,93.05379167,2024-05-28,102.14500427246094,107.0,25.5133092609215,1,IMERG_Final_V07
23711,24.458325,93.09439167,2024-09-24,9.825000762939451,443.0,16.228736705934203,1,IMERG_Final_V07
23714,23.6868033,92.7251987,2025-05-29,40.16999435424805,856.0,42.05058435733241,1,IMERG_Final_V07
23715,23.7002691,92.7181685,2025-05-13,0.0,1038.0,36.815480279408405,1,IMERG_Final_V07
23716,23.74247,92.705587,2025-05-31,101.49000549316406,938.0,34.846405699136405,1,IMERG_Final_V07
23717,23.729422,92.716596,2024-05-28,71.20498657226562,1052.0,37.16592466590954,1,IMERG_Final_V07
23719,23.71577,92.713172,2025-05-31,101.49000549316406,956.0,46.10947465489339,1,IMERG_Final_V07
23721,23.75024,92.736662,2025-06-01,88.864990234375,1095.0,20.82800310374709,1,IMERG_Final_V07
23722,23.758901,92.730863,2025-05-30,110.38497924804688,1068.0,22.668609279892426,1,IMERG_Final_V07
23723,23.755925,92.726753,2025-05-24,6.819999694824219,1006.0,41.95297820065328,1,IMERG_Final_V07
23724,23.745802,92.717053,2025-06-01,88.864990234375,919.0,20.43931757325825,1,IMERG_Final_V07
23725,23.605091,92.72184,2024-05-28,66.74999237060547,799.0,37.99705220207771,1,IMERG_Final_V07
23726,23.581766,92.713413,2024-05-28,65.04499053955078,853.0,34.162480159648744,1,IMERG_Final_V07
23727,23.469247,92.744068,2025-06-01,114.67499542236328,1365.0,13.640311227766055,1,IMERG_Final_V07
23728,23.410771,92.753123,2024-05-28,84.40999603271484,1132.0,30.85613335195628,1,IMERG_Final_V07
23729,23.367366,92.767304,2025-06-01,124.72500610351562,1144.0,50.56149197967409,1,IMERG_Final_V07
23730,23.353485,92.780193,2025-05-31,49.80999755859375,884.0,45.0159066580947,1,IMERG_Final_V07
23731,23.350187,92.778852,2025-05-30,172.31500244140625,837.0,29.54940859650111,1,IMERG_Final_V07
23732,23.341022,92.776761,2025-05-30,172.31500244140625,744.0,29.58124669955053,1,IMERG_Final_V07
23733,23.339144,92.786128,2025-05-30,172.31500244140625,682.0,23.397741000263863,1,IMERG_Final_V07
23734,23.336229,92.787113,2025-05-30,172.31500244140625,676.0,41.93828247167183,1,IMERG_Final_V07
23735,23.313871,92.792739,2025-06-01,124.72500610351562,596.0,18.520635899770767,1,IMERG_Final_V07
23736,23.315355,92.790619,2025-05-31,49.80999755859375,617.0,32.53469816945699,1,IMERG_Final_V07
23737,23.316491,92.788798,2025-05-31,49.80999755859375,641.0,30.25643716352927,1,IMERG_Final_V07
23738,23.239637,92.748175,2025-05-30,148.8149871826172,756.0,11.499465999742789,1,IMERG_Final_V07
23739,23.239077,92.745631,2025-05-31,56.775001525878906,756.0,18.96231828867539,1,IMERG_Final_V07
23740,23.239137,92.744468,2025-06-01,130.1000213623047,764.0,12.04828213833979,1,IMERG_Final_V07
23741,23.239797,92.744214,2025-05-31,56.775001525878906,779.0,12.772578169490426,1,IMERG_Final_V07
23742,23.238785,92.744224,2025-05-31,56.775001525878906,771.0,17.29444852858009,1,IMERG_Final_V07
23743,23.235716,92.744499,2025-05-31,56.775001525878906,764.0,6.654425046006596,1,IMERG_Final_V07
23744,23.214239,92.740856,2025-05-31,56.775001525878906,842.0,16.72355800648402,1,IMERG_Final_V07
23745,23.203253,92.735838,2025-05-31,56.775001525878906,708.0,16.453666886955713,1,IMERG_Final_V07
23746,23.200475,92.735007,2025-06-01,130.1000213623047,749.0,15.42324502154344,1,IMERG_Final_V07
23747,23.195661,92.73562,2025-06-01,124.0999755859375,750.0,22.07341542334565,1,IMERG_Final_V07
23748,23.194007,92.734654,2025-05-30,176.64999389648438,778.0,30.01033418769176,1,IMERG_Final_V07
23749,23.193468,92.734849,2025-05-30,176.64999389648438,793.0,26.00818191569552,1,IMERG_Final_V07
23750,23.183856,92.735346,2025-05-30,176.64999389648438,835.0,17.93200256558677,1,IMERG_Final_V07
23752,23.181806,92.736868,2025-05-30,176.64999389648438,812.0,26.269553396535294,1,IMERG_Final_V07
23753,23.18077,92.735789,2025-05-31,50.269996643066406,817.0,29.83376877992044,1,IMERG_Final_V07
23754,23.173606,92.739793,2025-05-31,50.269996643066406,787.0,17.93200256558677,1,IMERG_Final_V07
23755,23.150939,92.748258,2025-05-31,50.269996643066406,881.0,24.74862531519583,1,IMERG_Final_V07
23756,23.140846,92.751229,2025-05-31,50.269996643066406,861.0,34.56687621562631,1,IMERG_Final_V07
23757,23.1351,92.748694,2025-05-31,50.269996643066406,921.0,35.63524161504921,1,IMERG_Final_V07
23758,23.134009,92.746247,2025-05-31,50.269996643066406,795.0,17.775317038209,1,IMERG_Final_V07
23759,23.132082,92.746268,2025-05-31,50.269996643066406,858.0,18.43494882292201,1,IMERG_Final_V07
23760,23.114694,92.743931,2025-06-01,124.0999755859375,835.0,33.02386755579665,1,IMERG_Final_V07
23761,23.114225,92.746024,2025-05-31,50.269996643066406,802.0,31.244175851188185,1,IMERG_Final_V07
23762,23.111824,92.745097,2025-05-31,50.269996643066406,835.0,15.896959679954522,1,IMERG_Final_V07
23763,23.015005,92.765065,2025-05-30,191.42501831054688,959.0,25.253207609369632,1,IMERG_Final_V07
23764,23.022804,92.755698,2025-05-31,48.28499603271485,852.0,20.846265656650555,1,IMERG_Final_V07
23765,22.973735,92.725975,2025-05-30,237.385009765625,545.0,7.2338446967252255,1,IMERG_Final_V07
23767,22.519716,92.891037,2025-05-31,14.544998168945312,888.0,15.845167180271268,1,IMERG_Final_V07
23769,22.404215,92.951647,2025-05-31,12.329999923706056,198.0,31.01244544880732,1,IMERG_Final_V07
23771,22.491822,92.970252,2025-05-31,12.329999923706056,967.0,21.419418908984124,1,IMERG_Final_V07
23772,22.491,92.97076,2025-05-31,12.329999923706056,984.0,35.02251023762291,1,IMERG_Final_V07
23773,22.469737,93.100868,2025-06-01,69.16999816894531,1116.0,10.43076019506472,1,IMERG_Final_V07
23774,22.437107,92.946912,2025-05-31,12.329999923706056,344.0,24.475819581509896,1,IMERG_Final_V07
23775,22.54735,92.882032,2025-05-31,14.544998168945312,822.0,35.62790729142092,1,IMERG_Final_V07
23784,22.866131,92.772713,2025-06-01,100.33499145507812,1098.0,21.611596098722195,1,IMERG_Final_V07
23785,22.903567,92.758702,2025-06-01,127.95999145507812,1199.0,36.699225200489884,1,IMERG_Final_V07
23786,22.903454,92.760096,2025-06-01,127.95999145507812,1160.0,28.4627941894252,1,IMERG_Final_V07
23787,22.904615,92.75705,2025-06-01,127.95999145507812,1159.0,24.805474401698422,1,IMERG_Final_V07
23788,22.922528,92.752404,2025-06-01,127.95999145507812,1126.0,15.36952380130432,1,IMERG_Final_V07
23789,22.895235,92.747812,2025-06-02,3.510000228881836,1010.0,22.8781056322946,1,IMERG_Final_V07
23793,22.967715,92.925677,2025-05-31,33.26499938964844,773.0,20.80971857959822,1,IMERG_Final_V07
23794,22.971217,92.925544,2025-05-31,33.26499938964844,728.0,31.215386668546028,1,IMERG_Final_V07
23795,22.969582,92.925917,2025-05-31,33.26499938964844,758.0,26.437229357181263,1,IMERG_Final_V07
23796,23.077813,92.89844,2025-05-31,41.09000015258789,712.0,20.001783914715944,1,IMERG_Final_V07
23797,23.081023,92.897247,2025-05-31,41.09000015258789,749.0,37.410672491183874,1,IMERG_Final_V07
23798,23.084343,92.898597,2025-05-31,41.09000015258789,767.0,28.553305000609424,1,IMERG_Final_V07
23799,23.170678,92.899334,2025-06-01,123.77499389648438,869.0,4.262693045214654,1,IMERG_Final_V07
23800,23.180345,92.900082,2025-06-01,127.09001159667967,791.0,32.34744349944203,1,IMERG_Final_V07
23801,23.187383,92.89826,2025-06-01,123.77499389648438,885.0,27.33604368814356,1,IMERG_Final_V07
23802,23.187762,92.898034,2025-06-01,123.77499389648438,866.0,31.809663934881115,1,IMERG_Final_V07
23803,23.188273,92.898879,2025-05-31,54.70500183105469,827.0,22.29097037475897,1,IMERG_Final_V07
23804,23.193401,92.900218,2025-05-29,45.05999755859375,830.0,20.607120971804857,1,IMERG_Final_V07
23805,23.198119,92.899566,2025-05-31,54.70500183105469,904.0,14.15548761586253,1,IMERG_Final_V07
23808,23.32201,92.85822,2025-05-31,45.29999542236328,1038.0,17.66231893216494,1,IMERG_Final_V07
23809,23.322039,92.859147,2025-05-31,45.29999542236328,1006.0,24.634322367669885,1,IMERG_Final_V07
23810,23.319156,92.857722,2025-05-31,45.29999542236328,1038.0,19.787913812706314,1,IMERG_Final_V07
23811,23.317543,92.858683,2025-05-31,45.29999542236328,1030.0,24.862123938667224,1,IMERG_Final_V07
23812,23.318568,92.852294,2025-05-31,45.29999542236328,810.0,12.260147486012336,1,IMERG_Final_V07
23813,23.323423,92.860926,2025-05-31,45.29999542236328,989.0,11.348119585994183,1,IMERG_Final_V07
23814,23.319412,92.855415,2025-05-31,45.29999542236328,950.0,23.75010057347409,1,IMERG_Final_V07
23815,23.319184,92.856725,2025-05-31,45.29999542236328,1024.0,27.432940772267944,1,IMERG_Final_V07
23816,23.309286,92.850807,2025-05-31,45.29999542236328,972.0,22.40687120493745,1,IMERG_Final_V07
23817,23.10112,92.852784,2025-05-31,54.70500183105469,772.0,18.305448954250743,1,IMERG_Final_V07
23818,23.309914,92.853522,2025-05-31,45.29999542236328,969.0,29.421439641486938,1,IMERG_Final_V07
23819,23.315273,92.856524,2025-05-31,45.29999542236328,971.0,33.16099672886019,1,IMERG_Final_V07
23820,23.311529,92.85443,2025-05-31,45.29999542236328,958.0,33.16099672886019,1,IMERG_Final_V07
23821,23.31637,92.854172,2025-05-31,45.29999542236328,895.0,21.04572088407584,1,IMERG_Final_V07
23822,23.310074,92.858498,2025-05-31,45.29999542236328,999.0,31.39687644298045,1,IMERG_Final_V07
23823,23.309295,92.860017,2025-05-31,45.29999542236328,997.0,18.64821573021375,1,IMERG_Final_V07
23824,23.308629,92.860039,2025-05-31,45.29999542236328,993.0,16.723558006484023,1,IMERG_Final_V07
23825,23.308778,92.858357,2025-05-31,45.29999542236328,960.0,21.04572088407583,1,IMERG_Final_V07
23826,23.300837,92.855693,2025-05-31,45.29999542236328,937.0,37.61935164481234,1,IMERG_Final_V07
23827,23.300787,92.853572,2025-05-31,45.29999542236328,997.0,32.754877470959904,1,IMERG_Final_V07
23828,23.305323,92.852358,2025-05-31,45.29999542236328,1070.0,28.176705590951745,1,IMERG_Final_V07
23830,23.304746,92.862109,2025-06-08,25.849998474121094,1005.0,33.423467333412106,1,IMERG_Final_V07
23831,23.298928,92.857435,2025-05-31,50.07499694824219,941.0,20.307500221928045,1,IMERG_Final_V07
23832,23.310846,92.858915,2025-05-31,45.29999542236328,1053.0,30.61885839795703,1,IMERG_Final_V07
23833,23.311335,92.858026,2025-05-31,45.29999542236328,1056.0,23.93089341141916,1,IMERG_Final_V07
23834,23.307089,92.854209,2025-05-31,45.29999542236328,1006.0,19.82702865340817,1,IMERG_Final_V07
23835,23.3057,92.852802,2025-05-31,45.29999542236328,1023.0,31.205779114725832,1,IMERG_Final_V07
23836,23.307093,92.856289,2025-06-01,127.99000549316406,981.0,19.31028740874557,1,IMERG_Final_V07
23837,23.307524,92.857678,2025-06-01,127.99000549316406,960.0,29.118936488427924,1,IMERG_Final_V07
23838,23.305939,92.857538,2025-06-01,127.99000549316406,922.0,26.880307851328983,1,IMERG_Final_V07
23839,23.303906,92.853173,2025-06-01,127.99000549316406,1037.0,37.410672491183874,1,IMERG_Final_V07
23840,23.301381,92.853078,2025-05-31,45.29999542236328,980.0,25.15631913369421,1,IMERG_Final_V07
23841,23.299628,92.855609,2025-05-31,50.07499694824219,950.0,24.748625315195834,1,IMERG_Final_V07
23842,23.298137,92.857412,2025-05-29,47.72000503540039,929.0,22.98976777360885,1,IMERG_Final_V07
23843,23.293453,92.858089,2025-05-30,209.030029296875,892.0,23.397741000263863,1,IMERG_Final_V07
23845,23.298166,92.858694,2025-05-31,50.07499694824219,907.0,21.95499883223757,1,IMERG_Final_V07
23846,23.346456,92.851511,2025-06-01,127.99000549316406,906.0,28.30319610038818,1,IMERG_Final_V07
23847,23.3466,92.854847,2025-06-01,127.99000549316406,897.0,16.453666886955713,1,IMERG_Final_V07
23849,23.301587,92.868485,2025-05-31,45.29999542236328,864.0,24.46133251877165,1,IMERG_Final_V07
23850,23.313996,92.863984,2025-05-31,45.29999542236328,916.0,18.64821573021375,1,IMERG_Final_V07
23852,23.3228,92.862406,2025-05-31,45.29999542236328,946.0,19.451200005616776,1,IMERG_Final_V07
23860,23.243855,92.905242,2025-05-31,52.55500030517578,745.0,35.27189058250504,1,IMERG_Final_V07
23861,23.286735,92.85703,2025-05-31,50.07499694824219,882.0,34.35403406736099,1,IMERG_Final_V07
23862,23.284565,92.857096,2025-05-31,50.07499694824219,830.0,30.58895816397544,1,IMERG_Final_V07
23863,23.281443,92.840145,2025-06-01,124.50001525878906,662.0,42.03111377419729,1,IMERG_Final_V07
23864,23.280947,92.8367,2025-06-01,124.50001525878906,621.0,38.37211908620569,1,IMERG_Final_V07
23865,23.288276,92.830821,2025-05-31,50.07499694824219,550.0,25.526884054256257,1,IMERG_Final_V07
23866,23.293863,92.741368,2025-06-01,130.1000213623047,771.0,26.334247846853145,1,IMERG_Final_V07
23867,23.295774,92.740012,2025-06-01,130.1000213623047,745.0,24.691575152551952,1,IMERG_Final_V07
23868,23.30265,92.742945,2025-06-01,124.72500610351562,698.0,25.15631913369421,1,IMERG_Final_V07
23869,23.307135,92.707624,2025-05-31,49.80999755859375,458.0,34.35403406736099,1,IMERG_Final_V07
23870,23.306409,92.706083,2025-05-31,49.80999755859375,415.0,25.363232718381973,1,IMERG_Final_V07
23871,23.306012,92.704212,2025-05-31,49.80999755859375,433.0,27.90904811068605,1,IMERG_Final_V07
23872,23.300291,92.69577,2025-06-01,129.9099884033203,358.0,27.17735741799749,1,IMERG_Final_V07
23873,23.299806,92.694901,2025-06-01,136.86500549316406,347.0,24.2864614630402,1,IMERG_Final_V07
23874,23.299312,92.692614,2025-06-01,136.86500549316406,418.0,17.083143246452856,1,IMERG_Final_V07
23875,23.297521,92.689449,2025-06-01,136.86500549316406,311.0,28.037600489728423,1,IMERG_Final_V07
23876,23.30374,92.672816,2025-06-01,129.9099884033203,553.0,10.759583898850556,1,IMERG_Final_V07
23877,23.304123,92.671521,2025-06-01,129.9099884033203,574.0,31.39687644298045,1,IMERG_Final_V07
23878,23.306105,92.671296,2025-06-01,129.9099884033203,517.0,26.767512858834905,1,IMERG_Final_V07
23879,23.306338,92.666573,2025-06-01,129.9099884033203,686.0,28.222814437179903,1,IMERG_Final_V07
23880,23.32044,92.643229,2025-06-01,129.9099884033203,718.0,12.04828213833979,1,IMERG_Final_V07
23881,23.301901,92.649401,2025-06-01,129.9099884033203,725.0,22.40687120493745,1,IMERG_Final_V07
23882,23.246611,92.655112,2025-06-01,136.86500549316406,405.0,20.846265656650555,1,IMERG_Final_V07
23883,23.2388,92.636923,2025-06-01,136.86500549316406,793.0,23.397741000263863,1,IMERG_Final_V07
23884,23.234538,92.637234,2025-06-01,136.86500549316406,817.0,21.242603631151898,1,IMERG_Final_V07
23885,23.206413,92.632701,2025-06-01,136.86500549316406,549.0,18.94158858012096,1,IMERG_Final_V07
23886,23.197283,92.632661,2025-06-01,120.69500732421876,591.0,22.684823831912844,1,IMERG_Final_V07
23887,23.174558,92.612556,2025-06-01,120.69500732421876,771.0,3.931095784160226,1,IMERG_Final_V07
23888,23.1739,92.611378,2025-06-01,120.69500732421876,785.0,12.53638838286113,1,IMERG_Final_V07
23889,23.173258,92.611929,2025-06-01,120.69500732421876,793.0,16.796238729882134,1,IMERG_Final_V07
23890,23.17252,92.611434,2025-06-01,120.69500732421876,806.0,19.61060912917093,1,IMERG_Final_V07
23891,23.172659,92.611828,2025-06-01,120.69500732421876,800.0,17.66231893216494,1,IMERG_Final_V07
23892,23.198272,92.589291,2025-06-01,114.5899887084961,704.0,4.857533338413092,1,IMERG_Final_V07
23893,23.198961,92.590043,2025-06-01,114.5899887084961,687.0,21.18915910142139,1,IMERG_Final_V07
23894,23.199095,92.586671,2025-06-01,114.5899887084961,719.0,7.825525624597575,1,IMERG_Final_V07
23895,23.199415,92.585883,2025-06-01,114.5899887084961,709.0,16.91651608571675,1,IMERG_Final_V07
23896,23.200105,92.584517,2025-06-01,135.75999450683594,705.0,15.81919394750014,1,IMERG_Final_V07
23897,23.200655,92.5813,2025-06-01,135.75999450683594,737.0,23.75010057347409,1,IMERG_Final_V07
23898,23.201843,92.579666,2025-06-01,135.75999450683594,728.0,17.752790161946685,1,IMERG_Final_V07
23899,23.202247,92.57903,2025-06-01,135.75999450683594,736.0,24.15404655313558,1,IMERG_Final_V07
23900,23.203107,92.577972,2025-06-01,135.75999450683594,749.0,19.82702865340817,1,IMERG_Final_V07
23901,23.203903,92.576807,2025-06-01,135.75999450683594,756.0,21.938008256074177,1,IMERG_Final_V07
23902,23.204282,92.576174,2025-06-01,135.75999450683594,770.0,26.113233272206745,1,IMERG_Final_V07
23903,23.204481,92.575792,2025-06-01,135.75999450683594,768.0,28.485468456722128,1,IMERG_Final_V07
23904,23.205193,92.574684,2025-06-01,135.75999450683594,774.0,37.00513608621634,1,IMERG_Final_V07
23905,23.214589,92.572672,2025-06-01,135.75999450683594,818.0,18.370345512861498,1,IMERG_Final_V07
23906,23.212919,92.558022,2025-06-01,135.75999450683594,863.0,13.824682316158707,1,IMERG_Final_V07
23907,23.207082,92.509726,2025-06-01,135.75999450683594,735.0,9.64622531297678,1,IMERG_Final_V07
23908,23.195616,92.546251,2025-06-01,114.5899887084961,579.0,15.609525869125669,1,IMERG_Final_V07
23909,23.19796,92.543304,2025-06-01,114.5899887084961,580.0,33.02386755579665,1,IMERG_Final_V07
23910,23.190022,92.554302,2025-06-01,114.5899887084961,631.0,17.5484006137923,1,IMERG_Final_V07
23911,23.21035,92.539589,2025-06-01,135.75999450683594,689.0,28.08409936669116,1,IMERG_Final_V07
23912,23.208921,92.541174,2025-06-01,135.75999450683594,669.0,21.680889149080844,1,IMERG_Final_V07
23913,23.208823,92.53749,2025-06-01,135.75999450683594,726.0,11.386165083355712,1,IMERG_Final_V07
23914,23.206239,92.491221,2025-06-01,128.25,645.0,20.07880037349212,1,IMERG_Final_V07
23915,23.20549,92.543278,2025-06-01,135.75999450683594,651.0,23.021526638116164,1,IMERG_Final_V07
23916,23.219631,92.563324,2025-06-01,135.75999450683594,922.0,25.8493248967401,1,IMERG_Final_V07
23917,23.204981,92.534603,2025-06-01,135.75999450683594,776.0,6.379370208442804,1,IMERG_Final_V07
23918,23.206253,92.533605,2025-06-01,135.75999450683594,791.0,14.506372352544124,1,IMERG_Final_V07
23919,23.209857,92.500587,2025-06-01,135.75999450683594,611.0,22.22435314380804,1,IMERG_Final_V07
23921,23.199961,92.488796,2025-06-01,121.27499389648438,725.0,13.421509132977462,1,IMERG_Final_V07
23922,23.17824,92.491031,2025-06-01,121.27499389648438,762.0,17.775317038209,1,IMERG_Final_V07
23923,23.180969,92.488193,2025-06-01,121.27499389648438,773.0,14.959246786437893,1,IMERG_Final_V07
23924,23.180354,92.486971,2025-06-01,121.27499389648438,744.0,8.735690934280582,1,IMERG_Final_V07
23925,23.182466,92.487731,2025-06-01,121.27499389648438,785.0,8.47871314708616,1,IMERG_Final_V07
23926,23.204706,92.533825,2025-06-01,135.75999450683594,775.0,11.386165083355712,1,IMERG_Final_V07
23927,23.251004,92.63667,2025-06-01,136.86500549316406,749.0,8.935631425418535,1,IMERG_Final_V07
23928,23.234898,92.911307,2025-06-01,118.3699951171875,670.0,9.73677691573277,1,IMERG_Final_V07
23929,23.225619,92.924909,2025-06-01,118.3699951171875,451.0,33.16099672886019,1,IMERG_Final_V07
23930,23.223807,92.944448,2025-06-01,118.3699951171875,485.0,8.47871314708616,1,IMERG_Final_V07
23931,23.21795,92.998007,2025-06-01,118.3699951171875,1110.0,31.12871688801731,1,IMERG_Final_V07
23932,23.217324,92.99812,2025-06-01,118.3699951171875,1082.0,18.130932944052347,1,IMERG_Final_V07
23933,23.19917,93.000199,2025-06-01,117.60499572753906,768.0,37.4041069193059,1,IMERG_Final_V07
23934,23.1915,93.011024,2025-05-31,37.77999877929688,875.0,40.41337530810542,1,IMERG_Final_V07
23935,23.183361,93.066742,2025-05-31,37.77999877929688,1033.0,30.85613335195628,1,IMERG_Final_V07
23936,23.241722,93.098254,2025-05-30,152.11500549316406,1162.0,27.90904811068605,1,IMERG_Final_V07
23937,23.229765,93.127521,2025-05-31,35.17499923706055,1009.0,28.257311688503773,1,IMERG_Final_V07
23938,23.2066,93.148665,2025-06-01,101.42498779296876,830.0,31.311156133255537,1,IMERG_Final_V07
23939,23.197704,93.163019,2025-05-31,30.39499855041504,546.0,31.39687644298045,1,IMERG_Final_V07
23940,23.198136,93.166988,2025-06-01,103.0850067138672,663.0,28.222814437179903,1,IMERG_Final_V07
23941,23.177311,93.198157,2025-06-01,103.0850067138672,1149.0,14.506372352544124,1,IMERG_Final_V07
23942,23.148209,93.321183,2025-05-31,16.264999389648438,1606.0,30.297100641022165,1,IMERG_Final_V07
23943,23.14788,93.323791,2025-06-01,80.59500122070312,1548.0,21.33126583595921,1,IMERG_Final_V07
23949,23.527592,92.984969,2025-05-31,38.2300033569336,1342.0,27.017123217850244,1,IMERG_Final_V07
23951,23.760466,92.848969,2025-05-31,84.12999725341797,829.0,15.179705807856672,1,IMERG_Final_V07
23952,23.807952,92.834037,2025-06-01,83.02499389648438,534.0,39.8055710922652,1,IMERG_Final_V07
23953,24.285871,92.94599,2025-06-14,28.11000061035156,904.0,23.75010057347409,1,IMERG_Final_V07
23954,24.288014,92.946017,2025-06-14,28.11000061035156,923.0,27.360321545332805,1,IMERG_Final_V07
23955,24.354658,92.925511,2025-05-29,31.029998779296875,689.0,13.915808695897177,1,IMERG_Final_V07
23956,24.365715,92.930137,2025-06-01,38.60500717163086,610.0,34.41738871044157,1,IMERG_Final_V07
23957,23.747519,92.853155,2025-06-15,72.48999786376953,808.0,30.37812888097552,1,IMERG_Final_V07
23963,24.80375556,92.733375,2018-04-28,2.6549999713897705,18.0,0.9548412538721888,1,IMERG_Final_V07
23964,22.87355833,92.75595278,2019-07-02,0.0499999970197677,1075.0,21.869859308909422,1,IMERG_Final_V07
23966,24.73197222,92.75988889,2020-02-02,0.0,19.0,0.9548412538721888,1,IMERG_Final_V07
23971,23.74150833,92.70785833,2023-06-04,0.0,888.0,37.14591448999934,1,IMERG_Final_V07
23979,23.60830556,92.85058333,2016-09-17,5.925000190734863,1111.0,32.167104228386144,1,IMERG_Final_V07
23985,23.47,92.7215,2024-05-25,16.789995193481445,1096.0,22.373844274024943,1,IMERG_Final_V07
23986,23.4688,92.7208,2025-01-02,0.0,1136.0,25.23940182067892,1,IMERG_Final_V07
23992,23.4807,92.7025,2025-09-13,18.625,997.0,25.34952033151192,1,IMERG_Final_V07
23993,23.4855,92.7033,2024-07-02,39.55999755859375,978.0,13.326469949385988,1,IMERG_Final_V07
23995,23.4946,92.7044,2024-08-25,10.745000839233398,929.0,43.53560155636589,1,IMERG_Final_V07
23999,23.239287,92.74818,2025-06-02,2.419999837875366,748.0,11.038532615965034,1,IMERG_Final_V07
24000,23.237356,92.744978,2025-06-05,0.0,774.0,7.2338446967252255,1,IMERG_Final_V07
24002,23.230114,92.740067,2025-06-02,2.419999837875366,781.0,15.36952380130432,1,IMERG_Final_V07
24003,23.229731,92.73968,2025-05-24,0.5449999570846558,786.0,16.2287367059342,1,IMERG_Final_V07
24004,23.226843,92.740266,2025-06-02,2.419999837875366,757.0,16.2287367059342,1,IMERG_Final_V07
24005,23.225357,92.74039,2025-06-06,0.4300000071525574,756.0,10.21937711459359,1,IMERG_Final_V07
24007,23.204595,92.73861,2025-06-03,57.28499221801758,795.0,33.56563872420532,1,IMERG_Final_V07
24014,23.201335,92.734857,2025-06-02,2.419999837875366,774.0,24.38870074689113,1,IMERG_Final_V07
24015,23.201614,92.734453,2025-06-02,2.419999837875366,763.0,27.029504599267472,1,IMERG_Final_V07
24016,23.201759,92.734328,2025-06-02,2.419999837875366,763.0,27.029504599267472,1,IMERG_Final_V07
24018,23.199924,92.73481,2025-06-02,2.125,752.0,20.001783914715944,1,IMERG_Final_V07
24020,23.197825,92.73502,2025-06-15,30.549999237060547,741.0,12.260147486012336,1,IMERG_Final_V07
24023,23.193237,92.734819,2025-06-02,2.125,793.0,26.00818191569552,1,IMERG_Final_V07
24024,23.191775,92.734778,2025-06-06,0.0,785.0,17.752790161946685,1,IMERG_Final_V07
24025,23.191747,92.73459,2025-06-02,2.125,785.0,17.752790161946685,1,IMERG_Final_V07
24028,23.188245,92.734327,2025-06-02,2.125,812.0,26.32132942828673,1,IMERG_Final_V07
24030,23.18675,92.735178,2025-06-02,2.125,850.0,26.577778623734844,1,IMERG_Final_V07
24031,23.186501,92.735632,2025-09-13,17.579999923706055,838.0,31.215386668546028,1,IMERG_Final_V07
24032,23.186296,92.7356,2025-09-13,17.579999923706055,838.0,31.215386668546028,1,IMERG_Final_V07
24033,23.186133,92.735682,2025-09-13,17.579999923706055,850.0,35.795759914707084,1,IMERG_Final_V07
24034,23.184091,92.738895,2025-06-01,124.0999755859375,781.0,27.078936947526696,1,IMERG_Final_V07
24041,23.174341,92.740855,2025-09-13,17.579999923706055,786.0,23.19506859014077,1,IMERG_Final_V07
24048,23.164812,92.743396,2025-06-02,2.125,800.0,25.80936745770508,1,IMERG_Final_V07
24059,23.152289,92.746243,2025-05-30,176.64999389648438,891.0,9.462322208025618,1,IMERG_Final_V07
24068,23.147798,92.749742,2025-09-13,17.579999923706055,905.0,18.64821573021375,1,IMERG_Final_V07
24069,23.144687,92.750609,2025-06-06,0.0,861.0,9.462322208025618,1,IMERG_Final_V07
24072,23.141474,92.750577,2025-05-29,50.25999450683594,838.0,31.002719133873985,1,IMERG_Final_V07
24074,23.139887,92.751646,2025-05-30,176.64999389648438,860.0,13.421509132977462,1,IMERG_Final_V07
24081,23.134961,92.747843,2025-05-30,176.64999389648438,851.0,32.667159071642764,1,IMERG_Final_V07
24086,23.131999,92.744413,2025-09-13,17.579999923706055,807.0,28.280269845499703,1,IMERG_Final_V07
24100,23.11239,92.745417,2025-06-01,124.0999755859375,838.0,15.609525869125669,1,IMERG_Final_V07
24102,23.113126,92.74564,2025-06-02,2.125,833.0,22.61986494804043,1,IMERG_Final_V07
24104,23.108018,92.746279,2025-05-30,176.64999389648438,763.0,15.042369244334246,1,IMERG_Final_V07
24105,23.10565,92.745979,2025-05-30,176.64999389648438,711.0,18.87922133905067,1,IMERG_Final_V07
24107,23.104623,92.747711,2025-06-01,124.0999755859375,739.0,21.260377126997213,1,IMERG_Final_V07
24111,23.100785,92.751508,2025-05-30,176.64999389648438,780.0,13.262676008304846,1,IMERG_Final_V07
24112,23.099615,92.752199,2025-06-06,0.0,780.0,9.368915578454835,1,IMERG_Final_V07
24114,23.09459,92.753733,2025-09-13,19.785001754760746,756.0,9.870926939134982,1,IMERG_Final_V07
24115,23.092076,92.752286,2025-09-13,19.785001754760746,754.0,20.43931757325825,1,IMERG_Final_V07
24120,23.074255,92.76222,2025-06-01,160.22500610351562,771.0,23.132182561931256,1,IMERG_Final_V07
24122,23.069585,92.765797,2025-05-31,48.28499603271485,800.0,12.638224684699054,1,IMERG_Final_V07
24123,23.067473,92.767201,2025-05-30,191.42501831054688,843.0,24.16881343581011,1,IMERG_Final_V07
24126,23.063838,92.769004,2025-06-15,28.380001068115234,897.0,25.88918455713453,1,IMERG_Final_V07
24127,23.061745,92.770105,2025-05-30,191.42501831054688,941.0,21.18915910142139,1,IMERG_Final_V07
24402,25.63861,94.115,2007-08-11,1.7249999046325684,1320.0,16.723558006484023,1,IMERG_Final_V07
24466,25.66083,94.10278,2008-08-02,16.969999313354492,1483.0,3.8140748342903534,1,IMERG_Final_V07
24491,25.66667,94.10972,2007-08-12,7.585000038146973,1425.0,14.15548761586253,1,IMERG_Final_V07
24516,25.66917,94.10722,2008-08-16,1.68999981880188,1452.0,16.2287367059342,1,IMERG_Final_V07
25211,26.10694722,94.25328889,2021-09-18,4.564999580383301,1374.0,7.416536974278209,1,IMERG_Final_V07
25490,26.36083,94.84,2009-06-04,4.169999599456787,2004.0,21.6115960987222,1,IMERG_Final_V07
25499,26.37639,94.84056,2009-06-20,48.76000213623047,1881.0,36.00494166156304,1,IMERG_Final_V07
25505,26.38778,94.82583,2009-07-27,4.179999828338623,1648.0,21.04572088407583,1,IMERG_Final_V07
25506,26.38778,94.82583,2009-08-20,27.19999122619629,1648.0,21.04572088407583,1,IMERG_Final_V07
25513,26.39094,94.94406,2013-08-16,46.869998931884766,547.0,22.61986494804043,1,IMERG_Final_V07
25523,26.39936,94.94553,2023-08-17,1.5149999856948853,645.0,27.432940772267944,1,IMERG_Final_V07
25525,26.40653,94.95814,2013-08-17,18.56499671936035,661.0,23.397741000263863,1,IMERG_Final_V07
25526,26.40908,94.96308,2013-08-17,18.56499671936035,695.0,26.61590170730996,1,IMERG_Final_V07
25538,26.41931,94.97369,2013-08-18,0.3700000047683716,686.0,15.36952380130432,1,IMERG_Final_V07
25676,26.70675,94.70475,2013-08-11,67.625,756.0,25.79602649449995,1,IMERG_Final_V07
25677,26.70744,94.70858,2013-08-11,67.625,758.0,14.03624346792648,1,IMERG_Final_V07
25781,25.7802266,93.936165,2024-09-03,54.15999984741211,907.0,14.066164922222868,1,IMERG_Final_V07
25782,25.7746019,93.9148756,2024-09-03,54.15999984741211,669.0,25.88918455713453,1,IMERG_Final_V07
25784,25.8816564,94.1902346,2025-01-19,0.0,1399.0,28.176705590951745,1,IMERG_Final_V07
25785,26.4231373,94.3822611,2025-07-07,11.449999809265137,526.0,35.06054243271615,1,IMERG_Final_V07
25786,25.623067,94.114196,2025-07-07,28.810001373291016,1593.0,26.74234155739631,1,IMERG_Final_V07
25787,26.4527822,94.375268,2025-07-08,7.909999847412109,258.0,12.53638838286113,1,IMERG_Final_V07
25788,26.4219453,94.3854377,2025-07-07,11.449999809265137,798.0,45.48889556927054,1,IMERG_Final_V07
25789,26.4242282,94.3924136,2025-07-05,17.404998779296875,853.0,37.99705220207771,1,IMERG_Final_V07
25790,26.42608,94.398916,2025-07-07,11.449999809265137,865.0,48.75342639460345,1,IMERG_Final_V07
25793,25.6125,94.1272,2024-07-06,4.689999580383301,1424.0,15.36952380130432,1,IMERG_Final_V07
25797,26.08945,94.264217,2024-07-23,0.8949999809265137,1473.0,14.506372352544124,1,IMERG_Final_V07
25798,25.71711111,94.08561111,2017-10-29,54.34999847412109,1361.0,17.5484006137923,1,IMERG_Final_V07
25799,25.712031,94.089791,2022-09-12,29.93000030517578,1446.0,22.489134862284537,1,IMERG_Final_V07
25800,25.7491204,94.0804548,2022-09-25,12.82500171661377,1262.0,24.591248866909307,1,IMERG_Final_V07
25801,25.7179491,94.0917724,2022-09-28,24.564998626708984,1349.0,26.56505117707799,1,IMERG_Final_V07
25802,25.770055,93.937873,2022-10-15,0.0,791.0,26.43722935718126,1,IMERG_Final_V07
25803,25.771451,93.907041,2022-09-30,0.5099999904632568,631.0,14.302914425322813,1,IMERG_Final_V07
25807,25.770064,93.937891,2022-11-12,0.0,791.0,26.43722935718126,1,IMERG_Final_V07
25868,25.66754722,94.08075278,2023-10-02,6.654999732971191,1523.0,17.594079543115168,1,IMERG_Final_V07
25907,25.85442778,94.15844444,2018-08-23,26.724994659423828,1532.0,32.490306531189724,1,IMERG_Final_V07
25908,25.857991,94.159346,2018-08-23,26.724994659423828,1489.0,41.46029301668304,1,IMERG_Final_V07
25911,25.52036,94.1311201,2024-06-01,15.714998245239258,1723.0,16.228736705934203,1,IMERG_Final_V07
25912,25.52164,94.13426,2024-06-01,15.714998245239258,1729.0,21.680889149080844,1,IMERG_Final_V07
25914,25.525094,94.135798,2024-06-01,15.714998245239258,1716.0,14.066164922222868,1,IMERG_Final_V07
25915,25.538422,94.136039,2024-06-01,15.714998245239258,1693.0,21.31357434104547,1,IMERG_Final_V07
25916,25.5651,94.1390034,2024-06-01,15.714998245239258,1669.0,19.74869565807571,1,IMERG_Final_V07
25917,25.6032619,94.1122188,2024-06-01,10.949999809265137,1620.0,30.133843411422752,1,IMERG_Final_V07
25918,25.62154,94.1122,2024-06-01,10.949999809265137,1728.0,25.486125594093767,1,IMERG_Final_V07
25919,25.6291966,94.10177,2024-06-01,10.949999809265137,1495.0,32.401162502089626,1,IMERG_Final_V07
25920,25.6387,94.10979,2024-06-01,10.949999809265137,1475.0,24.591248866909307,1,IMERG_Final_V07
25921,25.648759,94.10616,2024-06-01,10.949999809265137,1558.0,17.66231893216494,1,IMERG_Final_V07
25923,26.45278,94.37526,2025-07-08,7.909999847412109,258.0,12.53638838286113,1,IMERG_Final_V07
25924,26.423137,94.382261,2025-07-07,11.449999809265137,526.0,35.06054243271615,1,IMERG_Final_V07
25925,26.42186,94.3852,2025-07-07,11.449999809265137,767.0,42.97485685199571,1,IMERG_Final_V07
25926,26.425346,94.387013,2025-07-07,11.449999809265137,776.0,23.76524510807156,1,IMERG_Final_V07
25927,26.383648,94.440751,2025-07-29,5.389999866485596,994.0,12.638224684699054,1,IMERG_Final_V07
25928,26.384347,94.443397,2024-07-01,94.62001037597656,955.0,19.29004621918873,1,IMERG_Final_V07
25929,26.387181,94.444132,2025-08-01,9.184999465942385,936.0,23.674161365449702,1,IMERG_Final_V07
25930,26.379798,94.450751,2025-07-07,15.694997787475586,896.0,19.370844026969944,1,IMERG_Final_V07
25959,25.68176111,94.06811944,2019-10-26,91.70500946044922,1161.0,26.126317264569018,1,IMERG_Final_V07
25961,26.07256,93.928,2019-05-09,0.0,130.0,1.3502244696996155,1,IMERG_Final_V07
26348,27.23772,88.51384,2014-08-26,9.329998970031738,434.0,36.62354905164433,1,IMERG_Final_V07
26361,27.24144,88.60681,2017-07-09,51.63999176025391,1379.0,21.47206914335925,1,IMERG_Final_V07
26469,27.28408,88.54611,2013-08-28,0.7250000238418579,1530.0,25.91570359318582,1,IMERG_Final_V07
26512,27.31892,88.16222,2013-09-01,18.99500274658203,1427.0,15.179705807856672,1,IMERG_Final_V07
26607,27.4097,88.54371,2014-06-24,24.134998321533203,1517.0,39.37703221498191,1,IMERG_Final_V07
26642,27.48603,88.53269,2014-07-08,3.775000095367432,1059.0,22.42335855928612,1,IMERG_Final_V07
26644,27.5091,88.53848,2014-07-01,7.6449995040893555,1233.0,21.971970836813973,1,IMERG_Final_V07
26712,27.179,88.53313889,2015-07-08,2.2100000381469727,370.0,42.09430109320842,1,IMERG_Final_V07
26713,27.46166,88.52341,2015-06-01,16.424999237060547,930.0,33.33081260166977,1,IMERG_Final_V07
26714,27.33208,88.50902,2015-07-11,1.315000057220459,1534.0,22.8781056322946,1,IMERG_Final_V07
26725,27.39866667,88.62358333,2020-05-24,17.950000762939453,1742.0,27.360321545332805,1,IMERG_Final_V07
26726,27.39838889,88.62566667,2020-05-24,17.950000762939453,1758.0,22.42335855928612,1,IMERG_Final_V07
26736,27.27458333,88.55002778,2021-10-19,168.08999633789062,1171.0,31.966424730373205,1,IMERG_Final_V07
26739,27.33941667,88.60990556,2021-06-06,26.274999618530277,1646.0,22.373844274024943,1,IMERG_Final_V07
26740,27.3699335,88.4859279,2021-08-23,14.854999542236328,807.0,31.698105479809307,1,IMERG_Final_V07
26745,27.2533846,88.5489504,2021-08-22,26.549999237060547,665.0,34.85410224097107,1,IMERG_Final_V07
26746,27.28666667,88.55347222,2021-08-27,34.19999694824219,1695.0,51.05628837978884,1,IMERG_Final_V07
26754,27.33972222,88.62055556,2021-06-08,15.875000953674316,1861.0,27.432940772267944,1,IMERG_Final_V07
26755,27.37055556,88.61611111,2021-06-05,30.44999885559082,1894.0,9.870926939134982,1,IMERG_Final_V07
26760,27.61936111,88.66131389,2021-06-18,17.614999771118164,1848.0,46.512056219175385,1,IMERG_Final_V07
26763,27.32888889,88.60777778,2021-05-18,1.3399999141693115,1445.0,28.30319610038818,1,IMERG_Final_V07
26771,27.236,88.75722222,2021-08-01,5.53000020980835,1649.0,11.499465999742789,1,IMERG_Final_V07
26773,27.28577778,88.5535,2021-08-27,34.19999694824219,1571.0,64.57997127754341,1,IMERG_Final_V07
26781,27.28847,88.30139,2022-07-10,0.125,1135.0,35.59853666783391,1,IMERG_Final_V07
26783,27.30140833,88.3916,2022-11-18,0.0,1803.0,47.00376600875936,1,IMERG_Final_V07
26784,27.14871944,88.28128889,2022-11-20,0.0,382.0,34.49623729009093,1,IMERG_Final_V07
26789,27.37211111,88.61671944,2022-05-29,4.564999580383301,1872.0,25.197913740371355,1,IMERG_Final_V07
26791,27.24883333,88.60191667,2022-10-10,4.190000057220459,1145.0,15.609525869125669,1,IMERG_Final_V07
26792,27.21391667,88.60833333,2022-08-25,1.8399999141693115,813.0,23.93089341141916,1,IMERG_Final_V07
26797,27.24297222,88.47055556,2022-06-15,29.51499557495117,494.0,32.74612665551688,1,IMERG_Final_V07
26806,27.40251944,88.51868056,2023-10-04,44.13500595092773,574.0,36.38035713820488,1,IMERG_Final_V07
26808,27.2525,88.4606,2024-08-21,0.2150000035762787,550.0,34.21858270764895,1,IMERG_Final_V07
26810,27.4432,88.6087,2024-07-21,3.989999771118164,1570.0,29.63417437185607,1,IMERG_Final_V07
26811,27.327977,88.152281,2025-09-11,19.71499252319336,1578.0,13.640311227766055,1,IMERG_Final_V07
26812,27.372611,88.541022,2025-07-19,55.150001525878906,1848.0,33.44025753518539,1,IMERG_Final_V07
26813,27.33787,88.609377,2025-07-31,5.849999904632568,1578.0,24.862123938667224,1,IMERG_Final_V07
26816,27.26063889,88.71438889,2012-06-07,8.255000114440918,1294.0,37.50230700018765,1,IMERG_Final_V07
26817,27.26616667,88.72697222,2012-06-07,8.255000114440918,1914.0,29.538782259558097,1,IMERG_Final_V07
26818,27.26544444,88.72252778,2012-06-07,8.255000114440918,1677.0,7.2338446967252255,1,IMERG_Final_V07
26821,27.59027778,88.65394444,2012-06-26,0.8550000190734863,1677.0,23.021526638116164,1,IMERG_Final_V07
26822,27.57502778,88.65402778,2012-06-22,24.96000289916992,1483.0,39.10233716664201,1,IMERG_Final_V07
26823,27.56111111,88.65452778,2012-06-22,24.96000289916992,1412.0,25.5133092609215,1,IMERG_Final_V07
26824,27.52838889,88.59972222,2012-06-22,29.44500160217285,1557.0,38.66587243862988,1,IMERG_Final_V07
26825,27.56941667,88.65272222,2012-06-22,24.96000289916992,1482.0,17.083143246452856,1,IMERG_Final_V07
26826,27.51491667,88.56313889,2012-07-17,7.054999351501465,1416.0,28.485468456722128,1,IMERG_Final_V07
26827,27.51444444,88.56777778,2009-05-09,8.369999885559082,1463.0,17.775317038209,1,IMERG_Final_V07
26843,23.793444,91.552056,2018-05-20,21.589996337890625,144.0,15.179705807856672,1,IMERG_Final_V07
26844,23.794253,91.553533,2018-05-20,21.589996337890625,145.0,8.935631425418535,1,IMERG_Final_V07
26850,23.85417,91.34361,2009-07-10,1.1749999523162842,16.0,3.016961309815993,1,IMERG_Final_V07
26866,23.980333,91.475278,2018-05-18,23.01499938964844,82.0,11.648634944412734,1,IMERG_Final_V07
26867,24.003417,91.45425,2018-05-18,15.914999008178713,66.0,17.01197993242201,1,IMERG_Final_V07
26893,24.325444,94.232583,2018-05-18,0.0,413.0,35.65722463378061,1,IMERG_Final_V07
26894,24.781694,93.776056,2018-05-18,3.739999771118164,991.0,18.87922133905067,1,IMERG_Final_V07
26895,24.791306,93.735667,2018-05-18,3.739999771118164,1119.0,23.88588673441924,1,IMERG_Final_V07
26902,24.16966667,91.76686111,2017-06-03,120.00999450683594,78.0,13.326469949385988,1,IMERG_Final_V07
26903,23.22966667,91.49532222,2021-08-25,40.02999877929688,51.0,12.53638838286113,1,IMERG_Final_V07
26925,23.802772,91.272189,2026-05-30,0.0,19.0,5.788832299437198,1,IMERG_Late_V07
